20251122토 1120012국6 1 5  5 1 1강 1113           1 1스톰라이트      크리솔라폭풍신화  440.00한암 2 0 0   1    010:35 24750국6박지헌(주)디알 2 0 2 1 2 1 2 0 0 1  0유승완   54.078하입보50 36 361111.031.014.01446 62238111913 5 02117162623      →↗입14.537.639.912.62316                    0  0  0 0   13.90   14.30 4-11  0HH동       1212 2.0 6.0 8.0282812 0교체실패보통걸음65기 1 1                            13.9    14.3                                 610 6 7  2                                              .01811-3 3 3-3▽-1.339.90 -.40     76.90 2.90 6.7814.02 3 815 3.45 9.1618.75 7
20251026일 1120011국640 5 45 1 2강 2243흐림건조 5 1 1스톰라이트      크리솔라폭풍신화  440.00한암 2 0 0 9 1   77      24750국6박지헌(주)디알 2 1 1 1 1 1 1 0 0 0  0유승완44454.078평무보 9 25 25 3  .024.0 4.31446 62238111913 5 02117162623      →↗입14.538.439.412.6 1 137.439.5 77.7 76.9              14.70   12.60 4  0  0LL동       12 0         7.0     0 0거세출주보통걸음44기 012 5     5 5 7⑧1:17.71¾  1.813.940.414.3  2 -1 -.80 8 6  0 2.0745971732812 612 92 1 5.03 5.01 1.8 2.9 34.1   54.5  193.5   30.6  .01314 0 2 2 0▽-1.737.40 -.28 -.9077.06  .55 2.12 4.31 1 4 8 7.2615.3826.09 7
20251122토 1120012국6 1 5  5 1 1강 1113           1 2제성블루                                한암 2 0 0   1    010:35 24750국6이신우조경수   2 0 1 1 1 0 1 0 0 0  0정우주   54.071평무보46 33 33 5 3.027.0 8.82041101656 818 018 01715163013      ↗↘입14.238.139.612.614 1                                14.50   12.90        NN동       12 0         5.0     0 0거세출주보통걸음56기 1 2                            14.5    12.9                                 8 7 8 8  1                                              .01315-1 2 2-1▽-1.639.60 -.37     77.01  .96 2.37 8.84 1 512 1.72 3.05 6.70 8
20251122토 1120012국6 1 5  5 8 1강 1113           1 3운주클리어                              한암 2 0 0   1    010:35 24750국6김동철부수선   0 0 1 1 1 0 1 0 0 0  0문세영   54.073평무보61 70 708070.053.043.43644 92664 8152950 01711283616      ↘↗입14.437.538.312.76298                                14.70   13.00        NN동       12 0         4.0     0 0신마적응마방습성50기 0 3                            14.7    13.0                                 5 1 2 2  1                                              .02570 0 7 7 0△  .338.30 -.29     75.9511.4628.7343.4219405620.6945.8061.61 1
20251122토 1120012국6 1 5  5 9 1강 1113           1 4금적산          콩코드포로쿠     5221.00한암 2 0     1    010:35 24750국6우창구장수영  99 0 2 1 2 1 2 0 1 1  0장추열   54.093강선보50 74 7499  .072.099.03350112446 91917283619 820252299 0 0↘↗입14.736.439.712.79925                  100100100 0   13.50   14.00 7  0  0UU동54.04731212-1.0 3.0 2.0858512 0유망전력전개최상47기 0 4                            13.5    14.0                                 1 8 1 1  2                                              .04496 3 9 7 3☆ 1.739.70-2.00     76.1252.4586.2699.0039607315.5227.4836.16 3
20251004토 11200 9국650 8 55 2 1강 1139맑음다습10 1 4금적산          콩코드포로쿠     5221.00한암 2 0 0 1 1  121      24750국6우창구장수영  99 1 1 1 1 1 1 0 0 0  0장추열47354.093평무보41 25 2511  .032.012.73350112446 91917283619 8202522      ↘↗입14.738.438.312.7 19435.739.2 75.2 74.5              15.00   13.00 4  0  0NL동       12 0         3.0     0 0거세출주탐색우려57기 2 4 5     2 2 2②1:15.25     .013.539.214.0 -1 16 -.30 2 3  0  .9 5 1641391 9 4 8 91 1 1.03 9.04 2.8 4.8  2.8    6.2    9.5   12.4  .01319 0 3 3 0  -1.236.70  .07-2.2276.45 1.76 5.4412.66 2 51112.8625.0039.24 2
20251122토 1120012국6 1 5  5 7 1강 1113           1 5더퀸로즈                                한암 2 0 0   1    010:35 24750국6최용구김성래  99 0 1 1 1 0 1 0 0 0  0조인권   54.067평무보64 55 554930.050.038.8163510275413183922292013232413      ↗↘선13.636.839.913.399 1                                14.00   13.60        LN동       12 0         2.0     0 0거세출주마방습성54기 1 5                            14.0    13.6                                 2 9 3 3  1                                            12.02850 2 6 6 2    .139.90 -.68     76.4510.2924.2738.7812253912.0724.4341.52 4
20251122토 1120012국6 1 5  5 2 1강 1113           1 6엑스텐          미스치비얼음공주 3927.00한암 2 0 0   1    010:35 24750국6최용건양희숙   0 0 2 1 2 1 1 0 0 1  0정정희   54.078평무보50 51 513613.038.018.82657122869 918 017 02111172415      →↘입13.937.838.412.81494                    0  0  0 0   13.90   13.00 5 -1  0NHUP       1210-2.0 7.0 5.0565610 2신마적응조교부실30관 0 6                            13.9    13.0                                 7 2 5 6  1                                              .02531-1 3 2-1   -.838.40  .18     76.17 3.63 9.3918.75 51223 5.1710.6917.41 6
20251018토 1100012국630 3 85 4 1강 1111흐림불량20 1 6엑스텐          미스치비얼음공주 3927.00한암 2 0 0 2 1  110      24750국6최용건양희숙   0 1 1 1 1 1 1 0 0 0  0이혁  46054.086평무보61 74 746136.047.019.21428 62869 918 012 02111272119      ↘↗선13.937.137.912.8893937.837.2 62.2 62.5              14.20   13.10 4  0  0LL동       10 0         8.0     0 0거세출주보통걸음44기 1 7 4     4 7 6⑤1:02.24     .813.937.013.0 -2-15  .30 5 7  0 1.14166254053 3 5 5 70 1 2.01 4.03 3.0 6.3  3.0    6.3   11.1   20.4  .02349 1 4 3 1   -.137.80  .46-12.562.76 4.13 9.5019.20 3 815 6.7214.5723.84 8
20251122토 1120012국6 1 5  5 1 1강 1113           1 7골든디바                                한암 2 0 0   1    010:35 24750국6토니  이민정   0 0 1 1 1 0 1 0 0 0  0루이스   54.082평무보36 23 23 1 3.021.0 1.214 0 024611219 0 0 01818133813      →→입14.738.539.512.7 116                                15.00   13.00        LN동       12 0         6.0     0 0거세출주부진마필45관 0 7                            15.0    13.0                                11 61012  1                                              .013 3-4 1 2-4▼-2.039.50 -.31     77.17  .21  .36 1.16 1 4 8 1.72 3.05 6.70 9
20251122토 1120012국6 1 5  5 7 1강 1113           1 8퀸즈플라잉                              한암 2 0 0   1    010:35 24750국6이준철강홍수   2 0 1 1 1 0 2 0 0 0  0빅투아   54.088평무보46 34 344834.046.030.829511644642031 047 03025202818      →↘입13.736.840.114.099 1                                14.00   14.30        LN동       12 0         3.0     0 0거세출주마방습성47기 1 8                            14.0    14.3                                 312 7 5  1                                              .02337 0 5 7 0   -.240.10 -.56     76.56 7.4919.4830.75 8203313.7924.4340.18 5
20251122토 1120012국6 1 5  5 2 1강 1113           1 9스마트해성      위드디스해성스타 4032.00한암 2 0 0   1    010:35 24750국6조현수김조은  -1 0 3 2 1 2 3 0 0 2  0최범현   54.092우입보50 54 543752.045.031.53563221243 9 8113650 9 3193019 099 0↘↘입14.037.238.913.35855                    0 50  0 0   14.00   13.30 7  8  0BNUP54.04671210-1.0 5.0 4.0595910 2걸음불변탐색우려55기 0 9                            14.0    13.3                                 4 3 4 4  3                                              .01416-2 6 4-2   -.338.90 -.11     76.12 8.9318.0431.48 6162822.4145.8054.91 2
20251003금 1100012국650 7105 4혼전 4421흐림다습12 1 9스마트해성      위드디스해성스타 4032.00한암 2 0 0 1 1  132      24750국6조현수김조은  -1 1 2 2 2 2 2 0 0 1  0최범현46754.092평무보75 58 586530.057.031.73563221243 9 8113650 9 3193019      ↘↘입14.037.637.513.3388236.737.8 62.5 62.0  0  0  0 0   14.00   13.00 5 -3  1HN동       1010-1.0 6.0 5.0515110 0신마적응기수영향46기 1 1 5     5 5 4③1:02.52½   .514.038.013.3 -1 -1 -.50 3 4 -2  .62524502967 7 7 7 42 2 1.0211.07 2.8 6.4  2.8    6.4   12.3   11.8  .02550 0 5 6 0    .437.20  .03-13.162.82 8.8920.6031.73132843 9.3319.1632.98 5
20250830토 2100010국650 5 55 1 1강 1131맑음불량20 1 9스마트해성      위드디스해성스타 4032.00한암 2 0 0 9 1  104      24750국6조현수김조은  -1 2 1 2 1 2 1 0 0 0  0최범현46853.592평무보24 16 162210.038.012.03563221243 9 8113650 9 3193019      ↘↘입14.038.138.313.322 137.437.7 62.5 62.6              14.20   13.50 4  0  0NN동       10 0         4.0     0 0거세출주탐색우려45기 0 4 8     8 7 8⑤1:02.51¾  1.014.037.713.0 -1  5  .10 5 6  0 1.44455454649 9 8 6 70 1 1.02 5.09 2.4 3.8  2.4    3.8    6.1    5.5  .01315-3 3 4-3▽ -.936.80 -.07-13.863.54 1.75 5.1711.95 3 817 1.82 6.8012.19 8
20251122토 1120012국6 1 5  5 1 1강 1113           110카론에지                                한암 2 0 0   1    010:35 24750국6최영주조성옥   0 0 1 1 1 0 1 0 0 0  0오수철   54.061평무보36 21 21 1 1.019.0 4.3 825 71536 715 010 015 9122315      →→입14.638.340.013.5 4 1                                14.90   13.80        LN동       12 0         5.0     0 0거세출주부진마필45기 010                            14.9    13.8                                101111 9  1                                              .013 1-4 1 1-4▼-2.140.00 -.56     77.34  .16 1.42 4.27 1 3 5  .12  .13  .1412
20251122토 1120012국6 1 5  5 1 1강 1113           111코스모찐                                한암 2 0 0   1    010:35 24750국6손영표유수현  99 0 1 1 1 0 5 0 0 0  0문정균   54.068평무보34 19 19 1 3.019.0 4.31956 9 899 5 9 014 01111131823      →↘추15.138.839.212.7 139                                15.50   13.10        LN동       12 0         8.0     0 0걸음없음부진마필36기 111                            15.5    13.1                                12 41210  1                                              .0 6 1-4 1 2-4▼-2.139.20 -.40     77.17  .16 1.42 4.27 1 4 7 1.72 3.05 6.7010
20251122토 1120012국6 1 5  5 1 1강 1113           112해피투게더      가온챔프해피데이        한암 2 0 0   1    010:35 24750국6정하백김기종  99 0 2 1 2 1 1 0 0 1  0이용호   54.068하무보50 27 27 4 4.018.0 2.41064 21938 917 0 0 01814191620      ↗↗선14.038.139.513.5 318                    0  0  0 0   14.40   13.20 5  1  0NHUP       1210 2.0 9.011.0151510 2가는대로부진마필62기 012                            14.4    13.2                                 9 5 911  1                                              .0 6 1-4 1 1-4▼-2.239.50 -.12     76.95 1.30 1.42 2.44 0 3 4 1.72 3.05 9.3811
20251018토 1100012국630 3 85 1 1강 1111흐림불량20 112해피투게더      가온챔프해피데이        한암 2 0 0 2 1  110      24750국6정하백김기종  99 1 1 1 1 1 1 0 0 0  0임기원48254.082평무보20 12 1233 5.040.012.32444131938 917 0 0261814253216      →↘선14.038.238.313.514 138.538.4 63.9 64.2              14.30   13.70 4  0  0LL동       10 0         5.0     0 0거세출주보통걸음 5   01111    111211⑪1:03.9½   2.514.438.213.2  2-14  .3011 9  0 2.88685698414 71110 80 1 2.01 4.03 3.0 6.3  3.0    6.3   11.1   20.4  .01324-1 2 2-1   -.637.10 -.12-12.363.59 2.16 6.8312.25 1 512  .84 3.24 6.5811
20251122토 2130011국6 1 5  5 2 1강 1115           2 1브리도칼리      레볼루셔볼드레이 5036.00한수 2 0 0   1    011:00 24750국6정하백조수영   3 0 2 1 1 1 2 0 0 1  0이용호   56.068평무보50 51 5113 5.024.0 5.21064 21938 91713 0 01814191620      ↗↗선15.037.639.612.64155                    0  0  0 0   14.10   13.80 4 -2  0HHDN       1414-3.0 9.0 6.0444414-1걸음불변거리속성63기 0 1                            14.1    13.8                                 4 5 5 9  2                                              .014 8-3 2 1-3▽-1.839.60  .45     83.42  .50  .96 5.16 1 512 1.92 6.8411.71 9
20251025토 3140011국641 6 95 1 1강 1131맑음건조 5 2 1브리도칼리      레볼루셔볼드레이 5036.00한수 2 0 0 9 1   86      16500국6정하백조수영   3 1 1 1 1 1 1 0 0 0  0이용호48856.068평무보18 25 25 3  .022.0 3.21064 21938 91713 0 01814191620      ↗↗선15.038.140.212.6 31137.239.3 90.2 88.8              15.30   12.90 4  0  0NL동       14 0         9.0     0 0거세출주보통걸음47기 0 3 6     8 7 7⑥1:30.21¼  1.214.139.913.8 -3  0-1.10 6 9  0 1.6415647494511 611100 1 2.04 4.06 3.1 5.5  3.5   13.0   22.1  141.7  .013 8-1 1 1-1▽-1.937.80 -.5910.4790.17  .32 1.03 3.16 1 3 5 6.8714.2324.19 5
20251122토 2130011국6 1 5  5 6 1강 1115           2 2로드투히트                              한수 2 0 0   1    011:00 24750국6문병기최종복   0 0 1 1 1 0 1 0 0 0  0이동하   56.088평무보46 38 381125.043.033.928491532531625 026 02829242619      →↘선14.038.040.212.922 1                                14.30   13.20        NN동       13 0         4.0     0 0거세출주거리속성42기 0 2                            14.3    13.2                                 6 8 9 3  1                                              .01933 0 4 6 0   -.440.20 -.96     84.0610.0220.5733.92122539 7.6922.2236.59 5
20251122토 2130011국6 1 5  5 1 1강 1115           2 3블랙킹덤        지몰로지와일드러 5134.00한수 2 0 0   1    011:00 24750국6최봉주유영준   0 0 2 1 1 1 2 0 0 1  0최범현   56.090평추보50 53 535044.036.024.6356322164312131024 017 7193019      ↘↘입14.638.238.712.01095                    0  0  0**   14.50   12.60 5 -9  0HHUP       1310-1.0 8.0 7.0515110 3걸음불변탐색우려60기 0 3                            14.5    12.6                                 8 1 4 6  2                                              .01420-2 5 4-2   -.938.70  .08     83.23 4.9712.6924.55 6162817.3127.3539.51 4
20251018토 1100012국630 3 85 1 1강 1111흐림불량20 2 3블랙킹덤        지몰로지와일드러 40 7.00한수 2 0 0 2 1  110      24750국6최봉주유영준   0 1 1 1 1 1 1 0 0 0  0최범현48556.092평무보47 51 513140.037.010.1356322164312131024 017 7193019      ↘↘입14.638.537.312.0 39838.337.0 62.4 62.7              14.90   12.30 4  0  0NL동       10 0        10.0     0 0거세출주탐색우려45기 11212    1210 9⑦1:02.4½   1.014.536.812.6 -1 -4  .30 7 8  0 1.34880185048 9 1 7113 1 2.01 4.03 3.0 6.3  3.0    6.3   11.1   20.4  .01324-1 4 5-1   -.836.50  .30-13.163.20 1.78 4.8410.13 1 4 8 5.8813.7723.01 9
20251122토 2130011국6 1 5  5 1 1강 1115           2 4팔팔날아                                한암 2 0 0   1    011:00 24750국6박윤규퍼플라인 2 0 1 1 1 0 1 0 0 0  0김태희   54.064평무보43 37 37 4 3.024.0 5.0 929 51644 91819 9161611152316      ↗↗입14.738.540.112.9 225                                15.10   13.30        NN동       13 0         6.0     0 0거세출주거리속성48기 0 4                            15.1    13.3                                11 71010  1                                              .013 8-2 1 1-2▽-1.840.10 -.41     84.32  .39  .81 4.95 1 4 8 1.92 3.42 7.3211
20251122토 2130011국6 1 5  5 4 1강 1115           2 5판타스틱브로    미스치비새로운가 2637.00한암 2 0 0   1    011:00 24750국6심승태박병현   0 0 2 1 1 1 2 0 0 1  0임다빈   54.080평무보50 44 441711.034.022.21949 51144 7 8 011 012 9152324      ↘→추14.438.439.112.9 187                                14.90   13.10 4  0  0LLUP       13 0         6.0     0 3거리적응기수승부65기 1 5                            14.9    13.1                                10 4 6 7  2                                              .01727-1 3 3-1  -1.039.10 -.20     83.61 4.2312.4322.23 3 815 3.8510.2620.49 7
20251025토 1100012국620 6 25 3혼전 4411흐림건조 5 2 5판타스틱브로    미스치비새로운가 3927.00한암 2 0 0 9 1   88      24750국6심승태박병현   0 1 1 1 1 1 1 0 0 0  0임다빈46954.080평무보73 86 867421.042.014.41949 51144 7 8 011 012 9152324      ↘→추14.437.337.412.9819638.337.6 63.3 63.2              14.70   13.10 4  0  0LL동       10 0         5.0     0 0신마적응보통걸음36트 0 511    1110 8⑥1:03.3¾   1.814.937.613.1  3 12 -.11 6 3  0 2.56681386429 8 3 5 83 1 2.0512.02 1.5 2.3  4.0   35.3   63.4   12.7  .02548 0 4 4 0   -.637.80  .76-11.562.60 2.96 8.4714.37 2 713 9.4621.1227.76 5
20251122토 2130011국6 1 5  5 1 1강 1115           2 6델타최강        콩코드포런키튼런 7330.00한수 2 0 0   1    011:00 24750국6함완식강균호   2 0 2 1 1 1 2 0 0 1  0김태훈   56.073하무보50 41 41 4 6.018.0 3.12043101754 912 8 51316 7112519      ↘→입14.238.040.513.623 5                    0  0  0 0   14.40   13.90 3  4  0BHUP       1310  .012.012.0181810 3가는대로탐색우려54기 1 6                            14.4    13.9                                 510 711  2                                              .0 6 1-4 1 1-4▼-2.240.50 -.29     84.25 1.92 2.00 3.14 1 3 5 1.92 8.5514.63 8
20251101토 1100012국651 9105 1혼전 4431맑음건조 5 2 6델타최강        콩코드포런키튼런 5221.00한수 2 0 0 1 1   66      24750국6함완식강균호   2 1 1 1 1 1 1 0 0 0  0김태훈47656.074평무보 9  7  724 5.033.0 7.92043101754 912 8 51316 7112519      ↘→입14.238.338.313.614 137.839.2 65.1 63.9              14.60   13.90 4  0  0NL동       10 0         6.0     0 0거세출주부진마필54기 1 2 9     9 711⑫1:05.14    2.314.439.713.9  0  6-1.101212  0 2.48167888622111111100 1 9.0112.09 3.8 7.7 18.1   34.0  125.4   42.4  .013 9-3 2 2-3▽-1.237.00 -.06-12.763.65 1.20 3.40 7.89 1 4 8 1.19 4.35 8.3010
20251122토 2130011국6 1 5  5 5 1강 1115           2 7위너삭스                                한거 2 0 0   1    011:00 24750국6강성오김창식   2 0 1 1 1 0 1 0 0 0  0김용근   56.082평무보36 36 363317.041.030.92149111944 9222625132519292517      ↗↘선13.636.840.714.099 1                                14.00   14.40        LN동       13 0         6.0     0 0거세출주거리속성58기 1 7                            14.0    14.4                                 21111 4  1                                              .01939 0 4 4 0   -.540.70 -.46     83.61 6.7017.7030.93 82033 7.6918.8027.80 6
20251122토 2130011국6 1 5  5 5 1강 1115           2 8리플렉트        레이스데시티세븐 9030.00한수 2 0 0   1    011:00 24750국6김동철박남성   0 0 3 2 1 2 3 0 0 2  0조재로   56.078평추보50 56 563850.050.047.32748132664 8152021251711192422      ↗↘추14.237.639.713.44547                    0  0  0 0   14.20   13.90 5  1  0NNUP       1312  .0 4.0 4.0555512 1걸음불변거리늘어44기 0 8                            14.2    13.9                                 3 6 3 2  3                                              .01835 0 6 5 0    .139.70 -.77     83.4814.4632.5647.3319405621.1532.4846.83 1
20251019일 1120012국621 6 75 3 1강 1115맑음포화17 2 8리플렉트        레이스데시티세븐 3525.00한수 2 0 0 2 1   99      24750국6김동철박남성   0 1 2 2 2 2 2 0 0 1  0조재로48956.080하추보43 34 3426 9.037.010.52748132664 8152021251711192422      ↗↘추14.237.739.113.4245137.238.7 75.3 76.0  0  0  0 0   14.40   13.80 5  2  1NN동       1212 1.0 4.0 5.0393912 0걸음불변최적거리50기 1 7 9     7 6 3③1:15.32½   .414.239.013.9 -1 -7  .60 3 4  0 2.34748484570 7 7 5 83 2 1.05 5.08 1.6 4.0  1.6   10.6   12.1   21.9  .01435-1 3 2-1   -.837.80  .07 -.8076.51 1.75 4.9110.51 1 512 1.49 4.4111.2211
20250914일 1120011국611 5 65 3 3강 3333맑음다습14 2 8리플렉트        레이스데시티세븐 3525.00한수 2 0 0 2 1   75      24750국6김동철박남성   0 2 1 2 1 2 1 0 0 0  0조재로49655.580평무보 6 25 25 4 5.036.013.72748132664 8152021251711192422      ↗↘추14.238.039.713.414 137.239.1 75.1 76.2              14.40   13.40 4  0  0LL동       12 0         5.0     0 0거세출주보통걸음50기 1 510     9 9 7⑤1:15.1¾   1.414.438.513.8  1  8 1.20 5 4  0 1.5554863593911 711 83 1 5.02 9.04 1.7 5.0 11.8   19.0   45.2   10.5  .02326 0 3 3 0   -.937.60 -.52-1.5377.01 2.43 6.4513.69 2 713 1.49 5.03 8.8610
20251122토 2130011국6 1 5  5 9 1강 1115           2 9청산무사        콩코드포화기     7330.00한수 2 0     1    011:00 24750국6이관호황은호   1 0 2 1 2 1 1 0 1 1  0조상범   56.056강선보50 70 7098  .066.097.71268 622471321181617241613201899 0 0→↘입13.836.739.113.49885                  100100100 0   13.60   13.00 4  7  0BUUP56.04921310-3.0 5.0 2.0858510 3단독선행전개최상60기 0 9                            13.6    13.0                                 1 3 1 1  1                                              .04686 1 9 7 1☆ 1.339.10-1.26     82.5251.5185.4697.7339607317.3130.7739.51 3
20251025토 1100012국620 6 25 1혼전 4411흐림건조 5 2 9청산무사        콩코드포화기     5221.00한수 2 0 0 9 1   88      24750국6이관호황은호   1 1 1 1 1 1 1 0 0 0  0씨씨웡49256.090평무보17 11 114517.042.012.8305310224713211832 02416202422      →↘선13.837.538.313.462 136.437.4 61.5 61.4              14.10   13.60 4  0  0NL동       10 0         9.0     0 0거세출주부진마필42기 0 2 2     2 2 3②1:01.54     .013.637.413.0 -3  5 -.10 2 5  0  .71210301185 91110 91 1 2.0512.02 1.5 2.3  4.0   35.3   63.4   12.7  .01317-3 3 3-3▽ -.737.20  .22-14.463.20 2.59 6.2712.84 1 4 7 5.4113.6620.28 7
20251122토 2130011국6 1 5  5 1 1강 1115           210파워풀아크틱    퍼지    승리사랑 5237.00한암 2 0 0   1    011:00 24750국6서인석(주)녹원 2 0 2 1 1 1 1 0 0 1  0송재철   54.074하추상50 39 39 2 5.020.0 5.21522101938 9191014 018 9182621      ↗→입14.438.340.213.9 418                    0  0  0 0   14.60   14.00 5 -2  0NHUP       1312-4.012.0 8.0181812 1가는대로탐색우려52기 110                            14.6    14.0                                 9 9 8 8  1                                              .0 6 5-4 2 1-4▼-2.140.20 -.34     84.25  .23 1.91 5.23 1 4 7 1.92 6.8411.7110
20251019일 1120012국621 6 75 1 1강 1115맑음포화17 210파워풀아크틱    퍼지    승리사랑 1433.00한암 2 0 0 2 1   99      24750국6서인석(주)녹원 2 1 1 1 1 1 1 0 0 0  0김태희47554.064평무보 5 25 25 0  .018.0 1.4 929 51938 9191015 018 9152316      ↗↗입14.438.339.813.9 3 138.439.4 77.2 77.9              14.60   13.90 4  0  0NL동       12 0         6.0     0 0거세출주탐색우려53기 21212    121111⑧1:17.23    2.314.639.714.0 -4 14  .60 812  0 4.2909370891911 911123 1 1.05 5.08 1.6 4.0  1.6   10.6   12.1   21.9  .013 6-2 1 1-2▽-2.237.80 -.37 -.2077.23  .60  .72 1.35 0 3 4 6.7213.2422.44 9
20251122토 2130011국6 1 5  5 2 1강 1115           211구름                                    한암 2 0 0   1    011:00 24750국6이동국(주)쎄쎄99 0 1 1 1 0 1 0 0 0  0빅투아   54.088평무보54 60 603537.036.024.82951161133 5 7 0 0 019 0202818      →↘입14.738.239.012.52279                                15.00   12.80        NN동       13 0         6.0     0 0신마적응탐색우려44관 011                            15.0    12.8                                 7 2 2 5  1                                              .02514-3 5 4-3▽ -.939.00 -.10     83.42 5.0312.9624.84 5122317.3132.4843.90 2
20251122토 3120012외4 0 5  5 7 2강 2211           3 1짜릿한행복                              미수 2 0 0   1    011:25 41250혼4최용건우태율   1 0 1 1 1 0 1 0 0 0  0정정희   56.078평무보64 81 819388.057.046.22657122869 9183217212111172415      →↘입14.136.938.412.79999                                14.40   13.20        NN동       12 0         6.0     0 0신마적응전개최상39관 0 1                            14.4    13.2                                 1 5 1 3  1                                              .04469 0 7 7 0    .638.40 -.10     75.6716.2731.5346.2213284326.3746.3960.60 1
20251122토 3120012외4 0 5  5 7 2강 2211           3 2위즈파이터      COMBATANMY GRAY         미거 2 0 0   1    011:25 41250혼4박지헌최몽주   2 0 2 1 2 1 1 0 0 1  0문세영   56.073하입보50 33 333631.054.040.83644 9223811192937392117283616      ↘↗입14.337.240.012.84813                    0  0  0 0   13.60   14.50 7 -4  0HH동       1212-1.0 6.0 5.0222212 0기수신마적임교체67기 1 2                            13.6    14.5                                 3 9 7 4  1                                              .04346 0 6 7 0    .440.00-1.01     76.7311.8726.8640.82 92032 8.7920.6230.79 5
20251003금 2120010외440 4 95 6 1강 1135흐림다습11 3 2위즈파이터      COMBATANMY GRAY         미거 2 0 0 1 1  131      41250혼4박지헌최몽주   2 1 1 1 1 1 1 0 0 0  0최범현45156.092평무보38 25 2511  .038.014.6356322223811192950 02117193019      ↘↘입14.338.338.712.8 36837.139.6 76.3 76.7              14.60   13.00 4  0  0LL동       12 0         4.0     0 0거세출주기수신마34관 0 6 6     5 4 5⑤1:16.31¾  2.113.639.714.5 -1  3  .40 5 6  0 2.57043746923 9 6 9102 1 7.03 8.02 3.3 5.5 28.4   37.5  124.0   39.5  .02331 0 5 7 0   -.837.50 -.15 -.2776.62 3.12 7.7614.64 1 4 810.3420.6931.37 6
20251122토 3120012외4 0 5  5 6 2강 2211           3 3하이마운틴      스펀투런INDIVAR  2219.00미수 2 0 0   1    011:25 41250혼4리카디이기선  -4 0 2 1 2 1 2 0 0 1  0빅투아   56.088우추보50 51 517375.069.065.2295116385320323437323424202818 0 099→↘입14.138.238.012.4 499                    0100  0**   14.70   12.10 4 -5  0UUUP56.04451210-1.0 5.0 4.0545410 2마방습성마방기습64기 2 3                            14.7    12.1                                 9 2 4 1  2                                              .02883 0 8 8 0△ 1.338.00-1.14     76.1730.7451.8065.1839587217.5834.0248.68 2
20251025토 2100011외411 3 15 8 2강 2231맑음건조 5 3 3하이마운틴      스펀투런INDIVAR  2219.00미수 2 0 0 9 1   87      41250혼4리카디이기선  -4 1 1 1 1 1 1 0 0 0  0빅투아44556.088평무보82 91 918091.062.039.5295116385320323437323424202818      →↘입14.137.137.312.4949938.336.1 61.5 62.0              14.40   12.60 4  0  0LL동       10 0         3.0     0 0거세출주마방습성46기 1 811    11 9 7④1:01.5머리  .914.735.912.1 -1  7  .40 4 5  0  .92582 22653 5 2 4 33 1 3.02 7.01 1.4 3.0  5.8   14.1   21.9    3.3  .03778 3 8 8 3▲ 1.037.70  .16-12.462.4313.0427.1139.5113284321.1442.3255.59 2
20251122토 3120012외4 0 5  5 2 2강 2211           3 4정상히어로                              미수 2 0 0   1    011:25 41250혼4강환민정동진   0 0 1 1 1 0 1 0 0 0  0장추열   56.093평무보38 38 382114.035.015.03350111245 4231722 01818202522      ↘↗입13.837.339.913.362 1                                14.10   13.50        NN동       12 0         6.0     0 0거세출주보통걸음42트 0 4                            14.1    13.5                                 4 8 6 7  1                                              .01426 0 3 4 0  -1.039.90 -.27     76.73 2.57 7.6314.96 31018 4.40 9.2817.88 8
20251122토 3120012외4 0 5  5 1 2강 2211           3 5서머댄서        GUN RUNNMANDA BA        미암 2 0 0   1    011:25 41250혼4정호익에스지이 2 0 2 1 1 1 1 0 0 1  0디에고   54.053하무보50 22 22 3 3.022.0 1.0 733 02245 72421 0 02419161919      →↘추14.938.140.013.6 4 4                    0  0  0 0   14.40   14.00 4 -5  0NHUP       1210 1.010.011.0 5 510 2기수신마보통걸음48기 0 5                            14.4    14.0                                 8111012  1                                              .020 2-4 1 1-4▼-2.040.00 -.37     77.23  .21  .32 1.00 0 4 8 1.10 2.06 4.9710
20251025토 2100011외411 3 15 5 2강 2231맑음건조 5 3 5서머댄서        GUN RUNNMANDA BA        미암 2 0 0 9 1   87      41250혼4정호익에스지이 2 1 1 1 1 1 1 0 0 0  0마이아45554.093평무보 5  6  63011.045.018.33752202245 72421482324193631 9      ↘→선14.938.638.313.6 1 138.339.2 64.5 65.0              15.10   13.60 4  0  0LL동       10 0         8.0     0 0거세출주기수신마37기 010 9     91011⑪1:04.56    3.914.439.014.0  1 -6  .401110  0 3.994828992 5111111 70 1 3.02 7.01 1.4 3.0  5.8   14.1   21.9    3.3  .01637 0 4 5 0   -.236.90 -.50-11.963.81 4.0811.1418.29 31018 1.63 4.9813.24 8
20251122토 3120012외4 0 5  5 2 2강 2211           3 6세상너머로                              미암 2 0 0   1    011:25 41250혼4강환민한춘희   0 0 1 1 1 0 1 0 0 0  0송재철   54.075평무보64 67 672232.030.011.41522101245 423 015 01818182621      ↗→입14.638.338.112.1 699                                14.90   12.60        LN동       12 0         8.0     0 0거세출주보통걸음52기 0 6                            14.9    12.6                                11 4 3 8  1                                              .01326-1 3 3-1  -1.338.10  .30     76.28 2.38 5.4811.35 2 511 7.6915.4623.84 7
20251122토 3120012외4 0 5  5 1 2강 2211           3 7피프티나인킹                            미수 2 0 0   1    011:25 41250혼4우창구변갑한   2 0 1 1 1 0 1 0 0 0  0조한별   56.068평무보27 16 16 0 5.016.0 4.11342 82446 91913 0 019 8121918      ↘↗입14.237.740.113.940 1                                14.50   14.20        LN동       12 0         9.0     0 0거세출주부진마필48기 0 7                            14.5    14.2                                 5121210  1                                              .013 1-4 1 2-4▼-2.440.10 -.28     77.06  .18 4.18 4.08 1 1 3 1.10 4.12 7.95 9
20251122토 3120012외4 0 5  5 1 2강 2211           3 8마이슈퍼맨      MOHAYMENSUPERQUI        미수 2 0 0   1    011:25 41250혼4박병일권경자   2 0 2 1 1 1 1 0 0 1  0해리카   56.073하무보50 26 2610 4.026.0 7.1195010356316241627152214182612      ↘↘입14.837.939.813.1 9 8                    0  0  0 0   14.00   13.50 8  6  1BNUP       1210-2.010.0 8.0141410 2걸음불변부진마필56기 0 8                            14.0    13.5                                 6 7 9 9  1                                              .014 5-4 2 3-4▼-1.639.80 -.31     77.01  .71 1.84 7.05 1 3 8 1.10 2.06 6.9511
20250927토 2100010외410 1 15 1 1강 1111맑음다습12 3 8마이슈퍼맨      MOHAYMENSUPERQUI        미수 2 0 0 9 1  152      41250혼4박병일권경자   2 1 1 1 1 1 1 0 0 0  0김정준44755.578평무보 7  7  712 6.035.011.9264817356316241625 02214152124      →↘자14.838.738.313.1 1 137.938.8 63.2 64.5              15.00   13.10 4  0  0NL동       10 0         7.0     0 0거세출주부진마필38기 0 2 7     7 7 7⑧1:03.21¼  2.614.038.213.5 -2 19 1.10 810  0 3.18973808313 9 9 8 90 1 5.01 6.04 1.1 2.9 20.4    6.5   33.1    7.6  .01312-3 2 5-3▽-1.036.70 -.37-12.663.87 1.75 5.6811.85 1 4 8 1.25 6.2112.50 7
20251122토 3120012외4 0 5  5 7 2강 2211           3 9삼족오                                  미수 2 0 0   1    011:25 41250혼4송문길(주)나스 0 0 1 1 1 0 1 0 0 0  0이동하   56.089평무보39 20 203144.046.029.0284915273917273227442723242619      →↘선15.238.937.911.8 199                                15.50   12.30        LN동       12 0         6.0     0 0거세출주마방습성60기 2 9                            15.5    12.3                                12 111 5  1                                              .02351 0 5 7 0   -.137.90 -.44     76.51 7.1315.1429.03 61526 9.8916.4926.82 6
20251122토 3120012외4 0 5  5 1 2강 2211           310황금송                                  미수 2 0 0   1    011:25 41250혼4이동국이태인   2 0 1 1 1 0 1 0 0 0  0최범현   56.092평무보49 33 33 3 2.021.0 3.53563221133 5 7 0 0 019 0193019      ↘↘입14.038.040.013.314 1                                14.40   13.60        LN동       12 0         3.0     0 0거세출주탐색우려58기 110                            14.4    13.6                                 710 811  1                                              .013 5-4 2 3-4▼-2.140.00 -.40     77.17  .14 1.16 3.50 0 1 5  .12 2.06 5.9612
20251122토 3120012외4 0 5  5 5 2강 2211           311바람의기억                              미수 2 0 0   1    011:25 41250혼4성상현오종택   1 0 1 1 1 0 1 0 0 0  0임다빈   56.080평무보62 67 673539.039.018.91949 527401018 0 0105033152324      ↘→추14.338.338.112.3 499                                14.60   12.60        LN동       12 0         6.0     0 0신마적응작전마주43기 011                            14.6    12.6                                10 3 2 6  1                                              .02537 0 4 3 0   -.638.10  .07     76.28 3.8311.1218.88 51323 8.7921.6531.79 4
20251122토 3120012외4 0 5  5 9 2강 2211           312엠제이클래스    MAXIMUM KILCOOLE        미암 2 0 0   1    011:25 41250혼4송문길박정재   2 0 2 1 1 1 1 0 0 1  0김정준   54.078하입보50 40 405955.064.057.9264817273917272825312723152124      →↘자14.437.039.011.76747                    0  0  0 0   13.80   13.10 4  7  0NHUP       1210-3.0 8.0 5.0363610 2강단마필적임교체62기 112                            13.8    13.1                                 2 6 5 2  1                                              .04368 1 7 9 1☆ 1.139.00 -.83     76.0623.9442.9257.8818395613.1925.7733.77 3
20251025토 2100011외411 3 15 6 2강 2231맑음건조 5 312엠제이클래스    MAXIMUM KILCOOLE        미암 2 0 0 9 1   87      41250혼4송문길박정재   2 1 1 1 1 1 1 0 0 0  0이용호46854.068평무보85 93 936384.055.029.71064 2273917272818152723191620      ↗↗선14.438.437.411.7 99936.937.9 62.1 62.6              14.70   12.20 4  0  0LL동       10 0         6.0     0 0신마적응강단마필42기 0 5 4     4 4 5⑤1:02.14    1.513.837.713.1 -3  7  .40 5 8  0 1.54332543835 9 5 1 52 1 3.02 7.01 1.4 3.0  5.8   14.1   21.9    3.3  .02960 0 7 7 0    .436.50 -.27-13.263.20 7.6018.6729.65 6152616.2636.5149.41 3
20251122토 4140011국6 2 9  8 4 2강 2248           4 1트리플팔메토    트리플나팔메토블 7531.00한암 3 0 0   1    012:45 16500국6김동균박성구  -3 0 7 7 1 6 3 0 0 6  0장추열   55.093평추보50 44 443828.050.029.2335011193711184427 017 6202522      ↘↗입13.737.439.512.82247                    0 17  0 0   13.70   13.60 5 -5  0HNUP       1412  .4 4.6 5.0404013 1걸음불변거리부담46관 0 1                            13.7    13.6                                 7 4 5 4  3                                              .01437 0 5 5 0   -.139.50 -.41     89.21 6.2014.4829.19102336 9.5918.1833.18 4
20251019일 2130011국632 6 88 4 1강 1131맑음포화17 4 1트리플팔메토    트리플나팔메토블 7531.00한암 3 0 0 2 1   98      16500국6김동균박성구  -3 1 6 6 2 6 2 0 0 5  0장추열49855.093하추적88 76 765672.054.031.8335011193711184427 017 6202522      ↘↗입13.937.839.112.8317237.739.4 82.7 83.6  0 20  0 0   13.90   13.40 8  2  0NN동       1312 1.2 5.0 6.2353513 0교체실패조교부실26관 0 6 6     7 7 5④1:22.74    1.613.739.013.6 -1 -8  .70 4 5  3 1.6635255543310 4 3 53 2 1.03 9.11 1.7 3.6  1.7    3.6    4.6    4.6  .01845 0 6 6 0    .439.40 -.11 6.7383.23 7.5719.3331.76 6162814.1727.5637.27 3
20250824일 2130010국612 5 68 4 1강 1132흐림건조 4 4 1트리플팔메토    트리플나팔메토블 7531.00한암 3 0 0 2 1  137      16500국6김동균박성구  -3 2 5 5 1 6 1 0 0 4  0장추열50655.093하추보43 40 404647.055.047.1335011193711184427 017 6202522      ↘↗입14.238.139.312.8115938.037.7 82.2 82.7  0  0  0 0   14.20   13.80 7 -2  0HNUP       1312 1.0 5.8 6.8292912 1마방기습거리늘어38기 0 4 6     6 5 6④1:22.24     .813.938.413.4  2 -4 -.40 4 2 -1 1.13069 71556 9 2 5 22 1 1.04 6.03 1.9 5.1  1.9    7.5   11.8   90.313.22751 0 5 7 0    .538.90 -.84 5.2583.5516.1633.6747.1419405615.3833.1045.68 2
20250706일 1120011국621 5 78 4혼전 4439맑음건조 3 4 1트리플팔메토    트리플나팔메토블        한암 3 0 0 1 1  117      16500국6김동균박성구  -3 3 4 4 4 6 3 0 0 3  0김동수51055.073하추보19 24 242915.045.027.21420 6193711184417 017 6 92027      →→추14.438.138.712.8 15937.139.1 76.7 76.0  0  0  0 0   14.40   13.10 6  2  0NN동       1212 1.0 6.7 7.7282812 0마방기습마방기습79기 1 6 9    10 9 4④1:16.74    1.614.239.513.8  1  9 -.50 4 3 -2 2.3504859563911 3 5 53 3 1.07 3.07 2.1 2.4  2.1   18.3   27.2   10.5  .02741-1 4 3-1   -.537.40 -.39 -.7876.51 6.7315.5927.18 71627 5.6616.0018.00 6
20250524토 1120011국631 9 38 4 2강 2231흐림다습13 4 1트리플팔메토    트리플나팔메토블        한암 3 0 0 2 1  120      16500국6김동균박성구  -3 4 3 3 3 6 2 0 0 2  0김동수50155.073하무보 7 15 1514 7.036.017.91420 6193711184417 017 6 92027      →→추14.638.239.613.4 11638.238.8 77.9 76.7  0  0  0 0   14.80   14.40 6  0  0HN동       1212 1.5 7.5 9.0232312 0마방기습마방기습37관 0 4 7     9 9 8⑤1:17.9코   1.414.438.813.1  0-12 -.90 5 5 -3 2.7719052784311 7 6 83 2 1.0211.02 1.5 2.8  1.5    4.5    6.7    3.8  .02722-2 2 3-2   -.837.60 -.69-1.1577.06 4.02 9.6517.93 31018 1.33 5.44 8.94 8
20250412토 1120011국640 9 98 4 1강 1159비  건조 5 4 1트리플팔메토    트리플나팔메토블        한암 3 0 0 2 2  206      16500국6김동균박성구  -3 5 2 2 2 6 1 0 0 1  0김동수51355.069하무보 8  6  611 6.031.0 9.91660 71344 4184417 017 6 92027      →→추14.638.239.613.4 11638.139.5 79.7 77.7  0  0  0 0   14.60   13.70 5 -6  1HN동       1212 3.0 7.010.0 8 812 0기수신마마방기습 1관 0 4 9    101010⑧1:19.72½  1.414.840.614.4  0 -4-2.10 8 8  1 1.58788708641 9 6 7 90 1 3.01 2.09 2.5 8.4  6.1    8.5   20.2   19.8  .02425-2 2 2-2  -1.637.90 -.46 -.1077.06 1.44 3.12 9.93 3 814 1.75 8.0010.34 8
20250309일 1120011국641 7 98 6 1강 1139맑음다습11 4 1트리플팔메토    트리플나팔메토블        한암 3 0 0 2 2  301      16500국6김동균박성구  -3 6 1 1 1 6 1 0 0 0  0송재철51754.075평무보   25 2540  .036.015.71460 31344 41844174617 6182621      →↗입    36.738.5        38.439.5 77.7 77.6              13.80   13.60 4  0  0LL동       12 0                 0 0거세출주기수신마 1기 01011    111110⑩1:17.71    3.214.639.313.7  3  6  .2010 7  0 4.18693718915 1 111 70 1 1.02 4.07 2.4 4.2  2.4    4.2    7.4    8.2  .02342 1 4 5 1   -.939.30  .82 2.4275.61 2.82 7.5315.67 3 81515.2525.7157.42 5
20251122토 4140011국6 2 9  8 5 2강 2248           4 2피엔에스파      경부대로로열파크 7433.00한암 4 0 0   1    012:45 16500국6박윤규피엔에스 2 01630 629 2 0 029  0김태희   55.064하입상50 45 453111.039.014.7 929 51644 918 9 9 31611152316      ↗↗입13.636.939.712.76013                    0  4 14 0   14.50   14.30 3 -7  0HNDN       1713-1.2 7.4 6.2414114-3걸음불변단기승부 1   0 2                            14.5    14.3                                 3 5 4 6  9                                              .01523-1 4 2-1  -1.039.70  .14     89.00 2.09 6.9714.68 71627 2.74 8.3919.35 6
20251102일 3170011국642 9 98 2혼전 4429맑음양호 7 4 2피엔에스파      경부대로로열파크 7433.00한암 4 0 0 1 1   53      16500국6박윤규피엔에스 2 11529 629 1 0 028  0김태희46655.064평입보23 22 2222 5.037.0 9.5 929 51644 918 9 9 31611152316      ↗↗입13.639.441.512.7691639.640.9116.0114.0  0  4 15 0   13.80   14.40 4  0  3LNUP       1713 -.6 6.6 6.0404014 3걸음불변거리속성 5   0 9 5 5 5 6 6 6⑥1:56.0½    .714.541.614.3 -4  3-1.20 610  2 1.26333483563 4 4 8102 8 5.0611.02 2.5 5.5 16.1   99.5  194.9  141.0  .01421-3 2 2-3▽-1.141.80  .3933.05113.7 1.49 4.53 9.54 2 5 9 1.75 5.63 9.7611
20251004토 3140011국651 9108 1 1강 1152맑음다습10 4 2피엔에스파      경부대로로열파크 7433.00한암 4 0 0 1 1   53      16500국6박윤규피엔에스 2 21428 529 3 0 027  0이상규46352.055하입보24 21 2126 2.032.0 8.8 6 0 71644 918 9 5 01611122314      ↗↘입13.636.939.812.7581036.340.3 90.9 89.3  0  4 12 0   14.30   14.50 3  6  0BHDN       1713 -.8 6.8 6.0393914-3걸음불변급하락세 5   0 9 3     4 5 7⑦1:30.9½   1.313.841.114.4 -1 -7-1.40 7 8  1 1.66416765743 2 7 9 92 4 1.0211.03 2.9 7.4  2.9    9.7   16.4   20.7  .014 7-4 1 1-4▼-1.339.10  .2412.6189.07 1.46 3.82 8.80 1 4 7  .12 1.92 5.9811
20250914일 21700 8국650 7 58 2 2강 2249맑음다습14 4 2피엔에스파      경부대로로열파크 7433.00한암 4 0 0 2 1   52      16500국6박윤규피엔에스 2 31327 529 2 0 026  0이상규47052.055하입상39 31 3112 3.031.015.2 6 0 71644 918 9 5 01611122314      ↗↘입13.639.741.512.7511839.042.0113.8113.6  0  4 12 0   14.50   14.10 2  2  0HH동       1713 -.6 7.0 6.4373714 0걸음불변거리속성 5   0 3 1 1 1 1 2 3⑤1:53.8¾   1.314.341.414.5 -2 -2  .20 5 7  1 2.45912765543 3 4 5 61 3 3.05 5.04 2.9 4.1  4.2   12.6   24.3   37.4  .01413-2 2 1-2  -1.241.40  .1232.43113.9 2.16 6.4415.15 51323 2.17 4.08 9.87 6
20250830토 11700 8국610 6 18 3 1강 1139맑음불량20 4 2피엔에스파      경부대로로열파크 7433.00한암 4 0 0 9 1   42      16500국6박윤규피엔에스 2 41226 429 1 0 025  0이상규47252.055하입하 7  6  612 2.028.0 8.4 6 0 71644 918 9 5 01611122314      ↗↘입13.639.841.612.7451639.740.7112.6113.0  0  4  8 0   14.00   14.30 2 -2 -3HHUP       1713 -.2 7.2 7.0343414 3걸음불변거리속성 5   0 1 3 3 3 3 3 4⑤1:52.61    1.214.541.014.1 -1  5  .00 5 6  0 1.53640443554 2 5 7 62 2 1.04 4.02 1.4 2.7  1.4    6.2    8.4    6.3  .01411-3 1 1-3▽-1.541.20  .1731.57114.0  .46 2.54 8.44 51223  .12 3.39 9.78 6
20250817일 2140011국640 9 98 2 3강 3359맑음양호 8 4 2피엔에스파      경부대로로열파크 7433.00한암 4 0 0 2 1   31      16500국6박윤규피엔에스 2 51125 429 1 0 024  0이용호46755.068하입상61 52 522024.039.021.31064 21644 918 9 0 01611191620      ↗↗선13.637.239.812.7331337.940.1 92.4 90.4  0  4 13 0   13.90   13.90 4 -2  0HN동       1713 -.8 8.0 7.2333314 0걸음불변부진저하 5   0 3 3     8 7 7⑧1:32.4목   2.514.040.814.3  2  3-1.70 8 6  0 3.18688738824 2 6 2 60 2 1.03 8.09 2.1 5.2  2.1    7.7   11.6    9.0  .01416-3 5 3-3▽ -.839.00 -.2613.4089.28 5.6812.2721.29 3102013.6422.6439.47 4
20250720일 31400 8국610 7 18 1 1강 1159맑음포화17 4 2피엔에스파      경부대로로열파크 7433.00한암 4 0 0 2 1   55      16500국6박윤규피엔에스 2 61024 329 1 0 023  0조한별46455.067하입보11 12 12 8 7.033.014.21342 81644 918 9 0 01611121918      ↘↗입13.637.339.812.7221036.339.5 88.8 87.7  0  0  9 0   14.30   14.70 3 -4  0NNUP       1713-1.0 9.0 8.0242412 1걸음불변부진저하 5   0 5 2     2 3 4⑤1:28.8코    .913.939.613.9 -1 -1 -.90 5 6 -3 1.21415583163 3 5 4 71 4 2.01 6.04 1.3 3.3  8.2    3.3   13.3   22.1  .014 8-3 3 2-3▽-1.138.40 -.1310.6189.34 1.76 6.3814.24 3 815 1.85 6.6713.71 7
20250628토 2130010국611 9 68 2 1강 1149흐림다습11 4 2피엔에스파      경부대로로열파크 7433.00한암 4 0 0 9 1   59      16500국6박윤규피엔에스 2 7 9231329 1 0 022  0해리카46555.071하입상17 20 2021 6.033.013.91950101644 918 916141611182612      ↘↘입13.637.739.612.7302537.640.1 84.8 83.9  0  0  5 0   14.00   13.30 2  3  0LN동       1713 -.6 9.0 8.4222212 0걸음불변부진저하 5   0 9 8     5 5 6⑦1:24.82½  1.414.341.214.7 -2  3-1.20 7 9  1 2.17252777646 5 2 7 92 1 1.0810.06 1.3 4.9  1.3    7.8   10.8   27.2  .01416-1 2 2-1  -1.139.60  .14 6.5683.48 2.03 6.7613.91 1 512 2.00 9.3517.14 6
20250614토 1130010국630 7 88 1 2강 2241맑음건조 3 4 2피엔에스파      경부대로로열파크 7433.00한암 4 0 0 2 1   40      16500국6박윤규피엔에스 2 8 8221229 2 0 021  0조한별46255.067하입보13 15 1511 3.030.010.81342 81644 918 9 0 01611121918      ↘↗입13.637.739.712.7292038.238.4 84.3 83.6  0  0  5 0   14.00   14.70 2  5  0NNDN       1713-1.2 9.4 8.2232312-1선행무리부진저하 5   0 6 4     5 8 8⑦1:24.3½   1.814.038.913.3 -1 -4-1.00 7 8  1 2.46475244045 3 5 8 80 3 3.02 9.10 2.2 3.6  3.6    6.7   11.9    3.4  .013 6-4 1 2-4▼-1.539.50  .16 6.1883.55  .75 3.8210.80 3 814 1.41 2.70 5.91 9
20250531토 31400 9국630 8 88 1 1강 1159맑음건조 4 4 2피엔에스파      경부대로로열파크 7433.00한암 4 0 0 9 1   57      16500국6박윤규피엔에스 2 9 721 229 1 0 020  0조한별46655.067하입상 5  2  2 4 3.025.0 3.81342 81644 918 9 0 01611121918      ↘↗입13.637.539.812.7101336.640.7 91.4 89.4  0  0  5 0   14.90   13.3012 -9  0HNUP       1713-1.2 9.6 8.4212112 1능력한계부진저하 5   0 1 1     1 1 7⑧1:31.45    1.614.040.814.7  1 18-1.10 8 7 -3 2.36627837636 6 3 9101 2 2.03 9.07 2.7 4.2  2.7    5.9   10.7    3.6  .0 6 3-4 1 2-4▼-1.738.50  .0012.1089.48  .48 1.78 3.78 1 4 7 1.61 2.92 6.0510
20250309일 2130010국651 8 58 1 2강 2221맑음다습11 4 2피엔에스파      경부대로로열파크 7433.00한암 4 0 0 2 2  300      16500국6박윤규피엔에스 210 6201129 1 0 019  0김아현44855.056하입보 5  9  9 7 2.030.0 8.1 699 3 833 218 912 51611162013      ↗→입13.637.839.612.7232538.839.8 84.7 84.5  0  0  6 0   14.90   14.20 2  6  1NNDN       1713-1.0 9.2 8.2313112-4걸음불변부진저하 1   01010    101010⑨1:24.74    3.014.939.313.3 -1 -7  .00 910 -1 3.18592719019 7 7 8100 3 1.02 2.03 2.5 2.8  2.5    2.8    5.3    4.6  .014 6-4 1 2-4▼-1.439.60  .25 7.1083.55  .73 2.91 8.11 0 4 8  .12 2.06 6.0410
20250222토 4170011국611 6 68 1혼전 4459맑음건조 3 4 2피엔에스파      경부대로로열파크 7433.00한암 4 0 0 9 2  351      16500국6박윤규피엔에스 211 519 329 1 0 018  0김태희45554.570하입보 5  9  9 7 4.027.0 8.51436 6 833 218 9 9 31611152316      ↘↗입13.640.041.512.7312540.442.1117.6116.2  0  0  6 0   15.10   14.50 2 -5  3HN동       1713-1.6 8.8 7.2383812 0탄력저조부진저하 1   0 4 6 6 7 7 9 9⑨1:57.61¾  3.114.942.114.2 -2 -5 -.80 911  2 3.49576798815 6 710100 7 1.06 3.05 1.9 8.2  1.9   15.8   23.8   44.0  .0 6 5-4 1 1-4▼-1.741.50  .1234.69114.1 1.87 5.35 8.48 1 4 8 2.86 4.7612.96 9
20250208토 3170011국611 9 18 1 2강 2242맑음건조 5 4 2피엔에스파      경부대로로열파크 7433.00한암 4 0 0 1 2  396      16500국6박윤규피엔에스 212 418 229 1 0 017  0이상규46051.559하입상 7  9  9 6 2.027.0 7.4 0 0 0 833 218 9 5 01611122314      →↗입13.640.041.512.7352540.541.8116.8114.8  0  0  6 0   14.30   13.90 3  5 -3BHUP       1713-2.0 9.0 7.0363612 4걸음불변거리속성 1   0 9 6 6 7 7 8 9⑨1:56.83    1.715.142.314.5  0  0-1.40 9 9 -1 4.58577738536 7 710100 1 5.01 5.03 1.3 2.3 28.3    6.9   36.7   15.0  .014 5-4 1 1-4▼-1.641.30  .1433.34114.1  .63 1.77 7.40 0 4 8  .12 2.34 7.06 9
20250119일 2130011국621 8 78 1 3강 3315맑음건조 3 4 2피엔에스파      경부대로로열파크 7433.00한암 4 0 0 2 3  430      16500국6박윤규피엔에스 213 3171029 3 0 016  0김태희46054.559하입하11 18 18 9 3.029.0 6.81875111450 918 9 9 31611152316      ↘↘입13.637.639.612.7392538.339.0 84.5 83.5  0  0  7 0   14.20   13.60 3 -2  1HN동       1713-1.2 8.4 7.2303012 0걸음불변부진저하 1   0 4 4     5 4 4⑥1:24.51¾  1.614.339.713.9 -4  1-1.20 610  2 2.46381456642 7 7 9112 6 3.02 6.03 2.1 3.6  8.8    7.8   23.7    6.1  .014 7-3 1 1-3▽-1.539.60  .39 6.3283.42  .41 2.21 6.84 0 1 4 1.72 3.42 7.0810
20241229일 2130011국642 8 98 3 1강 1149맑음건조 4 4 2피엔에스파      경부대로로열파크 7433.00한암 3 0 0 9 3  496      16500국6박윤규피엔에스 214 216 929 2 0 015  0김태희45954.059하입보15 29 2921 4.035.013.81875111450 918 9 9 31611152316      ↘↘입13.637.539.612.7412338.938.4 85.2 84.4  0  0  7 0   13.80   14.10 2 -2 -1NH동       1713-1.8 8.4 6.6303012 0걸음불변단기승부 1   0 6 6     9 910⑨1:25.21    1.914.239.513.6  1 -6-1.30 9 8  0 2.78393246436 6 6 5 90 5 4.06 2.01 2.5 4.3  6.6   46.7   78.9   46.9  .01513-3 2 2-3▽-1.039.90  .26 7.2783.35 2.28 7.0313.81 1 4 8 1.56 2.90 7.6410
20241215일 2130010국642 9 98 1혼전 4439흐림양호 8 4 2피엔에스파      경부대로로열파크 7433.00한암 3 0 0 2 3  541      16500국6박윤규피엔에스 215 115 829 1 0 014  0김태희46555.059하입하10 13 13 9 5.031.0 9.11875111450 918 9 9 31611152316      ↘↘입13.637.539.612.7442338.039.5 85.7 84.0  0  0  8 0   13.60   14.10 2  4  0LN동       1713-2.2 8.6 6.4242412 0탄력저조급하락세 1   0 8 6     81010⑧1:25.7¾    .713.840.614.1  0  0-1.50 8 8  3 2.07670617261 7 5 5 80 4 4.06 9.10 2.4 4.6  7.2   38.1   64.2  925.7  .0 9 6-4 2 2-4▼-1.439.80  .40 6.9183.35 1.01 3.41 9.07 2 511 1.43 5.80 9.60 9
20251122토 4140011국6 2 9  5 7 2강 2248           4 3라온피날레      TACITUS 샌디벨   99     한암 2 0 0   1    012:45 16500국6박종곤손천수   1 0 3 2 1 2 2 0 0 2  0조재로   54.078강추보50 62 628977.070.072.52748132342 8282928312612192422 0 099↗↘추14.037.638.812.61897                  100100  0**   13.60   12.8010 -3  1UVUP53.54721410-3.0 6.0 3.0787810 2승부최상추입유리58기 0 3                            13.6    12.8                                 8 1 1 2  2                                              .03383 2 8 8 2△ 1.438.80-1.23     88.8628.2254.9772.4618365127.4053.1563.59 1
20250913토 4120010국611 2 15 9 1강 1157맑음포화19 4 3라온피날레      TACITUS 샌디벨   9914.00한암 2 0 0 2 1  192      16500국6박종곤손천수   1 1 2 2 1 2 1 0 0 1  0조재로47353.580평추보85 51 518280.073.086.42748132342 8282928312612192422 0 099↗↘추14.037.938.112.6169937.436.8 73.8 74.4100100  0**   14.60   12.60 6 -3  0NUUP53.54721210         3.0    10 2뒷심문제승부최상45기 0 6 3     4 4 3③1:13.81¼   .213.637.112.8  2  1  .51 3 1 -5  .5 461 2 371 8 1 3 12 1 4.02 1.03 1.5 3.2  8.4   22.0   50.9    7.7  .04491 3 8 9 3☆ 1.837.20-1.64-1.6176.0643.7572.4586.4039607332.8458.3369.33 1
20250802토 1100011국640 7 95 7혼전 4419맑음건조 3 4 3라온피날레      TACITUS 샌디벨   9914.00한암 2 0 0 1 1  106      24750국6박종곤손천수   1 2 1 2 1 2 1 0 0 0  0이동하47253.589평무보35 30 304035.062.049.12849152342 8282928 02612242619      →↘선14.038.238.212.6141637.736.4 62.1 61.3              14.30   12.90 4  0  0LN동       10 0         4.0     0 0거세출주기수영향49기 1 9 9     9 9 6③1:02.1½    .114.636.612.6 -3  0 -.70 3 6  0  .1 964 41585 7 3 4 23 1 3.04 2.11 2.5 6.0  5.2   18.2   38.7   71.8  .03466 3 6 6 3    .936.40-1.13-15.163.5418.1636.5149.0618365114.6328.3040.54 4
20251122토 4140011국6 2 9  9 1 2강 2248           4 4영동신화        언캡처드마이티포 6129.00한거 3 0 0   1    012:45 16500국6임채덕김한수  -2 0 4 1 1 0 1 0 0 0  0조성환   53.053하무보39 31 31 0 1.015.0  .4 750 414 011 8 0 0 0 8 014 725      ↘→추14.337.940.413.0 616                    0  0  0 0   14.70   13.1026  3 -4HH동       1413 1.0 6.5 7.5262614 0거세출주탐색우려44기 0 4                            14.7    13.1                                10 81011  1                                              .013 1-4 1 1-4▼-2.540.40 -.51     90.17  .20  .34  .44 0 2 5  .12  .13  .1411
20250517토 21400 9국610 9 69 3 1강 1159맑음포화17 4 4영동신화        언캡처드마이티포 6129.00한거 3 0 0 2 3  524      16500국6토니  김한수  -2 1 3 3 1 3 1 0 0 2  0정정희46257.071하무보14 12 12 9 3.028.0 8.91331 520271019 036 01818172415      ↗→입14.337.840.213.01511                    0  0  0 0   14.90   13.30 2 -2  0HHUP       1413-3.0 9.0 6.0393914 1걸음불변거리부담62기 0 1                    경제    14.9    13.3    -8 -.77                     10 7 7 90 1 4.03 6.02 1.5 3.9 10.4   21.9   68.9   11.0  .01413-2 1 1-2  -1.540.20 -.56     89.96  .81 3.31 8.90 1 4 8 1.27 2.35 4.8910
20250504일 1130011국630 9 39 2 1강 1148맑음포화15 4 4영동신화        언캡처드마이티포 6129.00한거 3 0 0 1 1  133      16500국6토니  김한수  -2 2 2 2 1 3 2 0 0 1  0김태훈47057.073평무보33 25 25 8  .029.0 9.320431024611219 029 01818112519      ↘→입14.338.040.113.7202339.939.6 84.8 85.0  0  0  0 0   14.30   14.00 4 -7  0HHDN       1414         6.0    14-1기수신마거리속성 1기 0 311    111111⑨1:24.81¾  2.814.939.213.3  5 -7  .50 9 4 -5 2.9919966962110 910 80 2 5.0110.01 1.7 2.8 13.7    6.3   24.2   39.6  .02012-2 2 2-2  -1.339.50 -.21 6.9284.00 1.66 4.20 9.33 2 511 8.8218.2743.11 6
20250405토 2140011국640 9 49 4 3강 3331비  다습12 4 4영동신화        언캡처드마이티포 6129.00한거 3 0 0 1 2  226      16500국6토니  김한수  -2 3 1 1 1 3 1 0 0 0  0김태훈47757.058평무보   25 2540  .029.010.61799101567 519 029 01818112519      ↗↘입    36.639.1        37.439.9 90.3 89.2              13.90   13.50 4  0  0LL동       14 0                 0 0거세출주기수신마 1기 010 8     9 8 7⑥1:30.33    1.414.339.814.0 -3 -4 -.40 6 9  0 1.46071657545 2 210 90 1 4.08 1.04 2.1 3.7  9.1   98.5  235.9  195.1  .01617 0 3 4 0  -1.339.40  .8113.5388.38 2.38 5.3610.61 0 1 4 8.3316.2938.61 5
20251122토 4140011국6 2 9  5 4 2강 2248           4 5핑크템테이션    크리솔라스마트어 5426.00한암 3 0 0   1    012:45 16500국6김동균공이공팔-1 0 3 2 2 2 1 0 0 2  0우인철   51.064하추보50 32 3225 7.038.016.41567 6193711182127 017 6102925      →→추14.938.039.114.1 185                    0  0  050   16.10   13.50 7  0 -4NH동       1413-2.011.0 9.0131313 0걸음불변선추겸비44관 1 5                            16.1    13.5                                11 2 9 5  1                                              .01436-1 3 2-1   -.939.10 -.19     89.34 2.52 7.3116.35 51222 1.37 5.5912.44 8
20251003금 4140011국631 8 85 1 3강 3359흐림다습11 4 5핑크템테이션    크리솔라스마트어 5426.00한암 3 0 0 1 1  129      16500국6이동국공이공팔-1 1 2 2 1 2 1 0 0 1  0김옥성49855.064하무보12 25 25 0 3.019.0 4.4 8 0 71133 5 713 0 019 0151517      ↘↗추14.937.940.914.1 5 840.038.3 91.9 90.5  0  0  0 0   14.70   14.60 5  2  0NHUP       1413-1.011.010.0181813 1가는대로탐색우려52관 0 511    111110⑧1:31.91¼  3.216.138.813.5 -3  4-1.10 811  0 3.48699149011111111103 1 2.0111.10 2.2 3.6  3.3    3.6    6.8   18.4  .0 6 1-4 1 1-4▼-2.138.40 -.9311.6890.51  .31 1.60 4.37 0 2 5 1.75 3.08 6.8810
20250831일 1130011국641 8 95 1 1강 1149맑음다습13 4 5핑크템테이션    크리솔라스마트어 5426.00한암 3 0 0 9 1   95      16500국6이동국공이공팔-1 2 1 2 1 2 1 0 0 0  0임다빈49455.080평무보 5 25 25 2  .024.0 3.21949 51133 5 713 01719 0152324      ↘→추14.938.540.514.1 4 138.540.0 84.5 84.6              15.10   14.10 4  0  0NL동       13 0         5.0     0 0거세출주탐색우려26관 0 310     9 9 8⑩1:24.53    2.314.740.114.6 -1 -2 -.101011  0 3.28585768820111111100 1 1.03 8.04 2.3 5.0  2.3    6.6    9.1   20.6  .013 3-3 1 1-3▽-1.838.90 -.60 5.6384.58  .21  .50 3.21 1 4 7 9.5718.7532.84 4
20251122토 4140011국6 2 9  9 4 2강 2248           4 6퍼펙트게임      투아너앤그릴리메 4831.00한수 3 0 0   1    012:45 16500국6박지헌김정성  99 0 6 1 1 0 1 0 0 0  0빅투아   57.088하무보51 31 31 616.029.0 4.829511622381119 0 0 02117202818      →↘입14.137.641.514.213 2                    0  0  0 0   14.70   13.00 7 -1  0NN동       1713 -.2 9.2 9.0 7 717 0거세출주기수영향44관 0 6                            14.7    13.0                                 9111110  1                                              .01614-2 3 3-2  -1.741.50-1.13     90.72  .63 2.38 4.84 1 4 8 6.8513.9923.50 5
20251004토 3140011국651 9109 1 1강 1152맑음다습10 4 6퍼펙트게임      투아너앤그릴리메 4831.00한수 3 0 0 1 1  119      16500국6박지헌김정성  99 1 5 5 2 5 2 0 0 4  0조상범46457.056하무보 5  2  2 0 2.021.0 2.81268 622381119 0 6 02117132018      →↘입14.237.740.714.2 8 236.743.9 94.8 93.1  0  0  0 0   14.30   15.00 7  1  0NNUP       1713 -.3 8.8 8.5 8 817 1가는대로부진마필64기 0 7 6     6 911⑪1:34.816   5.214.144.716.6  0 -3-1.401111  0 5.599329999 6101011100 4 1.0211.03 2.9 7.4  2.9    9.7   16.4   20.7  .0 6 1-4 1 1-4▼-2.139.10 -.6514.7090.24  .12  .88 2.84 0 1 4  .12 1.92 5.9810
20250817일 1130011국651 8109 1 3강 3341맑음양호 8 4 6퍼펙트게임      투아너앤그릴리메 4831.00한수 3 0 0 2 1  137      16500국6박지헌김정성  99 2 4 4 2 5 1 0 0 3  0조상범46757.056하무하 5  5  5 0 3.020.0 3.41268 622381119 0 6 02117132018      →↘입14.238.240.314.214 738.641.2 86.6 86.6  0  0  0 0   15.70   14.9013 -1  0NNDN       1713 -.3 8.0 7.7101017-1적임교체부진마필31관 0 6 8     91011⑪1:26.61    4.514.342.015.0  0 23 -.501111  3 4.798879296 5111010110 3 3.0411.10 4.3 7.3  4.5   14.2   25.4   14.111.230 1-4 1 1-4▼-2.139.70 -.29 8.1184.25  .21 1.23 3.37 0 1 4 1.43 2.61 5.5111
20250517토 21400 9국610 8 69 7 1강 1159맑음포화17 4 6퍼펙트게임      투아너앤그릴리메 4831.00한수 3 0 0 2 2  246      16500국6박지헌김정성  99 3 3 3 1 5 1 0 0 2  0이혁  44457.087하무보 8 25 2517  .048.034.02757111560 019 028352117272119      ↗↘선14.237.940.314.2 9 439.141.1 92.9 91.8  0  0  0 0   15.40   14.50 5  0  0NNDN       1713-1.0 8.0 7.0131313-3걸음불변적임교체27관 0 7 9     9 9 9⑨1:32.91¾  3.915.741.314.9  1 -5 -.70 9 8  0 4.2969990981111 910 40 1 4.03 6.02 1.5 3.9 10.4   21.9   68.9   11.0  .04332 0 3 5 0    .038.60-1.3413.6190.10 9.9720.4333.99 8203311.3921.1846.91 5
20250412토 31700 9국610 7 19 1 2강 2228흐림양호 7 4 6퍼펙트게임      투아너앤그릴리메 4831.00한수 3 0 0 2 2  204      16500국6박지헌김정성  99 4 2 2 1 5 2 0 0 1  0조상범44957.058하무보13 25 25 5  .023.0 1.8 940 81560 019 0 6 02117132018      →→입14.240.542.614.2 91440.242.7116.2115.5  0  0  0 0   14.20   14.50 4  3  1LNUP       1713-1.0 8.0 7.0101013 4걸음불변거리속성 1기 0 7 8 8 8 8 9 8⑦1:56.23    2.515.443.114.5 -1  8 -.70 7 8  0 5.29166879121 9 9 9 90 2 1.02 9.02 1.5 3.2  1.5    3.2    4.2    3.6  .014 4-3 1 1-3▽-2.040.90 -.5832.44115.2  .44  .68 1.84 2 5 916.0730.7773.85 3
20250315토 11300 8국650 7 59 4 2강 2235맑음양호 8 4 6퍼펙트게임      투아너앤그릴리메 4831.00한수 3 0 0 2 2  290      24750국6박지헌김정성  99 5 1 1 1 5 1 0 0 0  0조상범44156.058평무보   25 2540  .031.012.4 940 81560 019 0 6 02117132018      →→입    37.539.6        38.539.8 85.5 84.5              14.00   13.70 4  0  0NL동       13 0                 0 0거세출주거리속성 1기 1 4 7     8 8 8⑦1:25.54    2.914.240.914.5 -1 -2-1.10 7 8  0 3.38486708721 1 1 2 70 1 1.03 6.05 2.6 4.7  2.6    6.9   13.6   13.9  .01424 0 4 3 0  -1.139.90  .31 7.3983.35 1.81 5.7112.39 3101810.9822.7838.18 5
20251122토 4140011국6 2 9  5 1 2강 2248           4 7파워풀임팩트    퍼지    라데아   5237.00한수 2 0 0   1    012:45 16500국6토니  (주)녹원 2 0 3 2 1 2 3 0 0 2  0송재철   56.074하무보50 38 38 8 8.031.010.015221024611219 024 01818182621      ↗→입14.737.240.813.54211                    0  0 50 0   14.20   13.90 4  3  0NNUP       1412 -.5 8.0 7.5272712 2걸음불변거리부담60기 0 7                            14.2    13.9                                 510 7 7  3                                              .014 9-2 3 3-2▽-1.440.80 -.59     89.96 1.11 3.88 9.99 3 814 4.11 8.3917.97 7
20251026일 1120011국640 5 45 2 2강 2243흐림건조 5 4 7파워풀임팩트    퍼지    라데아   1433.00한수 2 0 0 9 1   77      24750국6토니  (주)녹원 2 1 2 2 2 2 2 0 0 1  0송재철46656.075하무보 5  4  457 3.026.0 4.315221024611219 024 01818182621      ↗→입14.736.740.413.591 237.938.5 77.2 76.4  0  0100 0   13.70   15.6012 -2  1HN동       1212 1.0 8.0 9.0121212 0걸음불변부진마필43기 0 4 6     7 7 6⑥1:17.21¼  1.314.239.413.9 -2 13 -.80 6 8  0 1.56181386041 112 8100 2 5.03 5.01 1.8 2.9 34.1   54.5  193.5   30.6  .01412-3 1 1-3▽-1.939.00  .11 -.7076.67  .45 1.51 4.25 2 5 9  .81 1.71 4.3510
20250802토 2120011국611 6 15 3 1강 1153맑음건조 3 4 7파워풀임팩트    퍼지    라데아   1433.00한수 2 0 0 1 2  212      16500국6토니  (주)녹원 2 2 1 2 1 2 1 0 0 0  0송재철45355.575평무보10 25 25 3  .028.010.01460 31567 519 024 01818182621      →↗입14.738.540.013.5 1 136.341.7 79.5 77.9              15.00   13.80 4  0  0LL동       12 0         7.0     0 0거세출주보통걸음49기 0 6 3     3 410⑨1:19.57    2.813.742.615.6  1 -8-1.50 9 8  0 3.291 997911311 911 80 1 1.04 3.05 1.4 2.7  1.4    6.3    8.1    6.1  .01617 0 1 2 0  -1.537.60 -.85 -.6077.45  .84 3.6410.00 1 4 811.2522.2243.90 3
20251122토 4140011국6 2 9  8 5 2강 2248           4 8이클립스탱고    섀클포드탱고스텝 5030.00한수 3 0 0   1    012:45 16500국6서홍수조한수   0 0 9 9 4 8 1 0 0 8  0권중석   53.062우선하50 57 578345.062.046.01699 42237122433 0 0261921151399 0 0↗→선14.036.540.313.18814                   50 50 50 0   14.00   15.60 3  5 -4NUDN57.04941713 1.2 3.0 4.2666617-3직전탐색마방강공 1   0 8                            14.0    15.6                                 1 6 2 3  1                                              .03371-1 7 6-1    .640.30 -.79     89.1413.8629.8645.9914284216.4430.7741.47 3
20251102일 3170011국642 9 98 6혼전 4429맑음양호 7 4 8이클립스탱고    섀클포드탱고스텝 5030.00한수 3 0 0 1 1   53      16500국6서홍수조한수   0 1 8 8 2 8 4 0 0 7  0문세영49057.073평선하61 53 536933.063.047.93644 922371224334638261928361699 0 0↘↗입14.039.141.913.1882338.543.3117.1115.1 50 50 50 0   14.30   14.30 5  0  0HNUP57.04941713 -.2 4.6 4.4595917 3연대우수최적거리 5   0 3 1 1 1 1 1 5⑦1:57.16    1.814.044.015.6  6 -2-1.29 7 1 -1 2.385 3917332 2 6 2 11 4 5.0611.02 2.5 5.5 16.1   99.5  194.9  141.0  .03164 1 7 7 1    .942.20 -.5434.05113.818.0135.8747.9018365112.2828.1736.59 1
20250928일 2140011국624 2 78 8 1강 1144비  불량20 4 8이클립스탱고    섀클포드탱고스텝 5030.00한수 3 0 0 9 1   76      16500국6서홍수조한수   0 2 7 7 3 8 3 0 0 6  0문세영49257.073평도보83 80 807975.065.050.23644 922371224334638261928361699 0 0↘↗입14.036.740.313.1762037.140.0 88.9 89.4 50 33 50 0   13.80   14.00 5 -4  0HN동57.04941713 -.2 4.6 4.4595917 0뒷심부족연대우수 5   0 311     7 5 4⑥1:28.95    1.914.340.214.3  4  1  .19 6 2  1 2.06753707123 4 9 1 20 3 1.08 4.05 1.9 4.7  1.9   14.3   19.3   30.6  .03871 0 8 6 0▲ 1.139.30-1.0312.4289.2820.2636.9050.2418395617.0234.9250.17 2
20250824일 3140011국611 6 68 8 2강 2252맑음건조 4 4 8이클립스탱고    섀클포드탱고스텝 5030.00한수 3 0 0 2 1   72      16500국6서홍수조한수   0 3 6 6 2 8 2 0 0 5  0문세영49157.073평선보71 73 738583.069.082.83644 922371224334638261928361699 0 0↘↗입14.036.740.313.1761836.239.7 88.7 87.9 40 20 40 0   13.60   14.40 6  0  0NN동57.04941713 -.2 4.6 4.4595917 0뒷심부족연대우수 5   0 7 1     1 1 2③1:28.7½    .113.839.514.0  2 -7 -.60 3 1  0  .416 9633276 1 9 2 11 2 4.02 1.02 1.6 5.1  9.0   16.1   39.5    8.2  .03877 0 8 7 0▲ 1.439.00-1.8910.8989.2836.8065.1682.8039587226.3946.7559.32 2
20250712토 3140011국630 7 88 7혼전 4459맑음건조 5 4 8이클립스탱고    섀클포드탱고스텝 5030.00한수 3 0 0 2 1  104      16500국6서홍수조한수   0 4 5 5 1 8 1 0 0 4  0문세영49857.073평입보62 43 437456.072.062.13644 922371224334638261928361699 0 0↘↗입14.036.740.313.1791836.939.1 90.4 88.4 25 25 50 0   14.60   14.50 4  6  0NNDN57.04941713 -.8 5.5 4.8545417-3주행평범탄력호전 5   0 7 1     1 1 2③1:30.4¾    .113.640.114.4  2  4-2.00 3 1 -1 1.43343443877 210 3 11 1 2.07 8.01 2.6 4.3  3.0   35.6   70.9   29.212.73380 2 8 7 2   1.539.10-1.3411.4089.2830.3850.6162.1339587218.1831.8244.63 1
20250614토 31700 9국630 7 38 8 2강 2238맑음건조 3 4 8이클립스탱고    섀클포드탱고스텝 5030.00한수 3 0 0 2 1   78      16500국6서홍수조한수   0 5 4 4 1 8 2 0 0 3  0이동하49457.088평입상55 37 376175.070.080.328491522371224333233261924261999 0 0→↘선14.039.342.113.1801438.941.3114.0112.7  0  0 33 0   13.80   14.50 6-10  0UNUP57.04941713-1.7 6.7 5.0434313 4뒷심부족탄력호전 5   0 1 1 1 1 1 1 2④1:54.0½    .014.641.414.5  2  0 -.90 4 2 -5 1.132 8633188 2 9 4 11 2 1.08 3.06 1.6 2.6  1.6   21.3   25.8   97.4  .03371 0 7 7 0   1.341.70-1.4831.31114.037.8065.1980.2835536817.9842.8665.04 2
20250504일 1130011국630 9 38 6 1강 1148맑음포화15 4 8이클립스탱고    섀클포드탱고스텝 5030.00한수 3 0 0 1 1  133      16500국6서홍수조한수   0 6 3 3 2 8 1 0 0 2  0이동하49457.088하입보32 29 294450.058.037.0284915223712243332332619242619      →↘선14.037.239.913.1692336.740.3 82.6 82.8  0  0  0 0   13.70   14.30 4  2  0NN동       1312-1.0 6.5 5.5333312 0걸음불변거리속성 1   011 2     2 1 2④1:22.62     .613.839.914.5 -3 -1  .50 4 7  3  .73910825868 3 5 5 51 1 5.0110.01 1.7 2.8 13.7    6.3   24.2   39.613.22357 0 6 7 0    .639.80 -.37 5.7283.3510.7923.4336.97 6152610.7819.2929.64 5
20250406일 2130011국630 7 88 6 1강 1159맑음불량20 4 8이클립스탱고    섀클포드탱고스텝 5030.00한수 3 0 0 1 2  216      16500국6서홍수조한수   0 7 2 2 1 8 2 0 0 1  0푸르칸49557.069평입상40 25 2525  .048.030.7183613315613243321 02619132419      →→추14.038.039.413.1236437.140.5 83.0 83.5  0  0  0 0   14.40   13.70 5  7  1BNUP       1312-5.0 9.0 4.0444412 1마방연대거리늘어 1   0 9 4     5 5 6⑦1:23.0¾   2.113.740.414.3  3 13  .80 7 4 -5 2.36326857532 7 411 42 2 3.02 6.10 2.2 4.1  5.0    8.2   18.2   29.2  .02828-1 5 6-1    .039.20 -.39 6.1283.55 7.7017.1130.67 8203316.6729.0359.26 4
20250301토 1120010국630 8 38 5 2강 2235흐림건조 3 4 8이클립스탱고    섀클포드탱고스텝 3728.00한수 3 0 0 1 2  332      24750국6서홍수조한수   0 8 1 1 1 8 1 0 0 0  0푸르칸48256.071평무보14 25 2521  .047.032.4183613315613243321 02619132419      →→추14.038.139.813.1 6 137.638.6 77.5 76.2              14.30   13.40 4  0  0NL동       12 0         7.0     0 0걸음불변마방연대 1   0 2 4     5 4 5④1:17.53    1.214.439.313.7 -5 -3-1.30 4 9  0 1.55368425350 8 7 9 32 1 1.03 8.06 1.9 3.1  1.9    8.4   13.2    6.2  .01941 0 5 7 0   -.137.50-1.14-1.7177.12 8.4117.8832.4313284311.2521.6934.43 2
20251122토 4140011국6 2 9  8 1 2강 2248           4 9벌교박강굴      올드패션유성스피 5930.00한암 3 0 0   1    012:45 16500국6심승태유성훈   2 01010 1 9 1 0 0 9  0조한별   55.067하선보50 36 3631 5.031.0 7.71342 81144 7 8 0 0 012 9121918      ↘↗입13.536.640.614.578 1                    0  0 75 0   13.50   15.30 2  7  0LNUP       1412 -.8 8.6 7.8202012 1걸음불변부진저하39기 0 9                            13.5    15.3                                 2 9 8 8  1                                              .01411-4 2 3-4▼-1.540.60 -.05     89.41  .39 2.39 7.70 41118 1.37 5.5911.06 9
20251108토 4130011국644 6 98 1 1강 1114흐림건조 3 4 9벌교박강굴      올드패션유성스피 5930.00한암 3 0 0 2 1   41      16500국6심승태유성훈   2 1 9 9 4 9 3 0 0 8  0김아현44655.059하도상10  9  924 2.030.012.1 6 0 41144 7 8 0 5 012 9162013      →→입13.636.940.314.582 336.941.9 85.1 85.0  0  0 71 0   13.80   15.4014 -9  0HNUP       1312 -.2 8.2 8.0282812 1걸음불변부진저하44기 0 2 1     1 1 6⑥1:25.114   2.813.542.115.3 -2 22 -.30 6 8  0 3.38916969113 4 7 7 71 3 4.0211.07 2.2 4.5  6.2   11.0   23.5    6.8  .014 6-4 1 1-4▼-1.340.60  .26 7.7983.42 2.53 5.8112.12 1 512  .12 2.55 7.38 7
20250803일 2120011국613 8 68 2혼전 4439흐림건조 3 4 9벌교박강굴      올드패션유성스피 6422.00한암 3 0 0 1 2  247      16500국6최영주유성훈   2 2 8 8 5 9 2 0 0 7  0김아현42455.056하도상25 32 324613.045.016.0 699 31755 6152610 015 9162013      ↗→입13.636.839.914.575 336.440.5 78.5 76.5  0  0 67 0   13.60   15.00 8  8  0NN동       1312  .0 8.2 8.2323212 0선행실패부진저하44기 011 3     2 1 3⑦1:18.53    2.513.841.615.4 -1 -3-1.60 7 8  0 2.66512897517 5 8 6 81 2 7.04 6.09 2.1 7.3 15.0   40.2   37.6   56.2  .03422-3 4 3-3▽ -.438.90 -.02 -.2076.45 3.82 8.4515.96 2 511 3.90 8.5914.0510
20250607토 11200 8국631 6 38 2 3강 3353흐림건조 3 4 9벌교박강굴      올드패션유성스피 6422.00한암 3 0 0 2 1  161      16500국6최영주유성훈   2 3 7 7 4 9 1 0 0 0  0김아현42755.059하선보13 11 1168 4.036.011.9 6 0 41536 7152610 015 9162013      →→입13.736.940.014.572 336.240.3 77.1 76.2  0  0 40 0   13.80   15.10 8 -6  0HNDN       1312  .2 8.4 8.6222212-1걸음불변부진저하53기 1 3 1     1 1 3⑤1:17.1코    .713.640.915.0 -3-24 -.60 5 8 -3 1.957 6876761 1 8 8 71 1 3.05 6.07 1.8 2.4  4.3   21.2   39.6  145.6  .01435-2 2 1-2  -1.038.70 -.01 -.7276.56 1.47 5.3211.94 3 817 1.32 2.60 8.57 8
20250412토 2130011국611 8 68 2 1강 1111흐림양호 6 4 9벌교박강굴      올드패션유성스피 5930.00한암 3 0 0 2 2  205      16500국6최영주유성훈   2 4 6 6 3 9 1 0 0 5  0김철호45155.064하선하 5  7  744 5.035.0 8.61899111755 61526 3 015 9152223      ↘→자13.736.840.414.594 338.042.9 88.0 87.0  0  0 50 0   13.80   15.50 4  4  1NNUP       1312  .3 7.8 8.0272712 1걸음불변거리속성 1관 0 9 8     6 711⑪1:28.014   5.114.243.316.2  0  9 -.701111  3 6.09869989911 21010100 1 1.07 6.03 1.6 5.2  1.6    8.4   11.5   85.2  .01416-4 2 2-4▽-1.441.20  .34 9.7783.42 1.00 3.39 8.56 1 4 8  .92 3.48 6.3211
20250315토 2120011국653 6108 4 3강 3331맑음양호 7 4 9벌교박강굴      올드패션유성스피 6422.00한암 3 0 0 2 2  289      16500국6최영주유성훈   2 5 5 5 3 9 1 0 0 4  0조인권44254.568하도보35 37 377520.049.019.6 940 21755 61526413815 9232413      →↗선13.736.740.014.591 336.741.9 79.3 78.3  0  0 67 0   13.90   14.90 4 -4  0NN동       1312 -.3 7.7 7.3333312 0신마혈통도주강력 1기 1 5 3     4 5 9⑩1:19.36    3.013.842.415.5  2 -7 -.7010 8  2 4.49325979415 2 8 8 70 2 2.07 2.10 3.0 8.4  4.3   19.6   29.8   58.5  .02554-1 5 4-1   -.139.60 -.13 1.6376.45 3.92 9.3819.57 2 713 3.85 9.5216.72 7
20250215토 2120010국641 8 48 5혼전 4411흐림건조 4 4 9벌교박강굴      올드패션유성스피 6422.00한암 3 0 0 2 2  375      16500국6최영주유성훈   2 6 4 4 2 9 1 0 0 3  0조재로44954.580하입보27 25 254212.047.021.01338 51755 61526252515 9192422      →↗추13.736.740.014.590 336.440.3 78.0 76.3  0  0 50 0   13.70   15.10 5  4  0NN동       1313-1.0 8.5 7.5242412 0적임교체신마혈통 1기 0 9 2     2 2 4⑦1:18.0¾   1.013.941.114.9  1 -5-1.30 7 6 -2 2.05611856753 4 5 5 61 3 2.01 1.06 1.9 3.0  3.8    3.0    6.5    5.8  .03046-2 3 2-2   -.538.90 -.16 -.4176.45 4.6611.7520.99 51222 4.69 9.4016.94 7
20250112일 1120011국640 8 98 8혼전 4439맑음건조 4 4 9벌교박강굴      올드패션유성스피 6422.00한암 3 0 0 2 3  453      16500국6최영주유성훈   2 7 3 3 1 9 1 0 0 2  0조인권45454.573하입보 7 25 255428.059.043.51743121122 91526413815 9232413      ↗→선13.736.840.014.585 236.340.4 78.3 76.5  0  0  0 0   13.70   14.80 5 -4  2NLDN       1313-2.0 9.0 7.0121213-1걸음불변적임교체 1기 1 5 1     1 2 6⑧1:18.34    1.513.741.315.1  0  5-1.50 8 8 -1 2.063 9877040 4 910 41 1 1.02 1.03 3.4 7.8  3.4    7.8   13.1   12.2  .04354 0 5 7 0△  .438.90 -.85 -.3076.5115.3131.6143.4714284211.4818.9825.00 6
20241208일 3130010국620 8 28 4 1강 1135맑음다습13 4 9벌교박강굴      올드패션유성스피 5930.00한암 2 0 0 2 3  561      16500국6최영주유성훈   2 8 2 2 2 9 2 0 0 1  0조재로44953.086평무보 7 25 25 9  .043.021.82939201122 91526252515 9192422      ↘→추14.038.240.413.9 2 137.041.5 84.8 85.4              14.00   14.20 7  7  0BN동       13 0         8.0     0 0기수신마기수승부 1기 0 9 6     4 5 7⑦1:24.8목   2.713.741.414.8 -2  3  .30 7 9  3 4.29421948922 91010 62 2 1.02 4.02 2.1 2.0  2.1    2.0    3.5    5.2  .02032-1 3 5-1   -.539.40 -.87 6.8484.32 3.9811.4621.84 31020 9.7819.7847.77 5
20241020일 11300 8국620 7 28 7 1강 1135맑음포화15 4 9벌교박강굴      올드패션유성스피 5930.00한암 2 0 0 2 4  715      24750국6최영주유성훈   2 9 1 1 1 9 1 0 0 0  0조재로44653.082평무보   25 2540  .056.044.13058172471 81526252515 9192422      ↘↘추    37.539.6        38.340.7 86.0 85.3              14.00   13.70 4  0  0NN동       13 0                 0 0걸음불변기수신마 1기 1 2 8     8 8 8⑧1:26.0머리 2.914.041.614.2  2 -1 -.71 8 6  0 4.89380879319 2 2 4 30 1 2.01 4.03 1.2 1.5  4.5    1.5    6.3    2.312.03369 2 6 7 2    .440.10 -.57 8.2183.3511.5627.9344.1015324710.1120.9339.95 3
20251122토 4140011국6 2 9  2 9 2강 2248           410마이티비트      섀클포드센걸     5030.00한수 2 0 0   1    012:45 16500국6서홍수조병태  -1 0 4 4 1 3 1 0 0 3  0문세영   56.073우입보50 56 567879.078.091.53644 9223712243146442619283616 099 0↘↗입14.237.339.213.03175                    0 50  050   14.40   13.70 4 -1  0NVUP55.54371412 1.0 3.0 4.0686812 2승부최상연대우수58기 110                            14.4    13.7                                 6 3 3 1  1                                              .03886 2 8 8 2☆ 1.839.20-1.82     88.9344.3175.8791.5132526428.7753.1570.51 2
20251026일 1120011국640 5 42 9 2강 2243흐림건조 5 410마이티비트      섀클포드센걸     3728.00한수 2 0 0 9 1   77      24750국6서홍수조병태  -1 1 3 3 2 3 1 0 0 2  0이동하44256.089평입보70 69 698186.074.073.2284915223712243132 02619242619 099 0→↘선14.237.138.413.0597937.737.8 76.3 75.5  0  0  0 0   13.70   13.20 7  2  1VV동55.54371212  .0 4.0 4.0646412 0신마적응승부최상31기 01111     6 6 5④1:16.31½   .414.438.713.7  2  5 -.80 4 2 -2  .62973152969 5 4 2 12 1 5.03 5.01 1.8 2.9 34.1   54.5  193.5   30.6  .04492 3 9 9 3☆ 1.638.30 -.98  .0075.7835.5658.0773.2432526421.7738.4648.70 2
20250907일 1120011국610 2 62 9혼전 4431맑음포화16 410마이티비트      섀클포드센걸     3728.00한수 2 0 0 1 1  117      24750국6서홍수조병태  -1 2 2 2 1 3 1 0 0 1  0씨씨웡43755.590평무보62 63 635851.067.050.2305310223712243127332619202422      →↘선14.237.438.313.0509736.938.7 74.5 75.9              14.20   13.00 6  3  0BLUP       12 0         6.0     0 2마방연대기수승부38기 0 9 5     6 5 6④1:14.5½    .613.738.113.2  0  0 1.10 4 4  0  .84432483561 5 2 3 22 110.0610.04 1.6 3.6 44.6  358.0  828.4 2667.0  .04083 3 7 8 3▲ 1.238.10 -.43  .1575.8920.5636.4450.1718365115.7128.7639.38 2
20250727일 1100011국620 4 72 9혼전 4431맑음건조 3 410마이티비트      섀클포드센걸     3728.00한수 2 0 0 9 1   99      24750국6서홍수조병태  -1 3 1 1 1 3 1 0 0 0  0임다빈43755.580평무보51 58 588553.072.050.61949 5223712243132312619152324      ↘→추14.237.437.513.0748737.337.4 62.3 62.3              14.70   13.50 4  0  0LL동       10 0         5.0     0 0승부조율마방연대55기 2 6 7     7 7 7⑥1:02.3¾    .814.237.313.0  2  7  .21 6 4  0  .83348303162 4 4 3 20 1 7.08 8.07 1.5 2.5 36.2  342.4  716.6  153.110.65889 4 8 8 4★ 1.737.50 -.41-12.662.7119.9938.0750.5918365113.7528.2438.49 3
20251122토 4140011국6 2 9  7 1 2강 2248           411샤이닝참        투아너앤필와츠리 4831.00한암 4 0 0   1    012:45 16500국6임채덕김세민   2 0 8 8 1 7 2 0 0 7  0김철호   55.069하무보50 40 40 8 3.029.0 6.81240 814 011 8 414 0 8 0152223      →↗자13.737.240.413.64110                   14  0  0 0   14.00   15.70 3  2  0NNUP       1413-1.4 8.2 6.8292912 1탄력늘어탐색우려48관 011                            14.0    15.7                                 4 7 6 9  2                                              .018 3-4 1 2-4▼-1.640.40 -.26     89.69  .49 1.52 6.80 2 5 9 1.37 2.80 6.9110
20251102일 2130011국611 9 17 3 1강 1121맑음양호 7 411샤이닝참        투아너앤필와츠리 4831.00한암 4 0 0 1 1   54      16500국6임채덕김세민   2 1 7 7 4 7 1 0 0 0  0김철호46155.069하무하54 62 621714.033.015.91240 814 011 8 414 0 8 0152223      →↗자13.737.640.013.6442337.442.3 87.2 86.0 17  0  0 0   14.60   12.8040  4  0NN동       1312-1.2 7.8 6.6333312 0걸음불변거리속성31관 0 9 8     9 911⑨1:27.22½  2.514.042.915.7  1  2-1.00 9 8  2 3.89639979619 6 8 4 60 1 1.04 2.05 1.4 3.3  1.4    4.1    5.1    6.6  .01412-3 3 2-3▽-1.140.20 -.10 8.3783.68 2.53 7.7315.89 61628 5.2612.5022.78 5
20250125토 5130011국650 6 57 3 1강 1132맑음건조 3 411샤이닝참        투아너앤필와츠리 4831.00한암 4 0 0 9 4  774      16500국6임채덕김세민   2 2 6 6 3 7 2 0 0 5  0조상범45955.062하무상28 42 422114.034.017.212 012 3 0 4 8 4 014 8 0132018      ↗→입13.737.439.913.6583538.040.1 86.0 84.1 20  0  0 0   13.90   14.30 6 -2  0NN동       1312-1.6 7.8 6.2363612 0전력변화거리속성 1기 0 5 7     6 4 5⑦1:26.0½   2.614.341.214.8  1 -5-1.90 7 6 -4 2.87668768216 4 8 4 82 2 7.0311.06 2.5 4.9 25.2   94.2  285.0  254.3  .02310-3 4 3-3  -1.039.90  .06 6.8083.48 2.50 8.8017.23 1 512 5.1310.9817.65 7
20241215일 2130010국642 9 97 1혼전 4439흐림양호 8 411샤이닝참        투아너앤필와츠리 4831.00한암 3 0 0 2 3  541      16500국6임채덕김세민   2 3 5 5 2 7 1 0 0 4  0조상범46455.058하무보 6  8  8 8 4.027.0 7.21250 8 299 0 8 4 014 8 0132018      →→입13.737.339.913.6582537.939.2 85.0 83.3  0  0  0 0   14.00   15.40 4  0  0NN동       1312 -.3 7.3 7.0242412 0걸음불변거리속성 1기 0 7 8     7 6 5③1:25.0머리  .013.940.314.3 -7  6-1.50 310  3 1.35666526181 6 8 8 93 1 4.06 9.10 2.4 4.6  7.2   38.1   64.2  925.7  .014 7-3 1 1-3▽-1.539.80  .39 6.1183.42  .41 2.25 7.22 1 3 8 1.43 2.90 8.4010
20241117일 2130010국651 6 57 1 3강 3336흐림양호 7 411샤이닝참        투아너앤필와츠리 4831.00한암 3 0 0 2 4  628      16500국6임채덕김세민   2 4 4 4 1 7 1 0 0 3  0정우주45855.063하무보17 23 23 3 2.022.0  .81464 6 3 0 4 8 4 0 0 8 0163013      ↘→입13.737.739.713.6323937.340.4 85.9 84.6  0  0  0 0   13.70   14.30 5  3  0NNUP       1312 -.3 7.3 7.0282812 1걸음불변탐색우려 1트 0 7 6     7 7 4⑦1:25.94    2.814.041.515.4  0  0-1.10 7 7 -3 3.28533837523 7 8 7100 1 1.04 6.03 2.0 4.0  2.0    6.7   11.2    6.611.214 1-4 1 1-4▼-2.039.70  .44 7.1783.55  .12  .13  .84 0 2 6  .12 2.99 8.61 9
20241012토 3120011국652 4107 1 1강 1142맑음건조 3 411샤이닝참        투아너앤필와츠리 4727.00한암 3 0 0 2 4  746      16500국6임채덕김세민   2 5 3 3 3 7 1 0 0 2  0김효정45855.067하무보49 37 37 7 3.028.0 6.22099 5 3 0 4 8 4 013 8 0162118      →↘입13.837.838.913.6 87536.940.2 76.7 77.2  0  0  0 0   14.30   13.90 8 -6  0HN동       1212  .5 6.0 6.5323212 0걸음불변보통걸음 1기 0 4 3     4 4 7⑧1:16.7½   2.113.740.214.3 -2  0  .40 810  4 2.37935847825 9 6 9 90 1 1.03 7.03 2.4 7.8  2.4    9.2   18.9   23.4  .014 6-3 1 1-3▽-1.538.10  .27  .4976.45  .36 1.95 6.17 1 3 8  .93 2.01 5.1910
20240817토 3120011국612 4 67 2혼전 4432맑음건조 4 411샤이닝참        투아너앤필와츠리 4727.00한암 3 0 0 2 5  894      16500국6임채덕김세민   2 6 2 2 2 7 2 0 0 1  0유승완45855.087하무보44 32 3213 7.026.0 5.31950 7 2 0 2 8 414 0 8 0162623      ↘↗입13.837.839.113.8106437.738.5 77.0 76.1  0  0  0 0   13.80   14.10 5 -1  1NN동       1212-1.0 6.0 5.0282812 0기수신마보통걸음 1기 110 7     8 8 6⑧1:17.01    1.514.339.013.9  2 -5 -.80 8 6  0 1.55175355342 9 7 5100 2 4.08 4.01 1.7 4.2  8.2  131.0  253.3  117.8  .02011-3 2 1-3▽-1.637.80  .19 -.7876.56  .40 1.19 5.31 1 4 7 1.30 4.73 8.3110
20240713토 3120010국621 7 27 4 1강 1137맑음양호 9 411샤이닝참        투아너앤필와츠리 4727.00한암 3 0 0 2 5  979      16500국6임채덕김세민   2 7 1 1 1 7 1 0 0 0  0유승완46354.087평무보   25 2540  .029.010.91950 7 2 0 2 8 414 0 8 0162623      ↘↗입    36.738.5        37.738.7 77.0 76.3              13.80   13.60 4  0  0LL동       12 0                 0 0걸음불변기수신마 1기 011 6     8 6 6⑤1:17.01¼  1.813.839.014.1 -1  7 -.60 5 6  0 2.45572455936 2 2 7 80 1 1.02 6.05 1.4 1.6  1.4    1.6    2.1    4.0  .01630 0 2 2 0  -1.338.90  .96 1.0575.61 1.84 4.7910.87 2 511 9.5719.3535.04 8
20251122토 5140011국5 0 6  5 4혼전 4451           5 1세광질주        한센    마이일루 6230.00한거 4 612   1    013:35 24750국5최용구배형진   0 01614 317 1 1 116 12조인권   53.065기입보50 48 485913.046.021.3163510275413182322 020132324133367 0↗↘선13.536.839.912.85923                   15 15 15 8   13.80   16.00 2 -1  0UHUP53.84691713 -.2 6.2 6.0484812 1걸음불변조교부실31관 0 1                            13.8    16.0                                 1 9 8 6  3                                              .01442-1 3 4-1   -.439.90 -.07     89.07 6.1712.2321.31 51222 4.29 8.7014.72 7
20251109일 5130011국511 5 65 3혼전 4411맑음건조 3 5 1세광질주        한센    마이일루 6230.00한거 4 613 2 1   29      24750국5최용구배형진   0 11513 717 1 1 115 13김효정49053.068평입하20 23 2331 7.044.013.4193913275413182319 020131621183367 0→↘입13.537.339.512.8564337.043.0 86.0 86.6 17 17 17 8   14.60   13.7016 -1 -1HHUP53.84691712 -.4 5.8 5.4505013 1걸음불변최적거리87기 1 2 2     4 610⑩1:26.010   4.113.842.916.0  1 11  .4010 9  2 4.397209897 6 7 7 9 90 3 1.07 6.03 1.6 4.9  1.6   18.8   25.0   84.5  .01428-2 2 3-2   -.640.60  .48 9.7683.16 2.56 7.6213.35 3 814 1.39 4.9110.1110
20250720일 4120011국544 3 95 3 1강 1132맑음포화17 5 1세광질주        한센    마이일루 6925.00한거 4 714 2 2  288      24750국5최용구배형진   0 21412 617 1 1 114 14송재철47954.075평입하33 26 264414.054.028.61460 31938 9182324 020131826213367 0→↗입13.537.139.012.8513538.738.4 76.1 77.3 18 18 18 9   13.50   15.10 5 -1  0HHDN53.84691712-1.0 5.8 4.8565612-1직전탐색조교부실26관 0 311    111111⑩1:16.19    2.514.638.413.7  3  4 1.0010 7  5 2.68396377915 7 5 8 50 1 9.10 8.10 1.8 4.4 38.2  463.6  900.9 1495.0  .03344-1 3 5-1    .438.90 -.05 1.2476.12 8.7019.0128.61 61628 4.6510.5918.56 8
20250615일 2130011국521 6 75 4 1강 1112맑음건조 3 5 1세광질주        한센    마이일루 6230.00한거 4 715 2 1   90      24750국5최용구배형진   0 31311 617 2 1 113 15김효정47554.068기입보40 54 544460.053.032.6193913275413182319 020131621183367 0→↘입13.537.339.612.8553236.941.0 83.8 84.2 18 18 27 9   13.50   14.90 4  3  2VN동53.84691712 -.8 7.0 6.2434313 0전력변화최적거리52기 1 4 2     3 3 5⑨1:23.81¼  2.413.541.315.1  7  4  .09 9 2 -3 3.28017908013 5 6 3 50 2 1.10 6.03 2.5 4.2  2.5   47.6   46.2  179.1  .02338-1 6 6-1    .340.00 -.14 7.3383.23 9.5522.4432.56 6162816.8429.0340.86 2
20250517토 41300 9국511 9 65 6혼전 4423맑음포화16 5 1세광질주        한센    마이일루 6230.00한거 4 8 8 2 1   98      24750국5최용구배형진   0 41210 517 1 1 012  8김효정47152.568평입보26 30 304617.062.051.0193913275413182319 02013162118 099 0→↘입13.637.339.712.8532836.341.0 82.3 82.5 10 10 1010   13.80   13.60 2 -5 -1UU동54.54681712 -.6 7.6 7.0383812 0걸음불변탄력호전57기 1 1 1     1 1 1②1:22.33     .013.540.514.9 -3 -1  .60 2 5  2  .528 2906484 6 8 6 21 1 1.05 4.01 2.4 5.8  2.4    7.4   11.0   10.5  .03364 0 4 5 0    .739.70 -.70 5.5383.2919.4536.9251.04183651 7.1418.3324.26 7
20250503토 3130010국532 7 85 4 1강 1111흐림포화18 5 1세광질주        한센    마이일루 6230.00한거 4 9 9 1 1  141      24750국5최용구배형진   0 511 9 417 1 1 011  9씨씨웡47253.590평입상18 29 293533.055.032.2305310275413182317 02013202422 099 0→↘선13.637.439.612.8513537.239.3 81.5 82.9 11 11 1111   13.70   13.40 4  2  1NNUP54.54681712 -.8 7.2 6.4424212 1걸음불변거리속성 1기 2 6 5     4 5 3④1:21.51     .813.838.413.6  1 13 1.30 4 3 -4  .94230553956 9 8 7 42 3 6.07 7.03 2.6 5.0 20.2  120.0  323.3   89.513.21454-1 4 4-1    .539.60 -.17 5.8983.29 8.5119.9932.23 82033 6.9320.3028.66 4
20250406일 51200 9국523 3 75 3 2강 2243맑음포화18 5 1세광질주        한센    마이일루 6925.00한거 41010 1 2  213      24750국5최용구배형진   0 610 8 517 1 1 010 10오수철45953.060평입하11 10 1036 4.044.022.11040 81938 9182310 02013122315 099 0→→입13.637.139.012.8533536.739.0 74.1 75.8 13 13 1313   14.50   15.70 2 -5  0HUDN56.04761712  .0 6.2 6.2484812-5선행무리단기승부 1기 2 4 4     4 4 2④1:14.11¼   .213.738.413.4 -3 -9 1.60 4 7 -1  .63923543471 5 6 9 62 1 4.03 5.03 1.8 3.2 10.3   29.5   66.3   14.1  .01539 0 2 1 0   -.438.40  .15 -.3076.12 5.4912.2022.06 51323 1.12 2.44 8.75 9
20250323일 5170011국511 5 65 3혼전 4429맑음건조 4 5 1세광질주        한센    마이일루 6230.00한거 41111 2 2  255      24750국5최용구배형진   0 7 9 7 117 2 1 0 9 11씨씨웡46853.085평입보 9 24 242116.050.033.82148111938 9182317 02013202422 099 0↘→선13.639.741.612.8542539.143.6115.2115.5 13 13 1313   14.70   13.80 3 -1 -2NUUP56.04761712  .6 5.8 6.4474712 5걸음불변거리속성 1기 1 9 3 3 2 2 3 7⑩1:55.24    3.614.544.215.7  2  3 -.7110 8  1 3.791139489 4 5 9 4 61 2 4.01 6.03 1.5 3.7  8.9    4.2   14.2    5.6  .01425-1 4 4-1   -.141.70 -.3734.17114.010.4419.9533.77 5122211.6318.5227.57 5
20250301토 5120011국553 3105 2혼전 4431흐림건조 3 5 1세광질주        한센    마이일루 6925.00한거 41212 1 2  328      24750국5최용구배형진   0 8 8 6 417 1 1 0 8 12씨씨웡46554.585평입보47 48 483015.053.022.82148111938 9182317 02013202422 099 0↘→선13.637.439.012.8303938.539.3 77.6 77.9 14 14 1414   14.00   14.50 5  8  1BN동56.04761412  .4 5.2 5.6474712 0걸음불변보통걸음 1기 01010    10 9 9⑦1:17.64    2.614.739.313.8  0 -6  .20 7 7  0 2.690946588 7 810 9 70 1 3.01 6.05 2.2 5.1  6.2    5.1   12.7   10.0  .01437 0 3 4 0    .238.70 -.05 1.5376.28 6.1514.0722.80 41118 3.9011.7615.46 8
20250126일 4120011국554 7105 4혼전 4441맑음건조 3 5 1세광질주        한센    마이일루 6925.00한거 41414 9 3  406      24750국5최용구배형진   0 9 7 5 317 1 1 0 7 14해리카47154.071기입적36 31 3137 7.045.015.31021 7112012182325 02013182612 099 0→↗입13.637.438.812.8275137.139.7 77.6 76.8 17 17 1717   13.60   14.6013 -4 -2UUDN56.04761413  .0 5.0 5.0505012-1걸음불변최적거리 1기 0 2 7     6 6 5⑦1:17.61    1.214.040.214.5  0 -3 -.80 7 7 -4 1.37045767242 8 7 8 92 1 6.0310.04 3.4 8.5  9.5   33.4   74.4  149.5  .01438-1 2 2-1   -.538.40  .29  .5676.17 2.91 7.7615.26 2 5 9 1.15 4.30 8.7411
20241027일 5130011국513 1 65 4혼전 4421흐림다습12 5 1세광질주        한센    마이일루 6230.00한거 31616 9 4  689      24750국5최용구배형진   010 6 4 317 2 1 0 6 16조인권47455.583기입적 5  7  729  .045.012.71846 72063 0182322 02013232413 099 0↘↗선13.737.639.512.8373936.940.3 83.5 84.1 20 20  020   13.70   13.10 2  0 -1NHUP56.04761412 1.3 5.0 6.3363612 1출주취소거리속성 1   0 6 2     3 4 9⑨1:23.5코   2.213.640.914.6 -2  7 -.10 911    2.67816816212 9 911 80 2 2.08 2.01 1.6 4.6  7.4   38.0   66.3   20.0  .02219-3 3 4-3   -.739.70  .29 7.0283.35 2.46 6.1312.71 3 814 9.7818.8539.26 5
20241013일 6120010국542 4 95 3혼전 4441맑음건조 3 5 1세광질주        한센    마이일루 6925.00한거 31616 2 4  732      24750국5최용구배형진   011 5 3 217 1 1 0 6 16조인권  056.082기입적19 16 1625 9.039.012.31846 72063 0182322 02013232413 099 0↘↗선13.737.739.112.81035                   20 20  020   14.70   14.4010 -1  2NNDN56.04761412  .0 6.5 6.5292912-1걸음불변기복전력 1관 0 6                    취소    14.7    14.4     0  .37                     10 9 7 90 1 2.0410.08 2.1 4.7  4.4   10.5   22.6   16.6  .01427-2 2 2-2   -.939.10  .04     76.51 2.10 5.6012.27 2 5 9 1.90 5.7413.04 9
20240804일 3130011국550 1105 3혼전 4431맑음건조 3 5 1세광질주        한센    마이일루 6230.00한거 32020 1 5  908      24750국5최용구배형진   012 4 2 217 3 1 0 5 20김용근46754.591기입적 7  9  92919.045.018.1255010183810182330 02013292517 099 0↘↗선13.737.739.512.8263938.539.5 83.6 84.8 20 20  020   13.70   14.50 4 -3 -2NU동56.04761412-3.0 8.0 5.0191912 0걸음불변거리속성 1관 0 7 9     7 710⑪1:23.61    2.914.739.714.4  6 -6  .4911 5 -1 3.288856081 4 91111 70 3 2.03 3.09 2.9 6.4  4.1   13.8   26.1   57.3  .01431-2 3 4-2   -.339.80  .09 7.5883.42 4.77 9.9118.10 31018 4.2912.6626.44 7
20240707일 3130011국551 2105 5혼전 4441흐림다습14 5 1세광질주        한센    마이일루 6230.00한거 32525 1 5  987      24750국5최용구배형진   013 3 1 117 2 1 0 4 25김용근47356.091기입적89 78 785772.057.034.1255010183810182330 02013292517 099 0↘↗선14.037.438.912.8577937.439.8 82.9 83.8 25 25  025   14.00   13.20 9  5  0LNUP56.04761412         1.0    12 1신마혈통거리늘어 1기 110 6     4 2 3⑧1:22.9목   1.513.739.614.5  2 -3  .60 8 6  1 1.66940716429 5 4 3 60 2 9.01 4.05 3.2 9.2 18.1   29.2   69.9  339.2  .02561 0 8 8 0    .539.80  .20 7.4582.8410.2622.5034.10 5132320.4532.8040.40 2
20240504토 1120011국650 5 55 4 1강 1131맑음건조 5 5 1세광질주        한센    마이일루 6925.00한수 3 0 0 1 6 1186      16500국6최용구배형진   014 2 4 217 1 0 0 3  0김용근47656.089평입하33 38 384844.056.039.43167 51825 5182330 02013292517      ↘↘선14.037.239.112.8582537.037.6 75.5 74.4  0  0  0 0   14.00   14.10 6 -4  0NNDN       1414         6.0    14-2걸음불변신마혈통 1기 0 5 3     3 2 2①1:15.51¼  -.214.038.313.2 -4 -2 -.90 1 5  3  .0 43810 795 5 7 4 42 1 5.01 5.02 2.6 4.7  8.7   12.5   27.0   14.8  .02145-2 5 4-2    .237.90 -.45-1.8676.2311.8625.4539.39102336 8.1115.6120.35 7
20240323토 1140010국650 9105 4혼전 4439맑음양호 6 5 1세광질주        한센    마이일루 6230.00한수 3 0 0 2 7 1318      24750국6최용구배형진   015 1 3 217 3 0 0 2  0이혁  47856.093하추보 5 12 122137.053.032.1365511246316182314 02013272119      ↗↘선14.037.740.012.8 41036.739.8 91.1 89.1  0  0  0 0   14.30   14.50 5 -2  0NN동       1412         8.0    12 0걸음불변기수승부 1기 2 9 5     5 5 4⑥1:31.11½  1.114.040.514.1  4 -1-1.60 6 2 -3 1.2563162495610 6 3 42 3 1.03 1.10 1.7 5.7  1.7   10.9   15.3   22.8  .01444 0 5 6 0    .238.30 -.9811.4089.7610.0521.3132.09 9203215.0029.2327.68 1
20251122토 5140011국5 0 6  6 2혼전 4451           5 2럭키페이머스    카우보이코마릴로 6132.00한수 3       1    013:35 24750국5서범석슘호천   3 012 1 1 0 1 1 1 0  0디에고   56.553평추하79 75 7530  .030.0 7.1 733 01850 92023 0 02115161919 03367→↘추13.937.239.513.15139                   33 33 1144   14.20   13.0017 -3  1HBDN54.54831717-1.2 5.2 4.0676713-3전력변화휴양불리42관 1 2                            14.2    13.0                                 6 6 111  1                                              .02322-3 5 4-3▽-1.639.50  .30     89.07  .97 2.15 7.14 0 2 512.8622.3631.70 4
20250720일 61700 8국540 6 46 5 2강 2249맑음포화17 5 2럭키페이머스    카우보이코마릴로 6132.00한수 31020 2 2  330      24750국5서범석슘호천   3 111 7 711 1 1 110 20마이아48256.093평추보69 77 777991.069.059.3356321298620202324 021153631 9 03367↗↘선13.939.641.013.1605539.643.4113.4115.7 33 33 1144   14.90   14.30 4  1  1NL동54.54831717-1.4 5.0 3.6717113 0걸음불변마방선전53관 1 5 7 7 7 8 8 8⑧1:53.47    2.614.642.415.0  6  2 1.39 8 2 -3 4.19131929016 3 3 1 20 2 1.04 8.07 2.2 3.6  2.2    6.8   10.8   74.1  .02285 0 8 8 0△ 1.541.80 -.5835.13113.522.9342.9059.2519405629.8961.8272.69 1
20250622일 5170011국542 9 96 3혼전 4411맑음포화15 5 2럭키페이머스    카우보이코마릴로 6132.00한수 31122 2 1   67      24750국5서범석슘호천   3 210 6 611 7 1 1 9 22씨씨웡48055.090평추보21 23 235422.055.031.73053101850 9202332332115202422 0 099→↘선13.939.541.113.1655139.241.5111.4112.0 38 25  025   14.40   14.40 6  3  0HN동54.34841717-1.4 5.0 3.6717113 0주행평범보통걸음38기 0 4 7 7 8 6 4 2③1:51.4½    .114.941.214.3 -2 -8  .10 3 5  0  .81219674978 8 410 62 7 2.0410.03 4.3 9.2  4.6   10.5   22.6   32.0  .01734 0 4 5 0    .341.40  .0431.41113.510.2121.9231.67 51222 7.1413.6120.13 8
20250511일 51700 9국551 5 56 5 3강 3321맑음포화19 5 2럭키페이머스    카우보이코마릴로 6132.00한수 31225 2 1  108      24750국5서범석슘호천   3 3 9 5 511 6 1 1 8 25씨씨웡48855.090평추하43 46 467557.064.053.83053101850 9202332332115202422 0 099→↘선13.939.640.913.1606439.742.1112.4114.8 29 29  029   15.10   13.90 3 -1  0UN동54.34841713 -.6 5.2 4.6707013 0주행평범거리속성 1   0 1 6 6 6 7 8 5⑤1:52.4¾   1.814.441.014.4  0  5 1.80 5 5  4 2.58443817921 6 1 4 23 6 1.03 8.09 2.6 4.4  2.6    5.3    8.7    5.3  .01846 0 6 7 0    .941.70 -.4134.27113.419.7539.4153.7615324713.7030.7742.69 4
20250420일 6170010국543 4 96 6혼전 4411맑음양호 8 5 2럭키페이머스    카우보이코마릴로 6132.00한수 31428 2 1  170      24750국5서범석슘호천   3 4 8 4 411 5 1 1 7 28씨씨웡48355.090평추상66 76 767868.065.050.63053101850 9202332332115202422 0 099→↘선13.939.740.913.1546440.540.8112.6113.7 29 29  029   14.20   13.40 7 -3  2UN동54.34841713  .4 5.0 5.4676713 0뒷심문제거리속성 1관 0 21010 9 9 9 6⑥1:52.6½   1.415.140.913.9  5  2  .29 6 1 -1 1.5627849663410 2 6 23 510.03 8.10 3.4 4.9 56.6  193.8  540.8  777.4  .02959 1 7 7 1   1.141.40 -.4033.10113.521.9838.7950.5518365113.8626.6032.65 2
20250302일 6170011국551 2106 5혼전 4422흐림건조 4 5 2럭키페이머스    카우보이코마릴로 6132.00한수 31616 1 2  317      24750국5서범석슘호천   3 5 7 3 311 4 1 0 6 16씨씨웡48153.585평입보49 59 595345.056.038.4214811298620202332332115202422 0 099↘→선13.939.841.013.2506439.640.0112.2112.9 33 33  033   14.70   14.60 2 -6  0NU동55.04871713  .2 5.0 5.2606013 0주행평범거리속성 1기 0 5 4 4 5 6 5 4②1:52.2¾    .014.240.313.4  0-10 -.10 2 2 -4  .23534241375 6 5 2 43 4 1.02 9.05 4.1 8.3  4.1    8.3   15.9   11.0  .02155 0 6 6 0    .441.20 -.2032.05113.612.6327.0738.4210233616.6726.1934.09 3
20250216일 5170011국531 5 86 6혼전 4431흐림건조 4 5 2럭키페이머스    카우보이코마릴로 6132.00한수 32020 2 2  361      24750국5서범석슘호천   3 6 6 2 211 3 1 0 5 20씨씨웡49153.585평입보56 64 645644.062.041.3214811298620202332332115202422 0 099↘→선13.939.841.013.2467239.641.3113.1113.3 40 40  040   14.50   13.50 3  8  0VU동55.04871713 1.0 4.3 5.3575713 0주행평범거리속성 1관 111 8 810 8 8 6⑤1:53.11¼   .414.741.914.6 -1 -2 -.70 5 6 -2 1.64937625565 8 8 7 23 3 2.03 4.07 2.5 6.2  4.1   11.8   20.7   27.4  .02358 1 5 7 1    .841.30 -.2732.46113.616.3829.8041.30183651 9.0014.7522.63 8
20250126일 5170011국550 4106 4혼전 4441맑음건조 3 5 2럭키페이머스    카우보이코마릴로 6132.00한수 32525 9 3  405      24750국5서범석슘호천   3 7 5 1 111 2 1 0 4 25씨씨웡49353.575기입적89 67 675474.052.021.0235011 920 3202332332115202422 0 099↗↘선13.940.141.313.2315939.840.0113.8113.2 50 50  050   13.90   13.50 5 -2 -2UUUP55.04871713 2.3 4.3 6.7444413 4신마혈통거리속성 1기 1 3 3 3 4 4 4 4⑤1:53.8코    .314.539.813.5 -3  6 -.50 5 8  4 1.046462521671011 3 82 2 5.02 1.11 4.611.4  8.3   20.8   43.4   38.0  .02557 0 8 7 0    .140.90 -.1231.75114.0 5.5012.5520.99 3 81421.5238.4251.34 1
20241222일 2130011국611 9 66 5 1강 1119맑음양호 7 5 2럭키페이머스    카우보이코마릴로 6132.00한수 2 0 0 2 3  519      16500국6서범석슘호천   3 8 4 4 311 1 0 0 3  0씨씨웡48755.075평입하40 42 424535.060.046.0235011 920 3202332332115202422      ↗↘선14.237.939.513.3275537.537.8 83.1 81.6 33 33  033   14.30   13.80 6 -5  0NN동       1313 1.5 3.5 5.0545412 0교체실패신마혈통 1기 2 5 5     5 5 2①1:23.11½  -.313.938.913.5 -3 10-1.60 1 4 -2  .0 543 9 698 8 5 2 23 1 4.01 5.06 1.3 4.2 13.8    5.5   23.8   54.7  .02162 0 5 6 0    .838.80 -.81 4.1683.5515.7231.1346.0019405610.9124.5929.53 5
20241110일 3130011국611 4 66 3 1강 1131맑음건조 5 5 2럭키페이머스    카우보이코마릴로 6132.00한수 2 0 0 2 4  647      16500국6서범석슘호천   3 9 3 3 211 1 0 0 2  0조인권47755.083평입하84 85 853759.049.023.21846 72150142023 0 02115232413      ↘↗선14.237.739.713.3353938.239.6 84.3 84.2 50 50  050   14.20   13.60 5  4  0NN동       1312-2.0 6.0 4.0383813 0걸음불변보통걸음 1기 110 9     91010⑩1:24.3코   2.114.340.013.8  4  6 -.4010 6  5 2.37977657829 7 6 3 60 1 1.09 4.06 1.9 6.2  1.9   49.2   63.3   80.2  .01442-2 6 4-2    .039.60 -.17 6.7583.55 5.3612.4923.16 6162810.5324.5534.47 5
20241006일 2130010국650 6106 5 1강 1139흐림건조 3 5 2럭키페이머스    카우보이코마릴로 6132.00한수 2 0 0 1 4  758      16500국6서범석슘호천   310 2 2 111 1 0 0 1  0마이아47155.093평입보42 35 3535  .061.065.0365021215014202324 021153631 9      →↘선14.237.640.314.3473238.237.8 83.1 82.4  0  0  0 0   14.20   14.60 4 -4  1NNUP       1312         4.0    12 1기수신마거리늘어 1기 1 6 9     9 8 8⑥1:23.1목    .414.238.713.6  5 -4-1.00 6 1 -5  .92376 92276 4 910 10 1 6.04 2.10 3.2 8.7 12.9   24.7   53.8  318.913.22359 1 6 7 1    .839.30-1.64 4.4983.8730.7051.4365.0232526420.4537.1176.08 2
20240908일 2120010국612 9 66 5 1강 1139맑음다습11 5 2럭키페이머스    카우보이코마릴로 4026.00한수 2 0 0 2 5  820      16500국6서범석슘호천   311 1 1 111 1 0 0 0  0트레보47554.564평무보   35 3540  .045.029.41975 02386 02023 0 02115233218      →↘입    36.738.5        37.239.1 77.4 76.1              13.80   13.60 4  0  0NL동       12 0                 0 0걸음불변기수신마 1기 010 8     5 5 4④1:17.45    1.414.240.114.6 -2  0-1.10 4 6  0 1.45152585845 1 1 8 52 1 2.01 9.11 1.9 4.3  5.4    4.3   11.3    8.4  .01944 0 5 5 0   -.338.90  .45  .9375.61 8.3217.8129.40 8203310.9822.3644.63 6
20251122토 5140011국5 0 6  7 7혼전 4451           5 3크리솔메이저    크리솔라동해텐텐 5426.00한거 5       1    013:35 24750국5전승규요시다가 2 011 1 1 0 1 1 2 0  0이동하   55.088우추상49 61 6153  .062.044.82849152644 9213532 02016242619 03367→↘선13.937.239.112.54651                   43 29 1429   14.90   13.4029 -4  2HNDN55.34821813 -.4 3.2 2.8777718-4강단마필마방기습47관 1 3                            14.9    13.4                                 8 4 5 3  1                                              .03373 0 6 7 0    .739.10 -.46     88.8016.2731.9144.8310233612.8622.3630.57 5
20250427일 4180011국521 9 77 4 1강 1111맑음양호 7 5 3크리솔메이저    크리솔라동해텐텐 9421.00한거 51122 9 3  575      24750국5전승규요시다가 2 110 2 210 4 1 1 9 22코지  48553.587평추하 8  9  96321.042.020.2224412225012213533442016252619 0 099↗↗선13.940.739.812.5177539.640.8118.8117.8 33 17 1733   14.70   14.70 6 -3  0LU동56.34801813  .4 3.4 3.8696913 0걸음불변거리속성 1기 0 7 6 4 4 3 4 3②1:58.82½   .015.040.413.7 -4 -3 -.60 2 6  3  .51829624592 9 1 9 62 4 1.06 2.07 2.1 3.5  2.1   24.4   29.6   16.6  .01439 0 4 4 0   -.540.10  .1137.32118.7 4.6711.4220.24 5122311.2926.1532.23 3
20250315토 5180011국540 8 97 4 1강 1157맑음양호 6 5 3크리솔메이저    크리솔라동해텐텐 9421.00한거 51225 2 2  286      24750국5전승규요시다가 2 2 9 1 110 3 1 1 8 25코지  48853.585평추보62 70 707576.047.032.82156 62050 5213533442016252619 0 099↗→선13.940.640.212.5205939.942.2122.5121.5 33  0  033   15.30   12.80 3  7 -3BUUP56.34801813  .8 4.6 5.4525217 1뒷심문제단기승부 1기 010 7 6 6 6 7 9⑨2:02.51    2.014.742.514.7  6 10 -.41 9 3  2 2.99234888319 7 2 1 30 3 2.08 8.06 3.0 8.4  4.8   88.9  154.1   94.7  .02949 0 7 4 0   -.140.70 -.2740.67118.9 7.9517.8432.8212253921.0037.1357.32 2
20250222토 4170011국611 6 67 5혼전 4459맑음건조 3 5 3크리솔메이저    크리솔라동해텐텐 5426.00한거 5 014 9 2  351      16500국6전승규요시다가 2 3 8 8 110 2 0 1 7 14코지  47856.585평추보46 31 315449.057.063.72156 62050 5213533442016252619 0 099↗→선13.939.941.313.1445940.638.7114.2112.8 20  0  020   14.50   13.80 5  0  0HVUP56.04821713 1.0 4.8 5.8505013 4마방연대거리속성 1기 0 3 9 9 8 8 7 3①1:54.21½  -.315.338.712.8  0  1 -.80 1 1 -3  .03382 3 995 4 4 4 13 2 1.06 3.05 1.9 8.2  1.9   15.8   23.8   44.0  .02837-1 6 6-1    .341.10-1.0131.59113.927.6653.9663.6732526428.5747.6259.26 1
20250119일 3130011국631 7 87 5 1강 1116맑음건조 3 5 3크리솔메이저    크리솔라동해텐텐 5426.00한거 5 0   2 3  429      16500국6전승규요시다가 2 4 7 7 310 1 0 1 0  0코지  47756.587하입하22 22 2249  .060.035.9224412225012213533442016252619 0 099↗↗선13.937.539.313.1506438.038.7 83.5 83.0 25  0  025   14.50   15.1013 -4  1HVDN56.04821412 1.7 5.3 7.0383813-1걸음불변마방연대 1   0 3 9     7 7 6④1:23.5½    .714.539.213.8  0 -9 -.70 4 4  1 2.74770364966 7 5 5 43 1 3.02 2.07 1.9 4.0  5.9   10.8   25.9    7.6  .01965 0 5 7 0    .839.60 -.16 6.2283.1610.2122.3135.85 8203313.2424.0052.63 3
20241020일 21400 9국610 7 17 4 1강 1151맑음포화15 5 3크리솔메이저    크리솔라동해텐텐 5426.00한거 4 020 2 4  714      16500국6전승규요시다가 2 5 6 6 110 2 0 1 5 20김철호48656.067하입하58 50 502545.048.023.2 533 02067 4213521 02016152223 0 099↗↗자13.937.339.613.1255137.342.3 93.5 92.4 25  0  025   14.60   13.40 3  2  0NUUP56.04821412 1.0 7.0 8.0292913 1뒷심문제거리부담 1기 1 7 9     6 8 8⑧1:33.5½   4.214.542.915.1  5  4 -.71 8 3  0 6.19866969710 6 5 6 70 3 1.07 2.01 1.3 3.1  1.3   12.7   16.9   14.3  .02927-2 5 3-2    .039.40 -.2515.5189.21 4.9011.7823.20 3 81510.7119.3827.44 5
20240929일 3130011국650 1107 3 1강 1131맑음건조 4 5 3크리솔메이저    크리솔라동해텐텐 5426.00한거 4 0 0 9 4  779      16500국6전승규요시다가 2 6 5 5 210 1 0 0 4  0김철호48256.067하입하43 45 451732.043.016.1 533 02067 4213521 02016152223      ↗↗자13.937.340.113.5612038.737.5 82.1 82.7  0  0  0 0   13.70   14.3010  0  0NHUP       1312 2.0 7.0 9.0121213 1뒷심부족지울마필 1기 1 511     9 9 6②1:22.13     .014.637.713.4 -1  2  .50 2 3  1  .63691 53084 610 4 83 2 5.03 6.05 2.5 5.7 11.3   22.9   60.3   96.4  .02014-4 5 4-4   -.539.70  .02 5.3483.55 3.20 8.3316.05 2 713 8.1416.2219.94 7
20240720토 2120010국640 6 97 4 1강 1139흐림다습12 5 3크리솔메이저    크리솔라동해텐텐  440.00한거 4 0 0 2 5  961      16500국6전승규요시다가 2 7 4 4 310 2 0 0 3  0김동수48056.073평입보54 52 525850.061.055.11650 7215014213518 02016 92027      →→추13.936.939.313.5793536.739.1 76.4 75.7  0  0  0 0   13.90   14.20 5 -5  0NHDN       1312         5.0    13-1마방습성작전마주 1   0 5 5     3 3 3⑤1:16.41     .413.739.714.3  3  7 -.69 5 2  0 2.23324594072 2 6 2 22 3 4.07 2.10 2.6 4.9  6.5   52.9  116.6   64.0  .02853 0 6 5 0    .738.50 -.86 -.5576.1719.7539.6755.1018395616.6729.0137.08 2
20240616일 2130011국641 5 97 5혼전 4438맑음건조 5 5 3크리솔메이저    크리솔라동해텐텐 5426.00한거 4 0 0 2 6 1049      16500국6전승규요시다가 2 8 3 3 110 1 0 0 0  0김동수47356.078기무보58 40 402523.049.025.31840 6204317213518 02016 92027      ↘→추14.138.039.313.5208537.139.4 84.0 83.1  0  0  0 0   14.60   13.8028  7  0BHUP       1312         7.0    12 1걸음불변마방습성 1기 010 7     5 4 5⑤1:24.01     .813.940.114.2  3 -6 -.70 5 2 -5  .95125594064 9 4 3 62 2 4.03 5.06 2.5 4.9  5.8   11.5   23.4   44.3  .02340 0 5 6 0    .039.10 -.16 5.8483.48 7.0315.0225.31 51323 8.1117.5418.54 8
20231202토 3120011국611 6 17 1 1강 1131맑음양호 7 5 3크리솔메이저    크리솔라동해텐텐  440.00한거 3 0 0 1 9 1646      13750국6전승규요시다가 2 9 2 2 210 1 0 0 1  0김철호47956.069하무보12  9  9 5 5.028.0 8.41463 51867 4213521 02016152223      →→자14.137.840.014.013 737.638.3 77.1 75.7  0  0  0 0   14.10   14.3016  1  0NH동       1212         9.0    12 0기수신마부진마필 1기 0 3 9     7 5 5⑦1:17.1목   1.214.638.813.8  0 -1-1.20 7 7  0 1.23671294252 810 9 90 1 3.02 4.02 1.4 3.0  8.4   20.1   38.6    4.0  .020 5-4 2 2-4▼-1.537.70 -.40-2.0877.06  .54 2.73 8.41 1 3 8  .94 4.06 7.36 8
20230812토 3120011국651 7107 8혼전 4435흐림포화18 5 3크리솔메이저    크리솔라동해텐텐  440.00한거 3 0 0 210 1974      13750국6전승규요시다가 210 1 1 110 1 0 0 0  0김동수48056.082평무보   35 3540  .046.022.02558 6263514213518 02016 92027      →→추    36.738.5        37.640.1 77.0 77.3              13.80   13.60 4  0  0NL동       12 0                 0 0걸음불변기수신마 1기 2 2 9     8 6 7⑨1:17.0¾   2.714.140.014.3  2 -5  .60 9 7  0 2.98168828620 2 211 70 1 1.05 6.05 2.0 5.2  2.0   11.4   16.3   17.812.72860 2 5 4 2   -.139.30  .65 2.1175.61 4.7810.8521.97 3101811.5422.0948.88 4
20251122토 5140011국5 0 6  4 4혼전 4451           5 4음성파워        머스킷맨공동천하 7135.00한거 4 620   1    013:35 24750국5함완식씨유네트 0 016131115 1 1 215 20조성환   52.053기추보50 50 504611.044.019.5 750 41754 91228 0 016 714 725 0 099↘→추14.037.638.612.51082                   33 25  042   14.20   14.60 8 -6 -5HU동54.05271714-1.0 5.6 4.6535314 0걸음불변추입유리64기 1 4                            14.2    14.6                                11 1 6 7  1                                              .01738 0 4 4 0   -.538.60  .29     88.73 4.1610.5619.48 41118 2.86 7.4515.85 9
20250927토 6140011국511 5 64 5혼전 4451맑음다습11 5 4음성파워        머스킷맨공동천하 7135.00한거 4 1   9 1  148      24750국5함완식씨유네트 0 115121015 1 1 2 0  0해리카52456.571기추적46 41 4148  .050.021.01950101754 91228191816 7182612 0 099↘↘입14.037.638.612.5 78537.340.7 89.7 90.0 36 27  045   15.50   12.4010  9  1BL동54.05271714 -.6 5.6 5.0535314 0뒷심문제최적거리38기 01010     9 7 8⑦1:29.74    2.414.240.614.6  0  0  .20 7 7  3 2.4786283861811 1 8 80 2 1.09 2.08 1.4 4.4  1.4   14.0   17.2  307.9  .02949 0 4 4 0   -.138.60  .2313.8288.73 4.8710.6420.96 4111812.8622.0936.00 4
20250719토 41400 9국551 4104 5혼전 4441흐림불량20 5 4음성파워        머스킷맨공동천하 7135.00한거 4 723 2 1  167      24750국5함완식씨유네트 0 21411 915 1 1 213 23코지  52456.086우추적80 77 776664.062.032.82950171754 9122812 016 7252619 0 099→↘선14.037.538.712.5147940.237.2 89.2 89.8 40 20  030   14.60   13.10 7 -4  3UN동54.05271714-2.0 6.0 4.0686814 0뒷심문제기수영향42조 0 1 8     8 8 8⑦1:29.23    3.015.637.513.0  3 -5  .30 7 4 -1 3.17699 28010 8 4 4 60 1 1.02 9.07 2.8 5.5  2.8    5.5   10.5    7.6  .02982 0 8 6 0    .838.60 -.0813.6288.73 8.3719.6632.81 5122213.7930.4343.15 3
20250601일 5140011국551 3104 6혼전 4441맑음건조 3 5 4음성파워        머스킷맨공동천하 7135.00한거 4 816 1 1  125      24750국5함완식씨유네트 0 31310 815 2 1 112 16김성현52953.067기추보43 41 414927.050.019.8 922 61754 9122854 016 7162519 0 099→↗입14.037.538.812.5147237.637.8 88.0 87.5 22 22  033   15.00   12.80 4 -2  1NNDN54.35261714 -.8 6.4 5.6525214-3전력변화최적거리56조 1 5 7     7 5 3②1:28.02½   .014.637.613.1 -3  2 -.50 2 5  2  .4 780 61583 9 1 9 93 2 4.05 9.05 3.4 9.7  7.6   24.2   48.1  151.6  .02353 0 5 4 0   -.138.10  .2011.1688.80 4.5410.1419.76 41118 7.1415.6724.22 8
20250503토 41700 9국550 3 54 8 1강 1121흐림포화18 5 4음성파워        머스킷맨공동천하 7135.00한거 4 918 1 1  140      24750국5함완식씨유네트 0 412 9 515 1 1 111 18김성현52752.067기추적55 41 417145.061.043.6 922 61754 9122854 016 7162519 0 099→↗입14.040.141.212.7335140.339.6111.4113.3 25 25  025   14.70   13.70 4 -4 -5NU동55.05261714 -.2 6.6 6.4404014 0걸음불변탄력호전 1기 0 7 8 8 9 8 7 6③1:51.42½   .415.038.412.8  0  5 1.00 3 3  1  .64968152262 6 2 6 33 1 4.01 9.01 2.4 4.3  6.6    8.1   20.4   13.6  .03366 1 5 6 1△  .940.90 -.6131.95114.012.2629.8943.6312253913.0423.5333.21 4
20250405토 4170011국551 1104 3혼전 4421비  다습13 5 4음성파워        머스킷맨공동천하 7135.00한거 41020 1 2  224      24750국5함완식씨유네트 0 511 8 415 5 1 110 20김용근52257.089기추적38 39 395247.053.025.01832 51550 31228224416 7292517 0 099→↗선14.040.141.112.7325539.840.7110.1112.6 25 25  025   14.80   13.10 5  8  2VL동55.05261714  .4 5.4 5.8404014 0뒷심문제거리속성 1기 011 8 8 7 6 7 5⑧1:50.11¼   .814.739.513.7  6 -4 1.74 8 2 -7 1.12747464253 8 6 6 70 5 5.08 3.07 3.810.9  7.6  113.7  203.3  165.3  .02927-2 6 6-2    .240.90 -.1231.40113.9 7.1115.7025.01 5132315.3834.7848.05 2
20250302일 6170011국551 2104 4혼전 4422흐림건조 4 5 4음성파워        머스킷맨공동천하 7135.00한거 41122 1 2  317      24750국5함완식씨유네트 0 610 7 315 4 1 1 9 22김용근52655.089기추적 9  3  34915.042.014.51832 51550 31228224416 7292517 0 099→↗선14.040.041.312.7375140.039.9112.3113.0 29 29  029   15.40   14.20 5 -4  0HHUP55.05261714 -.2 5.0 4.8474714 3탄력늘어거리속성 1기 0 3 8 8 7 7 7 7④1:52.3코    .014.840.213.1 -5  8 -.10 4 9  2  .33954222175 9 710103 4 1.02 9.05 4.1 8.3  4.1    8.3   15.9   11.0  .01827-2 3 2-2   -.841.00  .0931.65114.0 3.29 7.7414.45 2 5 9 4.1711.9017.05 8
20250125토 7140011국511 6 64 4혼전 4451맑음건조 3 5 4음성파워        머스킷맨공동천하 7135.00한거 41225 9 3  414      24750국5함완식씨유네트 0 7 9 6 715 3 1 1 8 25김용근51855.088기추적22 16 163114.040.010.72650201129 41228224416 7292517 0 099↘→선14.037.439.412.7235138.239.9 91.2 89.9 33 33  033   14.60   14.10 7  4  0NH동55.05261714 -.2 5.6 5.4414114 0걸음불변기수영향 1기 0 710    101110⑨1:31.2¾   2.615.440.014.2  2 -8-1.10 9 7  2 4.27794678911 8 8 8 70 3 1.09 2.08 1.6 4.3  1.6   25.8   36.1   77.8  .01627-2 3 2-2   -.638.70  .1313.0889.14 1.69 5.3510.72 3 815 4.17 9.3813.74 9
20241208일 4140011국551 7104 4 3강 3321맑음다습13 5 4음성파워        머스킷맨공동천하 7135.00한거 31428 2 3  560      24750국5함완식이긍열   3 8 8 5 615 2 1 1 7 28김용근52655.088기추적73 68 684462.053.021.92650201129 4122522 016 7292517 0 099↘→선14.037.339.412.7295537.740.3 90.0 90.4 33 33  033   14.40   13.30 6  1  1HN동55.05261714-1.0 5.3 4.3494914 0뒷심문제기수영향 1기 0 310    1110 9⑨1:30.01½  2.514.639.614.1  4 -2  .79 9 5 -1 2.68683768812 711 6 70 2 1.0810.09 2.4 7.1  2.4   25.7   33.5  128.612.12940-1 6 6-1    .138.90 -.1013.7389.07 5.5513.0821.94 3 817 6.8018.8128.37 4
20241026토 6140011국512 3 64 4혼전 4441맑음다습14 5 4음성파워        머스킷맨공동천하 7135.00한거 31616 9 4  699      24750국5함완식이긍열   3 9 7 4 515 1 1 0 6 16김용근52854.088기추적31 25 253713.048.024.12839201325 6122522 016 7292517 0 099↗↘선14.037.439.212.7256437.238.2 87.6 87.8 20 20  020   14.30   14.50 4 -6 -1UU동56.05231714-2.3 5.7 3.3636314 0교체실패기수영향 1   0 2 7     7 7 3②1:27.65     .014.438.213.3 -4 -5  .20 2 6 -1  .81359121481 8 5 8 63 1 1.0610.02 1.2 3.9  1.2    6.8    7.3   58.0  .01859 0 3 3 0   -.138.30 -.0911.2189.00 6.3412.9724.12 51323 3.33 7.8212.61 8
20240929일 4140011국521 3 24 4 1강 1141맑음건조 4 5 4음성파워        머스킷맨공동천하 7135.00한거 32020 9 4  778      24750국5함완식이긍열   310 6 3 415 1 1 0 5 20빅투아53354.580기추적27 25 2533 9.041.015.42031151325 61225 0 016 7202818 0 099↗→입14.037.439.412.7255538.239.9 90.3 90.4 25 25  025   14.60   15.1010  0  0NUDN56.05231714-2.5 7.0 4.5525214-3걸음불변기수영향 1기 0 8 9     910 9⑩1:30.33    3.214.340.214.5  3  6 -.1010 7  3 4.386946789 410 710 70 1 2.01 7.03 1.8 1.8  2.9    1.8    4.7   13.4  .01642-1 2 2-1   -.538.80  .0213.6289.14 2.60 7.6315.39 3 815 1.63 4.5512.21 9
20240720토 61700 8국551 7 54 4 1강 1131맑음다습11 5 4음성파워        머스킷맨공동천하 7135.00한거 32525 2 5  957      24750국5함완식이긍열   311 5 2 215 3 1 0 4 25김철호52754.579평추하27 38 384916.035.011.11767 31950 81225213616 7152223 0 099↘↗자14.040.140.712.7297939.843.3114.9115.3 33 33  033   14.60   15.30 7  3 -2VU동56.05231714-4.0 9.0 5.0535314 0주행평범거리속성 1   0 8 6 6 6 8 8 8⑦1:54.97    3.214.643.515.1  3 -1  .10 7 4  2 3.589449392 7 7 3 8 80 4 5.02 4.06 2.9 4.8  7.7   12.2   28.4    9.3  .01724-2 3 2-2  -1.041.30  .4234.50113.6 1.46 4.9711.11 2 713 3.65 7.9714.06 8
20240601토 81700 8국520 9 74 4 1강 1111맑음건조 3 5 4음성파워        머스킷맨공동천하 7135.00한거 33333 1 6 1095      24750국5함완식이긍열   312 4 1 115 2 1 0 3 33김철호52856.075평추상91 77 777683.053.036.32742232360 61225213616 7152223 0 099→↘자14.040.240.412.7259439.342.6114.9113.9 33 33  033   14.20   13.00 4 -2  0NUUP56.05231714         1.0    14 3뒷심문제거리속성 1관 1 5 5 5 5 5 5 5⑤1:54.92½  1.014.643.215.3  3  5 -.81 5 2 -1 1.86623878048 7 1 4 42 3 3.05 3.04 1.7 3.1 10.6   47.0  108.7   15.3  .02953 0 8 8 0    .240.90 -.0533.25113.510.2323.2436.25 9203215.9731.7249.21 4
20240505일 3140011국611 2 64 6혼전 4452비  다습10 5 4음성파워        머스킷맨공동천하 7135.00한거 3 0 0 1 6 1173      16500국6함완식이긍열   313 3 3 315 1 0 0 2  0김철호52356.075평입보48 50 503834.060.037.92742232360 61225213616 7152223      →↘자14.037.539.313.1146437.337.2 87.9 87.0  0  0  0 0   14.00   14.10 3  4  0NH동       1414         4.0    14 0걸음불변기수승부 1기 0 7 8     7 7 3①1:27.9목    .014.238.013.0 -2  0-1.10 1 3 -2  .0 267 1 289 7 5 4 43 2 3.10 7.06 1.7 5.0  9.7  104.0  220.2   51.0  .01861 0 6 7 0    .538.00 -.5910.2189.1412.7426.1037.9214284211.2720.2531.03 6
20240414일 1140010국650 9104 5 1강 1146맑음건조 4 5 4음성파워        머스킷맨공동천하 7135.00한거 3 0 0 2 7 1241      16500국6함완식이긍열   314 2 2 215 1 0 0 1  0해리카52356.071평추상43 50 504935.054.029.7225812245017122519 016 7182612      ↘↘입14.337.439.213.1256837.438.9 90.8 88.8  0  0  0 0   14.30   13.40 3 -5  0HH동       1414         5.0    14 0기수신마단기승부 1관 0 3 4     5 5 4④1:30.85    1.014.040.014.1 -1  7-1.60 4 5 -4 1.44670334559 8 2 4 52 1 1.03 5.10 2.7 6.3  2.7    8.0   12.4    9.6  .02066 0 5 4 0    .438.50 -.2512.2089.00 6.9117.5329.68 61628 7.8918.5226.88 6
20240323토 1140010국650 9104 7혼전 4439맑음양호 6 5 4음성파워        머스킷맨공동천하 7135.00한거 3 0 0 2 7 1318      24750국6함완식이긍열   315 1 1 115 1 0 0 0  0김철호51656.065평무보   35 3540  .048.029.51999 72450171225213616 7152223      →→자    36.639.1        37.238.9 90.9 88.9              13.90   13.50 4  0  0LL동       14 0                 0 0걸음불변기수신마 1관 0 8 8     8 8 8⑤1:30.9½    .914.339.613.4 -4  8-1.60 5 9  0 1.04959313463 2 2 7 53 1 1.03 1.10 1.7 5.7  1.7   10.9   15.3   22.812.73445 2 5 6 2    .039.30  .3113.2088.38 8.0816.9629.50 6152615.0027.6950.89 4
20251122토 5140011국5 0 6  8 2혼전 4451           5 5논스톱서브      투아너앤미네하하 4831.00한거 3 7 7   1    013:35 24750국5신삼영태립     3 014 7 413 9 1 013  7조한별   52.067평입보50 47 4710 8.035.0 9.11342 8 625 6 916 81810 2121918 05050↘↗입13.737.339.912.93311                   20 10  0 0   14.30   14.30 3  4  0NU동55.34621812-1.2 8.2 7.0444413 0걸음불변급하락세56기 0 5                            14.3    14.3                                 91010 9  9                                              .01410-3 2 2-3▽-1.239.90 -.07     89.41 1.34 3.85 9.14 2 5 9 4.29 7.4514.7210
20251102일 5140011국520 9 78 1 1강 1151맑음양호 6 5 5논스톱서브      투아너앤미네하하 4831.00한거 3 8 8 1 1   51      24750국5신삼영태립     3 113 6 313 8 1 012  8조한별48852.067평입상12 20 2024 4.033.0 7.81342 8 625 6 916 81810 2121918 05050↘↗입13.737.439.912.9281036.839.7 91.1 89.1 22 11  0 0   14.50   13.20 7 -8 -1UUDN55.34621812-1.6 8.6 7.0414113-4걸음불변급하락세43기 0 1 6     5 7 9⑨1:31.11    1.114.340.614.3  0  8-1.80 9 9  1 1.5533860525110 9 8110 8 1.1011.03 1.9 3.4  1.9   31.9   50.9   29.6  .014 8-4 1 1-4▼-1.138.60 -.1011.8089.48  .96 3.36 7.78 1 3 5  .83 1.72 6.3811
20250913토 6180010국540 4 98 1 3강 3359맑음포화17 5 5논스톱서브      투아너앤미네하하 8233.00한거 3 9 9 2 1  124      24750국5신삼영태립     3 212 5 413 7 1 011  9조한별48052.567기입적 5 28 28 5 8.034.019.71342 8 625 6 916 81810 2121918 05050↘↗입13.740.341.113.037 740.340.3118.0120.0 25 13  0 0   15.00   14.20 4  8 -1BU동55.34621812-2.2 8.0 5.8484813 0가는대로거리속성67기 0 9 5 7 8 8 8 7⑦1:58.01¼  1.114.539.213.2 -1  4 1.10 7 8 -3 1.77657474846 5 8 2 80 7 2.05 1.04 4.1 7.4  4.5   20.2   34.8   64.6  .01310-3 3 2-3▽-1.240.80 -.1538.62119.1 4.6310.7919.67 3 814 8.3314.2923.78 6
20250817일 3180011국552 7108 4 1강 1158맑음양호 8 5 5논스톱서브      투아너앤미네하하 8233.00한거 31010 2 1   72      24750국5신삼영태립     3 311 4 313 6 1 010 10조한별47653.067평입하 5 28 2817 5.034.015.81342 8 625 6 916 81810 2121918 05050↘↗입13.740.341.013.0391440.940.7123.0122.2 29 14  0 0   15.00   13.90 5 -2 -2UU동55.34621812-2.8 7.8 5.0555514 0주행평범거리속성42기 0 1 8 8 8 91011⑨2:03.05    2.715.041.414.2 -2 10-1.20 911  7 2.996765872 9 7 9 5 80 6 1.02 9.05 3.2 7.1  3.2    7.1   10.3   38.6  .01721-1 2 1-1  -1.341.00 -.0340.88119.0 4.16 8.8515.75 2 5 9 1.96 6.3510.30 9
20250713일 61800 9국521 9 78 4혼전 4431흐림건조 4 5 5논스톱서브      투아너앤미네하하 8233.00한거 31111 2 1   72      24750국5신삼영태립     3 410 3 213 5 1 0 9 11조한별46654.567평입상43 52 522224.039.016.81342 8 625 6 916 81810 2121918 05050↘↗입13.740.341.013.0361641.040.6122.8120.6 33  0  0 0   15.10   13.30 4 -6  1UN동55.34621812-3.2 8.6 5.4525218 0주행평범최근최상72기 1 3 7 7 7 7 7 8⑥2:02.8¾   1.915.041.213.9  2  3-1.60 6 4 -5 1.98680587524 6 8 3 50 5 1.03 8.02 2.7 4.6  2.7    7.8   15.0   32.1  .01733-1 5 2-1   -.940.80 -.0539.26119.0 2.92 7.7216.81 3 814 8.1116.3330.24 5
20250615일 5180011국510 9 68 1 1강 1159맑음건조 3 5 5논스톱서브      투아너앤미네하하 8233.00한거 31212 2 1   67      24750국5신삼영태립     3 5 9 2 113 4 1 0 8 12조한별46353.567평입보25 40 40 5 8.028.0 7.41342 8 625 6 916 81810 2121918 0 099↘↗입13.740.541.613.9261140.239.4120.3118.5 20 20  0 0   14.00   14.70 5  2 -1BUUP57.04611812-2.8 8.6 5.8404013 4걸음불변탐색우려44기 0 910 9 7 5 5 4④2:00.3코    .015.140.313.3 -5  0-1.60 4 9 -2  .33849242281 611 2102 4 2.0811.04 1.9 7.7  6.5   66.7  109.4  229.9  .014 7-4 3 2-4▼-1.740.40 -.0636.38119.4 1.51 4.48 7.38 0 2 5 6.2510.9121.55 6
20250510토 4140011국551 6108 2 1강 1141흐림불량20 5 5논스톱서브      투아너앤미네하하 4831.00한거 31414 2 1  119      24750국5신삼영태립     3 6 8 1 213 3 1 0 7 14조한별46354.067평입상63 67 672416.029.0 6.91342 8 625 6 916 81810 2121918 0 099↘↗입13.737.240.613.936 837.839.6 90.4 89.5 25 25  0 0   14.10   14.30 4  2 -3LU동57.04611412-3.0 8.0 5.0424214 0주행불만보통걸음 1   0 710    1010 8⑨1:30.41    1.614.040.714.7 -2  2 -.40 911  6 2.36987577830 911 3110 3 4.0710.11 2.6 7.0  7.5   50.5   79.4  113.5  .01124-2 4 1-2  -1.438.80 -.3911.7389.83  .73 2.56 6.87 1 3 5 4.63 9.0515.55 8
20250413일 2140010국611 9 18 5 1강 1149흐림포화16 5 5논스톱서브      투아너앤미네하하 4831.00한거 3 0 0 2 1  195      16500국6신삼영태립     3 7 7 7 113 2 0 0 6  0조한별46157.067하입상46 33 332116.048.035.91342 8 625 6 916 81810 2121918      ↘↗입13.737.240.613.9341036.840.0 89.5 88.3  0  0  0 0   13.90   14.20 4  0  1NNUP       1412-2.7 9.0 6.3282813 1걸음불변탄력호전 1기 0 5 5     5 5 4①1:29.5동착  .014.140.514.3 -4  3 -.70 1 5 -5  .02940686381 5 7 4 43 2 5.01 5.09 1.7 2.7  6.6    8.3   18.0   40.6  .03331-1 4 4-1   -.438.60-1.1510.5389.8311.6921.6935.91102336 9.8017.8626.42 3
20250316일 2130010국610 9 18 1혼전 4431흐림양호 7 5 5논스톱서브      투아너앤미네하하 4831.00한거 3 0 0 2 2  279      16500국6신삼영태립     3 8 6 6 113 1 0 0 5  0조한별45856.062하입보14 17 17 4 3.026.0 2.71882 71356 5 916 81810 2121918      ↗↘입13.737.940.314.0171337.339.6 84.6 83.0  0  0  0 0   14.60   14.30 4 -1  0NNUP       1312-1.5 8.5 7.0191912 1걸음불변탐색우려 1기 0 5 2     5 5 7⑤1:24.65    1.213.940.714.2 -5 -4-1.50 510  2 1.34736645456 511 9112 1 1.03 6.03 1.4 2.5  1.4    5.5    6.9   24.0  .014 5-4 1 1-4▼-1.839.20 -.10 4.8384.06  .12  .18 2.70 0 1 4 1.82 3.15 5.9811
20250216일 1120011국614 7 68 1 2강 2231흐림건조 4 5 5논스톱서브      투아너앤미네하하 4727.00한거 3 0 0 2 2  365      16500국6신삼영태립     3 9 5 5 413 1 0 0 4  0해리카46256.068하입하22 20 20 9 3.033.0 9.01438 81356 5 91616 010 2182612      ↗↘입13.737.639.914.024 838.439.1 78.4 77.4  0  0  0 0   14.30   13.90 8 -5  1LN동       1212-3.0 9.0 6.0252512 0걸음불변보통걸음 1기 0 610    10 9 9⑧1:18.41½  2.614.639.714.3  0  2 -.90 8 8  5 3.18293598421 7 9 5100 1 5.0111.02 2.1 6.7  8.0    9.2   22.6   20.4  .01411-4 2 1-4▼-1.238.40 -.26 -.1476.90 1.16 3.61 8.97 1 3 8  .96 1.90 3.9911
20241221토 4120011국632 7 38 1 1강 1139흐림다습10 5 5논스톱서브      투아너앤미네하하 4727.00한수 2 0 0 2 3  528      16500국6신삼영태립     310 4 4 313 4 0 0 3  0김용근46055.089하입보15 14 141212.038.016.7265020149910 91625 010 2292517      ↘→선13.737.639.914.024 837.439.4 78.4 76.4  0  0  0 0   13.70   14.30 5  8  0NH동       1212         6.0    12 0걸음불변부진마필 1기 211 7     5 5 6⑦1:18.4목   1.614.340.513.9  4  9-1.69 7 3 -6 1.96159677038 5 8 5 72 4 6.02 6.04 2.2 2.6 38.5   27.5  101.5   14.3  .014 8-4 3 3-4▼ -.938.10 -.49-1.0876.90 3.00 7.9616.69 31018 3.61 8.2813.68 8
20241116토 2120011국610 6 18 4 2강 2239맑음건조 3 5 5논스톱서브      투아너앤미네하하 4727.00한수 2 0 0 2 4  639      16500국6신삼영태립     311 3 3 213 3 0 0 2  0김용근45155.089평무보22 35 3540  .043.024.0283920175011 91625 010 2292517      ↗↘선14.538.238.813.5 17937.439.9 77.4 77.3              14.50   13.80 6 -6  0NL동       12 0         8.0     0 0걸음불변기수영향 1기 1 3 6     6 6 8⑥1:17.44    1.913.740.314.3 -3  9 -.10 6 9  4 2.18158808129 9 611 42 3 5.01 6.11 1.2 2.7 18.6    9.5   34.4  168.0  .01625-1 3 4-1   -.437.80 -.41  .3176.62 6.7313.8624.02 6152611.5422.3646.63 4
20241005토 21200 9국611 9 18 1 1강 1159맑음건조 3 5 5논스톱서브      투아너앤미네하하 4727.00한수 2 0 0 1 4  769      16500국6신삼영태립     312 2 2 113 2 0 0 1  0김용근44255.089평무보17 35 35 8  .033.011.1283920175011 91625 010 2292517      ↗↘선14.137.640.013.533 138.438.6 78.0 76.8              14.10   13.80 4  7  0NLUP       12 0         7.0     0 2기수신마탐색우려 1기 1 9 8     9 9 9⑧1:18.06    2.614.539.213.8  3  1-1.01 8 5  2 3.17293417622 8 7 9 70 2 1.03 2.05 1.3 3.2  1.3    4.4    5.5   11.7  .020 7-3 3 3-3▽-1.138.20 -.37 -.7676.95 1.44 4.8511.14 3 81512.8623.8455.21 6
20240908일 11000 9국610 4 18 5혼전 4435맑음다습11 5 5논스톱서브      투아너앤미네하하 4727.00한수 2 0 0 2 5  821      24750국6신삼영태립     313 1 1 113 1 0 0 0  0김용근44155.090평무보   35 3540  .049.029.12550101125 7 91625 010 2292517      ↘↗선    37.137.8        37.538.8 65.2 63.9              13.80   13.80 4  0  0NL동       10 0                 0 0걸음불변기수신마 1기 3 2 7     7 7 8⑦1:05.2¾   2.014.139.713.8  4 -5-1.71 7 3  0 2.27855797328 3 3 5 60 1 4.01 7.06 1.2 1.8 22.9   10.7   60.6    7.7  .02357 0 4 5 0   -.138.20  .22-11.062.71 7.7215.4929.05 5122212.6824.8338.85 2
20251122토 5140011국5 0 6  7 1혼전 4451           5 6블루인디        테이크차새벽천사 4334.00한수 6 5 7   1    013:35 24750국5강환민이종원   3 016111340 8 2 140  7김성현   54.567평자보50 44 44 7 5.032.0 9.1 922 61245 423 916331818162519442222→↗입13.837.239.413.33732                   17 20 11 9   14.10   14.20 4  2  0NN동54.54681814-1.6 8.0 6.4383812 0가는대로조교부실29관 0 6                            14.1    14.2                                 7 51110  8                                              .0 8 7-3 1 2-3▽-1.239.40  .31     89.00 1.32 3.84 9.12 1 4 8 1.43 4.97 9.0611
20251026일 6140011국513 5 67 1혼전 4431흐림양호 7 5 6블루인디        테이크차새벽천사 4334.00한수 6 5 7 9 1   72      24750국5강환민이종원   3 115101240 7 2 139  7김성현47654.567평자보19 12 12 9 4.032.0 5.9 922 61245 423 916331818162519442222→↗입13.837.139.413.3433237.839.6 90.2 89.9 18 21 12 9   14.60   14.00 5 -3 -1HN동54.54681814-1.6 7.8 6.2363612 0가는대로감량기수68기 1 4 8    10 911⑩1:30.2½   2.114.140.114.2  0  0 -.501010  1 2.67686567722 7 5 9110 7 6.0111.07 1.5 3.8 15.8   11.7   37.3   18.2  .0 4 6-4 1 2-4▼-1.539.00  .4413.4388.93  .37 1.92 5.87 0 1 4 1.41 2.44 7.9210
20250921일 5140010국552 8107 2 1강 1131맑음다습14 5 6블루인디        테이크차새벽천사 4334.00한수 6 5 7 2 1   72      24750국5강환민이종원   3 214 91140 6 2 138  7김성현47655.067평자상27 21 2123 4.034.0 9.6 922 61245 423 916331818162519442222→↗입13.837.139.513.3432838.239.5 90.2 89.9 18 24 12 6   13.90   14.10 5 -3  0NN동54.54681814-1.6 7.8 6.2363612 0걸음불변감량기수 5기 0 710    101010⑨1:30.21½  2.714.639.814.0  0  2 -.50 9 9  0 3.27894548316 7 4 8100 6 1.0210.04 2.6 6.8  2.6    7.7   11.6   10.5  .01414-2 1 1-2  -1.139.00  .2813.2789.00 1.19 4.21 9.58 0 2 6 1.06 2.17 7.6910
20250816토 5140011국552 7107 2 1강 1141맑음다습12 5 6블루인디        테이크차새벽천사 4334.00한수 6 5 8 2 1  100      24750국5강환민이종원   3 313 81040 5 2 137  8김성현47455.067평자보42 41 4121 7.035.0 7.8 922 61245 423 916331818162519442222→↗입13.837.139.513.3402836.940.5 90.7 89.9 19 25 16 3   14.30   14.20 4  8  0BNDN54.54681814-1.0 8.0 7.0363612-3걸음불변감량기수29기 010 7     9 9 7⑤1:30.72½  2.013.940.714.1 -4  7 -.60 5 9  4 2.47841817826 6 3 9113 5 3.02 9.01 2.1 5.4  7.7   15.3   28.0   10.9  .01414-3 2 2-3▽-1.239.00  .3313.3289.00  .97 3.15 7.75 0 2 5  .67 2.91 6.8711
20250720일 61700 8국540 7 47 3 2강 2249맑음포화17 5 6블루인디        테이크차새벽천사 4334.00한수 6 5 8 2 1   52      24750국5강환민이종원   3 412 7 440 4 2 136  8김성현46755.067평자하15  8  826 3.037.011.9 922 61245 423 916331818162519442222→↗입13.839.741.213.3483938.842.4111.6113.4 16 26 10 3   14.70   14.60 5 -5  0HNDN54.54681814-1.4 8.4 7.0323212-1걸음불변거리속성77기 1 2 2 2 2 3 4 4⑤1:51.6머리  .814.341.514.2  0 -4 1.30 5 5  1 2.356 7836254 6 4 7 82 4 1.04 8.07 2.2 3.6  2.2    6.8   10.8   74.1  .01421-1 2 1-1   -.841.40  .3432.53113.7 1.86 5.3611.94 1 512 1.15 2.42 5.77 8
20250615일 5180011국510 9 67 2 1강 1159맑음건조 3 5 6블루인디        테이크차새벽천사 6330.00한수 6 5 8 2 1   87      24750국5강환민이종원   3 511 6 640 3 2 135  8김성현47155.066평자하17  7  71214.040.024.4 922 61245 423 916331818162519442222→↗입13.840.440.813.3241840.142.0122.6120.9 16 29 13 6   14.60   13.50 3  5  1NNUP54.54681814-1.0 8.6 7.6212112 1걸음불변단기승부 5관 0 7 6 6 6 6 8 8⑧2:02.65    2.314.742.414.6  4 -1-1.15 8 4 -3 2.68942858217 5 5 4 50 3 2.0811.04 1.9 7.7  6.5   66.7  109.4  229.9  .01516-3 4 2-3▽ -.940.80 -.1839.71119.0 6.0913.6824.35 71627 8.3316.3629.83 4
20250525일 41700 9국540 9 97 1 1강 1111맑음다습10 5 6블루인디        테이크차새벽천사 4334.00한수 6 5 8 2 1   67      24750국5강환민이종원   3 610 5 340 2 2 134  8김성현47254.567평자하12  5  5 7 4.029.0 8.9 922 61245 423 916331818162519501325→↗입13.839.841.413.3462839.240.7113.0112.6 17 27 1013   13.70   14.10 3 -9  1HNUP54.54671814 -.6 8.4 7.8202012 3능력한계부진마필20관 1 2 4 4 4 6 5 3③1:53.02     .314.640.313.5 -4  4 -.30 3 7  3  .62817442174 4 7 9 92 2 1.0210.01 2.0 4.3  2.0    4.3    6.9   25.0  .0 6 3-4 1 2-4▼-1.441.20  .2631.42113.9  .94 3.34 8.89 1 4 7 1.06 2.38 8.43 8
20250504일 4140011국550 8107 1 3강 3358맑음포화15 5 6블루인디        테이크차새벽천사 4334.00한수 6 6 9 1 1  130      24750국5강환민이종원   3 7 9 4 940 1 2 133  9김성현46854.067평자보21 14 14 6 4.030.0 7.2 922 61245 423 916331818162519501325→↗입13.837.139.613.3402837.040.0 89.7 89.4 17 27 1013   14.50   13.60 4  6  2VNDN54.54671814 -.2 7.4 7.2212112-2가는대로부진마필 1기 211 4     6 7 9⑧1:29.7목   1.213.740.314.1  4 -3 -.29 8 4 -5 1.76551686841 5 5 7110 1 6.03 5.10 3.3 8.3 13.3   34.8   86.1   61.1  .0 6 6-4 1 1-4▼-1.538.90  .3012.6989.07  .42 2.46 7.18 0 1 4 2.00 3.4510.0011
20250405토 81600 9국550 5107 1혼전 4431비  포화17 5 6블루인디        테이크차새벽천사 4334.00한수 6 6 9 1 2  220      33000국5강환민이종원   3 8 8 3 740 2 2 132  9조한별47152.062평자보 5  3  317 5.034.0 9.91882 722531323 913 01818121918501325↗↘입13.836.740.013.3462836.739.5102.5103.7 17 28 1014   14.40   14.20 3 -5 -1NU동54.54671814-1.4 7.2 5.8333312 0걸음불변급하락세 1관 0 5 8   8 9 9 9⑨1:42.52½  2.814.539.213.6  0 -5  .90 9 9  0 2.97365485813 5 710 90 3 6.0410.02 3.1 7.5  7.1   28.8   62.2   34.8  .014 7-3 2 2-3▽-1.240.00  .2827.01103.4 1.54 4.12 9.94 1 4 7 1.89 6.1510.8610
20250315토 7160010국540 7 97 3혼전 4436맑음양호 6 5 6블루인디        테이크차새벽천사 4334.00한수 6 6 9 2 2  284      33000국5강환민이종원   3 9 7 2 640 1 2 131  9조한별47652.562평자보 5  3  317 6.034.011.81882 722531323 913 01818121918501325↗↘입13.836.640.013.3512837.739.6106.0104.2 18 29 1114   14.50   13.80 8  3  1VNDN54.54671814-1.2 7.6 6.4323212-1걸음불변작전마주 1관 010 6   6 8 8 8⑨1:46.0½   2.614.440.114.2  0 11-1.30 9 9 -1 2.98297518415 3 3 9 90 2 4.02 4.02 3.8 5.4  4.6   13.6   23.2   10.2  .01720-1 2 2-1  -1.240.00  .2827.57103.4 2.00 5.4311.79 2 5 9 1.72 8.0613.22 9
20250119일 9170011국440 1 97 2혼전 4421맑음건조 3 5 6블루인디        테이크차새벽천사 4334.00한수 6 610 2 3  423      33000국4강환민이종원   310 6 1 240 2 2 130 10송재철46552.079평자상18 13 133011.037.011.61738 92350 923 915101818182621501325↗→입13.839.641.313.3573239.942.1114.0115.3 19 30 1115   14.70   13.50 4  4  0NUDN54.54671814-1.2 7.8 6.6373712-1걸음불변거리속성 1관 0 7 6 6 6 6 9 9⑨1:54.03    2.114.541.213.8 -1 -3 1.10 910  3 2.28949818116 3 911 90 9 1.03 1.09 2.7 7.9  2.7    9.5   17.4   52.5  .01424-2 2 4-2   -.941.80  .3434.35113.7 1.89 5.2511.64 1 3 8 2.67 7.0616.79 9
20241221토 8180011국540 8 97 3 1강 1154흐림양호 8 5 6블루인디        테이크차새벽천사 6330.00한수 5 610 2 3  524      33000국5강환민이종원   311 5 3 540 1 2 129 10송재철46852.079평입상13  1  126 6.037.016.91738 92350 923 915101818182621501325↗→입13.840.240.913.3411840.939.2121.2120.0 19 31 1212   14.80   13.90 4  0 -1HU동54.54671814-2.0 7.6 5.6383812 0걸음불변거리속성 1관 1 3 7 8 8 810 8⑤2:01.21¼  1.414.740.413.5 -2  0-1.70 5 7 -1 2.07572193536 31110 63 8 1.0410.07 3.2 6.7  3.2   10.4   14.8   11.6  .01433-1 2 1-1  -1.040.90  .0138.86119.0 3.03 9.0316.87 51222 1.27 6.1712.10 7
20241124일 61800 8국451 7 57 4 1강 1142맑음건조 4 5 6블루인디        테이크차새벽천사 6330.00한수 5 710 2 4  602      33000국4강환민이종원   312 4 2 440 1 2 128 10조한별46853.080평자하14  1  112 5.030.011.719671223671323 913 01818121918501325↘↗입13.840.240.913.3391640.341.0121.2120.0 20 32 1212   14.30   14.30 8 -3  0HH동54.54671814-2.8 8.8 6.0444412 0걸음불변거리속성 1관 0 3 5 5 5 7 8 7⑥2:01.27    2.314.840.313.9 -2  5  .30 6 8  0 3.77749716718 6 8 9 80 1 2.01 5.06 2.9 4.7  3.9    4.7   10.9   13.5  .01421-2 1 1-2  -1.340.90  .1238.93119.0 2.32 5.5211.74 1 512 1.30 4.94 9.64 8
20240929일 6180011국450 2 57 2 1강 1151맑음건조 4 5 6블루인디        테이크차새벽천사 6330.00한수 5 711 9 4  776      33000국4강환민이종원   313 3 1 340 7 2 127 11송재철46353.081평자하11  1  112 9.034.010.919381223671323 915101818182621501325→↗입13.840.440.913.3282040.242.7121.0121.6 21 33 1313   14.30   13.70 5  5  0NH동54.54671814-1.4 8.4 7.0383812 0걸음불변거리속성 1기 1 6 5 5 5 4 510⑩2:01.01½  3.214.341.514.3  2 -1 1.6010 8  4 4.093459291 5 71111110 7 1.0310.07 2.0 4.8  2.0    7.4   11.4    9.4  .01415-3 3 3-3▽-1.040.90  .0840.27119.0 1.69 5.3210.88 1 3 5 1.27 4.0411.74 9
20240825일12180010국550 4 57 4 1강 1148맑음다습12 5 6블루인디        테이크차새벽천사 6330.00한수 5 711 2 5  854      33000국5강환민이종원   314 2 8 240 6 2 126 11송재철46453.081평자상41 30 303835.045.027.722391620181223 915101818182621501325→→입13.840.440.813.3252340.240.5120.3120.0 22 35 1313   14.30   13.90 6  0  1UN동54.54671814 -.6 7.4 6.8373712 0선전만회거리속성 1관 1 1 3 3 2 3 3 6⑥2:00.37    2.314.340.313.7  2  0  .40 6 4 -5 2.37647585317 2 9 5 62 6 1.06 6.10 2.8 4.5  2.8   15.7   21.9   29.0  .01934-1 5 3-1   -.340.70 -.2738.80119.0 8.4416.5627.74 51223 7.0617.9625.68 5
20240714일 9180011국552 5107 4혼전 4432맑음양호 6 5 6블루인디        테이크차새벽천사 6330.00한수 5 8 8 2 5  963      33000국5강환민이종원   315 1 7 140 5 2 025  8송재철46452.081평입보18  3  31311.040.014.222391620181223 915101818182621571414→→입13.840.540.813.3192539.440.4117.5118.0 18 32  914   14.50   13.80 4 -6  0UUUP54.94681814 -.2 6.4 6.2434312 2걸음불변거리늘어 1관 1 1 4 4 4 6 5 3②1:57.51¾   .014.340.313.9 -7 -8  .60 2 9  0  .32418552882 5 8 9 93 5 5.09 5.01 2.8 6.5  8.8  139.3  331.6  294.9  .01426-1 3 3-1   -.640.30  .0136.74119.0 2.96 8.3914.15 1 4 8 2.63 6.7815.36 9
20251122토 5140011국5 0 6  8 6혼전 4451           5 7송당황태자      오버애널말리부스 3641.00한수 3 018   1    013:35 24750국5정호익제주축산 0 012 7 911 1 0 211 18임다빈   56.080우추보50 63 636147.062.044.71949 52245 724 019 02419152324 02080↘→추13.937.139.713.14839                   33 56  0 0   13.90   14.00 4 -1  2LN동54.54821414-1.8 4.4 2.6777714 0부중효과승군시기40기 0 7                            13.9    14.0                                 5 8 4 4  2                                              .02889 0 7 7 0    .739.70 -.77     89.1416.2231.8644.7414284214.2929.8141.89 3
20251026일 6140011국513 5 68 5혼전 4431흐림양호 7 5 7송당황태자      오버애널말리부스 3641.00한수 3 020 9 1   72      24750국5정호익제주축산 0 111 6 811 2 0 210 20박태종48254.575우추보72 68 685223.058.033.411 0 82245 724 017 02419202320 0 099↘↗선13.937.339.813.1373536.739.0 88.4 88.1 38 50  0 0   13.80   14.30 4 -3 -1LH동54.54821414-1.8 4.8 3.0696914 0주행평범부중효과42기 0 8 5     4 3 3③1:28.42     .313.939.514.0  0  0 -.50 3 3  0  .8193235227110 9 6 42 2 6.0111.07 1.5 3.8 15.8   11.7   37.3   18.2  .02366 0 5 5 0    .538.40 -.6411.0389.34 9.8421.7933.39 81526 8.4518.2924.91 7
20250927토 6140011국511 3 68 6혼전 4451맑음다습11 5 7송당황태자      오버애널말리부스 3641.00한수 3 022 9 1   60      24750국5정호익제주축산 0 210 5 711 1 0 2 9 22박태종48255.075평추하81 82 825338.055.029.611 0 82245 724 017 02419202320 0 099↘↗선13.937.339.713.1344336.340.0 88.4 88.5 38 38  013   13.90   13.50 4  9  1VN동54.54821414-1.8 4.8 3.0727214 0부중효과최적거리70기 211 3     4 4 3⑤1:28.4¾   1.113.840.014.3  2 -5 -.15 5 3 -4 1.13814704645 8 7 2 52 1 1.09 2.08 1.4 4.4  1.4   14.0   17.2  307.9  .02873 1 6 5 1    .438.50 -.5011.5289.28 8.1519.0129.63 71627 7.1417.1829.45 7
20250830토 6140011국520 6 78 5 1강 1141맑음포화18 5 7송당황태자      오버애널말리부스 3641.00한수 3 025 9 1   58      24750국5정호익제주축산 0 3 9 4 611 1 0 2 8 25조인권48754.565우추하56 55 555017.058.033.91635102245 724 021 02419232413 0 099↗↘선14.237.339.813.1353537.038.9 87.2 88.3 43 43  0 0   14.30   14.20 5  1  0UH동54.54821414-1.8 4.8 3.0727214 0걸음불변부중효과39기 0 2 6     6 7 5③1:27.22½   .413.938.513.5 -4 20  .70 3 7  3 1.02846353069 8 6 5 53 1 1.05 3.05 1.8 3.9  1.8   15.2   20.0   59.5  .02375 0 4 4 0    .538.50 -.6711.1889.34 9.6021.7133.89 81526 2.63 7.9715.36 7
20250727일 4140010국550 5108 5 3강 3331맑음건조 3 5 7송당황태자      오버애널말리부스 3641.00한수 3 028 9 1   75      24750국5정호익제주축산 0 4 8 3 511 1 0 2 7 28임다빈46754.580평추상76 81 815059.053.026.31949 52245 724 019 02419152324 0 099↘→추14.237.539.813.1243537.439.7 90.9 89.3 43 43  014   14.50   14.00 7 -2  1UN동54.54821414-2.2 5.4 3.2626214 0전력변화최적거리77기 1 1 6     4 610⑩1:30.9목   2.114.339.914.2  6 -6-1.2910 4  0 2.46369637219 9 7 2 70 1 3.07 8.07 3.1 7.4  5.0   36.5   64.5  160.3  .02385 0 7 4 0    .238.50 -.5812.0089.48 7.8716.6326.33 3 81712.7730.0039.08 3
20250607토 3140010국522 8 78 4혼전 4451흐림건조 3 5 7송당황태자      오버애널말리부스 3641.00한수 3 016 2 1  136      24750국5유재길제주축산 0 5 7 2 411 7 0 1 6 16문정균47353.566우추상71 76 763818.036.015.21956 9 8 0 4 7 5 520 8 0131823 0 099→↘추14.237.539.713.1244336.639.6 89.5 88.0 33 50  017   14.20   13.40 5 -7  1HN동54.84851414-2.2 5.4 3.2626213 0걸음불변선추겸비43기 0 310     9 9 5②1:29.52½   .014.540.014.0 -2 -9-1.20 2 4  1  .4192660438410 7 5 93 7 8.04 5.03 1.9 2.5 50.1  167.6  392.8  323.0  .01434-2 4 2-2   -.838.20 -.2310.7889.41 3.37 8.0015.21 1 3 8 5.6212.3621.43 7
20250504일 4140011국550 8108 8 3강 3358맑음포화15 5 7송당황태자      오버애널말리부스 3641.00한수 3 0 0 1 1  130      24750국5유재길제주축산 0 6 6 1 311 6 0 0 5  0문정균48252.566평추상61 61 613831.048.029.51956 9 8 0 4 7 5 520 8 0131823 0 099→↘추14.237.540.213.4231837.538.4 88.5 88.2 20 20  0 0   14.40   13.80 4  8 -5BU동56.04871413-1.8 6.2 4.4505013 0전력변화부중유리 1기 01010     9 9 5②1:28.53     .014.238.713.4 -1 -3 -.20 2 3 -2  .524761630831010 1 53 6 6.03 5.10 3.3 8.3 13.3   34.8   86.1   61.1  .02361 0 6 5 0    .038.30 -.9310.4989.76 8.6217.8529.54 8152616.0034.4844.29 2
20250405토 2140011국640 9 48 1 3강 3331비  다습12 5 7송당황태자      오버애널말리부스 3641.00한수 3 0 0 1 2  226      16500국6유재길제주축산 0 7 5 5 211 5 0 0 4  0문정균48557.061평추보26 24 2414 4.035.010.31163 311 0 8 7 5 520 8 0131823 0 099→→추14.237.640.213.4131636.739.7 89.3 88.2 25  0  0 0   14.70   13.90 8 -4  1UL동55.04891413-1.8 6.5 4.8454513 0걸음불변선추겸비 1기 0 2 9     6 6 5③1:29.31¾   .414.439.613.8 -2 -5 -.40 3 5  0  .42532594874 9 7 5113 5 4.08 1.04 2.1 3.7  9.1   98.5  235.9  195.1  .014 9-4 2 2-4▼-1.138.20 -.4710.4389.83 1.64 4.9310.30 1 4 7  .93 1.81 5.6311
20250209일 3140011국650 9 58 1혼전 4459맑음건조 4 5 7송당황태자      오버애널말리부스 3641.00한수 3 0 0 1 2  385      16500국6유재길제주축산 0 8 4 4 111 4 0 0 3  0문정균49056.061평입상38 35 351712.039.015.61163 311 0 8 7 5 520 8 0131823 0 099→→추14.237.640.113.4152537.440.0 91.4 89.4 33  0  0 0   14.40   13.80 7  2  1NVUP55.04891413-2.3 7.0 4.7505013 1부중효과탐색우려 1기 1 610     8 9 6⑤1:31.45    1.614.740.213.9  0  1-1.20 5 5 -2 1.86671697838 8 7 4 83 4 8.1010.05 2.7 3.8 19.3  462.5  819.2  849.6  .028 9-4 4 2-4▼ -.938.40 -.5611.7089.76 3.22 7.9415.57 3 814 4.8410.3718.34 9
20241221토 2130012국651 9 58 5혼전 4435맑음다습10 5 7송당황태자      오버애널말리부스 3641.00한수 2 0 0 2 3  530      24750국6유재길제주축산 0 9 3 3 211 3 0 0 2  0문정균48955.062하입상70 62 626334.065.030.8135010 8 010 7 5 520 8 0131823      →→추14.238.039.113.4218237.840.2 83.7 83.3  0  0  0 0   14.20   13.70 4  0  0HH동       1312-1.5 7.0 5.5323213 0부중효과부중효과 1기 3 410     8 7 5③1:23.7목    .014.439.713.8 -4 -2 -.10 3 7  0  .1555878817710 8 3 53 3 3.0410.12 2.8 3.8  4.5   15.2   22.1  127.2  .02877 1 7 7 1   1.039.10 -.21 6.1683.35 9.9320.3030.81102336 6.6713.1118.7110
20241123토 21300 9국610 6 18 3혼전 4435맑음건조 4 5 7송당황태자      오버애널말리부스 3641.00한수 2 0 0 2 4  617      24750국6유재길제주축산 010 2 2 111 2 0 0 1  0문정균49155.070하무보21 35 352113.041.018.81538 7 5   3 7 5 520 8 0131823      ↗→추15.238.439.713.6 55537.938.6 83.9 82.7  0  0  0 0   15.20   13.90 5 -1  0HHUP       1312 1.0 7.0 8.0282812 1기수신마부중효과 1기 1 4 8     5 4 5③1:23.99    1.514.239.613.7 -4 -5-1.50 3 7  0 2.03466304049 8 4 8 82 2 1.02 5.08 1.3 2.3  1.3    2.3    2.9   11.6  .02326-1 4 4-1   -.638.60 -.48 4.6084.00 4.1211.4218.78 2 511 4.6210.6115.00 8
20241019토 2120010국612 7 68 3 1강 1131맑음포화19 5 7송당황태자      오버애널말리부스 2640.00한수 2 0 0 2 4  725      16500국6유재길제주축산 011 1 1 111 1 0 0 0  0문정균49655.070평무보   35 3540  .031.0 7.71538 7 5   3 7 5 520 8 0131823      ↗→추    36.738.5        38.238.8 77.5 76.9              13.80   13.60 4  0  0LL동       12 0                 0 0걸음불변기수신마 1기 0 510     9 9 8⑧1:17.51¼  1.815.239.313.9  1 10 -.50 8 7  0 1.97490477434 1 1 9 70 1 5.02 2.10 1.6 3.9  9.8   47.5  126.0   73.4  .01621-2 3 3-2  -1.339.10 1.05 1.7275.61 1.25 3.12 7.70 1 51210.2320.0047.89 5
20251122토 5140011국5 0 6  7 7혼전 4451           5 8퀀텀케이        한센    금빛환희 6230.00한수 31237   1    013:35 24750국5송문길강경운   2 0 9 6 4 8 2 1 2 8 37유승완   55.078강입보50 64 646161.067.054.71446 62739172725302427231626233367 0→↗입14.837.439.012.82479                   50 67  033   14.00   13.30 5  7  1BNUP55.85041413 -.8 3.2 2.4848414 1승부최상마방선전63기 1 8                            14.0    13.3                                10 3 2 1  5                                              .03367 1 7 8 1   1.139.00 -.78     88.8624.7842.2054.6832526417.1433.5444.15 2
20251019일 4130010국513 2 67 9혼전 4421맑음포화17 5 8퀀텀케이        한센    금빛환희 6230.00한수 31442 2 1   96      24750국5송문길강경운   2 1 8 5 5 8 1 1 2 7 42유승완50054.578우자하78 86 868270.074.040.41446 62739172725302427231626233367 0→↗입14.837.738.812.8309137.839.0 81.4 83.1 60 80  040   13.90   13.30 5 -1  0UH동55.85041413-1.2 4.0 2.8808013 0마방선전승부최상47기 1 1 6     6 7 4③1:21.41     .214.038.213.3 -3 -6 1.40 3 6  5 1.5475640427111 3 2 33 4 1.02 7.03 2.1 7.5  2.1    7.5   12.2   17.812.74491 2 8 8 2☆ 1.639.40 -.09 6.6482.9715.2728.2640.4014284211.3225.8638.44 4
20250914일10130010국551 3107 9 3강 3311맑음다습12 5 8퀀텀케이        한센    금빛환희 6230.00한수 31650 2 1   66      24750국5송문길강경운   2 2 7 4 4 8 3 1 2 6 50장추열50654.593강자보85 94 948489.073.057.73350112739172725282427232025223367 0↘↗입14.837.638.812.8378737.839.3 81.2 82.6 60100  040   13.70   13.20 6  0  0HH동55.85041413-1.5 4.0 2.5838313 0승부최상마방선전48기 1 2 7     7 6 7⑥1:21.21     .713.938.213.3  5  1 1.19 6 1 -3  .72857535658 6 1 1 20 3 3.02 8.09 2.9 6.6  4.7    6.8   14.8   23.2  .03489 3 8 9 3☆ 1.639.40 -.52 6.2182.9025.3943.8057.7121425829.7047.6761.43 1
20250803일 41300 9국550 4107 9혼전 4421흐림건조 3 5 8퀀텀케이        한센    금빛환희 6230.00한수 32060 1 1   94      24750국5송문길강경운   2 3 6 3 3 8 2 1 2 5 60장추열50554.593강자보73 89 898488.072.039.83350112739172725282427232025225050 0↘↗입14.837.838.812.8288737.838.0 82.1 82.3 75 75  050   13.70   13.80 5  1  1HNDN56.55041414-1.5 4.0 2.5838313-1승부최상승부최상74기 1 2 2     3 3 3④1:22.12     .413.738.413.2  0  0 -.50 4 4  2  .71659111570 9 2 3 32 2 7.01 9.10 3.2 6.2 15.2   22.1   58.5   31.210.54693 3 9 8 3☆ 1.439.10 -.15 5.6983.0313.9527.8839.7718365121.6238.7953.82 1
20250628토 5140011국541 8 97 9 2강 2251흐림다습11 5 8퀀텀케이        한센    금빛환희 6230.00한수 32550 9 1   99      24750국5송문길강경운   2 4 5 2 3 8 1 1 1 4 50장추열50554.093강입하46 53 538583.071.078.73350112739172725282427232025225050 0↘↗입14.837.638.912.8129136.939.2 88.3 88.3 67 33  067   13.60   14.70 5 -8 -1UU동56.55041413-2.0 4.7 2.7828213 0마방선전승부최상52기 1 1 2     7 7 4②1:28.37     .013.739.113.8  0  5  .00 2 2  1 1.2314647428010 1 3 13 1 1.0211.01 2.5 5.6  2.5    5.6    9.4   42.9  .04498 3 7 7 3☆ 1.538.20-1.4811.7888.9338.6264.8978.7032526421.5939.1349.52 2
20250525일 3140011국540 8 97 9 3강 3351맑음다습10 5 8퀀텀케이        한센    금빛환희 6230.00한수 33366 2 1   88      24750국5송문길강경운   2 5 4 1 2 8 3 1 1 3 66유승완50054.578우입보78 88 888691.071.058.51446 62739172725302427231626235050 0→↗입14.837.539.012.8198736.640.8 90.0 89.7 67 67  067   14.20   13.20 5  4 -3BU동56.55041413-3.0 6.5 3.5737313 0여유우승마방선전54기 1 9 1     3 3 5⑧1:30.0½   2.213.640.414.7  7 -2 -.12 8 1  0 2.67227847718 9 2 1 20 3 4.03 3.05 2.7 5.8  5.8    7.2   16.5    9.611.85588 2 9 8 2☆ 1.438.60 -.9313.1688.9323.6345.0058.4515324727.9651.7859.43 1
20250420일 31400 7국610 9 17 7 1강 1159맑음양호 9 5 8퀀텀케이        한센    금빛환희 6230.00한수 3 050 2 1  173      16500국6송문길강경운   2 6 3 3 1 8 2 0 1 2 50유승완50257.078우입보88 83 838196.069.093.01446 6273917272530242723162623 099 0→↗입14.837.339.412.8287538.237.4 90.3 88.3 50 50  050   13.90   13.60 5  0  1NVUP56.05051413-5.010.0 5.0606013 1적임교체작전마주 1기 0 5 1     1 1 1①1:30.311  -1.914.238.313.2  0 -3-1.80 1 1 -2  .02895 22198 3 3 1 11 2 1.03 5.03 1.1 2.9  1.1    2.9    3.2    5.4  .03378 1 9 7 1   1.538.50-1.9711.6289.0748.7179.1693.0439607355.0087.0189.55 1
20250315토 11300 8국650 7 57 7 2강 2235맑음양호 8 5 8퀀텀케이        한센    금빛환희 6230.00한수 3 0 0 2 2  290      24750국6송문길강경운   2 7 2 2 2 8 1 0 0 1  0유승완50556.085평무상57 69 695281.067.067.82033 7294323272530242723162623      →→입14.837.939.812.8325137.438.1 82.6 81.6  0  0  0 0   14.30   14.10 5 -1  0NH동       1313         5.0    13 0신마적응적임교체 1기 1 5 5     5 4 2②1:22.62½   .013.939.213.6 -1  2-1.10 2 3 -7  .4 642161293 5 6 1 22 1 1.03 6.05 2.6 4.7  2.6    6.9   13.6   13.9  .04368 0 7 8 0△ 1.238.80-1.60 3.8983.7425.9247.7467.7518395623.1740.5136.62 1
20250208토 1130011국631 9 87 5혼전 4435맑음건조 5 5 8퀀텀케이        한센    금빛환희 6230.00한수 3 0 0 1 2  398      24750국6송문길강경운   2 8 1 1 1 8 1 0 0 0  0김용근50356.089평무보43 25 254025.049.021.21832 5294323272529332723292517      →↗선14.838.539.012.8 99637.939.1 84.4 83.1              15.30   13.30 4  0  0LL동       13 0         4.0     0 0걸음불변거리속성 1기 1 6 6     7 7 8⑤1:24.41     .714.340.214.1 -5  4-1.40 510  0 1.0486349566510 510 70 1 3.02 4.05 2.6 4.9  3.9    7.3   14.4   31.4  .02349 1 5 6 1   -.138.60 -.18 5.5583.61 5.2111.1121.20 41118 6.2517.9323.15 7
20251122토 5140011국5 0 6  5 8혼전 4451           5 9왕최고          지롤라모최고야최 4436.00한수 3 026   1    013:35 24750국5이관호최수군   4 01610 515 2 0 415 26빅투아   57.088강추보50 63 637964.067.050.6295116224713211213 02416202818 0 099→↘입13.636.839.012.46064                   75 75 1338   13.90   14.10 4  7  1NB동54.94741413-1.6 4.0 2.4848412 0강단마필승군시기45기 0 9                            13.9    14.1                                 2 2 3 2  2                                              .03379 0 8 9 0△  .939.00 -.31     88.4519.0038.1450.5518365117.1434.7847.55 1
20251026일 6140011국513 5 65 6혼전 4431흐림양호 7 5 9왕최고          지롤라모최고야최 4436.00한수 3 028 9 1   72      24750국5이관호최수군   4 115 9 415 1 0 414 28빅투아48456.588우추하87 89 898775.069.047.7295116224713211213 02416202818 0 099→↘입13.636.739.112.4725537.039.6 89.3 89.0 75 75 1338   14.10   12.90 5 -5  1ULUP54.94741413-1.2 3.8 2.6777712 1뒷심문제강단마필70기 1 2 4     5 7 4⑤1:29.33    1.213.940.114.1  3  0 -.55 5 2 -2 1.75049565544 3 4 1 20 1 6.0111.07 1.5 3.8 15.8   11.7   37.3   18.210.52983 1 9 8 1△ 1.239.20 -.2313.2388.4520.0234.9747.6935536822.5440.2455.47 1
20250921일 4130011국553 5105 6혼전 4411맑음다습14 5 9왕최고          지롤라모최고야최 4436.00한수 3 030 2 1   73      24750국5이관호최수군   4 214 8 515 1 0 413 30마이아48456.093우추하69 72 728859.068.040.73752202247132112 0 024163631 9 0 099↘→선13.636.938.912.4867238.038.0 81.3 82.4 57 71 1443   13.80   13.60 4  1 -1NNDN54.54711412-1.2 3.8 2.6777712-1주행평범안정전력28기 0 710     9 8 5③1:21.3¾    .014.137.512.9 -1 -3  .60 3 4  1  .52266132181 4 2 4 43 1 3.06 3.08 2.6 5.4  6.1   25.4   42.0   56.513.42682 1 7 8 1△ 1.240.00  .31 6.6082.5214.9427.5940.7410233612.6327.5535.58 3
20250824일 4140010국540 3 95 5혼전 4451맑음건조 4 5 9왕최고          지롤라모최고야최 4436.00한수 3 033 2 1   71      24750국5이관호최수군   4 313 7 315 1 0 412 33문세영48756.573우추상81 79 797752.061.033.53644 9224713211245332416283616 0 099↘↗입13.636.939.112.4565536.339.8 88.2 88.6 57 57 2943   14.60   13.00 4  5  0NLUP54.54711412 -.8 4.0 3.2767612 2승부최상작전마주49트 1 6 5     5 8 8⑦1:28.2½   1.213.839.113.6  4  8  .29 7 3  1 1.23914653943 2 2 6 40 8 1.02 9.02 1.9 4.3  1.9    4.3    6.2   19.1  .03371-1 7 6-1    .638.90  .0512.5988.5911.0322.3933.4910233611.7125.8634.65 4
20250726토 4120011국534 3 85 8혼전 4441맑음건조 4 5 9왕최고          지롤라모최고야최 1733.00한수 3 036 9 1   63      24750국5이관호최수군   4 412 6 515 1 0 411 36장추열47956.593우추상95 92 927869.067.035.2335011224713211224 02416202522 0 099↘↗입13.637.138.112.4538738.137.4 75.8 75.5 57 57 1429   13.80   13.80 5 -3  1ULDN54.54711412 -.8 4.0 3.2767612-2최고선전승부최상80기 1 110    1010 9⑥1:15.8목    .614.637.713.0  4  2 -.39 6 2  0  .73289 73260 9 2 2 33 1 6.0911.04 2.8 5.7 16.0  224.2  352.9  872.910.54493 1 7 7 1△ 1.038.30  .28  .3275.6111.9923.6735.2014284217.1730.0037.28 1
20250621토 3140010국540 6 95 6 2강 2251흐림포화19 5 9왕최고          지롤라모최고야최 4436.00한수 3 040 2 1   98      24750국5이관호최수군   4 511 5 215 6 0 410 40문세영47756.073우추상88 90 909092.067.059.03644 9224713211245332416283616 0 099↘↗입13.637.038.912.4487536.539.3 88.0 87.8 67 50 1733   13.80   14.20 6 -7  1UN동54.54711412 -.8 4.0 3.2767612 0뒷심문제작전마주52기 0 4 2     3 3 3③1:28.01½   .213.839.013.8  1  8  .00 3 2 -5 1.01423513075 4 2 2 22 7 4.0110.08 2.5 4.5  6.5    7.3   23.1    8.0  .02982 1 9 8 1△ 1.238.70 -.5811.8988.5222.5842.7358.9818365141.0367.0872.76 1
20250510토 4140011국551 8105 7 1강 1141흐림불량20 5 9왕최고          지롤라모최고야최 4436.00한수 3 033 2 1  119      24750국5이관호최수군   4 610 4 115 5 0 3 9 33문세영46955.573우추하21 34 348245.065.044.63644 9224713211245332416283616 0 099↘↗입13.636.938.812.4538237.038.9 88.8 87.9 60 60 2040   14.10   14.40 6  7 -1VNUP54.04721412 -.8 4.0 3.2767612 1전개최상작전마주 1   011 8     6 6 3②1:28.84     .013.840.014.2 -5  2 -.40 2 7  6  .71651333184 7 1 8 23 6 4.0710.11 2.6 7.0  7.5   50.5   79.4  113.5  .03470 0 5 6 0   1.238.80 -.0912.2388.3817.1831.2144.5519405611.1119.9127.44 4
20250329토 4130011국552 9105 8혼전 4431맑음건조 3 5 9왕최고          지롤라모최고야최 4436.00한수 3 037 9 2  245      24750국5이관호최수군   4 7 9 3 415 4 0 3 8 37문세영46756.093우추보41 51 519151.057.030.34153 01850 8211245332416283616 0 099→↘입13.637.138.712.4698937.540.0 84.9 83.9 60 60 2040   13.90   14.10 5 -7  1UL동54.04721312-1.0 4.5 3.5737312 0전개최상전개최상 1기 1 4 5     7 7 8⑩1:24.9목   1.814.140.814.4  9-14-1.2910 1 -2 2.77343767126 7 1 6 50 5 3.02 1.02 3.8 6.6  4.6    6.6   11.8   38.513.44454-2 6 5-2△  .640.20  .62 8.1182.52 9.6519.5730.30 6152611.7022.2234.54 5
20250222토 5130011국511 7 15 9혼전 4411맑음건조 3 5 9왕최고          지롤라모최고야최 4436.00한수 3 042 9 2  350      24750국5이관호최수군   4 8 8 2 315 3 0 3 7 42문세영48155.093우추상78 91 919284.068.039.64153 01850 8211245332416283616 0 099→↘입13.637.238.712.4688937.239.7 83.6 83.7 60 60 2040   14.00   13.50 6  2  2VN동54.04721312 -.3 4.3 4.0696912 0전개최상전개최상 1기 111 5     5 6 5⑤1:23.62½  1.613.940.014.1  2  4 -.35 5 3  1 2.06830675331 7 2 3 32 4 2.0110.03 1.5 3.2  5.7    3.2    9.4   18.510.54483 1 9 8 1☆ 1.140.00  .28 7.8182.5814.7728.2139.5614284215.6334.9245.78 2
20250112일 2130010국522 7 75 9 1강 1111맑음건조 4 5 9왕최고          지롤라모최고야최 4436.00한수 3 033 2 3  452      24750국5이관호최수군   4 9 7 1 215 2 0 2 6 33문세영47753.093우자상68 85 859796.072.070.5384718346122211245332416283616 0 099↗→입13.637.238.712.4678937.537.8 82.1 81.7 50 50 2525   14.10   12.70 5  3 -2LUUP55.04661312-1.0 5.0 4.0797912 1승부최상전개최상 1기 1 9 5     5 5 1②1:22.11     .014.038.913.5  0 11-1.20 2 2 -3  .2 747 9 887 7 1 1 13 3 1.02 7.09 2.3 5.7  2.3    5.7    9.5   12.213.44897 4 9 9 4★ 1.739.50 -.55 5.7682.5835.7857.8770.4739607338.9463.2171.86 1
20241207토 2120010국614 6 15 9 1강 1131맑음다습14 5 9왕최고          지롤라모최고야최 1733.00한수 2 020 2 3  573      16500국6이관호최수군   410 6 6 415 1 0 1 5 20문세영46655.093평입하61 66 668786.080.063.6384718346122211245332416283616      ↗→입13.637.238.413.1479237.138.1 74.5 75.2 33 33 3333   14.00   14.00 4  3  0NN동       1312-5.0 7.0 2.0868612 0직전탐색승부최상 1트 0 6 6     6 7 4②1:14.5½    .014.137.512.7 -3 -7  .70 2 5  3  .01944221888 7 2 3 13 2 1.05 2.06 1.5 3.2  1.5    8.1   11.6    8.1  .04496 3 8 9 3☆ 2.338.10 -.78 -.3875.8425.7649.1563.6039607321.9538.1445.65 2
20241109토 2120011국650 5 55 6 3강 3311맑음양호 6 5 9왕최고          지롤라모최고야최 1733.00한수 2 025 2 4  659      16500국6이관호최수군   411 5 5 315 4 0 1 4 25김정준47355.074평입하68 75 757864.061.029.21222 92041 6211213142416152124      ↗↗자13.636.838.913.1875938.138.7 76.8 76.8 33 33 3333   13.60   14.80 4 -3  0HNDN       1312         4.0    12-1신마적응거리내려 1기 2 3 7     8 8 8⑦1:16.82½  1.914.038.714.0  5  7  .09 7 2 -1 2.67187457132 4 6 4 40 4 5.03 7.08 2.8 4.8 10.8   13.6   40.4   68.912.12665 1 7 6 1    .739.00  .17 1.1275.89 7.1917.3529.15 82134 9.9224.0337.61 4
20241012토 4130010국651 4 55 7 1강 1141맑음건조 3 5 9왕최고          지롤라모최고야최 4436.00한수 2 033 2 4  745      16500국6이관호최수군   412 4 4 115 3 0 1 3 33김정준46655.075우입보58 81 817983.065.049.41222 92041 6211213142416152124      ↗↗자13.637.738.913.1279436.939.7 82.9 83.1 50 50  050   13.90   13.40 6  2  0NNUP       1312         6.0    12 1신마적응거리속성 1기 2 6 2     2 2 2④1:22.9½   1.013.640.314.8  1  0 -.20 4 3  0 2.24916684357 7 2 2 21 3 1.02 5.11 2.6 4.0  2.6    4.0    6.4    7.113.43375 2 7 6 2   1.239.40 -.40 6.5083.0319.1534.7449.3819405618.8135.4743.82 3
20240831토 1120010국650 4105 8 3강 3335맑음건조 4 5 9왕최고          지롤라모최고야최 1733.00한수 2 050 9 5  853      24750국6이관호최수군   413 3 3 215 2 0 1 2 50김정준46655.082강입상93 96 968185.067.047.02263 9267015211213142416152124      ↘↗자13.637.538.413.3279537.638.0 75.9 75.7100100  0 0   13.60   13.60 6 -6  1HN동       1212         2.0    12 0교체성공작전마주 1기 1 4 7     7 8 8⑥1:15.9½    .313.938.313.4  3  7 -.30 6 3 -4 1.036701931731012 1 10 2 8.04 9.08 3.5 7.9 19.8   43.2  149.7  171.111.83484 2 7 6 2△ 1.138.00 -.46 -.1976.0020.9736.7147.0035536820.0036.2129.21 1
20240720토 2120010국640 6 95 6 1강 1139흐림다습12 5 9왕최고          지롤라모최고야최 1733.00한수 2 0 0 2 5  961      16500국6이관호최수군   414 2 2 115 1 0 0 1  0김정준45954.582평무하17 35 3531  .049.035.52263 9267015211213142416152124      ↘↗자14.638.238.412.9 39937.338.1 76.0 75.3              14.60   13.20 5  7 -1NNUP       12 0        10.0     0 2기수신마보통걸음 1   010 3     4 4 4②1:16.010    .013.638.713.6 -5  1 -.60 2 7  1 1.82056232687 9 510 52 1 4.07 2.10 2.6 4.9  6.5   52.9  116.6   64.012.02849 2 4 5 2    .037.10 -.53-1.3576.3910.3421.2035.50 9203213.6427.4864.04 4
20240615토 1100012국620 1 25 8혼전 4435흐림건조 5 5 9왕최고          지롤라모최고야최 1733.00한수 2 0 0 2 6 1061      24750국6이관호최수군   415 1 1 115 1 0 0 0  0문세영45855.093평무보   35 3540  .056.022.34552202189 9211245332416283616      ↗↗입    37.137.8        38.237.1 64.0 63.9              13.80   13.80 4  0  0NL동       10 0                 0 0걸음불변기수신마 1기 0 311    111010⑩1:04.01½  1.614.637.513.2  4 10 -.8110 6  0 2.37878204738 7 7 7 80 1 1.0412.10 1.5 2.1  1.5   17.6   20.6   60.512.72859 2 6 7 2△  .438.20  .42-11.062.71 5.8213.8822.33 3 814 8.3316.6725.00 3
20251122토 5140011국5 0 6  7 5혼전 4451           510쌍옥루          선더모카프리실라 3232.00한거 6 211   1    013:35 24750국5최봉주이용식   0 016291735 5 1 334 11김효정   53.068평자상50 48 484030.049.023.6193913164312131112 017 7162118402040→↘입13.736.939.614.45839                   20 30 2317   14.50   13.50 3  7  1BN동54.65051714-3.2 9.0 5.8484812 0선전만회단기승부53기 010                            14.5    13.5                                 3 7 7 5  5                                              .01931 0 5 5 0   -.239.60 -.03     88.93 6.4715.5323.56 7162710.0019.8835.09 6
20251102일 5140011국520 9 77 2 1강 1151맑음양호 6 510쌍옥루          선더모카프리실라 3232.00한거 6 3 9 1 1   51      24750국5최봉주이용식   0 115281635 4 1 233  9김효정51052.068평무보25 16 1622 5.035.010.4193913164312131112 017 7162118502525→↘입13.736.939.714.4573537.338.2 90.0 88.0 17 28 2414   13.90   13.70 5 -7 -1HUUP55.35041714-2.2 8.8 6.6373712 1걸음불변보통걸음70관 1 3 9    10 8 5②1:30.02½   .014.539.113.5 -8 -6-1.80 210  1  .41566121692 3 810103 4 1.1011.03 1.9 3.4  1.9   31.9   50.9   29.6  .01414-1 2 2-1  -1.038.80  .2811.4089.00 1.43 4.9210.43 1 4 7  .83 3.43 7.29 9
20250927토 5130010국542 4 97 2혼전 4421맑음다습11 510쌍옥루          선더모카프리실라 3232.00한거 6 3 9 9 1   83      24750국5최봉주이용식   0 21427 835 3 1 232  9김효정51652.568평무하19 18 1835 6.039.010.4193913164312131112 017 7162118502525→↘입13.737.239.214.4705937.340.2 83.1 84.0 18 25 2511   13.70   14.80 5  7  1VNDN55.35041714-2.4 9.0 6.6383812-1선행무리거리속성31관 010 5     6 7 8⑧1:23.16    1.913.939.413.7 -1 13  .80 8 9  1 2.07435786926 3 510 90 3 2.03 1.03 2.4 4.6  4.3    9.1   18.1   41.8  .01316-1 1 2-1   -.840.10  .80 7.6182.90 1.89 4.9810.42 2 5 9 1.27 5.5210.53 9
20250824일 4140010국540 3 97 3혼전 4451맑음건조 4 510쌍옥루          선더모카프리실라 3232.00한거 6 3 9 2 1   71      24750국5최봉주이용식   0 313261535 2 1 231  9김효정50352.068평입상68 59 593519.046.019.0193913164312131112 017 7162118502525→↘입13.737.139.614.4403935.841.9 89.5 89.9 22 22 2619   13.80   13.30 4 -2  0HUUP55.35041714-3.2 9.4 6.2444412 1선전만회조교부실36관 0 3 3     1 3 9⑨1:29.57    2.513.741.214.8  1 -1  .20 9 8  0 2.577 3948415 6 6 7 81 2 1.02 9.02 1.9 4.3  1.9    4.3    6.2   19.1  .01936-1 4 3-1   -.339.00 -.0213.1989.07 5.2410.6619.01 3 814 2.70 8.6219.4410
20250727일 51300 9국531 5 87 3 3강 3341맑음건조 3 510쌍옥루          선더모카프리실라 3232.00한거 6 3 6 9 1   53      24750국5최봉주이용식   0 41225 735 1 1 130  6김효정50452.068평입상26 21 2132 5.042.020.0193913164312131112 017 7162118502525→↘입13.737.239.514.4684337.638.3 82.0 82.4 12 19 27 8   14.20   13.80 3 -2  0NUDN55.35041714-2.8 9.6 6.8343412-1걸음불변거리속성43관 0 5 5     6 6 3②1:22.06     .013.838.513.3 -6 -5 -.10 2 8 -2 1.12048181581 4 8 8 83 1 3.08 9.05 2.3 4.7  4.3   79.4  112.3  236.3  .01434-1 2 2-1   -.639.70  .34 5.6883.10 4.4011.9919.95 2 713 1.37 5.26 9.16 8
20250705토 4140010국550 6107 2 1강 1151맑음건조 3 510쌍옥루          선더모카프리실라 3232.00한거 6 3 6 1 1   57      24750국5최봉주이용식   0 511241435 8 1 129  6조상범50952.056평입상39 24 2423 3.035.011.81268 6164312131113 017 7132018502525→↘입13.736.939.914.4562337.539.2 90.1 89.1 12 20 2412   14.20   13.60 3  0 -1NU동55.35041714-2.8 8.8 6.0363612 0걸음불변보통걸음63관 0 7 9     9 9 9⑧1:30.1코   1.814.239.413.8 -2  1-1.00 810  1 1.95776466226 4 8 9100 9 1.03 5.02 2.8 5.1  2.8    8.0   13.7   19.4  .01415-2 2 1-2  -1.039.00  .1012.2689.14 1.77 5.6411.78 1 4 8  .95 1.89 4.7510
20250615일 41400 9국550 3 57 3 3강 3341맑음건조 3 510쌍옥루          선더모카프리실라 3232.00한거 6 3 7 2 1   48      24750국5최봉주이용식   0 610231335 7 1 128  7조상범50852.556평입보26 18 1823 3.036.013.31268 6164312131113 017 7132018502525→↘입13.737.039.914.4532537.239.2 89.3 88.8 13 25 2517   14.30   13.50 3 -2 -1NUUP55.35041714-2.2 8.8 6.6343412 1걸음불변조교부실30관 0 7 6     6 7 6⑥1:29.31    1.714.238.913.6 -3  4 -.30 6 9 -1 1.94662465228 5 4 8 80 8 7.02 6.09 2.7 4.7 13.2   19.2   53.7   15.0  .01415-1 1 1-1  -1.038.90  .0111.8589.21 2.22 6.6713.28 2 713 1.30 2.31 5.49 9
20250524토 4130010국511 6 67 1 2강 2211맑음다습13 510쌍옥루          선더모카프리실라 3232.00한거 6 3 7 2 1   77      24750국5최봉주이용식   0 7 922 635 6 1 127  7조상범50453.056평입보26 25 2523 2.032.0 6.71268 6164312131113 017 7132018502525→↘입13.737.039.614.4793538.938.7 83.0 83.8 13 26 2613   13.80   14.40 2  8 -1LUDN55.35041714-2.2 8.0 5.8343412-1걸음불변급하락세60기 1 9 8     9 9 8⑧1:23.05    1.614.338.413.5 -2 -5  .40 810  0 2.27093357329 4 8 7 90 7 3.01 1.06 1.6 3.6  6.7    3.6   12.3   11.4  .014 8-3 1 1-3▽-1.240.20  .76 7.2083.03  .63 2.34 6.66 1 3 8  .12 2.41 6.4110
20250510토 4140011국551 8107 3 1강 1141흐림불량20 510쌍옥루          선더모카프리실라 3232.00한거 6 3 7 2 1  119      24750국5최봉주이용식   0 8 8211235 5 1 126  7조상범50954.056평입상29 21 2136 3.036.011.71268 6164312131113 017 7132018502525→↘입13.736.939.914.4612337.240.0 90.0 89.1 14 27 2714   13.70   14.30 4 -4  0UHUP55.35041714-1.4 6.6 5.2393912 1걸음불변보통걸음 1   0 1 5     7 7 7⑦1:30.0½   1.213.841.114.4 -3  6 -.40 710  1 1.95762697442 5 810 90 6 4.0710.11 2.6 7.0  7.5   50.5   79.4  113.5  .01421-1 2 1-1   -.939.10  .1012.3389.14 1.93 5.2511.70 1 4 7  .93 1.81 4.5710
20250413일 4130010국543 9 97 4혼전 4441흐림포화16 510쌍옥루          선더모카프리실라 3232.00한거 6 4 8 2 1  193      24750국5최봉주이용식   0 9 720 535 4 1 125  8조상범50354.056평입상33 34 3426 5.032.0 6.11268 6164312131113 017 7132018502525→↘입13.737.139.314.4745137.140.9 82.6 83.6 14 29 2914   14.10   14.60 3  0 -1NHDN55.35041714-1.6 6.6 5.0484812-1걸음불변거리속성 1기 0 5 6     7 7 6⑤1:22.61¼  1.613.740.114.3 -4  0 1.20 5 9  3 2.26624898033 5 610110 5 2.03 8.09 2.2 4.2  3.9    8.4   16.7   29.3  .01418-2 2 1-2  -1.540.10  .91 7.2382.90  .36 1.96 6.08 1 4 8 1.19 4.37 7.9710
20250322토 4140011국512 9 67 2 2강 2257맑음건조 5 510쌍옥루          선더모카프리실라 3232.00한거 6 4 8 2 2  266      24750국5최봉주이용식   010 6191135 3 1 124  8조상범50354.558평입보29 19 1923 2.038.012.3 940 81963 3131113 017 7132018502525→→입13.737.139.614.4414336.141.4 90.9 88.9 15 30 2515   14.30   14.00 4  4  1NNUP55.35041714-1.4 6.6 5.2444412 1걸음불변보통걸음 1기 0 5 9    10 9 5④1:30.94    1.414.141.414.6 -2 13-1.00 4 6 -3 1.449 8917939 8 3 8 83 4 1.02 7.01 1.7 4.1  1.7    4.1    7.2   35.6  .01418-1 1 2-1   -.838.80  .1612.2089.07 2.13 5.8312.28 2 511  .12 2.67 7.1110
20250222토 5130011국511 7 17 4혼전 4411맑음건조 3 510쌍옥루          선더모카프리실라 3232.00한거 6 4 8 9 2  350      24750국5최봉주이용식   011 518 435 2 1 123  8조상범49054.058평입상61 59 5948 6.041.010.6 940 81963 3131113 017 7132018502525→→입13.737.239.014.4697238.339.3 84.1 84.2 16 32 2616   14.50   13.60 2 -3 -2UHDN55.35041714-2.0 6.0 4.0565612-1주행평범거리속성 1기 0 110    101110⑨1:24.12    2.114.339.614.0  0 -7 -.30 9 9  3 2.58080557419 610 9110 3 2.0110.03 1.5 3.2  5.7    3.2    9.4   18.5  .01732-1 2 1-1   -.840.10  .89 8.0182.78 1.94 5.1110.60 0 2 5  .78 3.97 8.1711
20250208토 5140011국512 6 67 2 2강 2251맑음건조 5 510쌍옥루          선더모카프리실라 3232.00한거 6 4 9 1 2  394      24750국5최봉주이용식   012 4171035 1 1 122  9조상범49755.558평입하63 56 5627 9.039.013.1 940 81963 3131113 017 7132018502525→→입13.737.039.614.4554337.239.3 90.0 88.3 17 28 2817   14.00   13.70 5 -1  2HNUP55.35041714-1.0 5.6 4.6535312 1주행평범보통걸음 1기 0 4 7     7 6 4④1:30.01½  1.514.539.213.6 -2  5 -.90 4 6  3 1.92961485337 3 8 6 70 2 1.03 7.11 1.6 4.7  1.6    4.7    6.1   28.8  .01724-1 3 3-1   -.838.80  .2011.7389.00 2.32 6.2613.09 41118 1.90 5.7115.95 6
20250104토 51300 8국522 7 27 5 1강 1124맑음건조 3 510쌍옥루          선더모카프리실라 3232.00한거 6 4 9 1 3  482      24750국5최봉주이용식   013 316 335 1 1 121  9이철경49254.075평입상59 68 686948.057.051.92056 9255015131124 017 7 91923502525→→추13.737.039.114.4816437.838.7 82.9 82.8 18 29 2918   14.20   13.70 2 -5 -1NH동55.35041714-2.2 6.8 4.6545412 0걸음늘어거리속성 1기 0 5 4     4 4 4④1:22.92½   .514.039.113.7  1 -6 -.70 4 3 -6 1.83759333865 3 4 2 22 4 1.04 4.03 1.3 2.2  1.3    5.9    7.5    7.6  .02073 0 6 5 0    .640.00 -.18 6.6782.7115.3932.7151.8519405613.4133.0846.70 2
20241221토 5130011국511 7 67 4혼전 4441흐림양호 8 510쌍옥루          선더모카프리실라 3232.00한거 5 510 2 3  527      24750국5최봉주이용식   014 215 235 1 1 120 10조상범49854.558평입상38 32 3249 7.048.013.51250 8255015131113 017 71320186733 0→→입13.737.139.214.4785937.938.0 83.3 82.6 19 25 3113   14.10   13.20 3  1  0BHDN55.55051714-1.6 6.8 5.2474712-1걸음불변거리속성 1기 010 7     9 9 9④1:23.3¾    .214.239.113.7 -5 -1-1.20 4 9  3  .82864132074 2 910 83 1 7.0611.09 1.7 4.5 20.4  175.4  429.4   78.8  .01446 0 3 4 0   -.239.90  .75 6.2582.84 2.48 7.3813.51 3 814  .78 3.17 7.4410
20241201일 5140010국523 3 27 3 1강 1151맑음포화17 510쌍옥루          선더모카프리실라 3232.00한거 5 510 1 3  581      24750국5최봉주이용식   015 114 935 3 1 119 10이철경49954.575평입상61 61 614134.045.017.72056 9255015131124 017 7 919236733 0→→추13.736.939.714.4623237.338.9 88.0 88.6 20 27 3313   14.00   13.60 3  1  1LN동55.55051714-1.4 7.0 5.6505012 0전력변화보통걸음 1기 0 9 9     910 8⑤1:28.0½   2.114.138.013.2 -1 -1  .80 5 6  0 2.33965344221 3 8 5 63 3 1.05 8.06 2.0 1.7  2.0   24.3   31.9  184.8  .02331 0 5 4 0   -.338.90  .0612.0189.00 3.99 9.0717.67 51223 7.6215.1725.64 6
20251122토 5140011국5 0 6  6 3혼전 4451           511맥스파티        모던카우엠제이파 3335.00한수 41218   1    013:35 24750국5손영표김은갑   1 016121017 1 2 116 18문정균   57.066기무보50 47 472510.038.015.41956 9 899 5 91014 01111131823502525→↘추13.437.140.013.33532                   23 31 23 8   14.40   14.30 5  0  4VL동55.45111414  .4 5.8 6.2464612 0걸음불변기복전력70기 211                            14.4    14.3                                 411 9 8  1                                              .01825 0 2 2 0   -.740.00 -.16     89.34 3.26 7.7515.42 3 814 2.86 8.7014.72 8
20251018토 5140011국521 7 76 2혼전 4451흐림포화19 511맥스파티        모던카우엠제이파 3335.00한수 41320 2 1  106      24750국5손영표김은갑   1 11511 917 1 2 115 20조성환52053.053평자하36 30 30 8 5.033.0 7.8 750 4 899 5 910 0 0111114 725502525↘→추13.437.239.813.3314337.041.3 91.2 90.9 25 33 25 8   13.90   14.30 4  3 -4VU동55.45111414 -.8 5.0 4.2626214 0걸음불변급하락세64기 01110     7 911⑪1:31.28    3.614.440.814.3  1 -8 -.101110  7 3.890479090 9101011100 1 4.03 3.09 2.4 5.3  9.1   23.0   46.6   18.7  .01411-3 2 2-3▽-1.339.10  .0813.8689.28 1.38 3.50 7.79 0 2 5 1.01 3.64 7.1911
20250921일 5140010국552 8106 4 1강 1131맑음다습14 511맥스파티        모던카우엠제이파 3335.00한수 41421 2 1   50      24750국5손영표김은갑   1 21410 817 1 2 114 21디에고52857.053평자보73 65 651117.038.013.5 733 0 899 5 910 0 01111161919502525→↘추13.437.240.013.3262537.140.1 89.9 89.6 25 42 17 0   13.60   13.80 4  3  1LL동55.45111414 -.2 5.6 5.4505014 0뒷심부족최적거리24기 0 8 7     5 5 6⑧1:29.91¼  2.413.940.414.3  5 10 -.49 8 3 -3 2.96951727219 9 8 3 92 1 1.0210.04 2.6 6.8  2.6    7.7   11.6   10.5  .02021-3 4 2-3▽ -.838.80 -.2012.3689.41 2.33 6.5113.54 2 713 4.2611.9620.88 5
20250824일 4140010국540 3 96 4혼전 4451맑음건조 4 511맥스파티        모던카우엠제이파 3335.00한수 41523 2 1   71      24750국5손영표김은갑   1 313 9 717 1 2 113 23마이아51856.593평자하28 20 202622.054.023.3375220 899 5 910 0 011113631 967 033↘→선13.437.340.013.3202835.939.6 87.2 87.6 27 36  9 0   14.40   13.80 6  0 -1NN동55.05091414 -.2 5.6 5.4505012 0걸음불변기수영향69기 1 5 1     3 1 1③1:27.21     .213.638.913.8 -3  5  .20 3 6 -1  .2 9 4591973 7 9 9 52 1 1.02 9.02 1.9 4.3  1.9    4.3    6.2   19.1  .01648-1 4 4-1    .138.30 -.5010.2989.48 5.9714.2423.25 71627 5.4111.2117.75 7
20250713일 5140011국520 5 76 3 1강 1151흐림건조 4 511맥스파티        모던카우엠제이파 3335.00한수 41625 2 1   93      24750국5손영표김은갑   1 412 8 617 5 2 112 25오수철51357.060평자하57 44 4412 7.036.011.2 825 7 899 5 910 727111112231567 033→→입13.437.340.013.3223237.739.5 90.8 89.6 40 40 10 0   14.30   13.70 4  1  0NL동55.05091413  .2 5.8 6.0484814 0걸음불변최적거리39기 0 5 7     91010⑧1:30.87    2.114.439.413.8  1 -5-1.00 8 7  3 2.57382557418 811 8100 6 6.02 6.03 2.7 5.8 16.0   21.4   62.3   79.5  .01417-1 2 1-1   -.938.80 -.1812.3389.48 1.75 4.9411.19 1 4 7  .78 3.13 7.2210
20250615일 31400 8국530 5 36 4혼전 4451맑음건조 3 511맥스파티        모던카우엠제이파 3335.00한수 41827 2 1   69      24750국5손영표김은갑   1 511 7 517 4 2 111 27오수철51857.060평자보76 75 753242.043.017.5 825 7 899 5 910 727111112231567 033→→입13.437.240.013.3263237.439.3 89.3 88.8 44 33 11 0   14.20   14.10 7 -4  1HL동55.05091413  .2 6.0 6.2494914 0전력변화최적거리50기 1 4 7     8 8 8⑦1:29.31¼  1.414.339.013.7  3  8 -.30 7 4  2 1.44972496137 4 7 3 60 5 3.01 8.02 2.0 2.9  4.9    3.3    9.0   20.6  .02336 0 6 3 0   -.638.70 -.3111.6389.41 2.99 9.5117.51 41118 7.6923.5335.16 5
20250426토 4140010국511 8 66 5 1강 1151맑음양호 8 511맥스파티        모던카우엠제이파 3335.00한수 42020 9 1  161      24750국5손영표김은갑   1 610 6 417 3 2 010 20오수철51056.560기선적64 63 634550.055.034.5 825 7 899 5 910 727111112231567 033→→입13.437.140.113.3372837.139.2 90.0 88.1 38 38 13 0   14.30   13.70 4  1  4LL동55.05091413  .0 6.0 6.0505014 0선전만회탄력호전 1기 1 8 8     7 6 3②1:30.015    .014.239.614.1  0  5-1.30 2 2 -4 2.72054434483 710 4 43 4 6.02 2.08 2.7 9.4  9.1   27.0   56.6   27.4  .03346 0 6 5 0    .238.60 -.7310.8989.4111.0923.1834.4510233611.4621.1129.91 5
20250330일 4140011국541 8 96 1 2강 2251눈  건조 3 511맥스파티        모던카우엠제이파 3335.00한수 41111 9 2  235      24750국5손영표김은갑   1 7 9 5 317 2 1 0 9 11오수철50553.058평선보11  8  810 2.032.012.51040 8 7   8 910 727111112231599 0 0→→입13.437.240.213.3312036.939.0 89.4 87.8 29 29 14 0   14.40   13.60 3 -3 -1NU동56.05111413 1.4 5.4 6.8444412 0가는대로보통걸음 1기 1 7 6     5 5 4①1:29.4½    .014.339.213.7 -5  1-1.20 1 6 -3  .01246353084 71110103 3 6.09 7.04 3.1 4.7 22.9  365.0  805.0  367.5  .0 810-3 1 1-3▽-1.338.50 -.2710.3789.55 3.09 6.4412.46 0 4 8  .12 2.26 6.3410
20250309일 4140011국523 7 76 3혼전 4455맑음다습10 511맥스파티        모던카우엠제이파 3335.00한수 41212 2 2  298      24750국5손영표김은갑   1 8 8 4 217 1 1 0 8 12오수철50453.558기선적 7 25 2524 6.036.016.21040 8 7   8 910 727111112231599 0 0→→입13.436.840.213.4612337.839.4 89.6 89.8 33 33 17 0   14.30   14.0010  6 -2BUUP56.05111413 1.2 4.6 5.8545412 1탄력늘어마번불리 1관 31010     91010⑨1:29.6목   2.314.438.813.6  0 -3  .20 9 9  1 2.77585497117 3 9 9 70 2 2.01 1.04 2.4 2.5  2.8    2.5    5.1    8.5  .01823-2 2 1-2   -.939.30 -.1312.7789.28 3.17 8.0316.19 1 3 8 1.75 7.5811.95 8
20241229일 4130011국534 3 86 3혼전 4411맑음건조 4 511맥스파티        모던카우엠제이파 3335.00한수 31414 9 3  494      24750국5손영표김은갑   1 9 7 3 517 1 1 0 7 14송재철50755.079우선보50 57 575413.045.011.21738 9 4   4 910 0 0111118262199 0 0↗→입13.436.939.713.4843938.739.7 84.3 85.3 40 40 20 0   13.50   14.10 3  2  1VN동56.05111413  .2 4.2 4.4656513 0교체실패최적거리 1기 0 410    111111⑪1:24.36    2.814.340.114.0  3 -8  .1011 8  3 2.993916687 5 410 7100 1 9.05 7.02 2.7 5.1 31.4  181.3  503.7  158.9  .01839-2 3 3-2   -.640.70  .65 8.6683.03 1.81 5.9611.20 2 5 9 2.08 5.3810.50 9
20241207토 41300 8국551 4 56 6 1강 1111맑음다습14 511맥스파티        모던카우엠제이파 3335.00한수 31616 2 3  571      24750국5손영표김은갑   110 6 2 417 1 1 0 6 16장추열51554.089우입하52 67 677662.064.047.1233316 4   4 91016 0111120252299 0 0→→입13.436.939.713.4814337.039.6 82.0 83.1 50 50 25 0   13.70   14.20 4 -3  0HUDN56.05111413 -.5 4.0 3.5717113-1주행평범거리내려 1기 0 2 1     1 1 4⑧1:22.03    1.213.539.114.1  3 -3  .70 8 5  0 1.54821654441 3 7 4 41 1 2.01 9.06 2.4 5.0  3.6    5.1   11.8   12.512.02988 2 6 6 2   1.040.20 -.34 6.4783.0314.9632.0547.13102336 7.2919.7934.49 5
20241109토 4140011국541 5 96 2혼전 4451맑음양호 6 511맥스파티        모던카우엠제이파 3335.00한수 32020 2 4  657      24750국5손영표김은갑   111 5 1 117 1 1 0 5 20오수철51854.065우입보88 82 823634.030.0 6.7 5 0 5 3 0 5 910 727111112231599 0 0↘↗입13.436.840.213.4592536.239.9 89.3 89.0 50 50 25 0   13.40   14.20 8  1 -2NUUP56.05111413 -.3 4.7 4.3636313 1적임교체탐색우려 1기 1 5 1     1 1 3⑨1:29.3¾    .713.739.914.2  4  7 -.21 9 5  3 1.75312653855 311 2111 1 2.0410.11 3.0 5.1  3.6    8.8   14.8   52.7  .03018-3 6 3-3▽-1.639.10  .1112.0189.28  .75 1.80 6.67 0 2 5 9.3017.5824.26 7
20240914토 4130010국640 7 96 9 1강 1142맑음포화16 511맥스파티        모던카우엠제이파 3335.00한수 3 0 0 2 5  809      16500국6손영표김은갑   112 4 6 317 1 0 0 4  0이동하51156.087평입하63 72 728184.075.078.02753132499 5 910 0 0111124261999 0 0↗↘선13.737.239.513.4665136.339.3 81.9 81.7 33 33  0 0   13.70   13.70 9 -4  0VU동56.05101313-1.5 5.5 4.0686813 0주행평범적임교체 1기 1 4 1     1 1 1①1:21.91    -.213.439.714.2 -1  9 -.20 1 2 -1  .0 6 3541196 2 4 2 11 1 2.01 4.01 2.5 5.1  3.8    5.1   10.3    6.512.04389 2 8 9 2☆ 1.939.50-1.26 4.9583.1042.2667.6177.9939607329.4159.0670.00 1
20240713토 41300 8국651 4106 5 2강 2221맑음양호 9 511맥스파티        모던카우엠제이파 3335.00한수 3 0 0 2 5  978      16500국6손영표김은갑   113 3 5 217 4 0 0 3  0조상범50256.063우입보81 89 896842.053.025.81017 92499 5 910 6 4111113201899 0 0→↗입13.737.339.713.4604737.539.5 82.5 83.3 50 50  0 0   13.70   13.70 5  7  0VU동56.05101312-2.0 6.0 4.0676713 0선행무리작전마주 1기 2 8 4     6 6 5⑤1:22.52½   .913.739.213.7  2 -8  .70 5 3 -2 1.45443615556 3 6 1 52 4 5.06 3.01 2.7 6.4  5.8   56.0   81.2   56.013.21858 0 6 3 0    .139.80 -.01 6.2583.29 5.3514.2625.76 71627 5.5019.2330.61 5
20240609일 31300 9국641 2 96 1 3강 3311맑음다습10 511맥스파티        모던카우엠제이파 3335.00한수 3 0 0 2 6 1069      16500국6손영표김은갑   114 2 4 117 3 0 0 2  0조상범51056.066평입하51 68 682417.039.013.315 016 6 0 4 910 6 41111132018      →→입14.237.739.813.4383937.238.3 82.7 82.6  0  0  0 0   14.20   13.70 4 -5  0HHUP       1312         6.0    12 1신마적응탐색우려 1기 0 1 4     2 3 3④1:22.72     .413.738.813.7 -1  2 -.30 4 5  3  .52930201075 7 7 4 71 3 1.04 8.07 3.0 5.4  3.0    5.4   10.7    6.912.12511-4 4 3-4▼ -.839.30  .05 5.0783.61 2.19 6.2713.27 2 713 5.7113.6620.55 6
20240511토 1120011국612 9 16 4 2강 2237맑음양호 8 511맥스파티        모던카우엠제이파 1227.00한수 3 0 0 2 6 1165      16500국6손영표김은갑   115 1 3 217 2 0 0 1  0조상범50856.067평입보58 71 714951.055.039.115 016 6 0 4 910 6 41111132018      →→입14.237.739.213.4244337.339.0 77.4 75.9  0  0  0 0   14.20   13.70 5 -2  0NH동       1212         4.0    12 0신마적응기수영향 1기 1 611     9 9 8⑥1:17.4머리  .814.239.713.7  4  5-1.15 6 2 -4 1.44256565860 8 6 2 33 2 8.03 2.05 1.5 3.0 51.8   92.4  327.8  322.6  .02544-1 6 6-1    .237.80 -.79-1.0076.5613.0126.8839.1014284213.7527.8531.25 2
20251122토 6130010국5 3 7  5 5혼전 4427           6 1그루퍼          위드디스아마존릴 2527.00한수 5 721   1    014:25 24750국5정호익배은정   2 015 8 814 5 1 214 21장추열   55.093기선상50 54 546947.056.037.13350112245 72413282924192025227525 0↘↗입13.437.039.412.77743                   36 55 27 9   13.90   13.40 4 -7  0UH동54.95061813-1.6 7.4 5.8535313 0걸음불변최적거리44기 0 1                            13.9    13.4                                 4 5 3 4  8                                            13.21853 0 6 5 0    .439.40  .06     82.9012.4025.6037.07 7162714.2930.7744.05 2
20251025토 5130011국553 5105 6혼전 4411맑음건조 5 6 1그루퍼          위드디스아마존릴 2527.00한수 5 723 9 1   84      24750국5정호익배은정   2 114 7 714 4 1 213 23장추열51155.093기선적89 84 846878.067.038.33350112245 72413282924192025227525 0↘↗입13.437.039.612.7793537.838.9 82.3 83.1 40 60 3010   13.40   13.30 5  4  1LN동54.95061813-1.2 7.8 6.6434313 0기습선행탄력호전62기 0 8 8     7 8 8⑥1:22.3목    .913.938.613.4  0 -2  .40 6 6 -1 1.14556394253 5 5 2 20 7 2.10 4.06 2.1 6.6  5.0   92.7  163.2   59.6  .03360 0 8 8 0   1.340.10 -.10 6.4983.0314.8827.5538.2819405613.7127.0540.34 2
20250920토 4130011국531 4 85 3혼전 4411맑음포화18 6 1그루퍼          위드디스아마존릴 2527.00한수 5 816 2 1   83      24750국5정호익배은정   2 213 6 614 3 1 112 16장추열51354.093기입보44 45 454633.049.022.73350112245 72413282924192025226733 0↘↗입13.637.039.412.7764336.939.0 79.7 81.9 22 44 2222   13.80   13.80 4 -7  0HH동55.25031813 -.6 7.0 6.4454512 0걸음불변급하락세 5기 0 4 2     2 2 2②1:19.7½    .013.437.913.3 -5 -1 2.10 2 7  0  .1 915431775 3 8 7 71 6 3.07 9.04 1.8 4.6  6.7   46.7  100.6   48.1  .01427-2 5 5-2   -.239.80  .44 5.5082.90 6.3214.7922.68 41118 7.6920.4128.39 5
20250823토 4130011국552 4 55 3혼전 4411흐림건조 4 6 1그루퍼          위드디스아마존릴 2527.00한수 5 918 2 1   81      24750국5정호익배은정   2 312 5 514 2 1 111 18장추열51454.093기선적43 53 535742.050.015.93350112245 72413282924192025226733 0↘↗입13.637.039.412.7774337.538.5 80.9 82.8 25 50 3813   13.60   13.30 5  4  1VN동55.25031812 -.4 6.6 6.2434312 0걸음늘어급하락세46기 111 5     5 5 5⑦1:20.91¼  1.013.838.713.8  0  3  .70 7 7 -1 1.53844262147 3 9 8 92 5 4.02 2.03 2.5 5.0  8.4   13.1   34.4   62.4  .01729-1 5 5-1   -.140.00  .64 6.4382.90 3.22 7.6115.92 2 713 5.3617.7024.93 6
20250719토 3130011국522 3 75 5혼전 4421비  불량20 6 1그루퍼          위드디스아마존릴 2527.00한수 51020 2 1   84      24750국5정호익배은정   2 411 4 414 1 1 110 20장추열51153.593기입적21 24 245825.057.028.73350112245 72413282924192025225050 0↘↗입13.637.139.412.7735137.438.3 81.4 82.4 43 43 1429   14.00   14.10 6  3 -1NUUP56.05001812  .4 6.4 6.8404012 1휴양탐색거리속성44기 0 7 3     2 2 3③1:21.42½   .413.638.613.3 -5  7  .50 3 8  4  .62236181166 3 7 7 61 4 1.02 2.11 2.2 3.7  2.2    3.7    5.7   21.1  .01971 0 4 4 0    .439.80  .21 5.9382.97 7.3517.8428.67 81526 6.0616.9929.41 5
20250607토 4120010국551 7105 3혼전 4451흐림건조 3 6 1그루퍼          위드디스아마존릴 4032.00한수 5 1   2 1  115      24750국5정호익배은정   2 510 3 514 1 1 1 0  0씨씨웡50454.590기입적55 56 5636  .054.024.33053102245 7241318 024192024225050 0→↘선13.637.338.712.7445537.539.1 76.8 76.6 43 43 2929   14.30   13.0029  3  1HNDN56.05001812  .6 4.8 5.4535312-2걸음불변기복전력50기 1 4 5     6 7 7⑧1:16.8¾   1.814.039.314.1  4 -4 -.23 8 4 -5 2.17066616923 5 3 4 70 1 5.09 7.02 2.7 7.5 11.3  115.9  216.6  204.5  .01433-1 6 5-1    .138.40  .15  .6176.06 6.4014.9024.29 4111813.6423.6850.18 4
20241116토 4140011국551 6105 2 3강 3341맑음건조 3 6 1그루퍼          위드디스아마존릴 2527.00한수 41225 2 4  637      24750국5유재길배은정   2 6 9 2 114 1 1 1 8 25장추열50854.091우입적 5 27 275417.043.012.52548 8 5   3 7 62029 8 02025225050 0↗→입13.636.739.712.7713237.640.7 92.4 91.5 50 50 3333   14.40   14.70 7  0  0UUDN56.05001812  .0 3.8 3.8707012-4승군탐색탐색우려 1관 0 1 8     91011⑪1:32.49    3.514.141.415.1  2 -3-1.0011 9  1 3.895788490 5 3 811 90 3 2.06 2.05 2.4 6.1  4.6   26.9   56.1   81.4  .02335-3 3 2-3▽ -.639.80  .3215.1388.86 2.08 6.6612.52 2 713 3.25 8.8014.36 9
20240928토 7180011국551 8105 5혼전 4426흐림건조 5 6 1그루퍼          위드디스아마존릴 9330.00한수 41428 9 4  785      24750국5유재길배은정   2 7 8 1 114 1 1 1 7 28오수철51154.063우입상86 76 766939.042.022.7 5 0 5 5   3 7 6 6 0 8 01223155050 0↘↗입13.640.040.712.7553939.243.9123.2122.5 60 60 2040   13.90   13.40 8 -2 -2UUUP56.05001812  .5 4.0 4.5646412 5뒷심문제추입유리 1관 0 1 6 6 6 91110⑩2:03.211   4.414.443.914.7  2 12 -.3010 8  5 4.897109693 4 4 3 1 80 2 3.0711.04 2.2 7.3  7.6   28.0   55.9   26.2  .02954 0 6 3 0   -.541.40 -.0141.78118.8 5.2812.9822.67 2 71311.4328.0038.40 3
20240803토 2130011국641 9 95 7 1강 1121맑음건조 3 6 1그루퍼          위드디스아마존릴 2527.00한수 4 016 1 5  918      16500국6유재길배은정   2 8 7 7 314 2 0 1 6 16장추열49956.093우선보53 63 638871.068.061.524531210 0 6 7 62029 8 020252299 0 0↘↗입13.637.039.312.7755137.138.2 82.2 81.8 50 50 2525   14.10   13.00 3 -8  0HUUP56.05001312  .3 3.7 4.0727212 1승부최상거리속성 1관 0 3 5     4 3 1①1:22.21¼  -.213.939.113.4 -2 -8 -.80 1 3 -2  .0 82620 895 4 1 2 22 2 3.01 3.08 2.1 4.2  4.6    5.4   13.5    6.0  .03369 1 6 6 1   1.239.80 -.55 5.4582.8423.1843.1061.4818365119.7538.1047.20 2
20240714일 1120011국652 4 55 9 1강 1131맑음양호 6 6 1그루퍼          위드디스아마존릴 4032.00한수 4 020 2 5  971      16500국6유재길배은정   2 9 6 6 414 1 0 1 5 20장추열50756.093강선보75 82 829080.071.070.324531210 0 6 7 62029 8 020252299 0 0↘↗입13.636.938.913.0764338.038.3 76.0 76.4 67 67 3333   13.70   13.60 3  0  0VUDN56.05001312 1.0 2.0 3.0818112-1전개최상승부최상 1관 011 8     910 8⑥1:16.02    1.314.138.113.0  1 -3  .30 6 5 -2 1.75985305745 4 6 2 13 1 1.03 2.03 2.1 4.6  2.1    6.6   11.1    8.412.04495 2 7 6 2☆ 1.538.80-1.07  .5775.9532.7554.7370.2539587222.0044.2141.04 2
20240623일 2130011국653 8105 8혼전 4421맑음포화18 6 1그루퍼          위드디스아마존릴 2527.00한수 4 0   2 6 1027      16500국6유재길배은정   210 5 5 214 1 0 1 0  0오수철51056.057강도하19 49 4991  .058.041.51050 71799 7 7 6 6 0 8 012231599 0 0→↘입13.636.938.513.0879737.539.6 83.7 83.5100100 5050   13.90   14.0022  0 -1VU동56.05001312-1.0 3.0 2.0868612 0신마혈통전개최상 1관 011 6     6 6 8⑥1:23.73     .913.740.013.6 -1 10  .00 6 7  2 1.06344655957 2 1 5 42 1 4.1010.07 2.2 6.1  7.0  207.7  371.1  556.6  .04466 0 4 6 0△  .440.30  .55 8.1282.2613.1328.9941.4510233614.2925.3558.97 5
20240120토 3130011국632 8 85 8 3강 3311맑음포화16 6 1그루퍼          위드디스아마존릴 2527.00한수 4 033 2 8 1492      16500국6강성오배은정   211 4 4 114 1 0 1 3 33송재철50056.580우도보74 86 868785.069.049.425531620631622 02131251918262199 0 0↘↘입13.636.839.913.0942537.340.5 84.1 84.0100100 5050   13.80   14.00 5 10  1VVUP56.05001312         4.0    12 1전개최상신마혈통 1기 011 7     6 7 9⑩1:24.12½  2.013.940.214.0  5 -7  .3110 5  4 2.27635857932 2 9 3 20 1 1.03 1.06 2.1 4.1  2.1    4.1    6.9   18.510.93479 1 8 7 1▲ 1.240.50 -.46 7.3183.1020.7636.9849.3818365120.8738.8948.49 2
20231217일 1120011국641 8 95 9 1강 1133맑음포화19 6 1그루퍼          위드디스아마존릴 4032.00한수 3 050 2 8 1595      13750국6강성오배은정   212 3 3 314 1 0 1 2 50안토니50756.093우선보95 90 909996.075.071.43050 020631622 024 0251929271799 0 0↗↘선13.637.038.513.0667936.439.3 76.5 75.3100100  0**   14.00   13.60 8 -7  0UU동56.05001212         3.0    12 0전개최상전개최상 1기 0 1 2     2 2 2④1:16.5½    .213.839.614.0  3  4 -.70 4 1  0 1.02112663878 3 2 1 11 1 2.05 2.08 2.4 4.6  4.1   20.5   32.1   62.0  .04498 3 9 7 3☆ 1.838.30 -.93 -.2075.7835.7058.4971.4239587241.9066.6772.07 1
20231021토 5120011국621 9 75 8혼전 4431맑음다습13 6 1그루퍼          위드디스아마존릴 4032.00한수 3 0   2 9 1775      13750국6강성오배은정   213 2 2 214 2 0 1 1  0이동하50356.092평선보99 98 9895  .068.051.22636 71327 022 017 0251924261999 0 0↗→선13.637.038.313.0699936.938.7 77.0 75.4100100  0**   13.60   13.30 4  0  0NU동56.05001212         2.0    12 0유망전력전개최상 1기 0 8 3     3 3 4③1:17.04     .714.039.413.6  2  3-1.49 3 1 -2  .82334433167 3 5 1 12 2 7.02 2.09 1.5 2.6 22.0   36.5  127.2    8.910.54485 1 8 6 1▲ 1.138.30 -.24  .0575.6722.2838.6651.1632526413.6422.9349.29 4
20230924일 3120011국630 9 85 6 1강 1131맑음다습11 6 1그루퍼          위드디스아마존릴 4032.00한수 3 0 0 910 1840      13750국6강성오배은정   214 1 1 114 1 0 0 0  0이동하50056.093평무보   35 3540  .051.032.028301916 9 822 017 02519242619      ↘↗선    36.738.5        36.937.6 75.8 74.2              13.80   13.60 4  0  0LL동       12 0                 0 0걸음불변기수신마 1기 0 8 2     1 1 2②1:15.82½   .013.638.513.3 -1  7-1.40 2 3  0  .4 231 9 591 1 112 21 1 6.0311.08 2.0 3.4 15.6   45.5  158.2   23.312.02969 2 5 6 2    .238.30  .36-1.0275.6110.8722.3631.9912253912.6822.0953.05 5
20251122토 6130010국5 3 7  7 5혼전 4427           6 2학산챔프        사우스비스타프레 8627.00한암 31111   1    014:25 24750국5홍대유황봉기   2 010 9 5 9 1 1 0 9 11조인권   52.065기선보50 47 479026.056.037.01635101837 715171518191423241399 0 0↗↘선13.336.740.213.59314                   13 13 63 0   13.70   15.40 3 -3  0UU동54.04651312 -.2 8.2 8.0363612 0걸음불변선행유리33기 0 2                            13.7    15.4                                 110 9 5  4                                              .02372 1 5 5 1    .440.20 -.25     83.2312.3825.5937.04102336 5.7115.3820.24 7
20251101토 6130011국511 5 67 2 1강 1121맑음건조 5 6 2학산챔프        사우스비스타프레 8627.00한암 31212 1 1   61      24750국5홍대유황봉기   2 1 9 8 4 9 1 1 0 8 12해리카47452.071기무보25 29 293815.040.015.81950101837 71517 910191418261299 0 0↘↘입13.336.740.213.5921436.741.5 83.7 84.3 14 14 57 0   13.30   14.50 8  0  0NU동54.04651312  .2 8.4 8.6333312 0걸음불변지울마필68기 0 5 2     2 2 4⑧1:23.73    2.113.741.315.4 -1 -3  .20 8 9  3 2.37810938322 211 7 81 4 1.03 1.04 1.5 3.7  1.5    5.3    7.1    7.1  .01425-1 2 4-1   -.740.60  .32 7.3583.23 3.52 8.2315.83 31018 2.38 8.7713.72 8
20250907일 5130010국552 4107 5 1강 1147맑음포화16 6 2학산챔프        사우스비스타프레 8627.00한암 31414 1 1  135      24750국5홍대유황봉기   2 2 8 7 3 9 3 1 0 7 14조인권47752.065기선적10 12 126725.058.044.61635101837 715171518191423241399 0 0↗↘선13.436.940.213.5841336.640.5 81.4 83.2 17 17 50 0   13.60   13.80 5 -3  0NUUP54.04651312  .6 8.6 9.2262612 1걸음불변탄력호전25기 0 5 3     3 3 3⑦1:21.4¾    .713.339.614.5  1  8 1.60 7 6 -4  .851 8835758 210 9 20 3 3.07 8.01 3.711.4  6.7   33.7   78.3   48.413.23352 0 4 6 0    .440.20 -.60 6.1283.3515.4232.6344.56183651 7.8421.3134.40 5
20250802토 3120011국544 3 97 3혼전 4431맑음건조 3 6 2학산챔프        사우스비스타프레 2721.00한암 31616 1 1   83      24750국5홍대유황봉기   2 3 7 6 5 9 2 1 0 6 16조인권46952.067기선적15 13 1346 7.041.012.71635101837 715171518191423241399 0 0↗↘선13.436.739.913.984 537.239.0 76.3 76.3 20 20 60 0   13.80   13.80 3  3  0LU동54.04651312  .4 7.4 7.8363612 0걸음불변기복전력43기 0 8 5     5 8 8⑧1:16.3½   1.213.639.213.8 -2 -2 -.10 810  3 1.86052575638 41011100 2 1.04 3.05 2.3 5.3  2.3    8.0   13.3   13.0  .01432-2 2 2-2   -.539.00  .13 -.2676.39 2.24 6.3312.70 1 4 7  .99 3.88 8.3911
20250712토 5120010국513 3 67 3혼전 4441맑음건조 5 6 2학산챔프        사우스비스타프레 2721.00한암 32020 2 1   59      24750국5홍대유황봉기   2 4 6 5 4 9 1 1 0 5 20조인권47152.067기선적24 25 255713.044.022.21635101837 715171518191423241399 0 0↗↘선13.436.739.913.981 537.339.6 77.6 76.9 20 20 60 0   13.40   14.20 3  2  0NU동54.04651312  .8 7.3 8.0333312 0선행강점기복전력43기 0 5 3     6 7 9⑨1:17.6머리 2.513.840.013.8  2 -4 -.85 9 7 -1 2.77656757510 310 6 70 1 2.01 8.06 1.5 4.1  5.8    4.1   10.5    9.1  .02039-2 3 2-2   -.539.10 -.13  .2776.39 5.0912.5922.16 3 817 5.6611.7619.63 7
20250621토 4120011국544 5 97 4혼전 4431흐림포화19 6 2학산챔프        사우스비스타프레 2721.00한암 3 1   2 1   57      24750국5홍대유황봉기   2 5 5 4 3 9 3 1 0 0  0해리카47552.073기도적57 64 6459  .047.014.41950101837 71517 910191418261299 0 0↘↘입13.536.740.714.383 336.139.9 75.5 76.1 25 25 50 0   14.00   13.20 5 -5  0VUDN54.04651312  .8 7.3 8.0333312-1걸음불변선행강점50기 0 3 4     4 5 6⑦1:15.52    1.013.439.714.2 -1  4  .50 7 8  0 1.153 5804947 511 5 82 3 1.0511.09 2.7 6.5  2.7    9.3   15.8  132.3  .01541-1 4 4-1   -.438.90 -.35-1.3376.84 3.21 7.3414.35 3 814 7.6915.7936.32 7
20250517토 3130010국543 8 97 4 1강 1121맑음포화17 6 2학산챔프        사우스비스타프레 8627.00한암 33333 2 1   99      24750국5홍대유황봉기   2 6 4 3 2 9 2 1 0 3 33해리카47152.071기도하 5  6  65014.041.014.91950101837 71517 910191418261299 0 0↘↘입13.536.740.114.395 537.344.4 86.2 87.5 33 33 67 0   13.60   16.70 4  4 -1LU동54.04651312  .3 7.0 7.3434312 0걸음불변거리속성76기 1 8 6     7 810⑩1:26.29    5.313.843.616.3  2 -3 1.3010 8 -2 6.699349999 4 31010 80 2 1.03 9.01 2.4 4.6  2.4    4.7    7.1   32.9  .01433-1 3 3-1   -.541.40  .4210.7483.16 2.70 7.4414.87 1 512 2.82 7.2915.88 7
20250419토 4130011국533 8 87 6혼전 4421흐림양호 8 6 2학산챔프        사우스비스타프레 8627.00한암 35050 2 1  182      24750국5홍대유황봉기   2 7 3 2 1 9 1 1 0 2 50해리카47452.571기도적12 50 505428.049.022.71950101837 71517 910191418261299 0 0↘↘입13.536.840.414.3911036.942.8 86.7 86.2 50 50 50 0   14.10   15.10 4 -7 -1VUUP54.04651312  .0 5.5 5.5616112 1전개최상거리늘어 1기 0 4 2     2 2 8⑪1:26.76    3.313.643.916.7  1  5 -.801110  3 3.597159896 6 311 5 81 1 4.01 2.06 2.7 7.3 10.6   12.9   32.4   18.613.23454 1 4 5 1   -.141.00 -.05 9.0483.42 6.2812.2622.65 3 814 8.8613.8323.84 8
20250322토 5120011국554 9107 9혼전 4421맑음건조 4 6 2학산챔프        사우스비스타프레 2721.00한암 3     2 2  265      24750국5홍대유황봉기   2 8 2 1 2 9 2 1 0 1  0마이아46953.593강도보88 94 9499  .070.054.23563211670 71517 06719143631 999 0 0↗↘선13.536.540.014.3971837.140.9 79.3 77.6100100100 0   13.50   14.60 5  9 -1VU동54.04651212-3.0 4.0 1.0969612 0기수신마전개최상 1기 211 8     8 810⑩1:19.31¾  1.914.141.815.1  3  4-1.3010 7  3 2.48742929024 111 2 10 2 3.11 3.02 3.6 7.2  5.0  156.2  254.3  694.210.54495 3 9 9 3☆ 1.539.60-1.00 1.1376.3425.3142.4454.16395872 9.8919.1542.60 7
20250215토 1120012국650 9107 6 1강 1135흐림건조 4 6 2학산챔프        사우스비스타프레 2721.00한암 3 0 0 2 2  376      24750국6홍대유황봉기   2 9 1 1 1 9 1 0 0 0  0마이아46554.093평무보   25 2540  .050.033.53563211670 71517 06719143631 9      ↗↘선    36.738.5        36.239.5 77.1 75.4              13.80   13.60 4  0  0NL동       12 0                 0 0걸음불변기수신마 1기 0 2 1     1 1 1①1:17.11½  -.313.540.314.6 -3 13-1.40 1 4  0  .025 7693595 9 9 9 31 1 4.03 2.01 3.4 8.6  7.6   12.2   25.0  142.0  .02649 1 5 6 1    .038.70  .33  .2375.6111.6821.2833.46142842 8.3316.6724.92 2
20251122토 6130010국5 3 7  7 5혼전 4427           6 3우주전쟁        카우보이하루에   6132.00한거 51117   1    014:25 24750국5함완식이관형   2 016 5 617 1 2 117 17최범현   56.590기입상50 43 435843.062.044.73563221754 9121130 016 7193019333333↘↘입13.336.939.612.78318                   20 20 2713   14.40   14.00 3 -5  4HB동55.05061712  .0 8.2 8.2252513 0걸음불변가격혈통36관 0 3                            14.4    14.0                                 2 910 2  1                                              .02167 0 5 7 0    .839.60 -.23     82.9717.6531.7444.7318365111.4323.0836.90 5
20251101토 6130011국511 5 67 3 1강 1121맑음건조 5 6 3우주전쟁        카우보이하루에   6132.00한거 51218 1 1   61      24750국5함완식이관형   2 115 4 517 1 2 116 18우인철49953.064기입적20 22 223713.042.019.81567 61754 91211 0 016 7102925333333→→추13.336.939.712.7851438.039.4 82.7 83.3 21 21 2914   14.40   15.1011  4  1BNDN55.05061712  .8 8.2 9.0191913-4걸음불변가격혈통77기 0 8 9     9 7 7⑥1:22.71¾  1.114.439.214.0  0  7  .20 6 6 -5 1.35068546546 3 7 9 60 1 1.03 1.04 1.5 3.7  1.5    5.3    7.1    7.1  .01823-3 2 4-3   -.540.20  .40 6.6583.03 4.3311.0619.76 51323 2.38 6.1412.80 9
20250816토 6170011국422 9 27 4 3강 3311맑음다습12 6 3우주전쟁        카우보이하루에   6132.00한거 51320 2 2  207      33000국4함완식이관형   2 214 3 417 1 2 115 20문정균49252.061기입보 5  1  12410.037.0 8.61163 31550 31211152016 7131823333333→→추13.339.241.612.783 838.843.9114.4114.4 23 23 23 8   14.60   16.10 5  3 -1HU동55.05061712 1.4 7.8 9.2212113 0걸음불변가격혈통28관 0 4 6 6 6 8 910⑧1:54.4¾   1.714.443.515.1 -3 -1  .10 811  2 1.875 8948835 7 911100 8 7.04 8.05 2.3 2.2 23.2   82.2  287.5   58.0  .01830-1 2 2-1   -.842.00  .4733.56113.6 1.41 3.86 8.58 1 4 7 1.60 5.5810.6611
20250713일 8170010국453 7107 4 1강 1111흐림양호 6 6 3우주전쟁        카우보이하루에   6132.00한거 51421 2 1   70      33000국4함완식이관형   2 313 2 317 2 2 114 21유승완49352.578기입보12  7  74029.048.021.91446 61754 91211 02116 7162623333333→↗입13.339.241.812.782 839.344.3115.8115.9 25 25 33 8   13.90   14.30 8 -2  1UNUP55.05061712 1.6 7.6 9.2262613 5걸음불변가격혈통56기 1 1 6 6 5 6 6 8⑨1:55.81    3.914.644.416.1  0-10 -.10 9 9  2 4.694229695 6 61010 82 2 4.01 4.03 2.4 6.7  7.3   10.4   22.8   16.7  .01839-2 4 6-2    .042.30  .0634.89113.8 5.2711.7721.86 1 512 4.3514.2223.48 7
20250517토 6120010국432 7 87 1 1강 1142맑음포화16 6 3우주전쟁        카우보이하루에   4026.00한거 51523 2 1  156      33000국4함완식이관형   2 412 1 517 1 2 113 23유승완50352.078기입적 7  5  511 9.028.011.91446 61754 91211 02116 7162623333333→↗입13.337.139.312.7591337.339.0 76.8 76.3 27 27 27 9   14.00   15.70 4 -2 -1HUDN55.05061712 2.0 7.2 9.2212113-2가는대로부진마필76기 1 3 6     5 6 5⑦1:16.81¼  1.313.939.214.3  0 -2 -.50 7 7 -1 1.36159565940 6 910 72 1 1.06 8.01 1.8 4.1  1.8   12.5   18.9   40.5  .0 6 8-3 1 1-3▽-1.438.50  .27 -.0976.28 1.59 4.9111.86 2 5 9 2.94 8.2820.17 7
20250419토 5140011국532 5 87 2혼전 4441흐림양호 8 6 3우주전쟁        카우보이하루에   6132.00한거 51625 2 1  181      33000혼4함완식이관형   2 511 5 117 2 2 112 25빅투아50552.588기입적 9 19 192419.038.0 7.92951161754 91211 0 016 7202818333333→↘입13.336.639.912.7791437.142.8 92.4 91.9 30 30 3010   14.20   15.40 3 -1  1NNUP55.05061712 1.6 6.4 8.0252513 2가는대로가격혈통 1기 0 5 6     8 7 9⑪1:32.47    4.114.042.715.7  3 -2 -.1011 8  2 4.796539798 5 4 9 7 90 2 1.05 2.01 3.1 5.7  3.1   15.1   23.3   66.7  .01812-3 3 3-3▽-1.139.90  .3915.4088.93 1.02 3.40 7.86 3 814 3.2610.1521.23 8
20250330일 6120011국454 7107 4혼전 4447맑음건조 3 6 3우주전쟁        카우보이하루에   4026.00한거 51827 9 2  233      33000국4함완식이관형   2 610 4 417 1 2 111 27빅투아50752.084기입보32 36 365321.053.030.02450151550 31211 0 016 7202818333333→→입13.336.838.712.7814736.941.1 78.6 78.1 33 33 3311   14.50   14.90 4 -3 -1NUDN55.05061713  .6 5.6 6.2424213-5걸음불변기수영향 1기 1 6 9     8 7 8⑩1:18.65    2.714.241.515.4  4  5 -.6010 6 -3 2.99135939011 4 9 6 40 1 2.04 2.04 3.0 6.8  4.7    8.0   18.1   34.8  .01656 0 3 5 0    .239.40  .25 2.5575.78 9.6820.5030.0113284310.9424.4632.77 4
20250301토 7170011국453 6107 4혼전 4421흐림건조 3 6 3우주전쟁        카우보이하루에   6132.00한거 52030 1 2  326      33000국4함완식이관형   2 7 9 3 217 1 2 110 30해리카50252.566기선하 8  7  73113.041.011.81438 81550 3121119 016 7182612333333↗↘입13.339.141.612.7893239.142.6114.0114.5 38 38 2513   13.70   15.70 6  3 -1BUUP55.05061713 -.6 5.4 4.8515113 1선행호기가격혈통 1   0 9 5 5 5 6 6 7⑨1:54.03    1.314.542.314.9  0  4  .20 9 9  1 1.67913877538 1 911112 1 2.0811.03 3.4 5.3  3.8   48.3   86.4  140.7  .01832 0 3 4 0   -.642.10  .4533.77113.6 2.17 6.6011.79 0 1 4 2.80 6.4512.0011
20250118토 7160010국414 6 67 4 3강 3331맑음건조 4 6 3우주전쟁        카우보이하루에   6132.00한거 5 1   2 3  436      33000국4함완식이관형   2 8 8 2 217 7 2 1 0  0문정균49853.062기선적68 61 6117  .038.012.61350101129 41211152016 7131823333333→→추13.336.140.412.7772836.841.3104.9104.3 43 43 2914   14.20   13.2024  5  0NUDN55.05061713-1.2 6.0 4.8525213-1걸음불변가격혈통 1기 1 6 1   1 4 3 6⑨1:44.93    1.713.742.515.7  1 -5 -.40 9 8  3 2.58470879326 410 6 80 7 4.03 2.01 1.8 4.5  9.7   14.8   36.4   71.2  .01818-1 5 4-1   -.840.40  .3027.79103.3 2.27 5.9112.58 2 713 6.7214.0139.06 6
20240727토 8170010국413 4 67 5 3강 3321맑음불량20 6 3우주전쟁        카우보이하루에   6132.00한거 42537 9 5  935      33000국4강성오이관형   2 9 7 1 117 6 2 1 8 37문정균50353.071우입하32 59 596930.047.017.21650 91857 32220 0202519131823333333→↗추13.339.241.112.7835539.142.4111.6114.1 50 50 1717   13.60   14.80 7  0  0UUUP55.05061713-2.4 6.0 3.6686813 1주행평범가격혈통 1기 0 1 1 1 1 1 1 5⑦1:51.62½  2.513.941.214.6  2 -5 2.10 7 5  1 3.67214846912 3 8 9 81 6 3.01 7.08 2.1 5.5  8.6    8.7   21.8   29.2  .01854 0 5 5 0   -.242.00  .5433.80113.3 3.9510.3217.23 2 713 4.6710.5320.62 9
20240609일 7160010국540 4 47 6 3강 3331맑음다습10 6 3우주전쟁        카우보이하루에   6132.00한거 42842 2 6 1065      33000국5강성오이관형   210 6 6 117 5 2 1 7 42문정균50853.070우자상98 93 931777.058.037.52080 72775122220 0202519131823333333→→추13.336.339.612.7685936.140.4103.8103.2 60 60 2020   13.30   13.00 5 -6 -2UUUP55.05061613-2.8 6.6 3.8727213 3기습선행가격혈통 1관 1 1 1   1 1 1 3⑤1:43.84    1.813.640.814.8  1 -1 -.40 5 4  2 1.96124746528 2 4 1 41 5 3.02 2.10 2.5 3.8  4.9    7.2   14.3    4.2  .03155 1 8 7 1    .539.60  .0027.33103.0 9.6822.8837.49 8213414.4927.9432.02 3
20240505일 61300 9국552 1107 5 1강 1131비  다습13 6 3우주전쟁        카우보이하루에   6132.00한거 41633 1 6 1170      24750국5강성오이관형   211 5 5 417 4 1 1 6 33문정균50954.570우입하72 82 826967.056.036.42080 72775122220 0202519131823 05050→→추13.837.139.013.1728236.638.0 79.3 81.2 50 50  0 0   13.50   14.50 4  6 -2NH동55.35051312-3.3 7.8 4.5666613 0주행평범가격혈통 1관 0 7 3     2 2 1①1:19.32½  -.513.337.413.0 -1 -2 1.40 1 2  0  .0 2 912 191 4 4 2 31 4 2.09 7.02 3.3 9.4  5.1   85.1  175.9  233.813.21852 0 6 6 0    .539.50  .27 5.1082.7111.0724.1436.4212253914.4124.5138.28 4
20240406토 4130011국551 8107 5혼전 4411맑음양호 6 6 3우주전쟁        카우보이하루에   6132.00한거 42040 1 7 1271      24750국5강성오이관형   212 4 4 317 3 1 1 5 40문정균51156.074우입상53 61 617538.057.028.11950 81136 02220 0202519131823 05050↗→추13.837.239.013.1698236.440.7 83.2 82.9 50 50  0 0   13.70   14.80 5 -9  1UN동55.35051312-2.3 7.7 5.3595913 0주행평범가격혈통 1기 1 1 4     5 5 4⑥1:23.2코    .413.540.814.5  4  5 -.19 6 2  0  .444 4875966 6 3 7 62 3 7.11 3.08 3.510.6 11.3  226.2  309.0  271.013.21956 0 5 5 0    .439.80  .43 6.7482.78 8.1218.5028.06 51222 4.2711.9120.40 9
20240303일 4130011국554 8107 5혼전 4411맑음양호 8 6 3우주전쟁        카우보이하루에   6132.00한거 42550 1 7 1370      24750국5강성오이관형   213 3 3 217 2 1 1 4 50문정균50655.074우입상91 99 997471.060.024.71950 81136 02220 0202519131823 05050↗→추13.837.039.113.1797937.140.6 83.1 83.6 50 50  0 0   13.90   13.60 5  2  1BN동55.35051312-2.5 6.0 3.5717113 0걸음불변가격혈통 1기 110 7     7 8 7⑦1:23.12    1.013.740.814.8  5 -3  .89 7 2 -6 1.16625857545 7 4 1 70 2 4.03 3.07 3.3 7.4  5.9   14.6   30.9   23.210.51969 0 7 7 0    .740.20  .57 7.5282.71 6.0914.5524.73 3101814.0427.5938.57 4
20240127토 5130011국554 7107 5혼전 4421맑음다습10 6 3우주전쟁        카우보이하루에   6132.00한거 43333 9 8 1468      24750국5강성오이관형   214 2 2 117 1 1 0 3 33문정균50954.577평입보45 73 734642.054.028.02042102063162220 0202519131823 099 0↘↗추13.837.239.513.1685537.238.3 82.2 81.8 33 33  0 0   14.10   13.40 4  0  1NNUP56.05011312-1.0 7.0 6.0454512 1마방선전가격혈통 1기 0 8 7     6 5 2②1:22.22½   .013.938.913.6 -6  0 -.60 2 8 -3  .4 931221287 7 6 5 73 1 5.0811.08 2.8 5.3  9.4  151.5  328.5  225.613.22558 0 5 7 0    .339.60  .12 5.0983.10 8.2418.7927.98 41118 6.2520.7329.70 5
20231230토 6120011국554 4107 5혼전 4421눈  다습10 6 3우주전쟁        카우보이하루에   4026.00한거 3 1   9 8 1553      22000국5강성오이관형   215 1 1 317 1 1 0 0  0김효정50954.058우입상99 98 9866  .047.015.1 633 42063162220 4 02519162118 099 0↗→입13.837.138.413.2648737.838.1 76.2 76.0 50 50  0 0   13.80   13.5036  5 -2LU동56.05011212         1.0    12 0걸음불변마방선전 1기 0 8 8     810 9⑨1:16.2목   1.514.138.313.4 -2  8 -.30 911  6 2.04877244333 8 7 2 90 1 4.01 1.05 2.4 6.8  6.7    8.9   24.8   59.010.52263 0 6 4 0   -.338.50  .68  .5475.78 3.46 7.9315.10 2 5 9 9.1817.7338.33 5
20251122토 6130010국5 3 7  9 5혼전 4427           6 4기대하라        컬러즈플아이월이 5433.00한암 31111   1    014:25 24750국5이관호남석우   2 010 3 3 9 1 1 0 9 11조재로   52.578평자보50 59 595037.058.040.727481322471321 716 02416192422 0 099↗↘추13.837.439.112.64959                   38 38 2525   13.90   13.50 4  0 -1HHDN54.04781412-1.0 4.8 3.8626213-1걸음불변최적거리49기 0 4                            13.9    13.5                                 7 3 2 3  3                                              .02366 0 6 6 0    .539.10 -.11     82.9714.0727.9140.7414284212.8624.3635.71 3
20251025토 4140011국551 5109 4 1강 1151맑음건조 5 6 4기대하라        컬러즈플아이월이 5433.00한암 31212 9 1   85      24750국5이관호남석우   2 1 9 2 2 9 1 1 0 8 12씨씨웡47753.090평입보61 48 483555.064.038.130531022471321 732 02416202422 0 099→↘선13.837.139.812.6422037.138.8 89.2 88.4 29 29 2929   13.90   13.10 6 -3  1HNUP55.04791412 -.6 4.6 4.0606013 1주행평범보통걸음69기 1 4 6     5 7 5③1:29.2목    .113.939.213.5 -1 -9 -.70 3 4 -1  .32951292776 8 7 9 33 1 3.0510.01 3.710.7  5.4   14.0   29.9   31.8  .02162 0 5 7 0   1.138.70 -.6511.5489.2113.7326.7038.0912253910.3420.7528.49 3
20250914일 31300 9국511 7 69 6 3강 3311맑음다습14 6 4기대하라        컬러즈플아이월이 5433.00한암 31414 2 1   95      24750국5이관호남석우   2 2 8 1 2 9 2 1 0 7 14조재로48652.078평자상92 94 946561.051.031.727481322471321 716 02416192422 0 099↗↘추13.837.239.612.6683238.238.4 80.9 82.7 33 17 3317   13.90   12.90 6  1 -3NUUP55.04791412 -.2 4.2 4.0646412 1승부최상거리속성48기 1 7 5     7 7 6⑤1:20.9¾   1.113.937.513.1  0  7 1.30 5 5 -2 1.13274223844 3 5 2 50 2 3.02 1.05 1.5 3.9  7.5   16.0   30.7   51.0  .03364 0 7 6 0    .139.80 -.06 5.9283.16 8.2819.5231.71 8152610.8125.8438.24 4
20250803일 2120011국613 6 69 8혼전 4439흐림건조 3 6 4기대하라        컬러즈플아이월이 3031.00한암 3 0 0 1 1   96      16500국6이관호남석우   2 3 7 7 5 9 1 0 0 6  0조재로47955.080평입보71 76 766853.073.057.327481322471321 716 02416192422      ↗↘추13.837.139.813.7561337.337.2 75.9 74.0 20  0 40 0   14.00   14.00 6  5  0NN동       1412 1.8 3.2 5.0525212 0주전기수승부최상53기 1 6 6     7 7 2①1:15.9½    .013.938.112.9 -6  0-1.40 1 7  4  .0 253 5 690 6 7 1 13 1 7.04 6.09 2.1 7.3 15.0   40.2   37.6   56.210.64492 1 7 8 1▲ 1.637.80-1.31-2.8676.5628.9245.8157.2739587214.2929.4539.13 2
20250622일 1120011국640 8 99 4 1강 1159맑음포화15 6 4기대하라        컬러즈플아이월이 3031.00한암 3 0 0 2 1  114      16500국6이관호남석우   2 4 6 6 4 9 3 0 0 5  0문세영47955.073하입하25 34 344935.057.041.03644 922471321 745 02416283616      ↘↗입13.837.239.914.0491336.539.0 76.1 75.4  0  0 25 0   14.10   14.60 4 -8  0HNDN       1412 2.0 3.3 5.3464612-2걸음불변주전기수87기 3 1 4     4 3 3④1:16.11     .214.039.314.0  1  0 -.60 4 3 -2  .92816593477 411 7 32 3 2.06 6.02 3.7 6.9  3.7   21.0   29.9   68.9  .02453 0 6 5 0    .638.10 -.96-1.7576.6712.4526.9541.04122539 8.5721.1333.19 4
20250524토 2140010국650 9109 4혼전 4456흐림다습13 6 4기대하라        컬러즈플아이월이 5433.00한암 3 0 0 2 1   79      16500국6이관호남석우   2 5 5 5 1 9 2 0 0 4  0문세영47955.073하입하48 46 464939.060.054.63644 922471321 745 02416283616      ↘↗입13.836.840.814.069 637.240.6 91.4 89.9  0  0 33 0   13.70   14.60 4  4  0LNUP       1412 2.3 2.7 5.0535312 1직전탐색거리부담44기 0 9 5     7 7 7⑥1:31.44    2.014.140.714.6  1 -8-1.00 6 5  3 3.27758818430 3 8 4 20 2 2.08 1.03 3.7 8.7  4.2   18.1   26.6  123.8  .03343-1 7 6-1    .539.30-1.5212.2989.6920.7539.5254.5618365115.0934.1539.34 2
20250426토 2130011국651 9109 7혼전 4424맑음양호 9 6 4기대하라        컬러즈플아이월이 5433.00한암 3 0 0 9 1  163      16500국6이관호남석우   2 6 4 4 1 9 1 0 0 3  0문세영48755.073하입보51 54 545650.069.047.43644 922471321 745 02416283616      ↘↗입13.837.140.414.0751336.640.6 84.7 83.0  0  0 33 0   14.10   14.30 4 -4  1NNUP       1312 3.0 2.5 5.5454512 1걸음불변탄력호전 1기 1 5 3     3 5 8⑨1:24.71     .913.741.214.6  7  4-1.21 9 2 -1 1.046 8866259 210 3 20 1 6.0511.03 2.6 6.1 10.6   54.3  133.8 1086.7  .03372 0 7 8 0   1.240.00 -.89 5.5083.6119.0233.4947.4018365117.7426.2137.36 3
20250330일 1120011국641 8 99 4 2강 2242맑음건조 3 6 4기대하라        컬러즈플아이월이 3031.00한암 3 0 0 9 2  238      16500국6이관호남석우   2 7 3 3 3 9 1 0 0 2  0마이아48354.593하입보25 37 373732.051.031.23563211850 821 7 0 024163631 9      ↗↘선13.837.440.014.3391436.639.6 77.9 75.9  0  0  0 0   13.80   14.70 5  6  0BN동       1212 4.0 2.0 6.0282812 0선행무리기수영향 1기 0 9 5     4 4 5④1:17.9½    .414.140.614.3  1  5-1.70 4 3  0  .84217735372 2 8 5 42 1 4.0110.07 2.7 5.8  4.7    6.2   12.1  105.7  .01653-2 5 3-2    .138.10 -.84-1.5076.84 8.4119.6231.16 9203211.1122.7325.53 5
20250222토 1120011국651 9109 3혼전 4434맑음건조 3 6 4기대하라        컬러즈플아이월이 3031.00한암 3 0 0 9 2  354      16500국6이관호남석우   2 8 2 2 2 9 2 0 0 1  0김용근47854.587하입하23 23 232314.040.016.61832 51850 821 721252416292517      →↗선14.137.640.014.3291636.740.1 78.7 76.7  0  0  0 0   14.10   14.60 4 -3  1HN동       1212         6.0    12 0기수신마보통걸음 1기 1 3 1     2 3 6⑤1:18.7¾    .613.841.114.7  2 -3-1.90 5 3  1  .66921837063 8 9 7 51 2 6.01 5.07 3.9 8.5  8.2   11.7   26.9   36.0  .02027-2 3 3-2   -.938.20 -.55 -.9076.95 2.79 7.6916.58 51222 6.4512.5920.77 6
20250125토 1120011국640 8 99 7 1강 1135맑음건조 3 6 4기대하라        컬러즈플아이월이 3031.00한암 3 0 0 9 3  420      24750국6이관호남석우   2 9 1 1 1 9 1 0 0 0  0김용근48154.089평무보   25 2540  .054.049.526502034612221 721252416292517      ↘→선    36.738.5        37.339.6 78.8 76.8              13.80   13.60 4  0  0LL동       12 0                 0 0걸음불변기수신마 1트 1 6 5     4 4 7⑥1:18.83    1.814.140.514.6  4-14-1.90 6 2  0 1.97155727336 1 1 1 22 1 7.09 7.01 3.1 6.1 14.6  168.8  416.0  499.112.03470 2 6 7 2    .439.10 -.13 1.6075.6118.5236.6149.47183651 8.3316.6725.00 6
20251122토 6130010국5 3 7  8 4혼전 4427           6 5태기산킹        테스타마슈퍼레전 5734.00한수 3       1    014:25 24750국5서범석최성룡   1 0 8 1 1 0 1 1 0 0  0디에고   54.553기자적41 48 4877  .047.023.8 733 01850 92043 0 02115161919 0 099→↘추13.636.938.912.58479                   20 40 4020   15.00   13.0030 -3  0NUDN56.04721413  .8 3.4 4.2525213-1주행평범마방연대44관 1 5                            15.0    13.0                                 3 1 8 6  1                                            13.21957 0 5 6 0   -.338.90  .78     82.52 8.0914.4023.76 4111812.8623.0833.33 6
20250420일 41400 9국530 7 38 5 3강 3351맑음양호 9 6 5태기산킹        테스타마슈퍼레전 5734.00한수 31616 2 3  596      24750국5서범석최성룡   1 1 7 1 2 7 6 1 0 6 16박태종47054.567기자적71 67 676954.050.026.71033 8 920 3204317 02115202320 0 099↗↗선13.636.739.212.56855                   20 40 4020   14.20   12.80 6  6 -2NUUP56.04721413 1.3 3.8 5.0414113 1마방강공작전마주 1기 0 8                    경제    14.2    12.8    -2-1.17                      1 6 3 50 6 1.03 9.05 1.7 3.0  1.7    4.5    6.0   16.912.13159 0 7 5 0    .039.20  .26     88.52 7.2815.4526.69 8152612.3627.7840.14 3
20250308토 2130010국630 9 88 4혼전 4436맑음다습11 6 5태기산킹        테스타마슈퍼레전 5734.00한수 3 0 0 2 2  310      16500국6서범석최성룡   1 2 6 6 3 7 5 0 0 5  0박태종47256.064하입하25 26 266523.053.036.41683 4298620204317 02115202320      ↗↘선13.636.939.513.4876837.438.6 81.2 81.4  0  0 2525   14.50   14.30 4 -9  0HNDN       1413 1.7 4.0 5.7323213-1마방강공마방강공 1기 0 2 6     6 6 2①1:21.21¼  -.214.238.012.8 -1 -1  .30 1 2 -1  .0 439312296 1 5 4 43 5 2.03 2.04 2.2 3.6  4.2    8.2   16.0   37.913.23153-1 6 5-1    .139.80  .09 4.9982.9012.8125.4836.3910233612.2425.8633.17 4
20250209일 3140011국650 9 58 4혼전 4459맑음건조 4 6 5태기산킹        테스타마슈퍼레전 5734.00한수 3 0 0 1 2  385      16500국6서범석최성룡   1 3 5 5 2 7 4 0 0 4  0박태종47356.064하입하35 37 375434.053.029.51683 4298620204317 02115202320      ↗↘선13.636.939.913.4525537.240.8 91.9 89.9  0  0 2525   14.00   13.70 6  6  1NNUP       1413  .5 5.0 5.5272713 1걸음불변마방강공 1기 011 8     6 7 8⑧1:31.9¾   2.114.541.014.3  5  5-1.29 8 3  0 2.37861858827 1 6 3 60 4 8.1010.05 2.7 3.8 19.3  462.5  819.2  849.6  .02947-1 6 4-1    .039.20 -.3713.1089.14 9.1918.1829.51 7162712.9023.7039.30 5
20241229일 2130011국642 8 98 5 1강 1149맑음건조 4 6 5태기산킹        테스타마슈퍼레전 5734.00한수 2 0 0 9 3  496      16500국6서범석최성룡   1 4 4 4 2 7 3 0 0 3  0박태종46855.067하선하31 29 297527.051.032.11033 8 920 3204317 02115202320      ↗↗선13.637.039.213.6715938.238.1 83.8 83.0  0  0 33 0   13.60   14.30 4 -3  0NHDN       1412 2.0 4.0 6.0151514-1직전탐색거리속성 1기 0 5 3     5 3 3③1:23.83     .514.039.213.7  0  0-1.30 3 3  1 1.34575163175 1 4 4 42 3 4.06 2.01 2.5 4.3  6.6   46.7   78.9   46.9  .03344-1 5 4-1    .240.10  .31 6.7782.7810.0321.3732.05 8203310.9424.6428.36 5
20241201일 3140010국651 8108 4혼전 4429맑음포화17 6 5태기산킹        테스타마슈퍼레전 5734.00한수 2 0 0 1 3  583      16500국6서범석최성룡   1 5 3 3 1 7 2 0 0 2  0박태종46855.067하무보31 25 2529 8.036.011.71033 8 920 3204317 02115202320      ↗↗선13.636.940.413.6621835.941.0 90.1 89.2  0  0  0 0   13.60   14.60 5  4  0NHUP       1412         5.0    13 1걸음불변거리부담 1기 1 8 2     1 2 2⑥1:30.1½   1.313.640.714.3  4 -2 -.40 6 2 -4 1.859 4886546 4 6 8 91 2 5.0410.11 3.6 6.7  6.1   15.4   28.9   18.7  .01420-1 3 2-1  -1.139.10 -.2111.9089.48 2.02 5.9911.69 2 5 9 5.45 8.9617.26 9
20241027일 21300 9국652 2 58 5혼전 4435맑음다습12 6 5태기산킹        테스타마슈퍼레전 5734.00한수 2 0 0 9 4  692      24750국6서범석최성룡   1 6 2 2 1 7 1 0 0 1  0박태종47055.081하무보29 25 252917.043.014.71550 3215014204317 02115202320      ↘↗선14.338.139.513.6126837.339.4 82.4 83.5  0  0  0 0   14.30   13.90 3 -7  0HHUP       1312         6.0    12 1기수신마거리늘어 1   0 4 7     7 7 5⑤1:22.4¾   1.313.639.914.6 -1  5  .40 5 6  2 2.76236594747 8 6 8 60 1 1.03 1.06 2.5 4.3  2.5    4.3    7.2   11.2  .02032 0 4 5 0   -.639.10 -.08 5.9183.68 2.25 7.6614.74 51222 7.1416.3024.79 6
20241005토 1120011국650 5 58 7혼전 4435맑음건조 3 6 5태기산킹        테스타마슈퍼레전 2132.00한수 2 0 0 1 4  770      24750국6서범석최성룡   1 7 1 1 1 7 1 0 0 0  0빅투아46555.081평무보   25 2540  .048.021.4203115215014204310 02115202818      ↗→입    36.738.5        37.838.6 76.7 76.5              13.80   13.60 4  0  0NL동       12 0                 0 0걸음불변기수신마 1관 111 9     8 7 6⑥1:16.7목   2.514.338.813.9  2  7 -.30 6 4  0 2.66479416025 9 910 80 1 2.01 3.02 2.4 3.9  3.6    3.9    9.0   17.912.72847 2 5 7 2    .039.00  .68 1.3475.61 5.7112.0021.42 1 512 9.2818.0028.3911
20251122토 6130010국5 3 7  5 2혼전 4427           6 6큐피드하트      티즈원더레디플레 6234.00한암 3 7 7   1    014:25 24750국5신삼영서순배  -1 01410 71311 1 013  7조한별   52.067평추보50 51 513211.040.015.01342 8 625 6 919 8 510 2121918 0 099↘↗입13.737.439.112.85268                   10 20  020   13.70   13.60 9  4  0NU동52.55001312-1.0 7.2 6.2474713 0걸음불변급하락세67기 1 6                            13.7    13.6                                 8 4 6 8 11                                              .01417-1 3 3-1   -.739.10  .60     82.97 3.34 7.5614.95 3 814 2.86 7.6916.67 8
20250920토 4130011국531 1 85 3혼전 4411맑음포화18 6 6큐피드하트      티즈원더레디플레 6234.00한암 3 8 8 2 1  171      24750국5신삼영서순배  -1 113 9 61310 1 012  8조한별50652.067기추적21 20 2036 5.037.0 9.81342 8 625 6 919 8 510 2121918 0 099↘↗입13.737.539.212.8486837.539.2 80.7 82.9 11 22  022   13.70   14.70 4 -4 -2UU동52.55001312 -.2 6.4 6.2414113 0걸음불변최적거리 6기 0 2 3     5 4 6⑦1:20.73    1.013.738.213.6 -3 -8 1.90 710  3 1.1384649444711 5 910210 3.07 9.04 1.8 4.6  6.7   46.7  100.6   48.1  .01418-2 2 1-2  -1.139.50  .62 6.2083.10 1.61 4.65 9.84 2 5 9 1.10 4.08 7.5710
20250824일 5130011국552 1105 2혼전 4421맑음건조 4 6 6큐피드하트      티즈원더레디플레 6234.00한암 3 9 9 2 1   70      24750국5신삼영서순배  -1 212 8 513 9 1 011  9조한별51453.567평추하32 35 3529 5.035.0 7.61342 8 625 6 919 8 510 2121918 0 099↘↗입13.937.739.112.8347537.440.0 82.3 84.5 13 25  025   13.90   14.20 7 -2  2NN동52.55001312 -.6 5.8 5.2505013 0걸음불변최적거리36관 1 6 6     5 5 8⑩1:22.31½  1.813.740.114.7  3 13  .9010 7  2 2.1844075682511 410110 9 2.04 3.09 4.0 8.4  4.7   16.4   32.9  121.5  .01414-2 2 1-2  -1.039.70  .61 7.6683.16  .99 3.40 7.55 1 3 5  .91 3.49 6.4211
20250706일 31300 9국551 4105 3혼전 4421맑음건조 3 6 6큐피드하트      티즈원더레디플레 6234.00한암 31010 1 1  115      24750국5신삼영서순배  -1 311 7 413 8 1 010 10조한별50152.067기추적62 71 716716.047.020.81342 8 625 6 919 8 510 2121918 0 099↘↗입14.237.838.912.8348237.739.1 82.8 83.6 14 29  029   14.30   13.70 4  6  0LU동52.55001312-1.4 5.6 4.2616113 0걸음관심급하락세50기 1 8 8     7 7 6⑥1:22.8½   1.313.939.214.2  1 -3  .30 6 5  0 1.56152474636 9 2 6 70 8 1.08 6.04 2.2 5.4  2.2   28.3   40.0   43.7  .02737 0 4 3 0   -.339.40  .31 6.8783.10 5.4711.2720.76 3 814 5.8811.3016.35 9
20250608일 2130010국511 6 15 4 1강 1121맑음건조 3 6 6큐피드하트      티즈원더레디플레 6234.00한암 31111 2 1   68      24750국5신삼영서순배  -1 410 6 313 7 1 0 9 11조한별50452.067기추적24 29 2949 7.043.020.51342 8 625 6 919 8 510 2121918 0 099↘↗입14.237.939.112.8287237.838.1 81.8 82.0 17 33  017   14.30   13.70 5 -7  0UU동53.04961312-1.2 5.8 4.6525212 0주행평범거리속성60기 2 2 7     6 7 5③1:21.82½   .414.338.413.7 -2  5 -.40 3 5 -4  .7126016207210 3 5 63 7 1.02 1.07 1.2 2.7  1.2    2.7    2.9    5.5  .01733-1 2 3-1   -.438.90  .13 4.9983.29 5.3411.3920.54 51223  .86 3.81 8.13 9
20250503토 3130010국532 7 85 4 1강 1111흐림포화18 6 6큐피드하트      티즈원더레디플레 6234.00한암 31212 1 1  141      24750국5신삼영서순배  -1 5 9 5 213 6 1 0 8 12조한별49952.067기무하19 44 4424 5.035.010.51342 8 625 6 919 8 510 2121918 0 099↘↗입14.237.839.112.8337238.139.1 82.0 83.4 20 40  020   14.30   14.10 4  2  0BUUP53.04961312 -.4 5.8 5.4505012 1걸음불변거리속성 1기 0 9 9     9 9 6⑤1:22.02½  1.314.338.213.7 -4  6 1.30 5 9  3 1.4597348623911 4 5103 6 6.07 7.03 2.6 5.0 20.2  120.0  323.3   89.5  .01416-1 2 2-1  -1.039.40  .47 6.4983.23 1.49 5.0010.53 1 4 7  .99 4.06 7.6410
20250405토 5120010국523 5 75 3 1강 1151비  다습13 6 6큐피드하트      티즈원더레디플레 3435.00한암 31414 1 2  223      24750국5신삼영서순배  -1 6 8 4 713 5 1 0 7 14조한별49352.065기입보89 83 833835.043.019.31882 71356 5 919 8 510 2121918 0 099↗↘입14.237.838.412.8188237.239.9 76.1 77.1 25 50  025   14.30   13.80 4  2  0LU동53.04961312 -.8 5.8 5.0565612 0주행평범기복전력 1기 0 7 8     7 6 6⑦1:16.12½  2.014.339.014.1  1  0 1.00 7 6  2 2.67747807719 8 5 4 60 5 2.01 8.02 1.8 2.6  3.4    2.6    5.8   27.4  .01729-1 5 4-1   -.538.10  .18  .8576.17 3.46 9.8219.32 61526 5.0013.5123.96 6
20250309일 5120011국513 3 65 3 1강 1149맑음다습10 6 6큐피드하트      티즈원더레디플레 3435.00한암 31616 2 2  297      24750국5신삼영서순배  -1 7 7 3 613 4 1 0 6 16조한별49352.065기입적40 35 3542 8.039.020.11882 71356 5 919 8 510 2121918 0 099↗↘입14.237.938.412.8118237.038.5 76.1 75.4 33 33  033   14.30   14.80 4  3  0NU동53.04961312-1.3 6.3 5.0515112 0탄력늘어기복전력 1기 1 5 9     7 5 4⑤1:16.1¾    .414.339.013.8  1-11 -.60 5 4 -1 1.7253739296711 4 4 60 4 1.06 2.11 1.5 6.3  1.5   13.2   17.1   62.7  .01830-1 3 2-1   -.737.50  .09 -.8976.23 4.6810.9620.11 51223 9.3815.7922.54 5
20250209일 5120011국544 8 95 4혼전 4441맑음건조 4 6 6큐피드하트      티즈원더레디플레 3435.00한암 32020 1 2  383      24750국5신삼영서순배  -1 8 6 2 513 3 1 0 5 20조한별50452.065기입적60 51 512711.036.0 6.81882 71356 5 919 8 510 2121918 0 099↗↘입14.237.938.612.8 86837.639.7 78.9 77.1 33 33  033   13.90   14.10 4  1  0UUDN53.04961312 -.5 7.5 7.0282812-1걸음불변최적거리 1기 0 2 7     7 610⑪1:18.94    2.314.340.514.8  6 -2-1.7911 5  2 2.7776874801611 910110 3 2.08 1.05 3.8 9.7  4.4   31.7   50.6  149.1  .01426-2 3 1-2  -1.238.00  .35  .5776.34  .90 2.74 6.78 0 2 5 2.53 7.0613.7611
20250112일 2130010국522 7 75 1 1강 1111맑음건조 4 6 6큐피드하트      티즈원더레디플레 6234.00한암 32525 2 3  452      24750국5신삼영서순배  -1 9 5 1 113 2 1 0 4 25조한별50652.069기입적89 65 653261.040.015.91240 5149910 919 8 510 2121918 0 099↗↗입14.238.139.312.8146437.139.0 83.1 82.7 33 33  033   14.30   13.10 4 -4 -1UUUP53.04961312  .0 9.0 9.0303012 1뒷심문제탐색우려 1기 0 1 4     3 4 7⑥1:23.1¾   1.013.940.114.1  3 10-1.21 6 3 -1 1.2322745275210 7 3 82 2 1.02 7.09 2.3 5.7  2.3    5.7    9.5   12.2  .02917-4 5 5-4▼ -.638.90  .02 5.2683.55 3.10 9.0315.88 1 51210.6225.4735.03 3
20241214토 41200 9국642 9 95 2 1강 1159맑음양호 8 6 6큐피드하트      티즈원더레디플레 3435.00한암 2 0 0 2 3  550      16500국6신삼영서순배  -110 4 4 413 1 0 0 3  0조한별49653.069하입하25 18 1817 4.035.014.21240 5149910 919 8 510 2121918      ↗↗입14.237.939.313.7 54737.337.4 76.5 74.5  0  0  0 0   14.50   14.10 3 -3 -1NH동       1212         9.0    12 0걸음불변보통걸음 1기 1 5 5     5 5 1①1:16.54    -.614.338.213.1 -3 -9-1.70 1 4  0  .0 557 7 998 7 5 6 73 1 4.01 5.06 3.4 5.6  6.0    6.9   16.5    8.8  .01418-2 1 1-2  -1.037.20 -.24-2.7076.73 2.00 6.6414.19 3 815 1.28 2.65 9.29 8
20241123토 3120010국613 6 65 2 3강 3347맑음건조 4 6 6큐피드하트      티즈원더레디플레 3435.00한암 2 0 0 2 4  616      16500국6신삼영서순배  -111 3 3 313 2 0 0 2  0이현종50554.059하입보22 20 20 7 3.031.012.2 3 0 4175011 91910 010 2111925      →→추14.237.939.413.7 93937.938.8 78.3 76.7  0  0  0 0   14.20   14.10 4  2  1BN동       1212         5.0    12 0걸음불변보통걸음 1기 1 810    1010 9⑨1:18.32    2.314.539.714.1  5  5-1.65 9 4 -2 2.46882497027 9 7 6 60 2 1.02 5.07 1.4 4.3  1.4    4.3    6.4    7.5  .01411-2 1 1-2  -1.337.90 -.24 -.6176.78 2.42 5.8312.20 3 817 1.82 3.39 7.43 8
20241026토 3120010국620 5 25 1 2강 2239맑음다습14 6 6큐피드하트      티즈원더레디플레 3435.00한암 2 0 0 9 4  702      16500국6신삼영서순배  -112 2 2 213 1 0 0 1  0이현종50053.059하무보11 16 16 5 2.026.0 4.3 3 0 4175011 91910 010 2111925      →→추14.538.139.613.7 33237.639.0 76.8 76.6  0  0  0 0   14.50   14.0010  3  0LH동       1212         9.0    12 0기수신마보통걸음 1   0 6 7     6 6 5⑤1:16.81    1.914.239.414.1 -1 -7 -.20 5 6 -3 3.26471566733 810 5102 1 1.02 3.08 1.7 1.9  1.7    1.9    2.8    4.8  .020 9-3 1 1-3▽-1.737.60 -.23-1.1577.01  .46 1.98 4.25 0 4 8  .12 1.70 3.9911
20240817토 1120010국641 4 95 5혼전 4435맑음건조 4 6 6큐피드하트      티즈원더레디플레 3435.00한암 2 0 0 2 5  896      24750국6신삼영서순배  -113 1 1 113 1 0 0 0  0이혁  50753.091평무보   35 3540  .049.023.82646101125 7 919242610 2272119      ↗↗선    36.738.5        38.039.2 77.4 77.4              13.80   13.60 4  0  0NN동       12 0                 0 0걸음불변기수신마 1기 1 310     71010⑨1:17.42    1.714.539.514.0  0 24 -.20 9 9  0 1.78284607833 4 4 7 50 1 8.03 6.09 2.4 6.0 22.6   34.3  102.5   39.7  .02149 0 4 6 0   -.139.30  .59 2.1675.61 6.1412.6423.80 4111813.0423.3842.97 3
20251122토 6130010국5 3 7  8 4혼전 4427           6 7캡틴라이즈      더킹    럭셔리해 7235.00한수 31010   1    014:25 24750국5심승태박정재   2 011 8 810 3 1 010 10조상범   52.056평추보50 52 5233 8.039.014.81268 61144 7 814 51512 9132018 05050→↘입13.637.639.412.94247                   11 11  0 0   14.10   13.20 4 -2 -1NU동54.34861413-2.4 9.8 7.4474713 0걸음불변최적거리 1   0 7                            14.1    13.2                                10 7 5 9 10                                              .01424 0 2 2 0   -.939.40  .29     83.29 3.04 7.3014.81 2 5 9 4.29 7.6915.48 9
20251025토 5130011국553 4108 3혼전 4411맑음건조 5 6 7캡틴라이즈      더킹    럭셔리해 7235.00한수 31111 9 1   84      24750국5심승태박정재   2 110 7 710 2 1 0 9 11조상범48552.556평입보23 35 3525 6.037.0 8.91268 61144 7 814 51512 9132018 05050→↘입13.637.639.613.1424338.438.4 82.4 83.2 13 13  0 0   14.00   14.0010  5  0BU동54.34861413-1.6 8.8 7.2454513 0걸음불변보통걸음36기 0 910    111111⑧1:22.4½   1.014.138.113.2 -3  2  .40 811  2 1.2488122454911 610113 9 2.10 4.06 2.1 6.6  5.0   92.7  163.2   59.6  .01425 0 2 1 0   -.839.50  .34 5.9983.42 1.46 4.05 8.94 1 3 5  .81 4.10 8.4011
20250817일 4130010국534 8 38 4혼전 4421맑음양호 8 6 7캡틴라이즈      더킹    럭셔리해 7235.00한수 31212 2 1  178      24750국5심승태박정재   2 2 9 6 610 1 1 0 8 12조상범48352.556평입상43 52 5232 9.042.015.01268 61144 7 814 51512 9132018 05050→↘입13.637.639.513.1405137.939.1 83.0 83.8 14 14  014   13.60   13.40 4  1  0VU동54.34861413-2.0 8.0 6.0515113 0걸음불변보통걸음44기 0 4 6     7 6 5⑦1:23.0코    .814.039.714.0 -2 -3 -.10 7 9  0 1.17063485658 9 7 8 80 8 1.08 2.06 2.0 2.9  2.0   54.6   77.8   33.3  .01844 0 3 2 0   -.639.70  .24 6.7483.35 2.96 8.6815.03 3 814 2.11 5.9715.2410
20250719토 3130011국522 3 78 2혼전 4421비  불량20 6 7캡틴라이즈      더킹    럭셔리해 7235.00한수 31414 2 1   64      24750국5심승태박정재   2 3 8 5 510 1 1 0 7 14김태훈48652.573하추보 7 12 1221 9.045.016.02043101144 7 81414 812 9112519 0 099↘→입14.037.839.913.5283537.538.3 81.5 82.5 17  0  0 0   14.20   14.50 3  1 -1HUDN56.04851413-1.4 7.4 6.0454512-1탄력저조선추겸비68기 0 3 2     3 5 2⑤1:21.5목    .513.638.613.4 -4  0  .50 5 9 -2  .72541201463111010 82 1 1.02 2.11 2.2 3.7  2.2    3.7    5.7   21.1  .01029-1 2 5-1   -.439.10 -.16 4.8183.74 3.73 8.3416.00 2 713 3.03 7.8418.82 8
20250628토 5140011국541 8 98 3 2강 2251흐림다습11 6 7캡틴라이즈      더킹    럭셔리해 7235.00한수 31616 9 1   56      24750국5심승태박정재   2 4 7 4 210 7 1 0 6 16조상범48653.056하추보36 35 3520 3.032.011.61268 61144 7 814 51512 9132018 0 099→↘입14.037.640.113.5113237.240.6 90.2 90.3 20  0  0 0   14.00   14.20 4  0 -2UUUP56.04851413-1.6 7.2 5.6434313 1걸음불변보통걸음34관 1 2 8     8 8 8⑨1:30.2½   1.914.240.514.5 -2 10  .10 911  2 3.18562848721 9 9 6 90 7 1.0211.01 2.5 5.6  2.5    5.6    9.4   42.9  .01417-1 1 1-1  -1.338.60 -.4612.5589.76 2.32 5.5611.55 1 4 8 1.14 2.17 4.76 9
20250601일 4130010국511 4 68 4혼전 4411맑음건조 3 6 7캡틴라이즈      더킹    럭셔리해 7235.00한수 32020 1 1   66      24750국5심승태박정재   2 5 6 3 410 6 1 0 5 20조상범47654.556하추하18 27 2729 5.034.0 5.81268 61144 7 814 51512 9132018 0 099→↘입14.238.139.613.5125537.639.4 82.7 83.3 25  0  0 0   13.70   15.00 5 -1  1UNDN56.04851413-1.8 6.8 5.0444412-1걸음불변선추겸비49기 0 2 5     6 6 7⑧1:22.7머리 1.514.039.514.2 -1  2  .10 8 9  5 1.557495956321010 9 92 6 2.05 7.06 2.2 6.0  5.9   18.6   34.3   40.1  .01420-1 1 1-1  -1.239.00  .11 5.6483.74  .61 2.06 5.79 1 4 8  .83 3.40 6.98 9
20250426토 4140010국511 8 68 2 1강 1151맑음양호 8 6 7캡틴라이즈      더킹    럭셔리해 7235.00한수 32525 9 1  161      24750국5심승태박정재   2 6 5 2 110 5 1 0 4 25조상범47453.556하추상28 41 41 7 5.028.0 4.91268 61144 7 814 51512 9132018 0 099→↘입14.237.740.113.5 73536.541.0 91.3 89.4 25  0  0 0   14.30   14.20 6 -1  1UNUP56.04851413-2.7 7.0 4.3454512 1걸음불변탐색우려 1기 2 3 2     3 2 5⑨1:31.3¾   1.313.741.415.0  5 -7-1.31 9 4 -2 4.065218779391111 8110 5 6.02 2.08 2.7 9.4  9.1   27.0   56.6   27.4  .01411-3 2 1-3▽-1.738.30 -.3311.5989.83  .73 2.46 4.85 0 2 5 1.04 4.44 7.25 9
20250315토 4130011국544 7 98 2혼전 4411맑음양호 7 6 7캡틴라이즈      더킹    럭셔리해 7235.00한수 33333 2 2  287      24750국5심승태박정재   2 7 4 1 310 4 1 0 3 33조상범48153.058하추상17 37 372421.034.0 7.3 940 810 011 814 51512 9132018 0 099→→입14.238.139.713.5104738.438.9 83.7 83.6 33  0  0 0   14.20   13.80 3  1 -3VU동56.04851313-2.0 8.0 6.0252512 0전력변화단기승부 1기 0 4 7     6 5 6⑦1:23.74    1.314.339.714.2  1 -4 -.60 7 6  1 2.065844066381111 8102 4 2.01 2.11 1.9 4.3  4.8    5.1   12.3    6.4  .02320-3 3 3-3▽-1.339.10  .03 5.7983.80 1.34 3.26 7.27 0 2 5 6.0313.8820.74 8
20250222토 3130011국622 9 28 1 2강 2229맑음건조 3 6 7캡틴라이즈      더킹    럭셔리해 7235.00한수 3 0 0 9 2  352      16500국6심승태박정재   2 8 3 3 210 3 0 0 2  0조상범48556.058하추보 5 10 10 8 3.030.0 8.9 940 810 011 814 51512 9132018      →→입14.738.340.213.9 52537.938.8 84.7 83.0  0  0  0 0   15.10   14.20 4 -8  0HNUP       1312-3.010.0 7.0151512 1걸음불변부진마필 1기 0 3 8     7 6 3①1:24.7½    .014.239.813.8 -4  2-1.70 1 5 -1  .0476537468711 8 8103 3 5.06 3.10 2.1 2.1 17.0   71.1  380.5  977.2  .014 5-4 2 2-4▼-1.638.80 -.46 4.5284.25 1.08 2.46 8.87 3 814 1.61 2.96 5.7010
20250125토 3120011국611 9 68 1 2강 2239맑음건조 3 6 7캡틴라이즈      더킹    럭셔리해 72     한수 3 0 0 9 3  418      16500국6심승태박정재   2 9 2 2 110 2 0 0 1  0조상범48356.060하추보 9 35 35 5  .029.014.61250 8 7 0 6 814 51512 9132018      →→입14.738.339.914.2 11338.038.4 78.5 76.5  0  0  0 0   14.70   14.50 4  2  1NNDN       1313         7.0    13-1걸음불변탐색우려 1기 31111    1010 6⑤1:18.51¼  1.515.139.514.2 -1  5-2.10 5 6 -4 2.2638434604411 611 83 2 1.03 3.07 1.8 4.9  1.8    9.8   12.7   28.2  .014 9-4 2 1-4▼-1.537.40 -.82-1.7077.29 1.33 5.8014.55 1 4 820.0035.6459.29 3
20241228토 1130012국651 6108 1 3강 3335맑음건조 5 6 7캡틴라이즈      더킹    럭셔리해 7235.00한수 2 0 0 9 3  509      24750국6심승태박정재   210 1 1 110 1 0 0 0  0조상범47855.058평무보   35 3540  .025.0 3.71250 8 7 0 6 814 51512 9132018      →→입    37.539.6        38.840.0 85.0 85.0              14.00   13.70 4  0  0LL동       13 0                 0 0걸음불변탐색우려 1기 0 912    1211 8⑦1:25.04    2.514.740.814.5 -3 12 -.50 710  0 3.19192759222 6 6 6123 1 2.01 8.11 2.6 5.4  3.8    5.4    9.2   57.9  .014 6-3 2 2-3▽-1.740.00  .53 7.9483.35  .49 1.87 3.65 0 3 510.2319.2531.58 7
20251122토 6130010국5 3 7  6 6혼전 4427           6 8최강스피드      미스터크파이어리 3928.00한수 31133   1    014:25 24750국5전승규김길리   1 010 7 6 9 1 1 2 9 33우인철   53.064우자적50 63 636850.064.049.31567 62644 92143 0 02016102925 067 0→→추14.037.239.012.87079                   38 63  025   14.60   13.80 4 -2 -4LU동55.34841413  .4 2.4 2.8707013 0연대우수마방연대61기 1 8                            14.6    13.8                                 5 2 1 1  1                                              .03176 0 7 7 0    .939.00 -.15     82.7819.4337.4649.2732526415.7124.3638.10 4
20251025토 5130011국553 4106 9혼전 4411맑음건조 5 6 8최강스피드      미스터크파이어리 3928.00한수 31237 9 1   84      24750국5전승규김길리   1 1 9 6 5 9 4 1 2 8 37문세영48356.573강입상90 97 978669.067.038.33644 92644 9214339202016283616 067 0↘↗입14.037.139.012.8767938.138.7 82.0 82.8 43 71  029   14.10   13.20 4  7  1BN동55.34841413 -.6 3.0 2.4767613 0연대우수연대우수42기 01011    10 7 4③1:22.03     .614.638.413.8  2  2  .40 3 1 -2  .83469324562 7 2 1 33 4 2.10 4.06 2.1 6.6  5.0   92.7  163.2   59.610.53877 1 8 7 1▲ 1.339.90  .21 6.6982.7114.8727.5338.2512253913.7124.5935.29 3
20250927토 5130010국542 4 96 8혼전 4421맑음다습11 6 8최강스피드      미스터크파이어리 3928.00한수 31428 9 1   61      24750국5전승규김길리   1 2 8 5 4 9 3 1 1 7 28문세영48155.573우자상82 83 838765.070.042.93644 92644 9214339202016283616 050 0↘↗입14.037.039.212.8796837.239.0 81.2 82.1 33 67 3333   14.50   13.10 4  0  1UN동55.34851412  .2 3.6 3.8616113 0마방습성연대우수63트 1 3 7     3 2 2②1:21.2½    .014.138.213.2 -1 -4  .80 2 3 -1  .11430432679 2 4 3 32 3 2.03 1.03 2.4 4.6  4.3    9.1   18.1   41.810.65580 1 9 8 1▲ 1.239.80  .01 5.9282.7816.7130.0142.8914284212.6623.2040.00 3
20250831일 4130011국512 3 66 6혼전 4411맑음다습13 6 8최강스피드      미스터크파이어리 3928.00한수 31633 9 1   50      24750국5전승규김길리   1 3 7 4 3 9 2 1 1 6 33문세영48555.073기무적58 51 515828.056.024.13644 92644 9214339202016283616 050 0↘↗입14.037.039.613.4805538.438.1 80.4 82.4 40 60 4020   14.70   14.20 4  2 -1UH동55.34851412  .2 4.0 4.2555513 0마방습성마방습성32관 1 311    10 8 5③1:20.43     .614.537.413.1 -1  7 1.10 3 4  1 1.42383164060 411 6 83 2 5.02 4.05 1.9 7.0 10.0   32.1   73.6   61.513.22856 0 5 5 0    .439.90  .29 5.8383.03 6.1114.6524.11 2 713 8.7514.5323.84 8
20250803일 41300 9국550 5106 6혼전 4421흐림건조 3 6 8최강스피드      미스터크파이어리 3928.00한수 32040 1 1   52      24750국5전승규김길리   1 4 6 3 2 9 1 1 1 5 40문세영47855.573기무보71 74 746357.058.024.63644 92644 9214339202016283616 050 0↘↗입14.037.139.613.4775138.739.0 84.1 84.1 40 60 4020   14.30   14.90 4 -7  0UHDN55.34851412 -.3 4.5 4.3565613-1걸음불변마방습성48기 1 1 8     7 8 8⑧1:24.13    2.414.739.514.2  5-13 -.69 8 3  1 2.77689447414 3 8 6 80 1 7.01 9.10 3.2 6.2 15.2   22.1   58.5   31.2  .02369 0 7 6 0    .540.20  .20 7.4383.10 5.7114.0924.60 41118 9.0122.4131.76 3
20250705토 4140010국550 6106 4 1강 1151맑음건조 3 6 8최강스피드      미스터크파이어리 3928.00한수 32550 1 1   80      24750국5전승규김길리   1 5 5 2 1 9 3 1 1 4 50씨씨웡49155.590기입보88 55 553784.058.038.43053102644 9214334 02016202422 050 0→↘선14.037.139.813.4395136.440.4 89.3 88.2 50 50 2525   14.70   13.70 4  1  2LNUP55.34851412 -.3 4.5 4.3565613 1뒷심문제거리부담75기 1 810     2 1 1④1:29.33    1.014.340.614.9  2  9-1.00 4 2  0 1.13018806650 6 5 5 41 3 1.03 5.02 2.8 5.1  2.8    8.0   13.7   19.4  .02947 0 7 6 0    .738.70 -.6511.3389.2111.6425.0738.36 8203319.0541.5153.16 3
20250608일 2130010국511 6 16 4 1강 1121맑음건조 3 6 8최강스피드      미스터크파이어리 3928.00한수 33333 2 1   68      24750국5전승규김길리   1 6 4 1 1 9 2 1 0 3 33씨씨웡48253.590기입적83 59 594690.056.040.23053102644 9214334 02016202422 099 0→↘선14.037.439.713.5545537.937.8 81.4 81.6 33 33 33 0   14.00   13.80 5  4 -4NUUP57.04881312 -.3 5.3 5.0464612 1교체성공거리늘어53기 1 7 9     7 4 2②1:21.41¾   .014.738.113.7  0 -6 -.40 2 2 -2  .3 665 91586 7 9 3 30 2 1.02 1.07 1.2 2.7  1.2    2.7    2.9    5.513.22952 0 8 8 0    .539.30 -.46 4.4983.3511.8726.4040.2312253925.8650.4858.73 2
20250503토 1120011국641 8 96 3 2강 2259흐림포화18 6 8최강스피드      미스터크파이어리 4926.00한수 3 0 0 1 1  143      16500국6전승규김길리   1 7 3 3 3 9 1 0 0 2  0씨씨웡48857.090하무보10 10 101718.046.026.43053102644 9214334 02016202422      →↘선14.437.939.613.8112036.738.5 75.3 74.9  0  0  0 0   14.40   14.90 4 -7  0HN동       1212 1.0 6.0 7.0222212 0마방기습거리난점 1기 0 3 7     5 4 2①1:15.31¼  -.214.038.813.8 -3 -6 -.20 1 4 -2  .01121371895 8 8 9 42 1 4.05 3.07 3.0 5.5  7.1   36.1   89.7   31.1  .02733 0 4 4 0   -.337.30 -.75-2.6176.90 8.0315.6626.36 92032 5.8112.7221.00 6
20250406일 1120011국611 8 66 6 2강 2239맑음불량20 6 8최강스피드      미스터크파이어리 4926.00한수 3 0 0 1 2  217      16500국6전승규박남성   0 8 2 2 2 9 1 0 0 1  0김동수49457.069하무보34 33 332515.043.032.31660 72050 5213118402016 92027      →→추14.638.139.113.8 76437.540.7 77.4 78.1  0  0  0 0   14.60   14.10 5  7  1BN동       1212-1.0 6.0 5.0353512 0마방연대마방기습 1기 010 9     9 7 7⑨1:17.45    3.014.440.414.9  3  2  .80 9 6  0 3.29165909216 9 6 3 30 1 4.02 5.04 1.7 6.2  9.3   16.2   39.0   11.6  .02835 0 5 4 0   -.338.10 -.75  .9376.73 9.2919.3732.34132843 5.2616.5318.60 5
20250301토 1120010국630 8 36 8 2강 2235흐림건조 3 6 8최강스피드      미스터크파이어리 4926.00한수 3 0 0 1 2  332      24750국6전승규박남성   0 9 1 1 1 9 1 0 0 0  0코지  49256.085평무보   25 2540  .062.060.02156 62050 5213133 02016252619      ↗→선    36.738.5        37.838.7 77.8 76.5              13.80   13.60 4  0  0NL동       12 0                 0 0걸음불변마방연대 1기 1 3 8     7 6 4⑤1:17.82    1.514.639.414.1 -1 18-1.30 5 6  0 1.86277456342 2 2 4 20 1 1.03 8.06 1.9 3.1  1.9    8.4   13.2    6.2  .03474 3 7 8 3▲  .939.00 -.44 1.2975.6121.6145.9360.0318395611.2521.6934.43 3
20251122토 6130010국5 3 7  7 4혼전 4427           6 9섬돌모루        세이브더위대한참 6927.00한암 3 037   1    014:25 24750국5서인석서운석  -4 0 9 6 5 8 3 0 3 8 37정우주   52.569기선적50 54 544152.051.022.82041101938 91918 7 018 91630136733 0↗↘입13.237.339.413.15255                   38 50 2513   13.20   14.00 5  1  0BH동52.84431312-2.4 8.4 6.0525212 0기습선행가격혈통44기 1 9                            13.2    14.0                                 6 6 4 7  3                                              .03126-2 6 6-2   -.239.40  .26     83.10 6.5815.1622.82 5122218.5738.4648.81 1
20251018토 4130011국554 3107 4혼전 4411흐림불량20 6 9섬돌모루        세이브더위대한참 6927.00한암 3 042 2 1  107      24750국5서인석서운석  -4 1 8 5 4 8 2 0 3 7 42정우주44552.569기입적58 70 704545.050.018.72041101938 91918 7 018 91630135050 0↗↘입13.337.539.413.1405936.839.6 81.2 82.5 43 43 1414   13.30   14.10 6  6  1LN동53.04431312 -.8 6.6 5.8545412 0기습선행가격혈통64트 0 8 2     2 2 2③1:21.2¾    .113.239.414.0 -7 -3 1.00 310  2  .22411622974 9 8 7 91 2 3.0410.07 2.6 9.0  6.0   25.2   36.0  148.6  .03142-1 5 4-1    .039.40  .25 5.6183.23 4.7810.2918.74 1 4 7 9.6817.1223.87 8
20250907일 4130010국541 4 47 3혼전 4421맑음포화16 6 9섬돌모루        세이브더위대한참 6927.00한암 3 033 1 1   92      24750국5서인석서운석  -4 2 7 4 3 8 1 0 2 6 33정우주44852.069기자적17 28 283515.043.015.52041101938 91918 7 018 9163013 099 0↗↘입14.037.939.413.1185936.239.8 80.1 81.7 33 33  0 0   14.50   14.2011 -2  0HH동54.04371312 -.8 6.6 5.8545412 0주행평범가격혈통27트 0 2 3     1 1 2②1:20.11¼   .013.339.114.1 -6  2 1.40 2 8 -2  .3 7 1691980 9 5 5 71 1 4.08 8.02 2.2 3.5  7.8   92.2  197.7   72.0  .01831-3 2 3-3   -.838.90  .11 4.4383.48 3.22 8.0515.47 41118 4.0012.5817.44 5
20250622일 3130011국533 8 87 3혼전 4421맑음포화15 6 9섬돌모루        세이브더위대한참 6927.00한암 3 040 2 1  197      24750국5서인석서운석  -4 3 6 3 2 8 1 0 2 5 40정정희44652.077기입적 5  7  73015.044.019.12657121938 9191814 018 9172415 099 0→↘입14.037.939.313.1206439.039.1 83.0 83.4 40 40  020   14.40   14.20 8  3  1HN동54.04371312 -.4 6.2 5.8505012 0걸음불변기수승부52기 0 411    1110 7⑥1:23.01¼   .914.538.914.2 -4  3  .40 610  1 1.8539446815010 410 83 1 2.0411.09 2.1 4.5  4.3   17.1   33.8   10.4  .01449 0 2 3 0   -.439.30  .07 6.1983.42 5.0210.4819.14 3 814 3.5710.8715.25 7
20250427일 6130011국552 3107 4혼전 4421맑음양호 7 6 9섬돌모루        세이브더위대한참 6927.00한암 3 050 9 1  149      24750국5서인석서운석  -4 4 5 2 1 8 1 0 2 4 50김태희44351.064평입하36 66 665626.044.010.9 929 51938 9191815 018 9152316 099 0↗↗입14.037.539.113.1487539.539.8 84.9 85.7 50 50  0 0   14.70   13.60 8 -3 -1UUUP54.04371312-1.0 5.5 4.5606012 1주행평범가격혈통 1기 0 1 9     91011⑪1:24.96    3.114.440.214.2  2 -4  .3011 9  4 4.395987095 3 9 5 4 80 4 2.01 5.07 2.9 6.7  4.7    8.3   16.5   24.613.21850 0 4 4 0   -.540.20  .65 9.0983.03 1.56 4.8510.85 3 814 4.1711.4314.91 9
20250302일 4120011국552 5107 6혼전 4451흐림건조 4 6 9섬돌모루        세이브더위대한참 9035.00한암 3 066 1 2  319      24750국5서인석서운석  -4 5 4 1 4 8 1 0 2 3 66이용호44752.079우입보91 94 948285.065.039.32262 91438 5191813 018 9191620 099 0↘↗선14.037.338.513.1508238.238.2 77.2 76.3 67 67  0 0   14.10   14.20 6 -6 -3UU동54.04371212-2.3 5.7 3.3686812 0후착무난가격혈통 1기 0 410    10 9 8⑧1:17.2¾   1.514.738.613.6  3 19 -.80 8 5  4 2.25789286033 8 6 1 40 1 2.01 9.07 3.9 8.5  4.0    8.5   16.1   14.110.53387 0 8 8 0△ 1.038.30 -.17  .5075.9513.4027.5839.3310233624.0042.6452.68 1
20250118토 1120011국610 9 17 5 1강 1139맑음건조 4 6 9섬돌모루        세이브더위대한참 9035.00한암 3 050 2 3  442      16500국6서인석서운석  -4 6 3 3 3 8 3 0 1 2 50김태희42854.562우입적92 90 907384.061.077.6187511305814191815 018 9152316 099 0↘↘입14.037.438.513.1407936.838.4 77.3 75.3 50 50  0 0   14.00   13.40 5  0  1NV동54.04371212-4.0 8.0 4.0595912 0걸음불변가격혈통 1기 010 2     2 2 1②1:17.32     .014.139.514.2  1 -9-2.10 2 1 -7  .32128331991 4 3 1 11 3 6.01 2.10 1.3 2.1 27.4   12.6   53.7   19.9  .01965 0 7 6 0    .737.90-1.35 -.6076.0037.7967.3777.6332526425.3251.1643.98 1
20241214토 1120011국650 9 57 4 2강 2239맑음양호 8 6 9섬돌모루        세이브더위대한참 9035.00한암 2 0 0 2 3  553      24750국6서인석서운석  -4 7 2 2 2 8 2 0 0 1  0김태희43754.062하입보34 31 312615.045.025.3187511305814191815 018 9152316      ↘↘입14.337.939.514.2114736.838.1 76.3 74.6  0  0  0 0   14.30   14.50 5  4  0BH동       1212-2.0 8.0 6.0333312 0기수신마가격혈통 1기 010 4     3 2 1②1:16.31½   .014.038.713.4 -6-13-1.40 2 8  0  .3 625241192 7 8 2 52 2 3.08 2.10 2.7 4.8  4.8  137.8  216.7  238.7  .02033-1 5 4-1   -.537.20 -.66-2.8576.84 6.3415.2725.33 71627 3.1610.31 9.8910
20241109토 11200 8국630 8 37 6 3강 3338맑음양호 6 6 9섬돌모루        세이브더위대한참 9035.00한암 2 0 0 2 4  660      24750국6서인석서운석  -4 8 1 1 1 8 1 0 0 0  0김태희45054.060평무보   25 2540  .038.020.3 8 0 72148 6191815 018 9152316      ↗↘입    36.738.5        37.638.9 77.8 76.5              13.80   13.60 4  0  0LL동       12 0                 0 0걸음불변기수신마 1기 1 6 6     6 6 6⑥1:17.82½  1.614.339.414.5 -2  6-1.20 6 8  0 2.86271536440 2 2 6 52 1 2.06 5.08 1.7 2.1  3.8   55.5   66.5  188.5  .02635 1 4 4 1   -.739.00  .71 1.2975.61 3.89 9.7820.29 8152611.5423.5346.90 6
20251122토 6130010외4 3 7  3 1혼전 4427           610캄인스톰        MIDNIGHTBAND OF  53     미수 3 0 0   1    014:25 24750국5조현수이혜란   0 01414 113 2 0 013  0조성환   52.053평입보50 51 5114 7.038.014.7 750 41243 9 8 7 0 0 9 314 725 099 0↘→추13.437.539.512.73835                    0 23 15 8   14.00   13.50 4  8 -1VUUP52.54831412-2.4 8.8 6.4464612 1최선삼착탐색우려35관 010                            14.0    13.5                                 9 8 710  2                                              .02419-2 3 3-2   -.939.50  .29     83.29 3.00 7.2714.74 1 4 8 1.43 5.1310.7110
20251026일 5120011국512 7 63 3 3강 3342흐림양호 6 610캄인스톰        MIDNIGHTBAND OF  5325.00미수 3 0 0 9 1   73      24750국5조현수이혜란   0 113131213 1 0 012  0조성환48253.054하입상58 47 4724 7.041.017.6 750 41243 9 8 7 0 0 9 314 725 099 0↘→추13.437.339.212.7332037.438.3 76.4 75.5  0 17 17 8   13.40   13.00 4  0  1HV동52.54831412-2.0 9.8 7.8353512 0걸음불변조교부실51관 0 2 5     5 6 5③1:16.44     .714.038.613.5 -3 -1 -.80 3 6 -5 1.42956313561 6 9 5 73 1 8.0111.07 1.5 5.3 23.5   13.8   52.6   37.5  .01433-1 3 2-1   -.638.10  .04 -.9976.34 4.1310.9617.59 2 713 1.85 6.5012.56 9
20250928일 5120011국553 1103 2혼전 4431흐림불량20 610캄인스톰        MIDNIGHTBAND OF  5325.00미수 3 0 0 9 1   51      24750국5조현수이혜란   0 212121113 1 0 011  0우인철48352.567하입보15 11 1111 4.033.0 5.31567 61243 9 8 7 0 0 9 3102925      →→추13.537.439.613.3281436.838.5 73.3 75.5  0  9 18 0   13.50   14.30 2 -3 -5HH동       1412-1.4 9.8 8.4272712 0걸음불변지울마필29관 0 2 5     5 6 7⑥1:13.3½    .513.437.513.0 -5 -3 2.00 611  3  .73129412663111111112 1 2.07 5.06 3.3 7.6  4.3   25.7   39.1   41.3  .01410-3 1 1-3▽-1.438.00  .13-1.5076.62  .51 1.86 5.28 0 2 5  .87 1.69 5.6311
20250914일 9120010국552 1103 1혼전 4441맑음다습12 610캄인스톰        MIDNIGHTBAND OF  5325.00미수 3 0 0 2 1    3      24750국5조현수이혜란   0 311111013 1 0 010  0유승완48657.078하입보26 24 2412 6.035.012.61446 61243 9 8 7 8 0 9 3162623      →↗입13.737.639.413.3212836.740.5 75.9 77.5  0 10 20 0   13.70   14.60 4  3  4NB동       1412-2.810.4 7.6333312 0걸음불변급하락세33관 0 5 5     5 6 9⑧1:15.94    2.413.539.814.3  0  7 1.30 8 8  0 2.48421898015 910 8102 1 6.04 8.10 3.5 6.0 14.5   59.0  168.5   58.3  .01412-3 1 1-3▽-1.038.40 -.10  .4576.62 2.15 6.4112.56 1 4 7 1.64 6.9913.04 9
20250817일 7120011외452 2103 1혼전 4431맑음양호 7 610캄인스톰        MIDNIGHTBAND OF  5325.00미수 3 0 0 2 1   68      33000혼4조현수이혜란   0 41010 913 2 0 0 8  0김옥성47953.063하입상32 27 27 7 4.030.0 6.6 8 0 71243 9 8 7 3 0 9 3151517      ↘↗추13.937.739.413.3142536.440.2 76.3 76.7  0 11 11 0   13.90   13.80 2 -8  1HN동       1412-3.210.8 7.6272712 0걸음불변조교부실36관 0 2 3     3 4 4⑨1:16.3½   1.413.740.214.6  1 -5  .30 9 8 -3 2.6691085663510 8 8110 2 1.0210.07 2.1 5.1  2.1    5.1    7.9   23.4  .014 9-3 1 2-3▽-1.538.10  .02 -.4276.67  .41 2.13 6.55 1 4 8 1.37 2.63 8.2710
20250803일 9120011외454 2103 1혼전 4431흐림건조 3 610캄인스톰        MIDNIGHTBAND OF  5325.00미수 3 0 0 1 1    6      33000혼4조현수이혜란   0 5 9 9 813 1 0 0 8  0김옥성48452.063하입보17 11 11 1 4.026.0 3.3 8 0 71243 9 8 7 3 0 9 3151517      ↘↗추14.037.739.513.3162037.038.9 75.6 76.1  0 13 1313   14.40   15.00 2  8  0BHDN       1412-2.210.8 8.6191912-2가는대로부진마필38관 010 7     6 7 4⑥1:15.6½   1.113.938.813.8 -5 -1  .30 611  0 1.3543855474511 911110 1 1.08 7.05 3.5 7.9  3.5   31.7   44.2   72.8  .0 6 2-4 1 1-4▼-1.737.90  .08-1.0876.73  .37 1.54 3.30 0 2 5 1.19 2.37 7.0211
20250720일 9140011외452 2103 1 1강 1131맑음포화17 610캄인스톰        MIDNIGHTBAND OF  53     미수 3 0 0 2 1   26      33000혼4조현수이혜란   0 6 8 8 113 3 0 0 7  0조한별48552.067하입보17 19 19 1 3.024.0 2.41342 81243 9 8 7 0 0 9 3121918      ↘↗입14.037.340.313.3331637.841.3 90.8 92.0  0 14 14 0   14.20   13.80 4 -8 -1HHUP       1412-2.210.6 8.4222212 2걸음불변부진마필63관 0 2 8     9 9 9⑩1:30.8머리 4.614.440.715.0 -1  5  .801011  0 4.697859196 3 910 9110 3 6.05 6.07 2.9 8.1 10.0   43.0   91.6   80.6  .014 2-4 1 2-4▼-1.839.30 -.1314.3689.69  .12  .20 2.40 1 3 5 1.09 2.01 4.9010
20250622일 7120011외453 6103 1 1강 1121맑음다습12 610캄인스톰        MIDNIGHTBAND OF  5325.00미수 3 0 0 2 1   65      33000혼4조현수이혜란   0 7 7 7 713 2 0 0 6  0조한별48052.568하입적56 39 3914 5.030.0 7.81342 81243 9 8 7 0 0 9 3121918      ↘↗입14.037.539.413.3372837.839.2 76.6 77.0  0 17 1717   14.10   13.60 3  9  0BH동       1212-3.210.8 7.6282812 0걸음불변조교부실34관 010 9    111111⑨1:16.61½  1.914.238.813.8 -2  2  .40 911  0 2.0788164792511 8 6100 2 8.04 7.09 2.6 7.0 25.6   67.7  254.7  168.9  .01410-3 2 2-3▽-1.338.40  .10  .1076.56 1.27 3.36 7.83 1 3 5 1.16 4.73 8.5411
20250531토 7120011외452 3103 1 1강 1131맑음건조 4 610캄인스톰        MIDNIGHTBAND OF  5325.00미수 3 0 0 9 1   53      33000혼4조현수이혜란   0 8 6 6 613 1 0 0 5  0조한별47852.568하입보 5  4  413 3.030.0 7.51342 81243 9 8 7 0 0 9 3121918      ↘↗입14.037.439.813.7421137.338.1 75.5 75.5  0  0 20 0   14.00   14.70 3 -8 -1HH동       1212-1.810.4 8.6212112 0걸음불변부진마필39관 0 1 3     4 4 4④1:15.52    1.014.138.213.6 -7 -4 -.10 411  1 1.02857232652 8 9 7102 1 5.0110.07 2.510.6 10.6   12.4   30.7   37.8  .014 8-4 2 1-4▼-1.338.00 -.06-1.7076.73 1.36 3.32 7.52 1 4 7  .99 1.90 3.8011
20250511일 9120010외443 6 93 1혼전 4429맑음포화16 610캄인스톰        MIDNIGHTBAND OF  5325.00미수 3 0 0 2 1  104      33000혼4조현수이혜란   0 9 5 5 513 1 0 0 4  0오수철48253.061하입보 5  4  412 3.030.0 8.1 825 71243 9 8 7 0 0 9 3122315      →→입14.137.439.713.7432037.340.7 77.8 78.0  0  0 25 0   14.10   16.80 3  6 -1LH동       1212-2.010.5 8.5242412 0걸음불변부진마필 1   0 9 5     6 6 8⑨1:17.8목   3.014.040.514.7 -1 -5  .20 910 -1 3.590539090 9 71010102 4 6.0210.02 2.7 4.5 17.0   22.1   75.7   51.5  .014 8-3 1 1-3▽-1.438.80 -.01  .9076.67  .89 3.13 8.10 0 4 8 1.75 3.10 6.7011
20250419토 8120011외451 8103 1 2강 2223비  다습10 610캄인스톰        MIDNIGHTBAND OF  5325.00미수 3 0 0 2 1  178      33000혼4조현수이혜란   010 4 4 413 1 0 0 3  0임다빈48753.580하입보16 14 14 9 2.030.0 6.01949 51243 9 8 7 7 0 9 3152324      ↘→추14.137.639.613.7292536.543.3 80.5 79.5  0  0  0 0   14.40   15.30 4 -8 -3HH동       1212-2.710.3 7.7303012 0가는대로보통걸음 1관 0 3 7     7 710⑪1:20.51¼  3.314.144.116.8  0  6 -.801111  1 3.897149998 8 7 7 8110 1 7.08 4.10 3.5 6.8 44.2  848.8 1353.9  968.6  .0 8 7-4 1 1-4▼-1.539.00 -.01 2.2576.73  .36 1.89 6.03 1 4 7  .12 2.03 5.49 9
20250322토 2120011외421 7 23 1 1강 1129맑음건조 5 610캄인스톰        MIDNIGHTBAND OF  5325.00미수 3 0 0 2 2  268      41250혼4조현수이혜란   011 3 3 313 3 0 0 2  0오수철48156.060하입상41 38 3821 6.033.0 8.31040 8 0 0 0 8 7 0 0 9 3122315      →→입14.137.639.513.7283537.340.7 78.9 77.7  0  0  0 0   14.10   14.00 4  9  0NH동       1212-3.510.5 7.0373712 0직전조시보통걸음 1관 01110    111010⑨1:18.92    2.314.441.315.3 -1  0 -.90 910 -2 2.78754909017 7 4 3110 3 1.02 9.05 1.6 1.7  1.6    1.7    2.6    3.8  .01714-3 3 1-3▽-1.238.50 -.01  .5676.67  .92 3.16 8.28 1 4 7 1.45 6.90 8.3110
20250222토 2120012외452 8103 1 1강 1139맑음건조 3 610캄인스톰        MIDNIGHTBAND OF  5325.00미수 3 0 0 9 2  353      41250혼4조현수이혜란   012 2 2 213 2 0 0 1  0오수철48156.060하무보14  9  9 5 2.023.0 3.01040 8 0 0 0 8 7 0 0 9 3122315      →→입14.637.840.114.3221337.239.0 77.6 76.1  0  0  0 0   14.60   14.60 6 -7  0HH동       1212  .0 9.0 9.0161612 0걸음불변부진마필 1관 0 2 6     5 5 5⑤1:17.61¼   .814.139.714.0 -7  4-1.40 512  3 1.64952535357 911 6122 2 2.07 4.12 3.8 7.9  4.3   44.0   75.0  159.1  .014 3-4 1 1-4▼-1.837.80 -.31-1.8277.12  .14  .29 2.97 0 3 4  .12 2.04 4.4011
20250111토 21200 9외411 4 13 2 1강 1139맑음건조 5 610캄인스톰        MIDNIGHTBAND OF  5325.00미수 3 0 0 2 3  463      41250혼4조현수이혜란   013 1 1 113 1 0 0 0  0오수철47756.058평무보   35 3540  .027.0 8.2 850 31767 9 8 7 0 0 9 3122315      ↗→입    36.738.5        37.439.7 77.4 77.2              13.80   13.60 4  0  0NL동       12 0                 0 0걸음불변탐색우려 1관 0 9 8     8 6 4⑨1:17.4½   2.414.639.914.6  0  7 -.30 9 9  0 2.67960757715 2 2 7 90 1 1.03 2.01 1.3 2.9  1.3    3.5    4.5    4.9  .01415-1 2 1-1▽-1.639.20 1.05 1.9875.61  .76 2.05 8.22 1 51210.1120.1142.49 6
20251122토 7160010국4 2 3  5 3 1강 1121           7 1은빛돌풍        한센    키튼즈저 6230.00한암 5 328   1    015:15 41250혼4조현수김욱수  -2 016 3 528 1 1 728 28우인철   53.064우입보50 57 571718.041.015.01567 61243 9 821 0 0 9 3102925 04444→→추13.536.939.612.53047                   42 38 1923   14.30   14.00 4 -9 -3UHUP53.25101614-2.2 7.2 5.0646412 2주행평범보통걸음49트 0 1                            14.3    14.0                                 8 6 8 8  1                                              .01726 0 3 4 0   -.639.60  .25     103.3 2.81 8.5715.04 1 4 7 3.55 8.4917.07 9
20251025토 8140011국453 3105 4혼전 4441맑음건조 5 7 1은빛돌풍        한센    키튼즈저 6230.00한암 5 329 9 1   81      33000국4조현수김욱수  -2 115 21728 4 1 727 29푸르칸51455.571우입상82 83 832941.042.0 9.72353181243 9 82129 0 9 3132419 04444→↘추13.537.239.112.5275537.539.1 88.8 88.9 44 40 2024   13.90   13.90 4 -1  2LB동53.25101614-1.6 6.0 4.4707012 0선전만회기수영향33트 01010    10 8 8⑧1:28.82½  1.014.339.214.0 -2 -6 -.10 810  2 1.0467238515011 5 6100 7 5.01 5.06 3.0 7.5  8.6   12.4   30.2   69.7  .01932-1 6 5-1   -.738.70  .4612.6188.80 1.55 4.32 9.71 1 4 8 5.3813.2821.8610
20250927토 7140011국451 4105 2 2강 2241맑음다습11 7 1은빛돌풍        한센    키튼즈저 6230.00한암 5 326 9 1   59      33000국4조현수김욱수  -2 214 11628 3 1 626 26푸르칸52054.071평입보73 70 703129.030.0 8.02353181243 9 82129 0 9 3132419 05038→↘추13.537.339.112.5225536.738.9 87.7 88.1 42 38 2129   14.80   13.20 5 10  1VN동53.15091614-1.0 5.6 4.6636312 0주행평범탐색우려36트 011 7     8 8 3②1:27.7코    .013.938.913.9 -6  7  .00 2 8  4  .02235332279 9 4 6113 6 3.08 6.11 2.6 7.2  6.8   39.2   75.4  340.4  .01720-2 4 3-2  -1.438.40  .4511.6588.86  .77 2.94 7.96 0 1 4 5.8117.8827.66 6
20250823토 6140011국551 3105 3 1강 1151맑음건조 4 7 1은빛돌풍        한센    키튼즈저 6230.00한암 5 428 2 1   79      33000국5조현수김욱수  -2 313 61528 2 1 625 28푸르칸51353.571평입상78 77 776170.051.024.52353181243 9 82129 0 9 3132419 05038→↘추13.537.139.312.5394737.838.5 87.8 88.2 39 48 2226   14.10   13.30 7 -4  2UN동53.15091614-1.6 5.8 4.2636313 0선전만회급하락세58트 0 1 8     9 8 7⑦1:27.82     .614.837.913.2  3  2  .10 7 4 -3 1.12484254862 7 3 3 50 5 5.0811.05 2.7 7.1 10.0  158.6  239.4  188.3  .01939 0 7 6 0    .238.60  .0411.7688.86 6.8215.6224.48 6162810.7127.2740.59 4
20250706일 41400 8국452 3105 5 1강 1141맑음건조 3 7 1은빛돌풍        한센    키튼즈저 6230.00한암 5 425 1 1  114      33000국4조현수김욱수  -2 412 51428 1 1 524 25푸르칸51152.071평입하31 26 264520.057.040.82353181243 9 82129 0 9 3132419 05729→↘추13.537.139.412.5413937.038.4 87.7 87.6 32 36 2323   14.10   14.80 5  1 -1NU동53.25091614 -.4 5.0 4.6585812 0직전탐색조교부실25관 0 5 8     7 7 3②1:27.71¾   .014.138.113.3 -5  7 -.10 2 7  5  .31046201580 8 4 7 53 4 5.07 2.05 2.7 5.5  9.7   81.2  155.7   78.9  .03359 0 4 6 0    .538.50 -.4811.1288.9311.6525.9140.78 71627 3.30 8.6517.27 7
20250601일 61400 9국453 2105 3 2강 2242맑음건조 3 7 1은빛돌풍        한센    키튼즈저 6230.00한암 5 426 1 1   84      33000국4조현수김욱수  -2 511 41328 1 1 523 26마이아50453.093평입하39 37 374127.051.024.93752201243 9 821 0 0 9 33631 9 05729↘→선13.537.139.312.5374736.840.7 89.3 89.7 32 41 2723   13.80   14.70 4 -3 -2HH동53.25091614 -.8 4.6 3.8686813 0주행평범급하락세44관 1 4 8     7 7 6⑥1:29.35    2.014.140.214.8  4 -8  .39 6 2 -5 2.17438848017 8 4 8 50 1 4.05 6.03 2.9 7.1  6.2   17.9   40.5   49.9  .01744 0 4 5 0    .039.00  .0113.2788.86 6.1813.6324.85 61526 7.6118.3827.96 5
20250504일 6140011국452 5105 2혼전 4455맑음다습14 7 1은빛돌풍        한센    키튼즈저 6230.00한암 5 427 1 1  128      33000국4조현수김욱수  -2 610 31228 3 1 522 27김용근51254.582평입하60 63 633134.042.018.12149111243 9 82110 0 9 3292517 05729↗↘선13.537.139.212.5365136.341.1 88.6 89.7 33 33 2424   14.30   13.40 5  2  1NL동53.25091614 -.8 4.8 4.0636313 0주행평범조교부실 1관 0 7 4     4 4 5⑥1:28.64    1.513.840.014.7 -1 -1 1.00 6 7  3 1.77315887732 7 6 3 72 7 3.01 2.04 2.0 5.1  7.2    5.6   18.2   19.1  .01720-3 5 4-3▽ -.539.00  .2513.3888.80 3.78 9.6218.12 3 81511.5920.2530.72 7
20250329토 6140011국423 8 75 3 2강 2251맑음건조 3 7 1은빛돌풍        한센    키튼즈저 6230.00한암 5 428 9 2  243      33000국4조현수김욱수  -2 7 9 21128 2 1 521 28김용근51353.589평입보66 61 614246.044.020.21832 5 0 0 0 82110 0 9 3292517 05729→↗선13.537.139.212.5405537.938.3 90.7 88.7 35 35 2520   14.80   13.30 5 -2  0NN동53.25091614 -.8 4.6 3.8707013 0걸음관심급하락세 1관 0 5 7     6 6 3⑤1:30.7코    .114.338.713.4  1  0-1.40 5 4 -2  .24289154275 7 6 4 72 6 8.06 4.07 2.2 4.7 18.7   81.1  208.9  117.5  .02724-2 5 4-2   -.438.80  .2012.4088.80 5.3611.4820.17 31018 7.3719.7028.78 3
20250222토 7140011국424 7 25 2혼전 4431맑음건조 3 7 1은빛돌풍        한센    키튼즈저 6230.00한암 5 530 9 2  348      33000국4조현수김욱수  -2 8 8 11028 1 1 520 30김용근51353.589평입보75 73 733635.036.0 8.61832 5 0 0 0 82110 0 9 3292517 05729→↗선13.537.139.112.5415937.339.3 89.7 88.7 37 37 2621   14.30   13.90 4  5 -1NN동53.25091614-1.4 5.0 3.6747413 0적임교체탐색우려 1관 0 711    1010 8③1:29.76    1.014.839.413.3 -3 -1 -.90 3 6  1 1.24068475749 8 8 5113 5 1.02 1.04 1.5 2.0  1.5    2.0    3.0    8.2  .03028-3 5 4-3▽-1.238.70  .5512.4588.73 1.18 3.62 8.63 1 4 8 6.5215.7123.58 7
20250125토 8140011국550 6105 8 3강 3331맑음건조 3 7 1은빛돌풍        한센    키튼즈저 6230.00한암 5 531 9 3  413      33000국5조현수김욱수  -2 9 7 5 928 1 1 519 31푸르칸51454.062우입하66 64 645953.065.043.51686 61767 9 82129 0 9 3132419 06733↗→추13.537.139.012.5366436.539.7 89.2 88.1 39 33 2822   14.30   13.90 4 -3 -1HN동53.15081614-1.8 5.8 4.0727213 0걸음관심적임교체 1기 0 2 6     6 7 8⑤1:29.21½   .514.339.713.9  0 13-1.00 5 5  2  .72123604268 4 4 4 30 3 7.03 4.06 3.8 8.6  9.7   21.7   44.2  185.212.24361 0 6 7 0△  .938.60 -.2812.0288.6614.5730.5743.4614284210.5822.8634.11 4
20241229일 6140011국443 7 95 5 1강 1151맑음건조 4 7 1은빛돌풍        한센    키튼즈저 6230.00한암 4 533 9 3  492      33000국4조현수김욱수  -210 6 4 828 1 1 518 33김용근50154.588평입상83 73 735081.055.027.22650201767 9 82110 0 9 3292517 06733↘→선13.536.939.112.5505936.440.6 89.3 88.8 41 35 2424   14.10   13.20 5 -2  3NL동53.15081614 -.8 6.4 5.6575713 0교체성공기수영향 1관 0 510    10 9 7④1:29.33     .814.340.113.9  1 -6 -.10 4 3 -2 1.44618816754 5 6 6 73 4 1.05 2.03 2.5 9.2  2.5   10.7   16.3   66.8  .02957 0 7 6 0    .539.00  .2012.8288.59 7.0016.3927.24 3 815 8.8417.5328.48 4
20241123토 8140011국453 3105 6 3강 3341맑음건조 4 7 1은빛돌풍        한센    키튼즈저 6230.00한암 4 529 2 4  611      33000국4조현수김욱수  -211 5 3 728 1 1 417 29푸르칸50752.064평입하66 48 484924.052.026.41499 6132513 82129 0 9 3132419 08020↘↗추13.536.939.312.5535137.437.6 87.3 87.8 38 31 2519   14.20   12.80 6  6  0NUUP53.35081614-1.2 6.4 5.2575713 2주행평범보통걸음 1관 2 7 9     8 5 2②1:27.33     .014.137.713.2 -3  3  .30 2 5  0  .61370 4 680 6 5 5 53 2 9.05 5.07 2.2 6.7 36.2  147.0  446.4  888.411.82959 2 4 5 2    .138.80  .1011.6088.73 7.6716.7026.43 82134 6.9012.8322.59 8
20241013일10120010국454 1105 8혼전 4421맑음건조 3 7 1은빛돌풍        한센    키튼즈저 6925.00한암 4 631 2 4  728      33000국4조현수김욱수  -212 4 2 328 3 1 416 31김용근50452.089기입적92 85 858773.065.031.7283920132513 82110 0 9 3292517 08020↗↘선13.537.138.412.7557238.137.4 74.3 75.9 40 33 2713   13.70   13.00 6 -1  0UUDN53.35081614 -.6 6.4 5.8535312-1전력변화탄력호전 1관 0 1 6     7 7 8⑥1:14.3½    .914.236.912.8  1 -9 1.20 6 5  0 1.04187 62750 9 8 4 20 3 7.0210.02 4.8 8.4 13.3   31.2   74.2   72.4  .03381 1 8 8 1▲ 1.038.40  .19  .3775.7811.3521.8431.7214284215.1323.5327.21 2
20240831토 9130010국453 1105 8혼전 4411맑음건조 4 7 1은빛돌풍        한센    키튼즈저 6230.00한암 4 626 9 5  845      33000국4조현수김욱수  -213 3 1 428 2 1 315 26김용근51352.091평입상68 71 717858.066.038.4255010 9 0 8 82110 0 9 3292517 07525↘↗선13.537.039.312.8735537.637.2 80.2 81.3 36 29 29 7   13.70   13.70 4 -6  0HU동53.65071614  .0 6.6 6.6383812 0전력변화탄력호조 1관 0 2 4     4 5 2②1:20.2½    .013.737.413.0 -3 -2  .30 2 5 -2  .0 350 2 280 7 8 5 42 2 9.05 3.02 3.5 8.1 17.8   60.0  146.7   96.1  .04474 0 6 7 0△ 1.039.70  .09 4.9882.8412.1825.5638.36102336 8.0416.7429.54 6
20240804일 6130010국523 1 75 8 1강 1121맑음건조 3 7 1은빛돌풍        한센    키튼즈저 6230.00한암 4 728 1 5  905      33000국5조현수김욱수  -214 2 4 328 1 1 314 28김용근51552.091기입상45 44 447473.071.052.5255010 9 0 8 82110 0 9 3292517 07525↘↗선13.537.039.512.8734736.938.6 81.1 82.7 38 31 23 8   13.90   14.00 6 -1  0NUDN53.65071614  .6 6.8 7.4323212-3걸음불변탄력호조 1관 0 8 4     4 5 4④1:21.1코    .013.738.713.7 -3 23  .80 4 7  0 1.83517311073 3 8 8 32 1 2.01 1.05 2.0 2.8  2.9    2.8    6.0   12.512.04485 2 6 7 2△ 1.640.00 -.42 6.2182.9722.0738.3152.4819405614.5226.2031.54 3
20240623일 9160010국453 5 55 2 3강 3331맑음포화15 7 1은빛돌풍        한센    키튼즈저 6230.00한암 4 730 2 6 1020      33000국4조현수김욱수  -215 1 3 428 1 1 313 30푸르칸49252.073기입적 7  8  81711.037.014.8 8 0 01133 8 82129 0 9 3132419 07525↘↗추13.536.840.012.8404336.539.6102.6102.3 42 33 25 8   13.50   16.10 5  7  0BUUP53.65071614  .2 5.4 5.6484812 2선행무리급하락세 1기 0 9 6   6 6 6 6⑥1:42.6목   1.113.939.614.0 -1-15 -.40 6 7 -1 2.03046545445 5 710 72 1 2.04 4.10 3.0 4.6  3.8   24.7   37.7   22.1  .01319-1 3 2-1  -1.040.00  .1125.52103.5 2.68 7.8414.78 3 814 1.64 5.1913.0410
20251122토 7160010외4 2 3  5 2 1강 1121           7 2파사스파크      GIFT BOXTRUE HIS  116.00미암 2 0 0   1    015:15 41250혼4서홍수황현     0 0 3 2 1 2 3 0 0 2  0송재철   52.074하무보50 30 3017 8.026.0 5.8152210223712243622222619182621      ↗→입14.737.440.613.3 323                    0  0  0 0   14.30   13.70 4 -5  0HHUP       1610 -.5 8.5 8.0212112 4마방기습마방습성48기 1 2                            14.3    13.7                                10101010  3                                              .027 4-4 2 4-4▼-1.640.60 -.22     104.2  .61 1.54 5.84 0 2 6 2.13 4.6310.5710
20251026일 8120011외443 2 95 2 1강 1141흐림양호 7 7 2파사스파크      GIFT BOXTRUE HIS        미암 2 0 0 9 1   70      33000혼4서홍수황현     0 1 2 2 1 2 2 0 0 1  0송재철48452.075하무보12  8  8 8 4.030.0 3.8152210223712243622222619182621      ↗→입14.738.239.313.3 22838.138.7 76.0 77.0  0  0  0 0   14.40   12.90 4 -2 -2NHUP       1210  .0 7.0 7.0171710 2마방기습마방기습70기 1 711    11 9 9⑨1:16.01    1.914.338.913.7 -1 -2  .80 910  3 2.1778647712411 911110 2 4.0310.03 2.6 4.2  6.1   13.4   25.7    9.1  .027 8-4 2 3-4▼-1.737.70 -.12 -.4776.90  .51 1.88 3.83 1 4 8  .83 1.68 6.1010
20250927토 2100010외410 1 15 5 1강 1111맑음다습12 7 2파사스파크      GIFT BOXTRUE HIS        미암 2 0 0 9 1   64      41250혼4서홍수황현     0 2 1 2 1 2 1 0 0 0  0송재철48653.575평무보 5  6  62610.049.024.5152210223712243622222619182621      ↗→입14.738.638.313.3 1 138.638.2 63.0 64.3              14.90   13.30 4  0  0LN동       10 0         6.0     0 0거세출주마방기습48기 1 9 9     9 9 8⑦1:03.05    2.414.437.612.9  0 -4 1.10 7 7  0 2.98687608116 7 7 9 50 1 5.01 6.04 1.1 2.9 20.4    6.5   33.1    7.6  .02448 0 4 6 0    .036.70 -.70-12.663.81 5.6713.0924.53 61628 2.50 8.7016.25 6
20251122토 7160010국5 2 3  7 5 1강 1121           7 3카일리          투아너앤어나더헤 4831.00한암 4       1    015:15 41250혼4최용구강무웅  99 016 1 1 0 1 1 4 0  0임기원   51.579기입보75 80 8017  .056.033.0244413275413182542672013253216176717→↘선13.436.740.512.84420                   37 32 2116   14.60   12.30 9 -7 -1HHDN53.05021712-2.4 4.6 2.2828214-1거세출주강단마필36관 0 3                            14.6    12.3                                 6 8 1 4  1                                              .02956 0 7 8 0    .440.50 -.50     103.7 8.7921.1133.01 82134 6.3813.9022.76 6
20250921일 9170010국541 3 97 5혼전 4411맑음다습13 7 3카일리          투아너앤어나더헤 4831.00한암 4 525 2 1  156      41250혼4최용구강무웅  99 11511 121 6 1 420 25조한별52352.067기입보58 72 723546.047.019.31342 8275413182519332013121918176717↘↗입13.439.741.312.85043                   37 32 2116   13.80   13.90 5  9  0VHUP53.05021712-2.2 5.0 2.8787814 1걸음불변거리속성 5관 010                    경제    13.8    13.9     8 1.27                      6 8 4100 6 1.05 4.06 2.6 5.0  2.6   13.6   22.0   70.8  .01432 0 6 6 0   -.141.30  .13     113.8 4.7910.1219.27 0 4 8 8.3320.7332.04 4
20250816토 8160010국550 7107 6 1강 1131맑음다습10 7 3카일리          투아너앤어나더헤 4831.00한암 4 526 2 1   97      41250국5최용구강무웅  99 21410 121 5 1 419 26조한별51552.067기입보94 93 931775.052.023.61342 8275413182519332013121918206020↘↗입13.436.640.612.8491636.639.2102.3102.3 33 28 2817   13.90   13.60 2 -6 -3UHUP53.24991712-2.2 5.0 2.8787814 2걸음불변단기승부60관 0 1 4   4 5 4 3③1:42.3목    .013.839.613.9 -3  4 -.40 3 6  4  .82755373887 510 2 82 5 1.03 2.10 2.6 5.6  2.6    9.4   13.3   35.9  .01835 0 7 7 0    .340.60 -.2825.13103.7 5.5614.8223.62 1 51210.1323.2435.25 4
20250802토 41400 9국550 6107 6 1강 1141맑음건조 3 7 3카일리          투아너앤어나더헤 4831.00한암 4 522 1 1   20      24750국5최용구강무웅  99 313 9 621 4 1 318 22조한별51155.067기입적96 95 955879.057.036.01342 82754131825193320131219182575 0↘↗입13.437.039.712.8433236.039.4 88.8 87.7 29 35 2418   13.90   13.10 3  1  3NL동52.84961712-3.2 6.6 3.4737314 0기습선행최적거리38관 1 7 5     5 5 2②1:28.82½   .013.939.513.6  0 -1 -.90 2 2 -4  .513 6562084 7 4 1 43 4 4.02 5.07 3.1 5.8  8.7   10.4   27.0   37.3  .03156 0 8 7 0    .538.60 -.4710.9989.07 9.8022.4535.98 8152615.4431.4043.47 3
20250713일 5140011국520 5 77 6 1강 1151흐림건조 4 7 3카일리          투아너앤어나더헤 4831.00한암 4 017 2 1   50      24750국5최용구강무웅  99 412 8 521 3 0 317 17조한별51252.067기입보86 76 763156.048.021.31342 8275413182519332013121918 099 0↘↗입13.437.139.812.8362836.938.2 88.3 87.0 25 31 2513   13.90   14.60 3 -1 -1NH동53.04901712-2.0 7.4 5.4575714 0걸음불변단기승부68관 1 6 1     2 2 1①1:28.32½  -.413.938.113.1 -5  8 -.90 1 6  3  .0 344141093 7 7 4 61 3 6.02 6.03 2.7 5.8 16.0   21.4   62.3   79.5  .01840 0 6 6 0    .038.40 -.2010.1389.21 5.0111.3321.25 51223 7.8116.4128.88 5
20250622일 4140010국531 9 87 5 1강 1151맑음포화15 7 3카일리          투아너앤어나더헤 4831.00한암 4 018 2 1   48      24750국5최용구강무웅  99 511 7 421 2 0 316 18조한별50453.067기입적90 82 824571.056.041.31342 8275413182519332013121918 099 0↘↗입13.437.239.912.8302536.639.2 89.5 87.9 27 20 2013   13.90   13.10 5  6  1NN동53.04901712-2.0 9.0 7.0464614 0선전만회탄력호전36관 0 7 5     3 2 2③1:29.55     .813.940.114.6  0 12-1.40 3 3 -3 1.11629452861 8 7 2 22 2 2.01 4.08 2.5 5.3  3.6    5.3   11.6    6.0  .03349 0 7 6 0    .538.50 -.8510.7689.3412.8826.8141.3119405618.8236.7846.39 2
20250518일 51400 8국542 8 47 5 2강 2241맑음다습13 7 3카일리          투아너앤어나더헤 4831.00한암 4 013 2 1   87      24750국5최용구강무웅  99 610 6 321 1 0 215 13조한별49252.067기입적46 40 403715.047.025.21342 8275413182519332013121918 099 0↘↗입13.437.140.112.9341437.137.9 87.9 87.4 21 14 29 7   13.80   13.80 2 -8  0UH동53.54901712-1.0 9.6 8.6303014 0걸음불변단기승부70기 0 1 3     3 4 3②1:27.9목    .013.937.613.1 -4 -4 -.30 2 6 -2  .0 556 6 686 6 8 6 42 1 1.0610.01 2.2 3.5  2.2   26.9   34.6   26.9  .01547-1 3 3-1   -.238.50 -.4910.1889.41 6.4816.1625.17 82134 2.36 8.2613.98 5
20250504일 4140011국550 8107 5 3강 3358맑음포화15 7 3카일리          투아너앤어나더헤 4831.00한암 4 014 1 1  130      24750국5최용구강무웅  99 7 9 5 221 2 0 214 14조상범49652.056기입적47 42 423117.051.029.81268 62754131825 0 02013132018 099 0→↘입13.437.140.012.9381837.339.3 89.1 88.8 23 15 31 8   14.10   14.30 5  1  0LH동53.54901712 -.6 8.4 7.8343414 0걸음불변탄력호전 1관 1 9 5     8 8 7⑥1:29.11¾   .613.839.613.8 -2 16 -.20 6 8 -2 1.14567475662 7 9 6 40 3 6.03 5.10 3.3 8.3 13.3   34.8   86.1   61.111.23336-1 4 4-1    .138.80 -.5611.6989.34 8.7819.8129.80 82134 8.0018.9727.14 6
20250330일 4140011국541 8 97 1 2강 2251눈  건조 3 7 3카일리          투아너앤어나더헤 4831.00한암 4 015 9 2  235      24750국5최용구강무웅  99 8 8 4 121 1 0 213 15조상범48052.058기입보 9 18 18 8 3.034.012.5 940 81938 91825 0 02013132018 099 0→→입13.437.140.012.9332336.340.6 90.1 88.5 25 17 25 8   14.60   14.80 4  1  1NNDN55.04991712  .8 7.0 7.8323212-3가는대로조교부실 1관 0 8 4     4 4 5⑤1:30.1머리  .714.140.814.3 -5  8-1.20 510  0  .73416816561 3 9 8 92 2 6.09 7.04 3.1 4.7 22.9  365.0  805.0  367.5  .0 8 9-3 1 1-3▽-1.338.70 -.1111.3789.34 3.11 6.4912.50 1 3 8 1.20 2.26 5.2811
20250302일 6170011국551 2107 3혼전 4422흐림건조 4 7 3카일리          투아너앤어나더헤 4831.00한암 4 016 1 2  317      24750국5최용구강무웅  99 9 7 3 121 1 0 212 16정우주47251.066기입보 7 17 1727 9.042.017.41338101938 91825 0 02013163013 099 0↘↗입13.439.441.712.9723240.342.2114.8115.5 27 18 27 9   14.30   14.60 7 -3 -2NUUP55.04991712  .8 5.2 6.0464612 5탄력늘어거리속성 1관 1 7 7 7 9101111⑪1:54.84    2.614.642.514.8  1 -9 -.101110 -1 2.891698187 7 411 9 70 1 1.02 9.05 4.1 8.3  4.1    8.3   15.9   11.0  .01831-1 2 4-1   -.642.00  .1234.35113.8 3.9710.9417.41 1 4 8 2.78 7.1418.1810
20250111토 5120011국554 2107 2 2강 2211맑음건조 5 7 3카일리          투아너앤어나더헤 4727.00한암 4 018 2 3  460      24750국5최용구강무웅  9910 6 2 721 3 0 211 18푸르칸48152.565기입하34 34 3438 6.036.0 9.91686 6112012182520 02013132419 099 0↗→추13.436.938.812.9695537.840.4 78.6 78.4 30 20 3010   13.90   15.00 3  9  0BUDN55.04991312 1.0 3.4 4.4616112-1걸음불변기복전력 1기 01010    101111⑪1:18.62½  3.914.340.614.6  0 -7 -.301111  2 4.693808792 2 6 7 9100 3 1.07 3.02 3.1 6.4  3.1   28.7   41.4   81.4  .01423-1 2 2-1   -.939.40  .71 2.6975.89 1.40 4.18 9.93 0 1 5 1.39 6.29 9.5210
20241222일 5130011국511 9 67 6 3강 3321맑음양호 7 7 3카일리          투아너앤어나더헤 4831.00한암 3 020 2 3  516      24750국5최용구강무웅  9911 5 1 421 2 0 210 20푸르칸48852.562기입보76 89 897957.049.022.01686 6112012182520 02013132419 099 0↗→추13.436.839.312.9885937.541.2 86.5 85.4 33 22 3311   14.00   13.20 4 -6 -3UUUP55.04991312  .0 3.4 3.4717112 1적임교체거리속성 1관 1 1 4     5 810⑩1:26.55    3.513.942.315.0  1-11-1.5010 9  7 4.094469291 7 210 2 70 211.08 7.11 1.6 5.7 32.5  164.7  412.0  537.913.23057 0 7 6 0    .040.80  .65 9.3382.71 5.7812.4721.98 1 4 710.8725.4935.88 3
20241123토 3120010국613 6 67 8 3강 3347맑음건조 4 7 3카일리          투아너앤어나더헤 4727.00한암 3 011 2 4  616      16500국6최용구강무웅  9912 410 621 1 0 1 9 11푸르칸49955.067기입적69 69 697263.066.064.41499 62063 0182520 02013132419      ↘↗추13.436.739.413.4833237.137.3 76.0 74.4 25 13 38 0   14.00   14.30 5 -2  1NN동       1312  .4 4.2 4.6575712 0주행평범적임교체 1관 1 7 4     3 3 2②1:16.0머리  .014.038.213.2  0  2-1.60 2 2 -1  .1 445 6 591 3 6 2 22 1 1.02 5.07 1.4 4.3  1.4    4.3    6.4    7.512.24365 1 7 7 1△ 1.138.30-1.06-1.7176.1226.3548.4864.4221425825.4542.3754.95 2
20241019토 2120010국612 7 67 5 1강 1131맑음포화19 7 3카일리          투아너앤어나더헤 4727.00한암 3 012 2 4  725      16500국6최용구강무웅  9913 3 9 521 1 0 1 8 12해리카49754.076기입적80 75 756778.062.038.01833 82063 0182525 02013182612      →→입13.436.739.413.4823536.939.3 76.7 76.1 29 14 43 0   13.50   14.70 8  5 -1BHDN       1312  .4 5.2 5.6505012-1승부최상신뢰마주 1기 0 9 6     3 2 4⑤1:16.75    1.014.039.814.3  2 -9 -.50 5 3  2 1.15134635256 5 7 1 42 1 5.02 2.10 1.6 3.9  9.8   47.5  126.0   73.4  .03353 0 7 8 0   1.038.90 -.31  .0276.1211.3323.3437.98 8203319.3236.6743.37 2
20240825일 3130011국610 3 67 9혼전 4411맑음다습12 7 3카일리          투아너앤어나더헤 4831.00한암 3 014 2 5  863      16500국6최용구강무웅  9914 2 8 321 1 0 1 7 14문세영50655.093기입보73 76 768381.077.063.64858 0183810182548502013283616      ↗↘입13.436.840.013.4882837.238.9 83.4 82.9 29 14 43 0   13.40   13.70 5 -4  0HNUP       1312  .2 6.8 7.0343412 1전력변화승부최상 1관 0 4 1     1 1 3⑥1:23.4¾   1.113.539.814.7  5 11 -.89 6 1  0 1.84132422757 2 8 3 11 1 3.02 1.08 1.5 5.5 11.6   26.0   52.9  690.010.64491 0 9 8 0☆ 1.940.20 -.93 6.0883.1632.1153.7763.6439587225.6838.3251.27 1
20240721일 1120011국611 8 67 6혼전 4439흐림불량20 7 3카일리          투아너앤어나더헤 4727.00한암 3 0 0 2 5  952      16500국6최용구강무웅  9915 1 7 421 1 0 0 6  0조인권49555.082하선보57 55 556954.064.060.3336014183810182522 82013232413      ↗↘선13.536.939.713.4701336.838.2 75.5 74.8 17  0 50 0   13.60   13.70 3  6  1LN동       1312 -.2 8.4 8.2202013 0전력변화단기승부 1   0 8 4     4 4 3②1:15.54     .013.438.813.7  1 -1 -.40 2 1 -1  .81030281690 3 9 1 12 2 5.01 4.08 1.4 6.8 13.8   11.3   37.8   82.8  .02379 0 7 7 0   1.138.30-1.22-1.8076.3929.3248.7560.2639607319.6436.2339.72 1
20251122토 7160010국4 2 3  6 6 1강 1121           7 4라이징모        센트럴커라이징코 2824.00한암 3 730   1    015:15 41250혼4서인석양현모   2 012 2 411 2 1 313 30조재로   54.578강추보50 67 671778.054.028.22748131938 9191625 018 919242250 050↗↘추13.536.838.812.23575                   67 56 2233   14.90   13.30 5 -3  3HN동53.54552012 1.2 1.6 2.8818110 0발주불량작전마주63트 1 4                            14.9    13.3                                 7 1 4 5  4                                            12.02952 2 7 7 2    .338.80  .35     102.8 6.9718.0828.18 8152612.0625.4839.02 2
20251018토 71600 9국453 7106 5 3강 3331흐림포화19 7 4라이징모        센트럴커라이징코 2824.00한암 3 833 2 1  104      33000국4서인석양현모   2 111 1 311 1 1 312 33조재로46852.078강추보92 88 881753.048.030.62748131938 9191625 018 919242250 050↗↘추13.536.838.912.2357535.739.1101.7102.1 63 50 1338   14.90   12.80 7  3 -1BU동53.54552012 1.2 1.4 2.6818110 0걸음불변보통걸음46트 1 7 9   9 7 7 6③1:41.7머리  .014.938.613.3  1 12  .50 3 2  1  .12111391390 8 2 3 43 3 1.08 1.06 3.2 6.3  3.2   48.6   89.4   52.611.82959 2 6 6 2   -.138.90  .2426.38102.9 9.1017.2030.55 8213410.4822.7536.91 4
20250830토 8160010국552 5106 6 1강 1131맑음포화18 7 4라이징모        센트럴커라이징코 2824.00한암 3 936 9 1  120      33000국5서인석양현모   2 210 4 211 2 1 311 36씨씨웡45652.590우추적74 82 821784.058.040.33053101938 9191625 018 920242250 050→↘선13.537.338.812.2 87936.738.1100.0102.0 71 57 1457   14.60   13.50 4  3  0NH동53.54552012 1.2 3.2 4.4707010 0노릴탄력작전마주60트 2 4 9   9 8 8 7③1:40.02     .414.937.412.8  2  2 1.70 3 1  0 1.0176113116910 1 2 33 3 6.05 2.06 2.2 6.5 15.4   43.3  119.3   29.3  .02653 1 7 6 1    .738.80 -.1625.90103.112.5426.7940.3412253920.2042.1151.06 1
20250803일13160010국452 6106 4 3강 3332흐림건조 3 7 4라이징모        센트럴커라이징코 2824.00한암 31040 1 1   43      33000국4서인석양현모   2 3 9 3 111 1 1 310 40씨씨웡45452.590우추적28 31 311731.050.031.93053101938 9191625 018 920242250 050→↘선13.537.338.812.2108237.037.9103.0102.0 50 67 1750   15.70   15.80 8 -3 -3UHDN53.54552012 1.0 3.4 4.4686810-4적임교체보통걸음77트 1 1 9   9 8 5 3③1:43.0½    .014.639.113.5  2 15 -.40 3 1 -4  .1207611138310 2 5 50 2 3.02 3.10 3.0 6.8  5.3    9.5   22.3   10.4  .03039 0 3 4 0    .038.80  .0325.94103.1 9.4619.0531.86 81526 9.3022.4733.33 5
20250608일 72000 9국411 9 16 7 2강 2239맑음건조 3 7 4라이징모        센트럴커라이징코 28     한암 31144 2 1  146     275000국4서인석양현모   2 4 8 2 111 1 1 3 9 44장추열43955.093우추보18 15 154876.057.064.03350111938 9191638 018 920252250 050↘↗입13.539.840.212.2146440.843.4135.8133.6 50 67 1750   14.00   14.6015  1  3HLUP53.54552012  .6 3.6 4.2707010 3주행평범적임교체 5   0 4 9 9 9 8 7 7⑦2:15.811   4.115.742.915.8  2-15  .11 7 5  3 4.58798929719 9 6 2 20 3 2.01 2.07 1.3 2.2  6.1    2.2    9.9    2.7  .04364 0 6 8 0△  .340.10 -.9953.62131.521.9947.4864.0118365121.6534.4436.43 1
20250223일 6170011국452 5106 9 1강 1121맑음건조 3 7 4라이징모        센트럴커라이징코 2824.00한암 31650 9 2  338      33000국4서인석양현모   2 5 7 1 111 1 1 2 6 50조재로44352.081우추보91 85 858992.064.045.01338 51438 5191625 018 919242250 050→↗추13.539.840.312.2458738.642.4113.1113.5 67 67 1750   15.20   12.50 5  1 -3HUUP53.54551712  .8 3.8 4.5686810 3적임교체추입유리 1기 2 3 1 1 3 4 3 3⑧1:53.1코    .514.042.114.6  6-14  .21 8 2  1  .557 4855963 9 2 2 20 2 4.01 1.08 3.510.3  7.0   12.3   29.4   50.712.03190 2 8 9 2☆ 1.141.30  .0133.42113.118.3933.3045.0118395623.3641.7051.18 1
20250118토 5140011국550 6106 9혼전 4441맑음건조 4 7 4라이징모        센트럴커라이징코 2824.00한암 32040 2 3  438      24750국5서인석양현모   2 6 6 5 211 1 1 1 5 40씨씨웡45755.075기추보63 68 686968.078.054.9235011305814191625 018 920242250 050↗↘선13.536.938.712.2517238.237.4 88.4 87.1 60 60 2040   14.60   13.60 4 -9  1HL동53.54551412  .7 4.7 5.3626210 0전개최상적임교체 1기 1 211    1111 7②1:28.45     .015.237.112.5  1  0 -.80 2 1 -2  .9 394 21886 2 2 5 13 1 5.01 4.02 3.3 6.7  7.8   10.5   24.3   18.410.64376 1 7 9 1☆ 1.738.60 -.2911.5088.3225.1243.3754.8832526412.7322.6930.25 4
20241222일 4140011국550 9 56 9혼전 4451맑음양호 7 7 4라이징모        센트럴커라이징코 2824.00한암 22550 2 3  517      24750국5서인석양현모   2 7 5 4 111 2 1 1 4 50장추열45754.089강자보83 59 599282.077.047.2233316305814191638 018 920252299 0 0→→입13.536.538.512.2818536.939.1 90.1 88.5 50 75 2550   14.20   12.40 5  6  1VNUP53.04521412  .0 2.0 2.0868610 2전개최상전개최상 1기 11111     9 8 6③1:30.11¼   .214.639.713.6  0  5-1.30 3 3  2  .43646393476 1 1 7 23 2 1.06 7.04 1.9 4.6  1.9    9.0   12.1   16.712.74489 2 8 8 2☆ 1.739.30  .2913.5387.9019.0335.5447.1832526415.7028.6942.50 2
20241117일 3120010국544 6 96 8 1강 1131흐림양호 7 7 4라이징모        센트럴커라이징코 7031.00한암 23333 2 4  627      24750국5서인석양현모   2 8 4 3 211 1 1 0 3 33장추열45253.591강입적31 27 279164.074.072.42548 82148 6191638 018 920252299 0 0↗→입13.536.637.812.3929637.937.0 75.6 74.9 33 67 3333   14.60   13.80 4  1  1LN동53.04521310-1.0 2.0 1.0989810 0교체실패전개최상 1기 0 5 7     8 8 5②1:15.6¾    .014.237.312.4  1 -6 -.70 2 1 -9  .21282 31384 2 1 7 13 1 7.01 9.05 2.6 5.3 25.7   38.2  119.7   30.912.04486 2 6 9 2☆ 1.838.60 -.34  .5175.1737.7760.2872.3639607311.7628.1435.90 3
20241020일 7120012국554 3106 8혼전 4431맑음다습14 7 4라이징모        센트럴커라이징코 7031.00한암 25050 2 4  709     110000국5서인석양현모   2 9 3 2 111 1 1 0 2 50조재로45853.084우입보70 35 356957.064.021.13058172148 6191625 018 919242299 0 0↘↘추13.536.938.012.3658539.038.7 76.5 77.8 50100 5050   14.00   13.60 5  3  1VNDN53.04521310         3.0    10-1전개최상기수영향 1   0 412    121212⑫1:16.51½  2.414.638.513.8  2  0 1.101210  8 2.78998438610 7 312110 1 4.0812.08 4.4 9.2  7.1   53.1  109.8   88.912.73486 2 6 7 2△ 1.039.20  .84 2.9375.45 5.6412.9221.08 0 2 5 4.9813.5418.75 9
20240915일 5130011국524 3 76 9혼전 4411맑음다습13 7 4라이징모        센트럴커라이징코 2824.00한암 2     2 4  797      24750국5서인석양현모   210 2 1 111 2 1 0 1  0임기원45852.073강도보91 35 3599  .066.033.0 0 0 02148 6191623 018 925321699 0 0↘↗선13.536.638.912.3999937.338.7 81.6 82.4100100100**   13.50   12.60 6 -2 -1UUUP53.04521310         1.0    10 3기수신마전개최상 1기 1 1 8     4 3 2③1:21.62     .314.038.613.6  1  6  .40 3 2  0 1.52536352470 1 410 42 2 1.06 2.10 2.0 2.6  2.0   13.2   17.7    9.3  .04487 0 8 6 0▲ 1.240.30  .71 6.9482.3310.4221.3033.02 92032 8.3316.5138.13 6
20240804일 1100011국620 1 26 6혼전 4435맑음건조 3 7 4라이징모        센트럴커라이징코 7031.00한암 2 0 0 1 5  910      24750국6서인석양현모   211 1 1 111 1 0 0 0  0임기원45253.091평무보   35 3540  .055.025.63040 8204314191623 018 9253216      ↘↘선    37.137.8        36.235.9 60.7 60.9              13.80   13.80 4  0  0NN동       10 0                 0 0걸음불변기수신마 1기 1 3 1     1 1 1①1:00.74    -.713.536.312.6 -1 -2 -.70 1 2  0  .0 3 5 1 093 5 5 5 61 1 2.05 3.08 1.6 2.3  3.7   19.3   31.8  439.7  .02660 1 5 5 1    .437.40  .31-14.062.71 6.3915.7325.55 51222 9.0918.1827.27 3
20251122토 7160010외4 2 3  5 3 1강 1121           7 5티나케이        KLIMT   JUST A B 2640.00미암 4 014   1    015:15 41250혼4우창구강경운   2 01622 821 6 0 321 14장추열   55.093평추보50 55 551723.042.014.93350112446 91922282419 8202522 03367↘↗입13.537.339.412.3 943                   31 31  031   15.60   14.20 5  2  0NLDN52.04651814 1.0 3.6 4.6606013-2걸음불변보통걸음54기 1 5                            15.6    14.2                                 9 4 9 9  6                                              .01423 0 3 4 0   -.639.40  .16     103.4 2.76 8.5114.93 2 713 4.2611.5817.89 8
20251019일 9180011외411 6 65 4혼전 4452맑음포화16 7 5티나케이        KLIMT   JUST A B 2041.00미암 4 015 2 1   91      33000혼4우창구강경운   2 11521 221 5 0 320 15장추열47255.093평추하74 55 555438.059.038.63350112446 91922282419 8202522 03367↘↗입13.540.640.112.3145541.442.0121.7123.1 33 33  033   15.20   13.80 4 -6 -1HNUP52.04651814  .4 3.2 3.6696913 1걸음관심최근최상64기 0 31011111111 9⑨2:01.72½  3.315.641.114.2  3  0  .30 9 6  4 3.79889829410 8 3 4 40 5 2.05 9.02 2.0 6.6  5.9   26.3   42.9   18.7  .02743 0 6 6 0    .540.90 -.3742.39118.811.4125.8738.59102336 6.8518.1830.34 5
20250921일 9170010외441 4 95 6혼전 4411맑음다습13 7 5티나케이        KLIMT   JUST A B 2640.00미암 4 015 2 1   46      41250혼4우창구강경운   2 21420 421 4 0 319 15장추열47255.593평추보85 91 918073.066.038.73350112446 91922282419 8202522 03367↘↗입13.540.340.112.3138940.341.1111.8113.2 33 40  040   15.60   13.30 5  2  2BBDN52.04651814  .4 3.4 3.8696918-1뒷심문제거리속성 5기 2 9101010 9 8 8⑥1:51.81    1.615.240.113.8  4  5 1.19 6 2 -2 1.6427154673411 1 2 20 4 1.05 4.06 2.6 5.0  2.6   13.6   22.0   70.810.52969 2 8 8 2   1.140.70 -.0232.75113.416.2328.9038.7218395621.4331.0937.86 2
20250817일 9180010외420 9 75 5 1강 1151맑음양호 7 7 5티나케이        KLIMT   JUST A B 2041.00미암 4 011 2 1   87      33000혼4우창구강경운   2 31319 121 3 0 218 11장추열46753.593평추보62 62 626673.058.048.63350112446 91922282419 8202522 03367↘↗입13.540.739.612.3 88241.638.8119.3117.5 29 29  029   15.90   12.50 6  5 -1BNUP52.04651814  .4 3.4 3.8696913 1걸음관심거리늘어48기 0 7101010 9 8 4②1:59.311    .015.639.513.3 -2 -2-1.50 2 4  1 1.91292 94592 8 1 3 23 3 2.04 1.07 1.6 4.3  5.0   30.6   49.2    7.8  .02752 0 7 7 0    .740.10 -.4937.23118.717.2134.3548.5719405618.1832.2639.26 3
20250706일 6170010외453 3105 8 3강 3311맑음건조 3 7 5티나케이        KLIMT   JUST A B 2640.00미암 4 011 1 1   92      33000혼4우창구강경운   2 41218 321 2 0 217 11장추열46954.093평추보72 81 818681.071.053.23350112446 91922282419 8202522 03367↘↗입13.540.240.312.4228541.538.2113.7112.7 31 23  023   14.60   14.00 4  0  1HLUP52.04651714 -.2 3.6 3.4696913 1적임교체탄력호전74기 1 2 9 9 9 9 910⑤1:53.7½    .315.938.012.5  2  3 -.90 5 3  1 1.33297 1156910 2 2 33 2 1.06 8.09 3.2 7.7  3.2   19.0   31.3  108.310.93379 2 8 8 2▲ 1.440.80 -.3932.23113.420.7139.3753.1721425819.1931.8446.53 3
20250608일 61600 8외443 9 45 8 1강 1135맑음건조 3 7 5티나케이        KLIMT   JUST A B 2640.00미암 4 0 6 2 1   64      33000혼4우창구강경운   2 51117 721 1 0 116  6장추열46653.593평추하36 40 401755.067.052.33350112446 91922282419 8202522 03367↘↗입13.537.238.812.4127936.738.6102.9101.7 25 17  833   14.00   13.40 5  1  1HN동52.04651714  .2 4.0 4.2595913 0주행평범적임교체48기 0 2 8   8 8 8 2②1:42.98     .014.639.814.0  0  3 -.90 2 2 -1 1.51361252688 7 1 5 33 1 3.02 7.02 2.2 3.9  4.6    9.9   22.0    6.412.04370 2 6 8 2▲ 1.338.80 -.4025.73103.019.0537.4952.3212253910.6223.1534.58 4
20250503토 7160010외451 9 55 5혼전 4433흐림포화18 7 5티나케이        KLIMT   JUST A B 2640.00미암 4 0 6 1 1  137      33000혼4우창구강경운   2 61016 621 1 0 115  6씨씨웡46353.090평추하40 40 401727.058.044.53053102446 9192219 019 8202422 03367→↘선13.537.138.812.4217936.839.4103.1103.0 27 18  927   14.90   13.80 4-10  0UNDN52.04651714-1.0 4.6 3.6676713-1걸음관심작전마주 1기 1 1 6   6 9 9 6⑤1:43.12    1.214.039.713.4  2 -1 -.10 5 3  1 1.85370455748 8 1 4 43 3 1.04 3.09 2.4 4.9  2.4    6.7   11.6   18.6  .02752 0 5 5 0    .538.80 -.1627.08103.013.0428.5244.45 8213411.8625.3735.29 4
20250406일 6170011외414 2 65 5 1강 1119맑음포화18 7 5티나케이        KLIMT   JUST A B 2640.00미암 4 0 7 1 2  212      33000혼4우창구강경운   2 7 915 221 1 0 114  7최범현46453.078평추하36 44 448550.066.052.42140101529 61922382919 8193019 03367↗↘입13.540.040.312.4318739.442.1110.7113.2 27 18  927   14.90   12.70 4  4  0VN동52.04651714-1.8 5.2 3.4747413 0걸음관심급하락세 1기 111101010 9 8 6⑤1:50.75    1.514.940.913.8  3  0 1.45 5 2 -2 2.44726807136 8 1 2 23 1 1.08 5.06 1.6 3.7  1.6   26.9   37.8  114.6  .02772 0 6 8 0   1.141.00 -.2632.90113.321.0538.8452.4018365116.6727.9445.00 2
20250309일 8170011외411 1 65 6 1강 1131맑음양호 8 7 5티나케이        KLIMT   JUST A B 2640.00미암 4 0 7 2 2  294      33000혼4우창구강경운   2 8 814 121 1 0 113  7송재철46453.074기추적59 60 606338.057.038.91460 31529 61922 91919 8182621 03367→↗입13.539.740.812.4546440.539.0112.3113.7 30 20 1020   14.50   13.90 4 -2  0LNUP52.04651714-1.2 6.2 5.0585813 1주행평범탄력호전 1기 0 7 8 8 8 7 7 5④1:52.31½   .914.938.812.7  0 -5  .50 4 4  2 2.16279 61348 7 3 4 33 3 1.02 2.05 1.6 3.8  1.6    3.8    5.1   39.9  .03352 0 5 6 0    .641.40 -.0733.19113.413.5827.5138.94122539 6.1016.2829.67 5
20250208토 8160010외451 8 55 4혼전 4432맑음건조 5 7 5티나케이        KLIMT   JUST A B 2640.00미암 4 0 8 1 2  391      33000혼4우창구강경운   2 9 713 521 1 0 112  8마이아46953.093기추상46 52 521750.053.038.13563211529 61922 0 019 83631 9 03367↗↘선13.536.739.212.4426436.339.1104.4102.5 30 20 1020   14.00   13.30 5  7  1BN동52.04651614-1.4 7.6 6.2454513 0걸음불변기수영향 1기 0 910  10 8 8 7⑥1:44.4½    .614.540.113.9  4  1-1.49 6 2 -3 1.03536392863 5 1 3 40 1 5.03 2.10 1.9 4.7 11.4   33.6   73.2  205.1  .01653 0 6 5 0    .139.20 -.0226.57103.013.3726.2238.0610233618.3329.2341.08 3
20250104토 7160010외411 6 65 4 1강 1131맑음건조 3 7 5티나케이        KLIMT   JUST A B 2640.00미암 4 0 9 1 3  480      33000혼4우창구강경운   210 612 421 2 0 111  9송재철46852.079평추보20 32 321718.043.018.41738 91536 71922 91919 8182621 0 099↗→입13.536.839.612.4384737.237.5102.2101.4 22 11 1111   14.40   13.10 4 -7  0HNUP52.04641614-1.8 8.6 6.8444413 2전력변화선추겸비 1기 2 2 4   4 4 4 2③1:42.2목    .014.038.413.3 -2  3 -.80 3 5  1  .7 788 51187 5 6 7 72 2 1.03 8.05 1.5 4.8  1.5    4.8    6.0   12.6  .02327-1 4 4-1   -.539.60  .2224.98103.3 3.10 9.0818.35 3 817 3.62 9.0918.64 7
20241208일 7140011외452 7105 2 3강 3357맑음다습13 7 5티나케이        KLIMT   JUST A B 2640.00미암 3 010 2 3  557      41250혼4우창구강경운   211 511 421 1 0 110 10송재철46552.079평추하26 21 212611.038.015.01738 91536 71922 91919 8182621 0 099↗→입13.537.139.312.4384337.338.6 88.7 88.9 25 13 1313   14.10   13.40 5  4  0BN동52.04621612-1.6 9.4 7.8383813 0교체실패급하락세 1기 2 9 9     8 7 6③1:28.71½   .314.437.913.1 -1  1  .50 3 4  2  .65167223070 4 6 8 93 1 7.02 4.10 4.210.4 16.1   41.1  101.1   65.8  .01822-2 3 2-2  -1.038.80  .2712.5488.86 2.90 8.0914.95 2 5 9 2.74 7.7918.22 9
20241103일101400 8외411 2 65 3 2강 2259맑음양호 7 7 5티나케이        KLIMT   JUST A B 2640.00미암 3 011 1 4  662      41250혼4우창구강경운   212 410 321 1 0 1 9 11박태종46452.081평추상 7  3  332 5.040.024.61550 3326710192214 919 8202320 0 099↘↗선13.537.239.412.4333937.538.3 88.0 88.6 25 13 1313   14.30   13.40 5 -3  0NNDN52.04621612-1.210.4 9.2242413-2마방기습선추겸비 1기 0 5 8     6 7 6④1:28.02     .714.138.213.4  2  3  .55 4 2 -2 2.43875142757 6 4 7 63 2 3.01 2.04 1.4 3.6  9.0    4.0   11.2   19.9  .02733-2 2 2-2   -.838.60 -.1211.9989.00 6.0313.5724.63 51222 2.44 8.7015.48 6
20240929일 8160010외450 1 55 7 1강 1131맑음건조 4 7 5티나케이        KLIMT   JUST A B 2640.00미암 3 012 9 4  774      33000혼4우창구강경운   213 3 9 321 1 0 1 8 12문세영46152.093기추적25 25 251765.058.039.03851 03267101922494719 8283616 0 099↘↗입13.537.039.712.4274336.439.6101.7103.4 29 14 1414   14.30   13.20 6  6  1BN동52.04621612-1.810.5 8.8292913 0적임교체마방기습 1기 1 8 7   7 6 7 6⑥1:41.72½  1.414.338.513.4  2  8 1.30 6 4 -2 1.86642545233 4 8 6 40 1 7.06 1.09 2.8 3.4 25.4  159.8  400.0  141.2  .03068 0 6 6 0    .639.70 -.4126.72103.411.5725.2638.97132843 9.0119.3533.04 4
20240818일 7160010외451 4105 5 3강 3331맑음건조 3 7 5티나케이        KLIMT   JUST A B 2640.00미암 3 0 0 2 5  880      33000혼4우창구강경운   214 2 8 221 1 0 0 7  0박태종45351.067기무적11  8  81710.043.022.12699132699 6192214 919 8202320 0 099↗↘선13.537.240.212.4133235.839.2102.2102.5 17 17  017   14.20   13.70 4 -5 -1HU동52.04621612-1.710.3 8.7353513 0걸음불변적임교체 1기 2 2 9   9 7 7 7②1:42.26     .014.338.613.2 -4 -7  .00 2 6  2 1.13713431776101010 73 1 4.06 9.02 2.3 5.7  6.7   57.8   85.0 1218.112.24327 0 3 5 0   -.440.20 -.3325.13103.8 5.9112.6722.12 3 817 3.5110.6918.83 7
20240721일 7160010외420 2 75 1혼전 4431맑음포화16 7 5티나케이        KLIMT   JUST A B 2640.00미암 3 0 0 2 5  946      33000혼4우창구강경운   215 1 7 121 2 0 0 6  0씨씨웡46052.082기무보50 42 421724.047.021.91025 82699 6192219 019 8202422 0 099↘↗선13.537.140.212.4213235.841.1102.5104.2 17 17  017   14.10   12.70 8  0  0LHUP52.04621612-2.511.0 8.5363613 3전력변화지울마필 1   0 7 9   9 9 910⑨1:42.51¼  1.814.240.113.7  5 -2 1.41 9 4 -3 2.28214847624 6 9 8 80 2 5.02 1.05 1.9 3.4 12.1   26.0   53.6   38.4  .02312-3 4 5-3▽ -.440.20 -.2826.87103.8 6.6212.7721.86 3 814 6.9813.8726.13 7
20251122토 7160010국4 2 3  5 9 1강 1121           7 6오섬퀸          올드패션브와나베 5930.00한암 32277   1    015:15 41250혼4문병기박남성   0 010 3 1 9 1 2 5 9 77임다빈   55.580강선보50 68 681797.072.064.41949 532531625474035282915232475 025↘→추13.335.840.012.89535                   89100 7811   13.90   13.80 4 -3  3NBDN53.64691813  .8 1.4 2.2858517-2전개최상승부최상47기 0 6                            13.9    13.8                                 1 7 3 1  9                                              .04896 4 9 8 4★ 1.640.00 -.59     102.932.5152.1864.4135536837.5957.9268.29 1
20251026일 31800 9국412 7 15 9 2강 2221흐림건조 5 7 6오섬퀸          올드패션브와나베 7633.00한암 32575 9 1   75      33000국4문병기박남성   0 1 9 2 2 9 1 2 4 8 75문세영47853.073강선보99 99 999598.069.069.53644 932531625474852282928361675 025↘↗입13.339.340.812.8932838.741.2117.6118.3 88100 7513   13.80   13.60 5 -1 -1VH동53.64691813  .4 1.6 2.0888817 0승부최상전개최상71기 2 9 1 1 1 1 1 2②1:57.66     .013.940.413.8  1  6  .20 2 1  0 1.129 5692789 1 8 1 11 1 4.01 6.09 1.5 2.4  7.3    5.2   14.8    3.6  .04799 4 9 8 4★ 1.541.60 -.8738.17118.632.2054.5669.4839587232.4354.9874.34 1
20250921일10180010국441 7 95 9 1강 1111맑음다습13 7 6오섬퀸          올드패션브와나베 7633.00한암 32871 2 1   67      33000국4문병기박남성   0 2 8 1 1 9 8 2 3 7 71임다빈47254.080강입하78 87 878896.069.080.61949 532531625474035282915232475 025↘→추13.339.340.912.8972539.340.0116.8117.3 86100 7114   14.50   13.80 4  3  2VNUP53.64691813  .2 1.6 1.8919117 1유망전력승부최상 5기 110 1 1 1 1 1 1②1:56.82½   .013.839.913.6  1  0  .40 2 1  0  .4 919391590 1 5 2 11 8 2.01 8.10 2.5 4.5  3.8    4.5   10.3   27.2  .04494 3 9 9 3☆ 1.441.50-1.1737.12118.639.2264.7480.6035536832.8454.2570.59 1
20250824일 71700 9국543 1 45 9 3강 3311맑음건조 4 7 6오섬퀸          올드패션브와나베 5930.00한암 33366 2 1   68      33000국5문병기박남성   0 3 7 3 1 9 7 2 2 6 66임다빈47252.580강선하81 89 898493.071.068.31949 532531625474035282915232475 025↘→추13.338.941.312.8975138.940.6110.4112.3 83 83 6717   13.60   13.10 5 -2  1LNUP53.64691713  .4 1.8 2.2858514 3전개최상마방선전40기 0 7 4 4 3 3 3 3②1:50.4½    .014.540.713.8  1  4  .10 2 1 -1  .11710391178 1 2 3 22 7 3.01 4.07 2.2 3.8  4.3    4.4   10.4    3.211.83489 2 9 9 2☆ 1.442.00 -.5732.12113.227.6652.5468.3421425841.9466.6780.08 1
20250719토 61400 9국554 1 55 9혼전 4441흐림포화19 7 6오섬퀸          올드패션브와나베 5930.00한암 34080 2 1   81      33000국5문병기박남성   0 4 6 2 2 9 6 2 2 5 80임다빈46852.080강도보95 94 949590.073.053.01949 532531625474035282915232475 025↘→추13.336.439.512.9855936.539.0 85.6 87.8 80 80 6020   13.30   14.50 4  7  0VU동53.64691413-1.2 3.2 2.0858512 0강단마필전개최상49기 1 9 4     5 5 5③1:25.6¾    .013.637.913.1  1 -6 1.70 3 2  0 1.01422391982 1 5 1 22 6 3.06 1.02 3.1 5.0  4.8   20.0   33.6   20.210.54494 3 9 9 3☆ 1.739.30 -.4211.8788.5222.0240.0453.0321425825.8644.5457.02 1
20250622일 91400 8국441 3 95 8혼전 4451맑음다습12 7 6오섬퀸          올드패션브와나베 5930.00한암 35075 2 1   63      33000국4문병기박남성   0 5 5 1 1 9 5 2 1 4 75임다빈47452.080강도상82 91 918389.063.047.61949 532531625474035282915232467 033↘→추13.536.639.212.9807535.140.5 87.7 87.9 75 75 5025   13.50   14.10 4 -7 -2HUUP54.24681413-1.5 3.5 2.0848413 1전개최상강단마필62기 0 2 2     2 2 2②1:27.75     .013.340.314.5  0  9 -.10 2 2  0  .816 1801978 2 6 1 31 5 4.02 8.02 2.5 4.6  5.6   12.8   25.3    7.710.53479 2 9 8 2    .939.10 -.2312.0688.4515.6333.7947.6214284227.2742.0156.60 1
20250525일 51300 9국551 3 55 9 1강 1141맑음양호 8 7 6오섬퀸          올드패션브와나베 5930.00한암 33366 2 1   66      24750국5문병기박남성   0 6 4 1 3 9 4 1 1 3 66임다빈46553.580강자보95 99 999796.073.068.51949 532531625474035282915232450 050↘→추13.637.038.912.9828936.738.5 81.4 82.0 67100 3333   13.60   13.90 5  5 -2VU동54.54691313-1.7 4.0 2.3808013 0전개최상전개최상38기 0 9 3     1 1 1①1:21.42½  -.513.539.114.1 -1 -4  .10 1 2  1  .012 927 591 3 3 1 11 4 2.03 9.07 2.7 4.6  3.7   12.6   25.3   33.2  .04496 3 9 9 3☆ 1.739.80 -.52 6.0882.5832.2855.5768.5235536830.5652.3469.77 1
20250420일 21300 9국641 9 95 9 1강 1131맑음양호 9 7 6오섬퀸          올드패션브와나베 5930.00한암 3 050 2 1  174      16500국6문병기박남성   0 7 3 3 2 9 3 0 1 2 50임다빈46955.080강입보97 99 999595.074.089.41949 5325316254740352829152324 0 099↘→추13.937.438.912.9559136.439.0 82.4 80.8 50100  050   13.90   14.00 5  2  1VV동54.04691312-2.5 5.5 3.0717112 0전개최상전개최상 1기 0 4 1     1 1 1①1:22.47   -1.213.639.713.9  0  1-1.30 1 1 -1  .0 1 445 899 6 1 1 11 3 1.02 4.01 1.6 4.0  1.6    4.0    6.4    7.9  .04993 3 9 9 3☆ 1.839.20-1.32 4.5282.8447.3976.1089.3639587236.1163.3573.90 1
20250315토 11300 8국650 7 55 9 2강 2235맑음양호 8 7 6오섬퀸          올드패션브와나베 5930.00한암 3 0   2 2  290      24750국6문병기박남성   0 8 2 2 1 9 2 0 1 1  0임다빈46854.073강추상81 25 2592  .073.088.8224016365424254740352829152324 0 099↗↘추14.338.038.912.9219837.438.8 83.4 82.4100100  0**   14.30   13.20 7  1  0VUUP54.04691312-7.0 9.0 2.0868612 1뒷심문제전개최상 1기 1 2 4     4 5 3④1:23.4½    .813.939.914.0  2 -1-1.10 4 2 -7 1.22342383067 6 2 4 12 2 1.03 6.05 2.6 4.7  2.6    6.9   13.6   13.9  .04490 3 8 9 3☆ 1.738.90-1.68 5.4983.2342.3672.2288.8139587210.9822.7837.40 3
20250125토 1120011국640 9 95 9 1강 1135맑음건조 3 7 6오섬퀸          올드패션브와나베 6422.00한암 3 0 0 9 3  420      24750국6문병기박남성   0 9 1 1 1 9 1 0 0 0  0임다빈46954.076평무보   25 2540  .062.065.11455 7303618254740352829152324      ↘↗추    36.738.5        37.637.5 77.0 75.0              13.80   13.60 4  0  0NL동       12 0                 0 0걸음불변마방기습 1기 3 1 7     8 6 2②1:17.0½    .014.338.413.2 -7-19-1.90 2 9  0  .11370 81691101010 13 1 7.09 7.01 3.1 6.1 14.6  168.8  416.0  499.1  .04077 3 6 9 3☆  .938.50 -.59 -.2075.6128.7952.9565.12325264 8.3316.6725.00 1
20251122토 7160010국4 2 3  5 7 1강 1121           7 7스마트테이크    지롤라모테이크포 4436.00한암 33737   1    015:15 41250혼4송문길김은갑   1 0 9 2 2 8 4 3 0 8 37문세영   57.073우자보50 67 671781.065.044.03644 9273917272448 0272328361650 025↘↗입13.536.139.512.67851                   50 50 2525   13.50   12.9010  6  5NBUP52.84841612  .4 2.0 2.4848414 2승부최상마방선전52기 1 7                            13.5    12.9                                 3 5 5 3  4                                              .03363 0 8 8 0   1.039.50 -.02     102.815.0630.6343.9515324713.4824.7138.21 3
20250913토 21400 8국422 2 25 9 1강 1141맑음포화19 7 7스마트테이크    지롤라모테이크포 4436.00한암 32828 2 1  194      33000국4송문길김은갑   1 1 8 1 1 8 3 2 0 7 28문세영48152.073우자하53 71 718586.070.083.83644 9273917272448 0272328361633 033↘↗입13.536.739.813.0723536.437.7 84.5 86.4 43 43 1414   13.60   14.40 4 -7  0UUDN53.04841612 -.2 2.6 2.4838313-2주행평범승부최상68기 1 1 1     1 1 1①1:24.58   -1.413.536.612.9  0 -7 1.30 1 1 -1  .0 116 4 195 2 7 3 11 3 1.03 1.05 1.7 1.7  1.7    7.5   10.3    3.8  .04492 3 9 9 3☆ 1.638.70-1.61 9.8988.9341.9867.4883.7939607329.3552.0258.33 1
20250816토 8160010국550 5105 5 1강 1131맑음다습10 7 7스마트테이크    지롤라모테이크포 4436.00한암 33333 2 1   76      41250국5송문길김은갑   1 2 7 4 1 8 2 2 0 6 33문세영48852.073우추보94 93 931783.060.032.83644 9273917272448 0272328361633 033↘↗입13.536.440.113.0624736.739.6102.6102.8 33 50 1717   13.50   13.60 6  2 -1NUUP53.04841612 -.6 3.4 2.8797913 3기습선행작전마주38기 0 8 2   2 3 3 2④1:42.61¾   .413.640.214.4  2  4 -.60 4 2  1 1.14058475268 2 7 1 32 2 1.03 2.10 2.6 5.6  2.6    9.4   13.3   35.9  .03164 1 8 7 1    .840.10 -.1826.29103.3 9.7221.0932.8412253912.0325.3537.41 3
20250706일 31300 9국551 4105 6혼전 4421맑음건조 3 7 7스마트테이크    지롤라모테이크포 4436.00한암 32020 1 1   95      24750국5송문길김은갑   1 3 6 3 1 8 1 1 0 5 20문세영48452.573우추보77 87 877563.066.047.03644 9273917272448 02723283616 0 050↘↗입13.937.439.213.0536837.038.4 81.3 82.1 20 60  0 0   14.00   13.30 4 -4 -1NHUP53.34851312 -.2 3.8 3.6636312 1걸음관심거리속성40기 0 6 2     2 2 1①1:21.31¼  -.213.538.513.6  0  3  .30 1 1 -1  .0121823 789 6 4 2 31 1 1.08 6.04 2.2 5.4  2.2   28.3   40.0   43.713.42781 1 8 8 1△ 1.139.40 -.34 5.4583.0317.4832.9946.9614284216.4728.2535.58 2
20250608일 3120011국532 5 85 5 2강 2241맑음건조 3 7 7스마트테이크    지롤라모테이크포 1733.00한암 32525 2 1   67      24750국5송문길김은갑   1 4 5 2 5 8 3 1 0 4 25김효정48153.070평추상88 86 864268.054.027.7193913273917272419192723162118 0 050→↘입13.937.538.713.1296437.138.0 75.7 75.1 25 50  0 0   13.90   13.40 5 -1  1LN동53.34851212 -.5 4.3 3.8606012 0걸음불변최적거리56기 110 5     4 6 5③1:15.7½    .114.038.313.3  1 -7 -.60 3 2 -2  .4184723217510 7 3 52 3 8.01 7.02 3.0 4.3 48.7   57.6  272.9   35.8  .02364 1 7 6 1    .337.80 -.08-1.1476.17 6.7917.3927.67 6152610.3722.3129.13 3
20250504일 3120011국513 5 15 7 2강 2241맑음포화15 7 7스마트테이크    지롤라모테이크포 1733.00한암 33333 1 1  131      24750국5송문길김은갑   1 5 4 1 4 8 2 1 0 3 33김효정48852.070평추상85 90 906391.065.057.9193913273917272419192723162118 0 099→↘입14.037.638.713.2246837.238.2 74.8 75.4 33 33  0 0   14.10   13.90 5  1 -3VU동54.54811212 -.3 4.3 4.0555512 0적임교체탄력호전 1기 011 5     7 3 4③1:14.81     .213.938.013.4 -1  7  .60 3 4  0  .42549272473 8 7 2 20 2 1.10 2.04 1.5 2.7  1.5  146.3  177.5  294.2  .03376 0 8 8 0   1.137.80-1.00 -.8976.2322.6543.6357.8918395622.0345.5460.58 2
20250330일 1120011국641 9 95 8 2강 2242맑음건조 3 7 7스마트테이크    지롤라모테이크포 1733.00한암 3 0 0 9 2  238      16500국6송문길김은갑   1 6 3 3 3 8 1 0 0 0  0김효정48154.569하추보67 63 634981.070.071.31533 8294323272419192723162118      ↗→입14.037.838.913.2 85536.838.6 77.1 75.1  0  0  0 0   14.10   13.2023  6  2BL동       1212 1.0 4.5 5.5343412 0전력변화적임교체 1기 110 6     7 6 1①1:17.12½  -.414.139.613.9 -3 -1-1.70 1 4 -2  .01626422597 7 2 2 13 1 4.0110.07 2.7 5.8  4.7    6.2   12.1  105.7  .04369 1 8 9 1▲ 1.437.50-1.60-1.6076.4532.0057.2771.2539587230.1648.4850.00 1
20241019토 11200 9국631 6 35 4혼전 4439맑음포화19 7 7스마트테이크    지롤라모테이크포 1733.00한암 2 0 0 2 4  726      24750국6송문길김은갑   1 7 2 2 2 8 1 0 0 1  0김정준48253.074하추보29 19 193118.051.023.41222 9284116272425242723152124      ↗↗자14.037.939.213.2 93937.738.1 76.1 75.9  0  0  0 0   14.00   13.50 5 -2  0HH동       1212 2.0 3.0 5.0171712 0기수신마최적거리 1기 1 4 6     7 7 6⑥1:16.1머리 1.014.438.513.8  0 -3 -.20 6 6  3 1.34475254257 9 8 4 80 1 2.01 1.06 2.6 2.4  2.6    2.4    5.0    8.0  .02062 0 5 4 0    .037.60 -.44-1.1676.67 5.9712.8423.36 41118 6.7613.9217.70 9
20240914토 2120011국610 6 65 8 1강 1135맑음포화16 7 7스마트테이크    지롤라모테이크포 1733.00한암 2 0 0 2 5  811      24750국6송문길김은갑   1 8 1 1 1 8 1 0 0 0  0김태희48553.060평무보   25 2540  .051.024.5 2 0 3316315272413102723152316      →↗입    36.738.5        37.739.1 76.6 76.6              13.80   13.60 4  0  0LN동       12 0                 0 0걸음불변기수신마 1기 2 6 9     8 9 7⑤1:16.6¾   2.414.039.313.5  2 -3  .10 5 3  0 3.66673576926 2 2 4 53 1 5.01 8.07 1.8 5.4 10.7    7.0   19.9   47.0  .03554 3 6 7 3    .239.00  .56 1.3975.61 6.5715.3224.50 61526 8.3316.4428.62 7
20251122토 7160010국4 2 3  4 5 1강 1121           7 8손에손잡고      페더럴리블루드리 6237.00한암 42033   1    015:15 41250혼4홍대유김종식   1 016 3 115 3 3 215 33문정균   54.066우추보50 61 611739.049.023.31956 91837 7151918291914131823 05050→↘추13.536.439.412.46264                   43 64  757   13.90   13.50 4 -3  2LNUP53.94391612 -.6 3.2 2.6747414 2노릴탄력보통걸음70기 2 8                            13.9    13.5                                 4 3 6 6  3                                              .02643 1 5 4 1   -.139.40  .39     102.9 5.2311.8023.29 31020 5.6716.2226.02 5
20251025토 8140011국453 3104 8혼전 4441맑음건조 5 7 8손에손잡고      페더럴리블루드리 6237.00한암 42135 9 1   81      33000국4홍대유김종식   1 115 2 315 2 3 214 35문정균43252.566우추보90 86 868362.062.029.01956 91837 7151918291914131823 04357→↘추13.536.938.912.4557537.038.8 88.0 88.1 46 62  862   13.50   14.30 4  5  1VN동54.14401412 -.2 2.6 2.4767614 0승부최상최적거리48기 111 6     6 6 4④1:28.0코    .213.938.913.5 -2 -9 -.10 4 6  3  .21945272273 8 2 4 52 2 5.01 5.06 3.0 7.5  8.6   12.4   30.2   69.7  .03585 3 8 7 3▲  .838.80  .2712.3188.45 8.2318.1129.04 71627 5.3814.0224.87 9
20250927토 7140011국451 4104 9 2강 2241맑음다습11 7 8손에손잡고      페더럴리블루드리 6237.00한암 41530 9 1   59      33000국4홍대유김종식   1 214 1 215 1 2 213 30문정균44152.066우추보78 71 717981.070.066.51956 91837 7151918291914131823 03367→↘추13.737.438.812.4228535.639.9 87.7 88.1 42 58  075   13.70   13.30 5  3 -3NUUP54.54401412  .2 2.6 2.8737312 1추입무난승부최상77기 2 6 3     3 3 1①1:27.7코    .013.539.914.3 -2 -2  .00 1 3  1  .022 267197911 2 5 22 1 3.08 6.11 2.6 7.2  6.8   39.2   75.4  340.4  .06197 4 8 8 4★ 1.638.30 -.9511.8588.7331.4052.6066.4721425822.0935.7550.00 1
20250823토 4130011국552 1 54 8혼전 4411흐림건조 4 7 8손에손잡고      페더럴리블루드리 6237.00한암 41625 2 1   81      24750국5홍대유김종식   1 31311 515 3 2 112 25이혁  44355.088우추보68 80 808769.066.031.81428 61837 7151932381914272119 02080↘↗선13.737.738.612.4269637.437.5 79.9 81.8 36 55  073   13.80   13.30 4 -4  1HN동54.44391412  .2 3.4 3.6696912 0부중민감거리속성37기 0 3 4     4 4 3②1:19.93     .013.737.713.3  0  3  .70 2 2  0  .5 839 4 27510 1 3 52 3 4.02 2.03 2.5 5.0  8.4   13.1   34.4   62.412.73774 2 8 7 2▲ 1.139.10  .26 5.5382.8410.8521.5631.79 8152615.1826.5534.90 3
20250727일 61300 8국511 4 64 8 1강 1113맑음건조 3 7 8손에손잡고      페더럴리블루드리 6237.00한암 41818 9 1   52      24750국5홍대유김종식   1 41210 415 2 2 011 18이혁  44054.588평추하50 48 488975.073.056.61428 61837 7151932381914272119 02575↘↗선13.737.838.612.4229537.638.2 81.5 82.4 30 50  070   14.40   13.60 4 -1  0NV동54.44391412 -.2 4.8 4.6626212 0승부최상부중민감45기 0 7 5     6 5 3②1:21.51¼   .013.838.213.3  0  3  .50 2 2 -1  .22148161481 8 1 3 23 2 1.02 2.07 1.8 3.8  1.8    4.2    6.6    4.712.03480 2 7 8 2▲ 1.639.10 -.49 5.9982.9023.4041.4856.6018395619.0538.6053.85 3
20250629일 31300 9국542 5 94 9 3강 3321흐림양호 8 7 8손에손잡고      페더럴리블루드리 6237.00한암 42020 9 1   69      24750국5홍대유김종식   1 511 9 315 1 2 010 20이혁  43754.588평추보61 72 728984.075.059.41428 61837 7151932381914272119 02575↘↗선13.737.838.712.4199538.338.0 81.9 83.0 33 56  078   14.90   12.70 4  7 -1LVUP54.44391412  .2 5.0 5.2616112 1노릴탄력승부최상54기 1 8 9     8 8 7④1:21.91½  1.514.438.213.6  1  0  .30 4 3  0 1.74680133235 9 1 3 13 1 4.01 3.02 2.0 4.5  6.7    7.3   18.9   16.612.14895 4 8 8 4★ 1.739.30 -.62 6.5382.9724.9445.2159.3735536819.4242.3155.45 2
20250601일 31200 8국541 4 44 8혼전 4431맑음건조 3 7 8손에손잡고      페더럴리블루드리 7127.00한암 42222 1 1   67      24750국5홍대유김종식   1 610 8 715 4 2 0 9 22김옥성43755.063평추보76 73 738853.068.054.3 8 0 71837 71519 7 81914151517 03367↘↗추13.737.738.012.4 99738.137.1 75.6 75.2 25 38  075   14.50   12.90 4 -6  0UN동54.24401412  .4 5.0 5.4565612 0노릴탄력탄력호전62기 3 1 8     8 8 7③1:15.6목    .014.937.212.7  0 -2 -.40 3 3  0  .62189 32081 8 1 1 33 4 1.04 2.04 1.9 3.3  1.9    7.5   10.7    6.912.73385 2 7 7 2△ 1.437.60 -.55 -.4675.8918.4638.2354.2612253919.3038.4056.25 2
20250503토 2120011국554 6104 5 2강 2241흐림포화18 7 8손에손잡고      페더럴리블루드리 7127.00한암 42525 1 1  142      24750국5홍대유김종식   1 7 9 7 615 3 2 0 8 25김옥성43955.063평추보47 56 564813.043.014.9 8 0 71837 71519 7 81914151517 05050↘↗추13.737.738.012.4109738.137.2 74.9 75.3 29 57  071   15.00   13.30 5  1  1NN동53.84411412 -.6 5.6 5.0595912 0부중민감최적거리 1기 0 7 9     9 8 6③1:14.91½   .314.537.112.9  0 14  .40 3 3 -3  .52087 3217010 1 6 83 3 8.06 2.06 2.2 6.4 28.3   73.3  220.6  189.9  .03241-1 3 2-1   -.437.60  .57 -.4575.89 3.08 7.3914.91 31018 2.19 5.5611.73 8
20250330일 5120011국522 7 74 5 1강 1141눈  건조 3 7 8손에손잡고      페더럴리블루드리 7127.00한암 42828 9 2  234      24750국5홍대유김종식   1 8 8 6 515 2 2 0 7 28김옥성42554.060우추보63 62 627727.059.038.013 0121670 71519 7 81914151517 05050→↘추13.737.638.012.4189738.937.5 77.0 76.4 33 67  067   14.40   13.50 4  5 -1NVDN53.84411412-1.0 5.0 4.0646412-1주행평범부중민감 1기 0 611    1010 9⑥1:17.01     .515.037.913.3  0 -8 -.60 6 6 -3 1.05898 86062 9 1 5 43 2 3.07 5.08 2.7 4.5  7.4   95.3  199.8   64.2  .02666 0 4 5 0    .638.10 -.03  .7675.8411.8324.8637.96 92032 5.4314.8523.08 6
20250302일 5130011국552 5104 4혼전 4421흐림건조 4 7 8손에손잡고      페더럴리블루드리 6237.00한암 4 1   1 2  318      24750국5홍대유김종식   1 9 7 5 215 1 2 0 0  0김옥성43354.558우추하 5 14 1489  .053.017.213 0121670 71519 7 81914151517 05050→↘추13.737.738.612.4309538.838.0 83.2 83.4 40 80  060   14.80   13.7022 -4 -1UVDN53.84411412 -.4 4.4 4.0656512-1걸음불변추입유리 1기 0 111    1110 8⑦1:23.23    1.014.438.713.5 -2 -6 -.50 7 9  5 1.1579213504611 111103 1 1.05 7.05 2.8 5.7  2.8   14.4   23.6   26.613.21752 0 3 5 0    .139.40  .67 7.0582.84 3.98 9.8317.15 1 4 8 8.5716.1435.68 7
20240929일 4140011국521 3 24 9 1강 1141맑음건조 4 7 8손에손잡고      페더럴리블루드리 6237.00한암 34040 9 4  778      24750국5김동철김종식   110 6 4 115 1 2 0 5 40장추열43955.091강추하66 71 718074.065.046.92548 8194415151523 01711202522 05050↗→입13.737.338.612.4239437.339.0 88.8 88.9 50100  075   14.10   12.80 6 -3  0NNUP53.84411412-1.3 4.5 3.3747412 2노릴탄력승부최상 1기 0 5 6     5 5 6⑦1:28.8목   1.713.839.313.6  3 -1 -.10 7 4  1 2.85065384627 7 1 6 32 1 2.01 7.03 1.8 1.8  2.9    1.8    4.7   13.4  .04493 3 7 5 3△ 1.238.60 -.2613.0288.5217.4732.7846.8812253913.8225.7638.93 4
20240817토 4120011국514 3 64 7 1강 1141맑음건조 4 7 8손에손잡고      페더럴리블루드리 7127.00한암 35050 2 5  893      24750국5김동철김종식   111 5 3 415 4 2 0 4 50김효정44055.066강추하89 82 827867.061.040.41580 41950 0151511 01711162118 05050↘→입13.737.538.012.4279837.837.6 75.7 75.5 67100  067   14.00   13.10 9  2  0NNDN53.84411312-2.0 5.0 3.0797912-1직전탐색최적거리 1기 1 8 5     6 7 6④1:15.72½   .714.137.812.8  1 -5 -.40 4 3  1 1.12978 9235610 1 4 33 4 1.05 5.06 1.9 5.2  1.9    7.9   12.7  119.212.03377 2 7 5 2    .937.90 -.04  .0475.7812.4827.7440.39 8203313.3323.0436.34 4
20240615토 4130010국552 2104 8 1강 1111흐림건조 5 7 8손에손잡고      페더럴리블루드리 6237.00한암 36666 2 6 1058      24750국5김동철김종식   112 4 2 115 3 2 0 3 66김효정44555.064강추상87 97 978991.064.041.6164310205013151511 01711162118 05050↘↘입13.737.538.712.4419638.437.3 82.9 82.9 67100  067   13.70   12.70 5  1  2NNUP53.84411312 -.5 4.5 4.0767612 1전개최상거리속성 1기 0 6 6     7 8 7⑥1:22.9¾   1.214.037.713.1  4  1 -.51 6 2 -4 1.94284 31640 7 2 1 40 3 3.07 7.08 3.6 6.6  5.4   41.4   73.9   33.0  .03486 3 8 7 3▲ 1.039.50  .04 6.7182.7813.1527.7441.64 7162718.5738.9350.94 2
20240512일 41200 8국553 3 54 9 2강 2251맑음다습14 7 8손에손잡고      페더럴리블루드리 7127.00한암 35050 2 6 1151      24750국5김동철김종식   113 3 1 315 2 1 0 2 50김효정44453.566우입보96 94 949297.072.068.9164310205013151511 01711162118 099 0↘↘입14.037.838.112.7 99737.437.3 74.4 74.6 50100  050   14.00   13.00 6  3 -1NU동54.04371212 1.0 6.0 7.0565612 0부중효과전개최상 1기 0 5 5     6 6 6①1:14.4목    .013.737.412.7 -5  7  .30 1 6  3  .0 761 5 883 8 1 3 13 2 6.03 5.04 3.0 4.7 11.4   22.6   49.0   21.4  .04496 3 9 9 3☆ 1.637.30-1.09-1.2876.0032.5853.9368.8939587234.1955.1565.28 1
20240331일 1120011국650 9 54 7 2강 2239맑음다습13 7 8손에손잡고      페더럴리블루드리 7127.00한암 3 0 0 9 7 1285      16500국6김동철김종식   114 2 2 215 1 0 0 1  0김효정43754.057우추보82 74 747163.064.062.71399 612 910151511 01711162118      →↘입14.038.038.212.8 29536.937.6 76.4 74.4  0100  0 0   14.00   13.10 5-10  0HH동       1212         7.0    12 0기수신마부중효과 1기 1 2 6     3 4 4①1:16.42    -.414.038.713.0 -2 -8-1.90 1 3 -3  .0 43310 69811 5 1 12 1 3.02 2.09 2.8 4.5  4.7    6.0   12.5    4.8  .02690 1 7 7 1   1.037.10-1.09-1.8076.1728.7551.0162.7239587217.9530.3029.06 2
20240224토 2120012국652 9104 7혼전 4435맑음포화15 7 8손에손잡고      페더럴리블루드리 7127.00한암 3 0 0 9 8 1405      16500국6김동철김종식   115 1 1 115 1 0 0 0  0조재로44554.080평무보   35 3540  .050.031.92360 72456 7151521 01711192422      ↘↘추    36.738.5        38.138.1 77.4 75.6              13.80   13.60 4  0  0NL동       12 0                 0 0걸음불변기수신마 1기 012 8    1112 9⑦1:17.4½    .814.038.613.1  1 -3-1.30 7 6  0 1.22986225161 3 310 43 1 1.02 1.03 3.0 5.5  3.0    5.5   10.0   86.0  .03561 3 5 4 3    .138.70  .36  .3575.61 9.2221.3831.90 8152611.6921.0543.07 6
20251122토 7160010국4 2 3  5 9 1강 1121           7 9크리솔스톤      크리솔라필라니케 5426.00한암 3       1    015:15 41250혼4안병기요시다가 2 0 4 1 1 3 1 3 0 3  0김용근   53.582강선보50 73 7317  .068.050.7214911285617182721 0201329251799 0 0↗↘선14.735.939.412.58755                  100100 6767   13.60   13.90 8  7 -2BHUP54.34911614 -.3 1.3 1.0939312 2전개최상마방선전62기 1 9                            13.6    13.9                                 2 2 2 2  1                                              .03589 3 9 9 3☆ 1.239.40 -.06     102.619.7536.1450.72214258 6.3813.9022.76 7
20250927토 6140011국511 5 65 9혼전 4451맑음다습11 7 9크리솔스톤      크리솔라필라니케 5426.00한암 3     9 1  148      24750국5안병기요시다가 2 1 3 2 2 3 2 2 0 2  0문세영48755.573강도보99 99 9999  .073.055.63644 9285617182738 0201328361699 0 0↘↗입14.736.638.812.5789236.139.7 87.3 87.6100100 50**   13.50   13.50 4 -1  3UL동53.84931412 -.5 1.5 1.0969614 0전개최상전개최상34기 0 2 1     1 1 1①1:27.3코    .013.639.613.9  0 -6  .20 1 1  0  .0 8 6602384 1 2 1 11 2 1.09 2.08 1.4 4.4  1.4   14.0   17.2  307.910.54499 3 9 9 3☆ 1.539.00 -.1912.2288.1826.4843.7355.6132526412.8622.0936.00 3
20250831일 3140011국512 7 65 9 1강 1157맑음다습13 7 9크리솔스톤      크리솔라필라니케 5426.00한암 3     9 1   51      24750국5안병기요시다가 2 2 2 1 1 3 1 1 0 1  0문세영49352.573강선보89 25 2599  .080.075.03644 9285617182738 0201328361699 0 0↘↗입14.736.739.012.5739536.338.7 86.8 86.9100100  0**   13.50   13.10 6  0 -3UUUP55.04921412-1.0 2.0 1.0989812 2적임교체전개최상45기 1 3 1     1 1 1①1:26.81¼  -.313.538.313.5  0  1  .20 1 1 -1  .0 21431 894 2 211 11 1 1.06 3.07 1.5 4.7  1.5    7.5    9.3   14.4  .07599 4 9 9 4★ 2.338.80 -.8711.1888.3836.5862.3375.0439607314.7524.6642.05 5
20250720일 2120010국633 4 85 9 1강 1129맑음포화17 7 9크리솔스톤      크리솔라필라니케  440.00한암 3 0 0 2 1   97      16500국6안병기요시다가 2 3 1 1 1 3 1 0 0 0  0코지  49255.088평무보40 25 2545  .059.043.9295017285617182728442013252619      →↘선14.738.538.212.5 19936.837.5 73.8 74.5              14.90   12.70 4  0  0NL동       12 0         1.0     0 0거세출주적임교체48기 1 3 2     1 1 1①1:13.84    -.713.537.413.1 -1  0  .50 1 2  0  .0 529 9 49511 1 9 31 1 2.01 3.08 2.4 3.3  3.0    3.3    7.7    6.7  .04359 3 7 8 3▲  .636.60 -.82-2.2376.4516.1230.6343.8814284211.2521.1837.61 4
20251122토 7160010국4 2 3  7 4 1강 1121           710원더풀어롱      뉴레전드선가디스 7825.00한암 31827   1    015:15 41250혼4서범석(주)녹원 2 012 1 111 1 2 111 27이동하   52.088평입보50 59 591770.046.020.62849151850 92033 0 021152426192550 0→↘선13.536.640.613.24713                   30 20 2020   13.70   13.60 4  0 -2VHUP53.44201614-1.4 5.8 4.4676714 2걸음불변기수영향56기 110                            13.7    13.6                                 5 9 7 7  1                                              .01637 0 6 7 0   -.340.60 -.21     103.7 5.5111.4720.64 3 817 8.5123.1737.40 4
20251025토 4140011국551 5107 6 1강 1151맑음건조 5 710원더풀어롱      뉴레전드선가디스 7825.00한암 31020 9 1   85      24750국5서범석(주)녹원 2 111 7 81111 1 110 20박태종42653.575평입보58 60 604455.057.030.011 0 81850 92033172021152023203333 0↘↗선13.536.940.013.2501336.639.0 88.9 88.1 22 11 2222   13.90   13.80 3  2  1BN동53.34181414 -.6 6.4 5.8535314 0직전탐색단기승부39기 110 1     3 4 2①1:28.91¼  -.213.739.413.6 -2  0 -.70 1 3  1  .01924361791 6 9 5 6211 3.0510.01 3.710.7  5.4   14.0   29.9   31.8  .03345 0 6 6 0    .638.80 -.4311.2489.21 9.1519.3529.95 5122310.3420.7528.49 4
20251003금 7140011국530 2 87 6혼전 4451흐림다습11 710원더풀어롱      뉴레전드선가디스 7825.00한암 31122 1 1   38      24750국5서범석(주)녹원 2 210 6 71110 1 1 9 22박태종42652.575평입상76 79 796968.065.047.611 0 81850 92033172021152023203333 0↘↗선13.536.940.013.2531037.039.0 88.6 88.7 22 11 3322   13.50   13.60 5  1  1NN동53.34181414-1.8 7.4 5.6545414 0기습선행탄력호전44기 1 8 5     5 5 4⑤1:28.62½   .613.938.913.8  3  0 -.19 5 2 -4 1.44351373661 210 2 2210 1.03 5.02 1.9 3.7  1.9    6.4    8.6   25.6  .03365 0 8 7 0    .938.90 -.9111.7689.2117.2635.7047.6318365122.5837.7643.70 2
20250831일 3140011국512 7 67 5 1강 1157맑음다습13 710원더풀어롱      뉴레전드선가디스 7825.00한암 31212 9 1   93      24750국5서범석(주)녹원 2 3 9 5 611 9 1 0 8 12박태종42652.075평입상52 54 544246.056.032.911 0 81850 9203317202115202320 050 0↘↗선13.736.940.013.253 636.439.0 87.1 87.2 13  0 2513   13.70   14.10 5 -2  1NN동54.04141414-1.8 7.4 5.6545412 0마방기습작전마주51관 1 7 2     2 2 2②1:27.11¼   .013.538.513.6 -4 12  .30 2 6  1  .3 418361490 5 7 2 31 9 1.06 3.07 1.5 4.7  1.5    7.5    9.3   14.4  .02746 0 5 5 0    .538.60 -.5110.3089.21 9.7520.6032.9212253911.4827.4037.50 2
20250726토 3140010국521 6 77 4 1강 1151맑음건조 4 710원더풀어롱      뉴레전드선가디스 7825.00한암 31414 9 1   85      24750국5서범석(주)녹원 2 4 8 4 511 8 1 0 7 14박태종41451.575평입보38 29 292717.048.031.911 0 81850 9203317202115202320 050 0↘↗선13.737.240.013.231 835.940.5 88.8 88.5 14  0 1414   14.70   14.10 5  7 -2BU동54.04141414-1.8 8.0 6.2454512 0걸음불변마방기습31기 0 9 5     5 4 4④1:28.81½   .313.740.314.1 -1 -2 -.20 4 5  0 1.235 3815070 8 8 9 42 8 8.02 5.10 1.6 4.7 36.9   78.9  286.4   34.8  .02436-1 3 4-1    .038.60 -.6811.2989.41 9.3319.6031.88 82033 3.28 9.9517.27 8
20250622일 4140010국531 9 87 3 1강 1151맑음포화15 710원더풀어롱      뉴레전드선가디스 7825.00한암 31616 2 1   88      24750국5서범석(주)녹원 2 5 7 3 411 7 1 0 6 16박태종41653.075평입상44 37 373516.042.019.211 0 81850 9203317202115202320 050 0↘↗선13.737.140.013.2351037.738.7 90.3 88.8 17  0 1717   15.30   13.50 3 -2  2UN동54.04141414-3.0 8.8 5.8525212 0주행평범보통걸음47기 0 210     9 8 7⑧1:30.31½  1.614.739.614.1  3 -7-1.40 8 5 -5 1.94884295335 6 9 7 50 7 2.01 4.08 2.5 5.3  3.6    5.3   11.6    6.0  .01732-1 3 3-1   -.538.80 -.2711.6889.34 3.91 9.9319.19 51223 5.8811.4917.53 7
20250601일 5140011국551 4107 5혼전 4441맑음건조 3 710원더풀어롱      뉴레전드선가디스 7825.00한암 32020 1 1   45      24750국5서범석(주)녹원 2 6 6 2 311 6 1 0 5 20박태종42351.575평입하14 17 173818.050.019.811 0 81850 9203317202115202320 050 0↘↗선13.737.040.113.349 738.038.6 89.1 88.5 20  0 2020   14.00   14.80 5 -2 -2UU동54.04141413-3.4 8.8 5.4545412 0탄력저조부중유리51기 1 410    10 8 7⑦1:29.1¾   1.115.338.313.5 -3 -2 -.40 710  4 1.53590225546 51010 80 6 4.05 9.05 3.4 9.7  7.6   24.2   48.1  151.6  .01845 0 4 6 0   -.138.80 -.3011.4289.34 4.5710.1919.84 2 5 9 5.1010.1419.5710
20250427일 5140011국540 8 97 6혼전 4441맑음양호 7 710원더풀어롱      뉴레전드선가디스 7825.00한암 32525 9 1  150      24750국5서범석(주)녹원 2 7 5 1 211 5 1 0 4 25박태종42553.075평입상40 62 625354.058.033.411 0 81850 9203317202115202320 050 0↘↗선13.736.940.113.3511136.841.0 91.1 90.0 25  0 2525   13.70   14.30 4  1 -1NU동54.04141413-4.8 9.5 4.8626212 0뒷심문제부중유리 1기 0 6 6     6 6 6⑧1:31.11    2.114.041.514.8  2  9 -.70 8 6 -5 2.28036878419 410 4 52 5 2.0411.01 3.7 8.7  4.6    8.7   18.1   13.4  .02964 0 6 7 0    .639.30 -.5813.0289.2811.4222.4733.39 92032 9.9121.2831.40 5
20250329토 2140011국640 9 97 4혼전 4459흐림건조 3 710원더풀어롱      뉴레전드선가디스 7825.00한암 3 0 0 9 2  247      16500국6서범석(주)녹원 2 8 4 4 111 4 0 0 3  0박태종41654.064평무보25 49 492918.053.034.11683 4298620203317202115202320 0 0 0↗↘선14.337.739.613.3 95936.340.2 90.9 88.9  0  0  033   14.60   13.90 6 -6 -1NNUP54.04111413-3.0 9.0 6.0515112 1걸음불변마방기습 1기 0 5 1     3 3 1①1:30.9¾   -.213.740.814.3-10 11-1.60 111  3  .04914745391 8 8 3 42 411.03 5.06 1.8 6.1 45.7  106.4  269.3  422.1  .02436 0 5 6 0    .238.20 -.7811.6089.4812.0523.5334.05 9203211.9021.1532.14 3
20250216일 2130010국652 7 57 4혼전 4431흐림건조 4 710원더풀어롱      뉴레전드선가디스 7825.00한암 3 0 0 2 2  364      16500국6서범석(주)녹원 2 9 3 3 211 3 0 0 2  0박태종40554.564평무보56 73 735022.045.016.61683 4298620203317202115202320 0 0 0↗↘선14.338.139.213.3148938.239.2 84.6 83.7  0  0  050   14.60   13.60 5  6  1BN동54.04111312-4.0 9.5 5.5646412 0신마적응거리속성 1관 11110     6 7 7⑦1:24.63    1.914.640.313.9 -1 -6-1.30 7 8 -1 2.16875526836 9 5 4 90 3 1.06 6.01 2.2 4.1  2.2   22.0   29.7   18.4  .02535-1 5 3-1   -.339.10  .06 6.4283.48 4.30 9.0016.57 1 4 8 6.0012.2618.53 8
20250111토 3130011국620 7 77 4 1강 1125맑음건조 5 710원더풀어롱      뉴레전드선가디스 7825.00한암 3 0 0 2 3  462      16500국6서범석(주)녹원 210 2 2 111 2 0 0 1  0박태종41154.067평무상50 35 3540  .045.017.11033 8 920 3203317202115202320      ↗↗선14.337.939.513.3296438.538.0 83.5 83.1  0  0  0 0   14.30   13.60 3  0  1NNUP       1312-5.010.0 5.0575712 1기수신마단기승부 1기 1 5 9     7 7 8⑥1:23.52     .414.639.013.6 -3  0 -.90 6 9 -1  .74986144174 7 611 90 2 7.01 8.06 1.6 3.8 25.3   14.4   64.8   32.3  .02032-1 4 4-1   -.539.20 -.01 5.7083.55 3.31 9.1217.10 3 814 6.5714.5738.76 6
20241222일 1120011국650 7107 6혼전 4439맑음양호 7 710원더풀어롱      뉴레전드선가디스 6647.00한암 2 0 0 2 3  520      24750국6서범석(주)녹원 211 1 1 111 1 0 0 0  0박태종41153.068평무보   35 3540  .045.020.31033 8 920 3203317202115202320      ↗↗선    36.738.5        37.538.7 77.5 75.9              13.80   13.60 4  0  0LN동       12 0                 0 0걸음불변기수신마 1기 2 5 8     8 7 6⑤1:17.52½   .814.339.413.6 -5-10-1.40 510  0 1.14363435061 7 711 90 1 6.0512.09 2.5 6.1 10.2   47.3  126.0   74.3  .02645 1 4 5 1   -.338.80  .71  .7175.61 6.7812.4520.28 2 5 9 9.6818.7530.74 3
20251122토 8170011국4 1 4  8 5 1강 1113           8 1블러드마운틴    투아너앤말리부스 4831.00한수 4 420   1    016:05 33000국4김윤섭이상진   1 016 71226 4 1 425 20유승완   54.578평입보50 64 646362.055.037.21446 6254513 915161910 2162623206020→↗입13.639.340.912.87755                   27 45  914   14.20   13.10 5  0  2UNDN54.44751817-2.0 5.2 3.2777718-1걸음불변작전마주62기 0 1                            14.2    13.1                                 6 3 2 2  6                                              .01852 0 6 6 0    .540.90  .13     113.212.0024.9937.20194056 6.7316.9630.18 6
20251018토 8180011국412 8 68 5 1강 1121흐림포화19 8 1블러드마운틴    투아너앤말리부스 8233.00한수 4 416 2 1  103      33000국4김윤섭이상진   1 115 6 326 3 1 324 16유승완47853.078평입보83 71 713750.044.026.51446 6254513 915161910 2162623255025→↗입13.640.040.812.8562539.639.7116.8117.6 24 43 1014   13.70   13.30 5 -2  1UNUP54.84741817-1.2 5.6 4.4666613 4선행무리거리속성44기 0 1 3 3 4 3 2 2②1:56.85     .014.239.413.1 -3  5  .50 2 5  2  .81430301589 6 6 3 52 5 1.05 3.01 1.3 4.6  1.3    6.2    7.6   13.2  .01836 0 6 4 0   -.340.80 -.1336.84118.9 8.7216.6626.51 5122312.5020.6532.00 4
20250913토 31400 8국430 2 88 7 1강 1151맑음포화19 8 1블러드마운틴    투아너앤말리부스 4831.00한수 4 417 2 1   83      33000국4김윤섭이상진   1 214 5 326 2 1 323 17유승완47352.078평입상59 58 584235.056.038.21446 6254513 915161910 2162623255025→↗입13.637.339.412.8384336.339.3 86.3 87.7 25 40 1020   13.60   13.90 6 -3 -1HHDN54.84741817-1.4 6.8 5.4585813-2주행평범탄력호조47기 0 3 3     2 2 3⑤1:26.3목    .413.738.213.3  2  5 1.00 5 3 -3  .41114482069 6 7 5 51 4 4.02 2.01 2.2 4.3  9.8   17.5   48.6    8.8  .04447 0 5 4 0    .238.40 -.5211.0289.0711.6925.1638.21 71627 5.5015.0026.41 6
20250803일13160010국452 6108 2 3강 3332흐림건조 3 8 1블러드마운틴    투아너앤말리부스 4831.00한수 4 418 1 1   85      33000국4김윤섭이상진   1 313 4 426 1 1 322 18유승완46852.578평입하26 19 191712.038.016.71446 6254513 915161910 2162623 06733→↗입14.036.639.712.8473937.338.9103.3102.4 32 42  521   14.60   15.40 7  3  1NNDN55.54761817-2.2 7.6 5.4565613-2걸음불변보통걸음87기 1 6 3   3 2 1 1④1:43.31½   .413.640.113.9 -2 -4 -.40 4 6  2  .42785294868 8 5 7 71 3 3.02 3.10 3.0 6.8  5.3    9.5   22.3   10.411.21420 0 2 2 0   -.939.70  .3026.07103.2 3.27 8.2716.68 3 817 3.49 7.8715.05 8
20250615일 6180011국410 9 68 4 1강 1132맑음건조 3 8 1블러드마운틴    투아너앤말리부스 8233.00한수 4 419 2 1  129      33000국4유재길이상진   1 412 3 226 2 1 321 19박태종47251.573평입상80 63 633247.045.020.711 0 8 8 0 4 712 9 0 8 0202320 06733↘↗선14.040.240.912.8502039.443.8123.4122.1 32 37 1116   14.10   13.40 3 -3  0HUUP55.54761817-2.0 7.8 5.8525213 2최선후착단기승부25관 1 3 4 5 4 81111⑪2:03.44    4.414.644.215.4  7 10-1.0511 4 -2 4.696179693 7 710 2 70 3 6.07 2.05 1.5 4.9 16.2  158.3  367.4  489.5  .03036-1 6 3-1   -.541.10 -.0840.98119.0 4.6211.4320.72 41118 9.8024.1235.24 3
20250524토 81600 8국441 6 48 3 2강 2231맑음다습12 8 1블러드마운틴    투아너앤말리부스 4831.00한수 4 515 2 1   73      33000국4유재길이상진   1 511 2 326 1 1 220 15박태종46251.575평입상51 39 391726.041.020.911 0 8 8 0 4 712 9 0 8 0202320 06733↘↗선14.036.939.912.8293236.638.4101.4101.8 28 33  611   14.00   14.40 2  0 -1NU동55.54761817 -.6 8.0 7.4404013 0부중유리거리탄력43기 1 6 5   5 5 5 2②1:41.410    .014.138.513.4 -4 -4  .30 2 6  0 1.81552191781 7 4 6 63 2 2.06 3.06 2.6 3.5  3.0   22.9   35.7   68.0  .03431-2 4 5-2   -.839.90 -.0225.00103.5 3.7310.1120.87102336 3.8513.1117.59 6
20250510토 61600 8국431 6 38 1 2강 2231흐림불량20 8 1블러드마운틴    투아너앤말리부스 4831.00한수 4 515 2 1  117      33000국4유재길이상진   1 610 1 226 2 1 219 15조상범46652.056평입하30 20 2017 3.023.0 5.31268 6 8 0 4 71214 0 8 0132018 06733→↘입14.036.839.812.8403536.039.9103.1102.2 29 29  612   15.30   14.60 3 -2  0NUDN55.54761817 -.6 7.2 6.6434313-1걸음불변탐색우려 1   0 6 6   6 5 6 4③1:43.11½   .314.041.114.4 -3 -4 -.20 3 6 -1 1.82522624670 6 4 6 83 2 3.01 2.03 2.6 3.0  4.7    5.4   11.8   18.0  .014 2-4 1 1-4▼-1.939.80  .4425.55103.4  .41 1.68 5.26 2 511 1.43 2.78 6.30 8
20250419토 6170011국552 7108 2 1강 1119비  양호 8 8 1블러드마운틴    투아너앤말리부스 4831.00한수 4 516 2 1  180      33000국5유재길이상진   1 7 9 81126 1 1 218 16조상범47052.056평입하43 30 3022 3.035.011.91268 6 8 0 4 71214 0 8 0132018 06733→↘입14.039.841.112.8484340.441.6113.2113.9 31 31  613   14.70   14.60 3  3  0NU동55.54761817 -.6 6.2 5.6494913 0걸음불변급하락세 1기 0 8 8 8 8 9 910⑧1:53.2¾   1.815.342.114.6  1  0 -.60 8 7 -2 2.96773708129 9 3 7 80 1 4.03 1.04 2.7 7.9  6.8   17.4   32.1   18.0  .01416-2 1 2-2  -1.041.40  .3432.99113.7 1.73 5.7211.89 2 511 1.32 2.65 6.1711
20250330일 7170011국451 3108 3혼전 4411눈  건조 3 8 1블러드마운틴    투아너앤말리부스 4831.00한수 4 517 9 2  232      33000국4유재길이상진   1 8 8 71026 1 1 217 17임다빈47052.073평입상56 50 503514.044.016.822401611 0 8 712 0 0 8 0152324 06733↗↘추14.039.741.212.8543939.542.1112.4113.6 33 33  713   14.00   13.70 3 -1  0NUUP55.54761817  .2 4.8 5.0565613 1주행평범급하락세 1관 0 5 5 5 7 6 6 8⑩1:52.41¼  1.614.741.514.6  1-16  .6010 9 -1 2.35931797227 6 910100 1 7.02 9.06 4.210.7 14.0   48.4  124.7   55.0  .01734-1 3 4-1   -.341.40  .2332.67113.7 4.58 9.2716.84 1 4 7 4.44 8.6515.8810
20250309일 7160010국412 4 18 1 1강 1131맑음양호 8 8 1블러드마운틴    투아너앤말리부스 4831.00한수 4 618 2 2  295      33000국4유재길이상진   1 9 7 6 126 1 1 216 18박태종48652.064평입하51 43 4317 9.033.010.51683 411 0 8 712 9 0 8 0202320 06733↗↘선14.136.639.712.8483536.738.7102.4102.6 36 36  714   14.90   14.40 9  0  0NUDN55.54761817  .8 3.8 4.6606013-2주행평범탐색우려 1기 0 6 5   5 5 6 5④1:42.42     .714.039.413.7 -6  1  .00 410  7 1.74064252856 5 5 4102 1 1.04 1.07 1.5 2.8  1.5    9.4   12.3    9.1  .017 7-4 2 3-4▼-1.139.70  .4426.30103.2 1.56 4.8910.52 1 4 8 2.06 6.4217.20 8
20250104토 8180010국450 9108 4 2강 2259맑음건조 3 8 1블러드마운틴    투아너앤말리부스 8233.00한수 4 620 1 3  479      33000국4유재길이상진   110 6 5 126 2 1 215 20씨씨웡48552.073평입하58 59 593730.042.024.6235011 8 010 712 0 0 8 0202422 06733↗↘선14.140.240.512.8583540.340.7120.3119.0 36 36  714   14.70   13.40 4 -3  0NUUP55.54761817  .2 2.6 2.8747413 1주행평범거리늘어 1기 0 6 4 4 4 5 5 6⑧2:00.32    1.014.941.514.4  5  2-1.21 8 3 -4 1.55252636150 3 2 1 62 2 4.05 2.07 4.0 8.0  5.0   16.0   29.8   20.2  .01734-1 5 4-1   -.740.80 -.0638.30118.8 6.5114.0724.61 5122210.7721.0535.09 6
20241208일 8170010국451 5108 4혼전 4421맑음다습13 8 1블러드마운틴    투아너앤말리부스 4831.00한수 3 721 2 3  556      33000국4유재길이상진   111 5 4 926 1 1 214 21씨씨웡48352.075평입하65 63 634116.048.028.8235011 8 010 712 0 0 8 0202422 06733↗↘선14.139.640.912.8605540.040.6111.6112.9 38 38  815   14.60   13.90 3  4 -1BU동55.54761717  .2 2.4 2.6838313 0주행평범보통걸음 1기 1 9 6 6 6 6 6 6④1:51.61     .614.739.613.4 -3  4  .80 4 7  3 1.13658414561 6 7 4 52 1 3.04 7.08 2.7 5.7  5.4   14.7   29.8   12.4  .01737 0 4 4 0   -.241.40  .1632.37113.4 9.4521.2428.76102336 8.0613.7022.98 5
20241116토 81700 8국411 4 68 5 2강 2221비  건조 3 8 1블러드마운틴    투아너앤말리부스 4831.00한수 3 723 2 4  633      33000국4유재길이상진   112 4 3 826 1 1 213 23송재철47952.581평입하54 44 444823.049.039.1193812 5   3 712 013 8 0182621 06733→↗입14.139.641.012.8614740.640.1113.6113.5 38 38  815   14.90   14.10 6 -3  1NN동55.54761717  .4 2.6 3.0797913 0걸음불변보통걸음 1기 1 5 4 4 6 6 6 6⑧1:53.61¾  1.314.640.213.9  4 11 -.45 8 4 -3 3.05781264638 2 5 3 52 1 1.02 1.03 1.4 4.2  1.4    4.9    6.8   14.7  .02152 0 5 5 0    .041.50 -.1232.92113.511.6723.4939.11 6152610.7123.6233.33 5
20241006일 9170011국411 2 68 4혼전 4421흐림건조 3 8 1블러드마운틴    투아너앤말리부스 4831.00한수 3 825 1 4  751      33000국4유재길이상진   113 3 2 726 1 1 212 25이혁  46852.092우입하74 68 685032.051.019.92959 3 5   3 7121210 8 0272119 06733↗↘선14.139.741.012.8575140.541.6113.0114.3 42 42  817   14.10   14.30 3  5 -1LU동55.54761717 1.0 2.6 3.6727217 0주행평범최적거리 1기 0 8101010 9 911⑪1:53.0목   2.314.941.314.1  4 -9  .7011 7  4 3.77678708313 6 7 6 90 7 3.01 3.02 2.2 4.8  6.4    6.4   14.9   66.5  .02070 0 5 5 0    .041.50  .2633.61113.6 5.1311.0819.86 1 4 7 6.3113.2219.51 8
20240914토 9170011국422 7 78 4 3강 3341맑음포화15 8 1블러드마운틴    투아너앤말리부스 4831.00한수 3 927 2 5  804      33000국4유재길이상진   114 2 1 626 2 1 211 27유승완47753.089우입하70 78 785346.048.018.11950 710 0 6 7121019 8 0162623 06733↘↗입14.339.940.912.8465939.341.9111.4113.1 45 45  918   15.30   13.4010 -7  1HN동55.54761717  .8 3.4 4.2696917 0주행평범최적거리 1기 0 3 4 4 4 4 4 4④1:51.42½  1.314.141.014.3  1  9 1.50 4 3 -1 1.44522756339 8 9 5 92 2 2.01 1.05 2.6 3.2  2.7    3.2    5.1    7.511.22551 0 5 5 0   -.241.10  .2632.34113.6 3.9410.8418.05 3 817 5.4715.1526.05 6
20240706토 8170010국510 8 68 3 1강 1151흐림포화15 8 1블러드마운틴    투아너앤말리부스 4831.00한수 31030 1 5  992      33000국5유재길이상진   115 1 2 526 1 1 210 30유승완46852.589평입상84 93 936880.050.030.01950 710 0 6 7121019 8 0162623 06733↘↗입14.339.941.012.8485540.540.4112.7112.8 50 50 1020   14.60   14.30 5  7 -3VU동55.54761717  .0 5.0 5.0595917 0전력변화급하락세 1기 010 9 9 9 5 4 4⑤1:52.71     .715.340.013.4  1 -2  .30 5 4  1  .93576375361 7 4 1 32 1 3.02 5.07 2.1 4.9  6.8   11.8   26.4    7.3  .02363 0 7 5 0    .141.10 -.0731.94113.7 7.3818.3630.0412253923.9141.7957.09 2
20251122토 8170011국4 1 4  6 1 1강 1113           8 2슈퍼엑톤        엑톤파크슈퍼플러 5438.00한거 8 411   1    016:05 33000국4강환민(주)메타 0 016 11152 6 3 463 11해리카   54.571평입보50 49 49 8 8.026.0 5.81950101245 423 013 01818182612 64135↘↘입14.239.741.213.35728                   19 29  440   14.20   14.00 4 -3  1HNUP54.14481814-3.8 8.2 4.4505013 1노쇠부진거리속성45기 1 2                            14.2    14.0                                 9 71011  7                                              .013 7-4 3 2-4▼-1.641.20  .48     113.7  .59 1.43 5.78 1 3 5 2.88 5.3611.8911
20251025토 7160010국511 4 66 3 1강 1131맑음건조 5 8 2슈퍼엑톤        엑톤파크슈퍼플러 5438.00한거 8 411 9 1   82      33000혼4강환민(주)메타 0 115 7 352 5 3 462 11해리카45653.571평추상20 40 401719.041.018.61950101245 423 013 01818182612 64135↘↘입14.236.539.113.3555136.339.9103.1103.4 19 30  440   13.80   14.10 5  4  1NN동54.14481814-3.4 8.6 5.2464613 0선전만회급하락세54기 0 5 5   5 4 6 5④1:43.19    1.714.239.614.0 -3  6  .00 4 7  0 2.06340605731 4 2 6 72 6 1.04 7.04 1.6 5.5  1.6    6.0    8.3   12.3  .01916-2 4 3-2   -.839.10  .5727.76102.8 4.6610.2318.59 41118 3.8012.2025.84 8
20250921일 61600 9국442 7 46 3 2강 2231맑음다습14 8 2슈퍼엑톤        엑톤파크슈퍼플러 5438.00한거 8 4 9 2 1   71      33000국4강환민김병진  -1 214 6 252 4 3 361  9해리카45052.571평무보13 14 1417 6.039.014.81950101245 4232813201818182612 64135↘↘입14.236.739.113.3465535.841.1101.7103.1 15 33  046   14.90   13.90 4 -5 -1UHDN54.14481814-3.0 9.0 6.0363613-2걸음불변보통걸음 5기 1 1 5   5 6 5 4②1:41.76     .013.840.114.1 -5  2 1.40 2 7  0 1.05312806986 8 2 6 83 5 3.07 8.01 2.0 3.2  5.7   83.7  164.1  333.8  .01423-1 3 3-1   -.839.10  .5727.34102.9 2.93 7.3714.77 3 814  .70 3.91 8.38 8
20250824일 81800 9국412 4 16 3 1강 1131맑음건조 4 8 2슈퍼엑톤        엑톤파크슈퍼플러  754.00한거 8 510 2 1   67      33000국4강환민김병진  -1 313 51352 3 3 360 10해리카44853.070평입보25  8  812 5.034.015.01950101245 4232813201818182612 64135↘↘입14.240.440.813.3421640.441.2118.7119.7 18 27  040   14.50   14.00 5  0 -2NH동54.14481814-3.0 9.2 6.2343413 0걸음불변거리속성44기 1 6 9 8 8 7 8 7⑥1:58.71¾  1.514.940.313.9 -1 -3 1.10 6 7 -2 3.27058727535 8 5 6 70 4 1.03 7.03 1.5 2.8  1.5    3.6    4.6    3.7  .01416-2 2 1-2  -1.040.60  .0238.54119.0 2.38 7.4314.96 3 815  .99 4.47 8.96 7
20250720일 71800 9국431 8 36 3혼전 4432맑음포화17 8 2슈퍼엑톤        엑톤파크슈퍼플러  754.00한거 8 510 2 1   71      33000국4강환민김병진  -1 412 41252 2 3 359 10해리카45154.570평추상38 19 191410.035.010.11950101245 4232813201818182612 64135↘↘입14.240.540.813.3351639.741.1117.8119.1 14 30  043   15.10   14.00 5 -1  1NN동54.14481814-3.2 9.6 6.4313113 0최고선전최근최상75기 0 6 8 8 6 6 7 6⑥1:57.8½   1.614.541.014.0 -3  5  .60 6 9 -2 1.85630715633 7 5 9 80 3 4.01 1.05 1.8 2.7 10.9    9.2   32.0   62.8  .01619-2 2 1-2  -1.240.50  .1037.83119.0 1.45 4.1610.14 3 814 2.33 8.1914.55 8
20250615일 6180011국410 9 66 1 1강 1132맑음건조 3 8 2슈퍼엑톤        엑톤파크슈퍼플러  754.00한거 8 510 2 1   86      33000국4강환민김병진  -1 511 31152 1 3 358 10해리카44653.570평추보 7  1  110 3.029.0 6.71950101245 4232813201818182612 64438↘↘입14.240.640.813.3261840.340.6119.6118.3 14 33  042   15.10   14.60 5  5 -2NH동54.14481814-1.8 8.6 6.8303013 0노쇠부진거리속성38관 0 7 9 8 8 7 6 6④1:59.62½   .615.140.914.0 -7 -7 -.90 411  2  .83353585764 9 711110 2 6.07 2.05 1.5 4.9 16.2  158.3  367.4  489.5  .01310-3 1 1-3▽-1.640.30  .1436.89119.1  .65 1.64 6.68 0 2 5  .98 2.01 4.7611
20250511일 61800 9국432 9 86 1 3강 3331맑음포화19 8 2슈퍼엑톤        엑톤파크슈퍼플러  754.00한거 8 510 2 1  107      33000국4강환민김병진  -1 610 21052 3 3 357 10푸르칸45355.071평추상27  9  910 6.029.0 7.52353181245 4232816251818132419 64438→↘추14.240.740.713.3222540.442.7120.1120.5 19 31  045   14.70   14.00 5 -6  0HN동54.14481814-1.4 8.4 7.0363613 0노쇠부진급하락세 1   0 2 7 6 6 6 6 8⑧2:00.1코   2.915.142.814.6 -1  2  .00 8 9  0 3.28555919311 8 6 7 92 3 1.02 8.06 2.2 3.5  2.2    3.5    5.3   10.4  .0 9 7-4 1 2-4▼-1.640.40  .1239.13119.1  .74 1.85 7.54 1 4 7 1.30 6.2511.45 9
20250406일 91800 9국451 9 56 1 2강 2257맑음포화15 8 2슈퍼엑톤        엑톤파크슈퍼플러  754.00한거 8 510 1 2  209      33000국4강환민김병진  -1 7 9 1 952 2 3 356 10푸르칸45155.069평추보17  3  310 3.027.010.1183613225313232816251818132419 64438→→추14.240.740.413.3173940.041.3117.6118.7 20 32  046   14.90   14.50 3  4 -1LN동54.14481814-1.8 8.0 6.2464613 0노쇠부진거리속성 1기 1 8 5 6 7 6 7 6⑥1:57.6¾   1.514.741.214.0 -3  0  .40 6 9  1 2.54438776836 9 6 8 70 2 3.01 3.09 3.2 5.0  4.9    7.8   20.4    7.1  .013 8-3 2 2-3▽-1.640.20  .1637.60119.0 1.06 2.6110.12 3 814 1.52 2.96 7.58 9
20250316일 9180010국510 8 16 1 1강 1152맑음양호 6 8 2슈퍼엑톤        엑톤파크슈퍼플러  754.00한거 8 510 2 2  272      33000국5강환민김병진  -1 8 8 9 852 1 3 355 10푸르칸45155.569평추상13  1  125 4.034.016.2183613225313232816251818132419 64438→→추14.240.840.213.3154740.541.2120.3119.5 20 33  048   14.60   14.30 5 -5  2HNUP54.14481814-2.0 8.6 6.6474713 1노쇠부진거리속성 1관 0 4 7 7 7 7 6 7⑦2:00.31½  1.814.941.714.5 -1 -4 -.80 7 8 -3 3.76661757829 8 3 8 80 1 1.02 1.06 1.3 2.4  1.3    2.4    2.9   15.3  .01316-2 1 2-2  -1.040.20  .0638.53118.9 2.64 8.3016.17 1 512 1.49 3.0510.05 9
20250208토 9170011국421 5 76 3혼전 4421맑음건조 5 8 2슈퍼엑톤        엑톤파크슈퍼플러 5438.00한거 8 511 1 2  390      33000국4강환민김병진  -1 9 7 81052 1 3 354 11이상규45554.059평추보63 58 5844 9.035.014.4 0 0 02253132328 0 01818122314 64438→↗입14.240.240.313.3237940.342.1114.0114.7 21 33  049   15.60   13.70 5  5  0BHDN54.14481814-2.4 8.6 6.2545413-1걸음불변거리속성 1기 0 9 8 81010 9 8⑦1:54.02    2.514.641.814.3 -4  7  .60 711  5 3.7827079871210 1 7100 1 1.0211.07 2.7 5.4  2.7    5.4    8.8   14.1  .01423-2 2 2-2   -.941.10  .5034.15113.4 2.60 7.0214.39 1 3 8 1.89 5.8015.0510
20250104토 8180010국450 9106 4 2강 2259맑음건조 3 8 2슈퍼엑톤        엑톤파크슈퍼플러  754.00한거 8 511 1 3  479      33000국4강환민김병진  -110 6 7 752 1 3 353 11김성현44854.063평추하39 23 2346 4.041.024.11657112350 9232816 01818162519 64438↘→입14.240.739.913.3166441.639.2119.9118.6 21 34  047   15.20   13.50 4 -6 -3HHUP54.14481814-2.8 8.4 5.6585813 1주행평범거리속성 1트 0 4 9 9 9 9 9 8⑥1:59.9코    .615.640.013.7  0 -2-1.20 6 6 -2 1.14191185662 9 1 6 73 2 4.05 2.07 4.0 8.0  5.0   16.0   29.8   20.2  .01734 0 2 3 0   -.740.20 -.0138.00118.8 6.2913.6724.14 41118 1.54 2.63 7.9210
20241208일 8170010국451 5106 3혼전 4421맑음다습13 8 2슈퍼엑톤        엑톤파크슈퍼플러 5438.00한거 7 511 2 3  556      33000국4강환민김병진  -111 5 6 952 2 3 352 11코지  45057.087평추상85 81 817148.046.026.22244122350 92328 0 01818252619 64438↗↗선14.240.140.213.3278540.441.0112.4113.7 22 35  049   14.70   13.40 5  9  1VB동54.14481817-3.6 8.4 4.8646413 0선전만회급하락세 1트 010101010 8 9 9⑨1:52.41½  1.415.240.013.5  1  5  .80 9 8  1 1.96176536934 9 1 2 60 2 3.04 7.08 2.7 5.7  5.4   14.7   29.8   12.4  .01935-1 7 5-1   -.441.00  .3333.37113.3 9.0216.9126.16 5122217.7430.1442.13 3
20241102토 7170010국451 2106 7혼전 4431맑음양호 7 8 2슈퍼엑톤        엑톤파크슈퍼플러 5438.00한거 7 5 9 1 4  676      33000국4강환민김병진  -112 4 5 852 1 3 251  9코지  44556.091평입상52 35 356827.064.046.62645112367132328 0 01818252619 74733↘↗선14.240.240.213.3248540.139.8110.5111.7 19 33  047   14.90   13.80 4 -5  1UL동54.04481814-3.0 8.4 5.4525213 0주행평범탄력호조 1기 1 1 9 9 9 8 9 6②1:50.53     .014.739.313.4 -5  4  .80 2 7 -4  .6 76219227710 1 6 33 1 4.07 3.01 3.2 7.5  7.4   31.3   61.3   90.2  .04478 0 5 7 0△  .740.60 -.2031.32113.416.4432.9946.6118365110.0021.5226.17 6
20241006일 9170011국411 2 66 5혼전 4421흐림건조 3 8 2슈퍼엑톤        엑톤파크슈퍼플러 5438.00한거 7 610 1 4  751      33000국4강환민김병진  -113 3 4 752 1 3 250 10유승완44155.084평입상71 54 547128.058.028.42240 8236713232813 01818162623 74733↗→입14.240.240.213.3248240.440.9112.2113.5 20 34  049   14.50   13.20 7 -4  3NNUP54.04481814-2.8 7.8 5.0535313 3주행평범거리속성 1기 1 6 9 9 9 7 8 9⑨1:52.24    1.514.940.613.8 -2 -6  .70 911  0 2.9577451663111 1 9 40 1 3.01 3.02 2.2 4.8  6.4    6.4   14.9   66.5  .02173 0 5 6 0    .540.90  .2433.11113.4 8.1418.2128.40 82134 6.3111.4519.51 9
20240817토 6140011국432 3 86 2 3강 3341맑음건조 4 8 2슈퍼엑톤        엑톤파크슈퍼플러 5438.00한거 7 610 2 5  891      33000국4강환민김병진  -114 2 3 352 1 3 249 10김성현44752.069평입하46 38 3831 6.039.010.5 611 2201812232816 01818162519 74733↘↗입14.237.738.613.3137538.038.1 88.0 88.6 21 35  047   14.30   13.50 5  7 -4BU동54.04481814-2.0 7.6 5.6505013 0걸음불변감량기수 1기 01010    1010 8⑤1:28.01    1.114.538.213.2 -6  3  .30 511  6 1.8389010354411 110113 1 1.03 7.01 2.2 5.4  2.2    8.7   14.0   23.5  .01431-1 2 3-1   -.838.10  .4312.3088.80 1.85 4.9810.50 1 4 8  .80 4.10 7.7311
20240714일 61400 9국412 2 16 4 1강 1142맑음양호 6 8 2슈퍼엑톤        엑톤파크슈퍼플러 5438.00한거 7 610 2 5  966      33000국4강환민김병진  -115 1 2 252 1 3 248 10해리카44456.071평입상71 69 695062.052.028.8164011201812232813201818182612 74733↗→입14.237.638.613.3167237.639.4 88.5 89.5 21 35  047   14.30   13.60 4  0  1HL동54.04481814-1.6 7.6 6.0484813 0뒷심문제보통걸음 1기 0 3 8     8 7 7⑦1:28.5½   1.714.338.913.5  2 -5  .85 7 5  0 2.06780496725 9 1 1 50 1 2.03 1.09 1.3 3.3  6.9   24.4   44.2    5.3  .02963 0 7 5 0    .138.40  .0313.2588.73 7.2717.2728.75 81526 7.6922.2230.75 3
20251122토 8170011국4 1 4  4 4 1강 1113           8 3금악명장        페더럴리패스트페 6237.00한거 4 825   1    016:05 33000국4홍대유금악목장 2 016 1 824 6 2 424 25김옥성   56.064기입적50 50 503026.038.012.8 8 0 71837 71527 7141914151517503813↘↗추13.439.041.512.99425                   29 38 2410   13.70   13.70 4 -1  2HBUP54.44631817-2.6 6.4 3.8535314 1최선후착기복전력38기 0 3                            13.7    13.7                                 2 8 910  6                                              .03029-1 5 4-1   -.841.50  .53     113.4 2.79 6.6412.84 1 4 7 3.8510.7115.5510
20251025토 7160010국511 5 64 3 1강 1131맑음건조 5 8 3금악명장        페더럴리패스트페 6237.00한거 4 821 9 1   82      33000혼4홍대유금악목장 2 115 3 124 5 2 323 21김옥성46654.064기입상67 44 441722.043.025.0 8 0 71837 71527 7141914151517434314↘↗추13.435.940.412.9881336.138.9101.4101.7 25 35 2510   14.00   13.40 4  3 -1HHDN54.54621817-2.4 6.8 4.4434314-1걸음불변기복전력44기 1 4 2   2 2 2 2②1:41.41½   .013.738.613.7 -2 -3  .00 2 4 -1  .31228321780 2 6 5 61 5 1.04 7.04 1.6 5.5  1.6    6.0    8.3   12.3  .01421 0 4 5 0   -.540.40  .1025.36103.2 6.0814.2825.02 51222 7.5915.8523.60 7
20250928일 7170011국432 1 84 3 1강 1111흐림불량20 8 3금악명장        페더럴리패스트페 6237.00한거 4 922 9 1   49      33000국4홍대유금악목장 2 214 2 724 4 2 322 22김옥성46954.564기입적41 26 263811.042.015.4 8 0 71837 71527 7141914151517434314↘↗추13.439.141.712.9911839.240.3109.0111.5 26 32 3211   14.30   14.40 4 -4  0UN동54.54621817-1.8 7.4 5.6383814 0걸음불변기복전력44기 1 1 3 3 4 3 3 2④1:49.02½  1.014.039.113.4 -1  1 2.20 4 5 -3 1.1 419311149 2 9 9 82 4 3.01 9.05 2.4 4.3  4.8    5.7   11.6    4.2  .01439 0 3 4 0   -.541.70  .3330.70113.6 2.83 7.7415.38 1 512 1.67 5.4113.7210
20250831일 7170011국433 5 84 4 3강 3321비  다습13 8 3금악명장        페더럴리패스트페 6237.00한거 4 923 9 1   47      33000국4홍대유금악목장 2 313 1 624 3 2 321 23김옥성46854.564기입적71 64 644037.040.012.5 8 0 71837 71527 7141914151517434314↘↗추13.439.141.712.9911638.742.7111.8113.7 28 33 28 6   14.50   13.20 4 -4  2NN동54.54621812 -.6 7.2 6.6343414 0걸음늘어거리속성50기 1 5 4 4 3 7 6 8⑥1:51.83    2.014.341.714.4 -2  5 1.20 6 8  1 2.561 5866625 1 8 5 90 3 1.07 2.07 2.3 5.5  2.3   15.7   25.5   44.7  .01736-1 5 5-1   -.842.00  .3732.92113.6 2.35 6.1812.52 2 5 9 8.4117.1226.63 6
20250803일 81700 9국540 1 94 2 1강 1125흐림건조 3 8 3금악명장        페더럴리패스트페 6237.00한거 4 520 1 1   48      33000국5홍대유금악목장 2 412 3 524 2 1 320 20김옥성46352.564기입적16  7  724 7.034.012.7 8 0 71837 71527 7141914151517335017↘↗추13.439.141.812.9901139.239.9111.4111.8 35 29 2912   13.90   16.10 3  4  0VHDN54.84621812  .4 6.6 7.0262614-1걸음불변부진마필70기 0 9 5 5 2 2 1 1①1:51.4½    .014.539.213.2 -6 -1  .40 1 7 -1  .0 71721 584 1 8 9 81 2 7.06 9.07 2.5 4.8 15.5   56.1  169.4   67.9  .01415-3 2 2-3▽-1.041.70  .3230.93113.7 1.73 5.8812.73 1 512 1.18 4.7610.67 7
20250713일 71800 8국510 6 14 2 3강 3351흐림양호 6 8 3금악명장        페더럴리패스트페 3536.00한거 4 521 2 1   48      33000국5홍대유금악목장 2 511 2 324 1 1 319 21김옥성46452.563기입보 5  1  113 8.033.011.5 8 0 71837 71527 7141914151517335017↘↗추13.439.841.112.970 837.844.3120.9120.0 38 31 1913   14.60   13.80 3 -3 -1NHUP54.84621812  .2 6.0 6.2393914 1걸음불변거리속성60기 0 5 2 1 1 1 1 5⑥2:00.98    2.113.944.716.1 -2 -9 -.50 6 8  2 2.476 0978324 2 9 9 91 1 2.07 9.01 1.6 3.3  5.8   86.1  174.6  119.6  .01421-2 2 2-2  -1.241.30  .1839.08118.9 1.65 4.8911.51 3 817 3.53 6.4914.50 7
20250622일 61700 8국442 4 44 3 3강 3338맑음다습13 8 3금악명장        페더럴리패스트페 6237.00한거 4 522 2 1   46      33000국4홍대유금악목장 2 610 1 424 1 1 318 22조상범47353.056기입적26 20 2031 9.033.014.21268 61837 7152715131914132018335017→↘입13.439.141.812.9861840.041.2113.4114.1 40 40 1320   14.00   14.80 4  3  1VNUP54.84621812  .2 6.0 6.2434314 3걸음불변거리속성35관 1 8 5 5 5 6 6 7⑤1:53.44    1.614.640.413.8 -1  4  .90 5 6  4 1.77255596230 1 7 6 82 6 4.02 7.04 2.1 3.4  6.0    8.9   20.1   97.5  .01432-1 2 3-1  -1.142.10  .3033.17113.7 2.59 7.1314.19 2 713 3.9210.4324.37 8
20250524토 61400 7국512 9 14 5 1강 1149맑음다습12 8 3금악명장        페더럴리패스트페 6237.00한거 4 523 2 1   75      33000국5홍대유금악목장 2 7 910 524 1 1 317 23이혁  46952.588기입적38 30 305236.056.050.21428 61837 7152732401914272119335017↘↗선13.436.739.912.9741836.740.8 89.9 89.2 33 33 2020   14.60   14.30 4 -6  0NHDN54.84621812 -.6 6.4 5.8464614-3걸음불변최적거리58기 1 5 4     4 4 4⑥1:29.94    1.514.040.614.8  4  0 -.45 6 2 -6 1.85932847839 2 7 5 22 9 6.01 1.08 1.2 2.9 20.0    6.2   26.2   14.4  .01959 0 4 5 0    .539.30 -.7712.6089.0012.9332.3750.1619405610.9628.1347.28 2
20250427일10170011국421 4 74 4혼전 4431맑음양호 6 8 3금악명장        페더럴리패스트페 6237.00한거 4 625 9 1  145      33000국4홍대유금악목장 2 8 8 9 324 5 1 316 25조상범46952.556기입적35 32 324612.043.017.51268 61837 7152715131914132018335017→↘입13.439.241.812.9832039.841.0112.9113.9 36 36 2121   14.50   13.40 4  5 -1VHUP54.84621812 -.8 6.0 5.2545414 3주행평범거리속성 1기 111 4 4 4 5 6 6⑩1:52.91¾  1.714.640.614.3  2  6  .8010 8  3 1.96845535026 11110 80 5 2.0910.07 1.7 3.5  3.9   51.3   93.1  186.4  .01740 0 3 3 0   -.542.00  .1832.93113.8 3.53 9.3817.49 2 713 3.85 8.1915.00 9
20250329토 6140011국423 4 74 1 2강 2251맑음건조 3 8 3금악명장        페더럴리패스트페 6237.00한거 4 626 9 2  243      33000국4홍대유금악목장 2 9 7 8 424 4 1 315 26조상범46353.558기입보28 23 2326 9.034.0 9.7 940 81670 7152715131914132018335017→→입13.436.739.912.9722338.138.9 91.7 89.7 36 36 2121   14.30   16.30 3 -5  1NNDN54.84621812-1.0 5.8 4.8646414-4걸음불변급하락세 1기 1 6 9     9 9 9⑨1:31.7½   1.114.539.313.4  4  1-1.49 9 5 -2 1.27393346844 311 9110 4 8.06 4.07 2.2 4.7 18.7   81.1  208.9  117.5  .01414-2 2 1-2  -1.139.40  .2813.1089.00 1.42 4.60 9.71 0 4 8 2.11 5.9113.9510
20250308토 5180011국421 6 24 3 3강 3341맑음다습11 8 3금악명장        페더럴리패스트페 3536.00한거 4 728 2 2  307      33000국4홍대유금악목장 210 6 7 224 3 1 314 28조상범46253.057평입보32 23 2314 8.036.014.5 940 81670 7152715131914132018335017→→입13.439.940.712.9573539.544.6120.6122.0 38 38 1523   14.30   14.40 4  8 -2VHUP54.84621812 -.6 5.4 4.8646418 1걸음불변최적거리 1기 011 4 5 4 4 611⑪2:00.616   5.214.344.916.3  4 -3  .4011 7  3 5.995199896 4 3 7 8 70 3 1.02 9.03 1.7 1.9  1.7    1.9    2.6   10.0  .01422-1 2 1-1  -1.041.40  .2241.43118.8 2.31 7.4114.47 3 817 2.46 5.4312.04 8
20250208토 9170011국421 6 74 4혼전 4421맑음건조 5 8 3금악명장        페더럴리패스트페 6237.00한거 4 730 1 2  390      33000국4홍대유금악목장 211 5 6 224 2 1 313 30조상범46554.558우입적66 75 755435.045.022.9 940 81670 7152715131914132018335017→→입13.439.341.112.9745939.441.9112.7113.4 42 42 1725   14.50   14.20 5 -4  2HNDN54.84621812 -.4 4.8 4.4696918-1걸음불변거리속성 1기 0 3 4 4 4 3 3 3③1:52.77    1.214.341.614.4 -1 -1  .60 3 4 -1 2.45226756541 2 6 5 62 2 1.0211.07 2.7 5.4  2.7    5.4    8.8   14.1  .01441-1 6 4-1   -.341.80  .3532.95113.4 6.8713.6222.93 51323 5.6614.4923.51 6
20250104토 8180010국450 9104 6 2강 2259맑음건조 3 8 3금악명장        페더럴리패스트페 3536.00한거 4 825 1 3  479      33000국4홍대유금악목장 212 4 5 124 1 1 212 25조상범46652.558기입상47 48 483239.055.060.01250 81236 7152715131914132018206020→→입13.439.840.612.9624339.440.4119.3118.0 36 36  927   14.30   14.20 4  4  0NHUP55.34611812 -.4 3.6 3.2767614 1주행평범거리늘어 1기 3 7 2 2 2 2 2 2②1:59.33     .014.541.214.2 -3 -4-1.20 2 5 -1  .52317542785 1 4 2 21 1 4.05 2.07 4.0 8.0  5.0   16.0   29.8   20.2  .02657 1 6 7 1    .441.00 -.7637.60118.723.2846.4660.0018365112.3127.6336.23 4
20241208일 8170010국451 6104 4혼전 4421맑음다습13 8 3금악명장        페더럴리패스트페 6237.00한거 3 927 2 3  556      33000국4홍대유금악목장 213 3 4 124 2 1 211 27이동하47052.588우입적25 30 306320.051.035.72133111236 7152719 01914242619206020→↗선13.439.540.812.9637239.341.6111.9113.2 40 40 1030   13.90   13.30 5 -4  0HHUP55.34611712-1.4 4.0 2.6797914 5주행평범거리속성 1기 0 3 2 2 2 2 2 3⑤1:51.91½   .914.340.614.2 -1  3  .80 5 6 -4 1.44623705450 5 6 9 31 2 3.04 7.08 2.7 5.7  5.4   14.7   29.8   12.4  .01753 0 4 4 0    .041.50  .1132.87113.312.6423.5935.65142842 4.8410.9620.43 7
20241102토 9120010국454 1104 4혼전 4431맑음양호 7 8 3금악명장        페더럴리패스트페 7127.00한거 31030 1 4  674      33000국4홍대유금악목장 214 2 3 524 1 1 210 30이동하46752.590우입적51 45 455227.053.019.1243513247018152719 01914242619206020↘→선13.437.238.412.9477537.738.7 74.5 76.7 44 44 1133   13.70   14.30 5 -1  1NNDN55.34611412  .2 3.6 3.8646414-2주행평범보통걸음 1관 0 7 8     9 910⑧1:14.51    1.113.937.713.3 -2  4 1.90 810  5 1.1697543584210 610 80 1 3.0710.06 2.9 6.5  6.9   71.2  130.8  118.0  .02155 0 4 6 0    .238.60  .51 1.1075.84 5.0011.5819.13 3 814 4.7312.8819.65 9
20240929일 9140011국453 1104 5혼전 4451맑음건조 4 8 3금악명장        페더럴리패스트페 6237.00한거 31133 9 4  773      33000국4홍대유금악목장 215 1 2 324 6 1 2 9 33이혁  46352.092우입적63 66 665045.054.019.72959 3247018152732401914272119206020↗↘선13.436.839.412.9575536.839.8 88.5 89.3 50 50 1338   13.60   13.60 5  1 -2NUUP55.34611412  .2 3.8 4.0616114 1승군탐색최적거리 1기 0 8 7     6 6 6⑧1:28.5½   1.413.739.914.3  3 -6  .50 8 5  2 2.06439625533 7 8 8 92 8 3.0810.09 3.0 6.7  7.4   66.4  110.5  119.8  .02354 0 6 5 0    .239.20  .2613.1488.73 5.5912.2619.65 2 5 9 8.8216.6022.78 7
20251122토 8170011국4 1 4  7 8 1강 1113           8 4그레이스루트    테스타마그레이스 5734.00한암 31836   1    016:05 33000국4박재우박남성   0 013 5 312 1 2 211 36조한별   52.567강자상50 66 667779.068.060.01342 82047 7243123 02620121918333333↘↗입13.739.241.113.18764                   50 75 3813   14.70   13.40 4 -4  1HNUP53.44921714-1.8 4.4 2.6818117 3승부최상강단마필66기 1 4                            14.7    13.4                                 5 6 1 1  1                                              .03379 1 8 8 1▲ 1.441.10 -.44     113.329.2049.3059.9839607320.1933.9346.65 1
20251025토 8140011국453 2107 9혼전 4441맑음건조 5 8 4그레이스루트    테스타마그레이스 5734.00한암 32040 9 1   81      33000국4박재우박남성   0 112 4 512 1 2 210 40임기원49952.079강입하79 81 818367.075.047.52444132047 7243134272620253216404020→↘선13.736.639.713.4854738.138.0 88.0 88.1 57 71 43 0   13.90   14.70 4  7  0BU동53.74911714-1.0 3.2 2.2838314 0전개최상승부최상 5   0 811    1110 5③1:28.0¾    .214.738.113.4 -4  6 -.10 3 7  6  .21991 73373 6 8 7 13 1 5.01 5.06 3.0 7.5  8.6   12.4   30.2   69.710.64495 4 8 8 4★ 1.639.10 -.5111.8188.8021.6936.5247.4732526412.3118.4532.41 6
20250927토 7140011국451 4107 9 2강 2241맑음다습11 8 4그레이스루트    테스타마그레이스 5734.00한암 3 1   9 1   59      33000국4박재우박남성   0 211 3 412 1 2 2 0  0임다빈49352.080우입보96 97 9795  .072.066.91949 52047 7243110352620152324404020↘→추13.736.639.813.4854336.140.5 88.6 89.0 57 71 43 0   14.60   12.20 6 -6  0UUDN53.74911714-1.6 4.0 2.4797917-3여유우승전개최상 5   0 1 4     4 4 4④1:28.61¼   .913.940.514.7  3  3  .09 4 1  0  .953 9805854 3 9 1 12 1 3.08 6.11 2.6 7.2  6.8   39.2   75.4  340.4  .04597 3 9 9 3☆ 1.639.30-1.1012.5588.8631.5552.8666.8935536810.4720.1135.11 5
20250816토 6170011국422 6 27 9 3강 3311맑음다습12 8 4그레이스루트    테스타마그레이스 5734.00한암 32550 2 1   99      33000국4박재우박남성   0 310 2 212 2 2 2 8 50문세영49052.073우입상94 98 988889.071.044.93644 92047 7243146522620283616404020↘↗입13.739.141.413.4925138.748.6118.2118.3 57 71 43 0   14.30   14.30 5  4  0LU동53.74911714-1.6 4.0 2.4797917 0전개최상승부최상54관 0 71010 7 4 3 8⑪1:58.216   5.514.748.018.9 10 -8  .3811 1  0 5.699 69999 9 4 7 2 20 2 7.04 8.05 2.3 2.2 23.2   82.2  287.5   58.012.24498 4 9 9 4★ 1.642.70 -.2137.83113.420.2733.6144.8719405624.0036.6549.18 1
20250713일 8170010국453 5107 9 1강 1111흐림양호 6 8 4그레이스루트    테스타마그레이스 5734.00한암 32842 2 1   70      33000국4박재우박남성   0 4 9 1 112 1 2 1 7 42문세영49852.073우입상87 80 809192.074.064.13644 92047 7243146522620283616404020↘↗입13.739.141.413.4905939.041.0111.9112.0 50 67 33 0   13.80   13.90 4 -5 -2HUUP53.74911714-1.6 4.0 2.4797914 3적정체중전개최상 5   0 3 3 3 3 3 2 2②1:51.94     .014.341.114.3  1  5 -.10 2 1 -2  .71212522381 3 6 3 12 1 4.01 4.03 2.4 6.7  7.3   10.4   22.8   16.7  .04698 4 9 9 4★ 1.841.80 -.6431.49113.432.0752.9964.1039607327.8348.0056.52 1
20250615일 31400 8국530 5 37 8혼전 4451맑음건조 3 8 4그레이스루트    테스타마그레이스 5734.00한암 31633 2 1   69      24750국5박재우박남성   0 5 8 5 312 8 1 1 6 33장추열49354.093우자하62 64 647564.068.058.93350112047 7243132222620202522255025↘↗입13.736.839.713.4655536.139.4 87.9 87.4 40 60 20 0   13.60   14.90 3  2 -1VNUP53.64901412 -.4 4.0 3.6686814 1트립손실단기승부48기 1 8 2     2 2 1①1:27.9코    .013.839.113.9 -2 -3 -.30 1 3  2  .0 7 9521985 3 6 5 31 8 3.01 8.02 2.0 2.9  4.9    3.3    9.0   20.6  .03571 1 8 7 1▲ 1.238.80 -.9510.9388.9321.1239.9658.8814284215.3832.9449.22 3
20250525일 51300 9국551 6 57 6 1강 1141맑음양호 8 8 4그레이스루트    테스타마그레이스 5734.00한암 32040 2 1   66      24750국5박재우박남성   0 6 7 4 312 7 1 1 5 40장추열49655.093우자보71 85 858295.068.052.13350112047 7243132222620202522255025↘↗입13.737.039.313.4797237.439.6 82.8 83.4 40 60 20 0   13.70   14.00 4  5  2NNDN53.64901412  .0 4.0 4.0636314-1걸음불변거리속성62기 0 6 4     5 3 3⑤1:22.84     .913.640.214.9  4 -2  .19 5 1 -3 1.45838645447 2 4 2 22 7 2.03 9.07 2.7 4.6  3.7   12.6   25.3   33.212.02874 2 8 8 2   1.240.20 -.29 7.0882.8419.7236.6452.1221425818.0639.8458.43 2
20250427일 5140011국540 7 97 5혼전 4441맑음양호 7 8 4그레이스루트    테스타마그레이스 5734.00한암 32525 9 1  150      24750국5박재우박남성   0 7 6 3 212 6 1 0 4 25장추열49853.593우자보34 51 5158  .058.033.53350112047 7243132222620202522333333↘↗입13.937.039.713.4535536.439.1 89.0 87.9 25 50  0 0   13.90   13.70 6 -6  1UN동53.74881412  .7 3.0 3.7616113 0출주취소보통걸음 1관 0 1 3     3 3 2②1:29.0목    .013.739.614.0 -2  2 -.70 2 4     .11517401684 6 6 8 32 6 2.0411.01 3.7 8.7  4.6    8.7   18.1   13.4  .02255 0 6 5 0    .638.70 -.3911.2289.0711.4722.5133.48 61526 8.1115.3239.67 7
20250316일 4140010국520 6 77 9 2강 2251흐림양호 7 8 4그레이스루트    테스타마그레이스 5734.00한암 32525 2 2  277      24750국5박재우박남성   0 8 5 2 112 5 1 0 4 25장추열  052.593평자보34 51 515389.072.061.83862 0215010243132222620202522333333→↘입13.937.139.713.44255                   25 50  0 0   14.20   13.70 4  3  0NUUP53.74881412 1.0 4.0 5.0484813 1전력변화부중유리 1기 1 7                    취소    14.2    13.7     0-1.67                      611 4 20 5 4.05 6.05 1.7 3.3 11.6   55.8  136.7   88.9  .03782 3 8 9 3☆ 1.739.70-1.22     89.1428.3549.7161.7718395628.5745.1056.25 2
20250215토 4130011국522 4 77 9혼전 4411흐림건조 4 8 4그레이스루트    테스타마그레이스 5734.00한암 33333 2 2  373      24750국5박재우박남성   0 9 4 1 212 4 1 0 3 33장추열49652.593평입보53 68 686783.075.050.23862 02150102431322226202025225050 0→↘입13.937.539.413.4506837.738.6 83.1 83.4 33 67  0 0   13.90   13.70 6  1 -2HU동54.34841312 4.0 3.0 7.0303013 0걸음불변부중유리 1기 2 4 7     8 9 9⑤1:23.1코    .414.239.313.7 -2 15 -.20 5 7  6  .45954333363 910 8 13 4 2.01 6.07 3.6 8.0  3.7    8.0   11.6   74.810.63889 3 8 9 3☆ 1.939.70 -.61 6.5083.2324.5340.5650.1739607314.5026.6739.80 2
20250104토 4130011국650 8107 7혼전 4421맑음건조 3 8 4그레이스루트    테스타마그레이스 5734.00한암 3 0 0 1 3  483      16500국6박재우박남성   010 3 3 112 3 0 0 2  0장추열48154.589우입적80 63 636651.071.052.8233316224320243132222620202522 099 0→→입14.137.339.413.5647237.138.7 83.0 82.3  0 50  0 0   14.10   13.80 3 -8  1UVUP54.04861312         3.0    12 1마방기습단기승부 1기 0 3 2     2 2 1①1:23.0머리  .013.939.413.7  0 -5-1.00 1 1 -4  .02024361891 4 7 7 11 3 1.07 3.05 4.1 8.4  4.1   45.7   96.8  236.310.62766 0 7 8 0   1.439.60 -.57 5.5783.1022.7641.7952.8439587214.8626.0438.46 4
20241214토 1120011국650 9 57 8 2강 2239맑음양호 8 8 4그레이스루트    테스타마그레이스 2132.00한암 2 0 0 2 3  553      24750국6박재우박남성   011 2 2 212 2 0 0 1  0장추열48654.089하무하29 25 253666.062.057.4233316224320243132222620202522      →→입14.338.039.414.3 46436.938.5 76.8 75.1  0  0  0 0   14.30   14.60 5  7  0NH동       1212         7.0    12 0마방연대마방기습 1기 011 5     4 3 2③1:16.82½   .514.139.113.8 -2  1-1.40 3 5  2  .81531382475 9 7 3 12 2 3.08 2.10 2.7 4.8  4.8  137.8  216.7  238.7  .02858 0 6 8 0    .737.30-1.58-2.3576.8424.3145.2857.4432526412.6326.8025.71 1
20241109토 11200 8국630 7 37 8 3강 3338맑음양호 6 8 4그레이스루트    테스타마그레이스 2132.00한암 2 0 0 2 4  660      24750국6박재우박남성   012 1 1 112 1 0 0 0  0장추열48554.091평무보   35 3540  .065.067.62548 82746 9243132222620202522      ↗→입    36.738.5        37.938.7 77.9 76.6              13.80   13.60 4  0  0NL동       12 0                 0 0걸음불변마방연대 1   0 4 5     8 8 7⑦1:17.9½   1.714.339.214.6  4 -7-1.20 7 3  0 2.96683456736 1 1 5 30 1 2.06 5.08 1.7 2.1  3.8   55.5   66.5  188.511.83381 2 6 7 2△ 1.039.00 -.67 1.3975.6125.0648.5067.6015324711.5423.5346.90 5
20251122토 8170011국4 1 4  5 7 1강 1113           8 5간다고          파워블레하늘기상 8132.00한암 41326   1    016:05 33000국4전승규퍼플라인 2 016 2 215 2 2 215 26정정희   52.077우추보50 53 537445.054.033.72657122644 9213126452016172415 05050→↘입13.939.940.913.04575                   33 58  850   14.70   14.00 2  1  0NUUP53.44781714-1.2 6.2 5.0595914 3마방기습단기승부30관 0 5                            14.7    14.0                                10 4 8 3 12                                              .02755 0 5 6 0    .440.90 -.11     113.610.5022.8533.7012253911.5419.6427.44 4
20251109일 9140011국442 4 95 7혼전 4451맑음건조 3 8 5간다고          파워블레하늘기상 8132.00한암 41428 2 1   25      33000국4전승규퍼플라인 2 115 1 515 1 2 214 28정정희48152.077우추하89 74 746746.059.032.72657122644 9213126452016172415 06040→↘입13.937.139.113.0447937.739.2 89.6 89.0 36 64  955   14.40   13.90 6 -4  0HUDN53.74771713-1.2 5.2 4.0646414-2마방기습마방기습74기 1 411    1111 9⑥1:29.6¾    .814.739.314.0 -1  5 -.60 6 7  3  .94880406058 7 4 5 531110.03 9.11 3.1 6.5 38.3   86.6  261.9   87.6  .03483 3 7 8 3△  .738.80 -.0812.7588.7310.7821.9532.74 71627 6.9317.7028.61 5
20250928일 61600 9국542 3 95 8혼전 4431흐림불량20 8 5간다고          파워블레하늘기상 8132.00한암 41530 9 1   94      33000국5전승규퍼플라인 2 214 8 115 1 2 213 30김용근47652.082우추상87 80 801763.066.049.42149112644 9213114332016292517 06040↗↘선13.937.039.613.0246836.238.7100.5102.3 40 70 1060   14.50   13.50 5  4  0NUUP53.74771713-2.2 5.6 3.4676714 2마방기습마방기습31트 0 8 8   8 8 7 7⑥1:40.52½  1.514.438.713.9  2  1 1.00 6 4 -3 2.12930271534 9 2 2 10 1 8.01 7.02 1.7 4.3 43.7   19.4  117.0   70.7  .03482 3 7 8 3▲ 1.239.60 -.6025.71103.420.0635.5849.4414284216.8728.7438.95 4
20250823토 6140011국551 2105 7 1강 1151맑음건조 4 8 5간다고          파워블레하늘기상 8132.00한암 41633 2 1   79      33000국5전승규퍼플라인 2 313 7 415 3 2 212 33정정희47552.077우추상96 95 957986.065.045.72657122644 9213126452016172415 05050→↘입13.937.239.213.0367236.938.8 87.4 87.8 44 67 1156   14.30   13.50 4 -3 -3HU동54.14771713-2.0 4.6 2.6717114 0마방기습마방기습42기 0 4 6     4 4 2⑤1:27.4¾    .214.538.213.5 -2 -4  .10 5 7  0  .71340342673 8 2 1 2210 5.0811.05 2.7 7.1 10.0  158.6  239.4  188.312.02885 2 8 7 2   1.238.50 -.5511.3688.8617.5232.6845.6819405624.1140.9149.41 1
20250727일 4140010국550 8105 5 3강 3331맑음건조 3 8 5간다고          파워블레하늘기상 8132.00한암 41827 9 1   54      24750국5전승규퍼플라인 2 412 6 315 2 2 111 27정정희47955.077우추하49 52 525744.065.041.42657122644 9213126452016172415 03367→↘입13.937.139.313.0426837.238.2 88.8 87.2 38 63 1350   14.50   14.20 4  2  0NNUP53.84771713-1.4 4.0 2.6717114 1마방기습마방기습56기 1 7 7     3 3 1②1:28.81½   .014.338.413.5 -5 -5-1.20 2 7  2  .3 459151785 4 3 5 32 9 3.07 8.07 3.1 7.4  5.0   36.5   64.5  160.3  .02765 0 5 8 0    .938.40 -.4110.8088.8613.6728.9141.35153247 9.5717.7828.52 7
20250629일 41300 8국510 5 15 7 1강 1141흐림양호 8 8 5간다고          파워블레하늘기상 8132.00한암 42030 9 1   68      24750국5전승규퍼플라인 2 511 5 515 1 2 110 30정정희48455.077우추보52 56 567555.066.049.82657122644 9213126452016172415 03367→↘입13.937.338.913.0628738.539.4 82.4 83.9 38 63 1350   14.60   13.70 4 -5 -1NN동53.84771713 -.8 3.6 2.8717114 0승부최상마방기습72기 0 5 8     8 7 8⑧1:22.4½   1.514.539.614.2  3  3  .65 8 5 -1 2.77384587930 4 5 6 20 8 1.04 6.09 1.3 2.5  1.3    4.9    6.6    4.8  .03372 1 6 7 1   1.340.00 -.18 7.7082.7819.4236.0249.8119405610.0822.5233.66 5
20250601일 4130010국511 4 65 9혼전 4411맑음건조 3 8 5간다고          파워블레하늘기상 8132.00한암 42233 1 1   66      24750국5전승규퍼플라인 2 610 4 415 1 2 1 9 33씨씨웡48156.090우추상80 93 938681.072.042.53053102644 9213134 02016202422 03367→↘선13.937.238.913.0688538.838.5 82.6 83.2 43 71 1457   14.20   14.1010  1  4VLDN53.84771713 -.8 3.6 2.8717114-1추입무난승부최상48기 01010     9 9 9⑥1:22.62    1.414.638.613.7  0  0  .10 6 6  4 1.45491286536 5 3 2 43 1 2.05 7.06 2.2 6.0  5.9   18.6   34.3   40.110.54492 1 9 9 1☆ 1.439.90  .08 7.1482.7114.6729.6842.5218365115.7027.2340.99 4
20250323일 4140010국511 8 65 5 1강 1152맑음건조 4 8 5간다고          파워블레하늘기상 8132.00한암 41225 2 2  256      24750국5전승규퍼플라인 2 7 9 3 215 6 1 1 8 25정정희48152.568우추상70 72 726767.059.052.41555 52050 5213126452016172415 05050→→입13.937.039.413.0506436.939.0 89.5 87.5 33 67 1767   14.80   13.30 4  5  1BNUP54.54751713 -.4 3.8 3.4686814 1걸음관심최적거리 1기 0 9 4     6 5 2①1:29.5½    .014.239.314.1 -1 -3-1.30 1 2 -4  .0 744383188 4 4 2 23 7 2.05 9.05 1.6 3.9  6.4   19.4   46.0    8.1  .02759 0 7 6 0    .838.60 -.7011.1088.8618.7537.2852.4119405621.3336.7653.75 2
20250222토 5130011국511 5 15 5혼전 4411맑음건조 3 8 5간다고          파워블레하늘기상 8132.00한암 41428 9 2  350      24750국5전승규퍼플라인 2 8 8 2 315 5 1 1 7 28정정희48452.068우입하36 39 397620.058.030.41555 52050 5213126452016172415 05050→→입13.937.039.013.1828238.838.0 83.0 83.1 40 80 2060   15.70   15.50 6  2  0HUDN54.54751712  .4 3.2 3.6717114-4승군탐색거리속성 1기 0 411    1110 8③1:23.06    1.014.838.313.3 -3  0 -.30 3 6  0 1.45092135049 2 811 53 6 2.0110.03 1.5 3.2  5.7    3.2    9.4   18.513.22359 0 4 7 0    .540.10  .49 7.1182.65 8.2419.0830.44 71627 2.34 6.3513.08 9
20250112일 4170011국511 6 65 7혼전 4421맑음건조 4 8 5간다고          파워블레하늘기상 8132.00한암 41633 2 3  450      24750국5전승규퍼플라인 2 9 7 1 115 4 1 1 6 33정정희48452.071우입상77 63 638965.070.048.91331 5225012213126452016172415 05050↗→입13.939.441.013.1727540.542.5114.0114.8 40 80 2060   14.30   14.30 4 -3 -2UUUP54.54751712  .8 3.5 4.3656514 3부중유리추입유리 1기 0 2111111 9 7 8⑧1:54.05    2.615.742.915.5  2  7 -.21 8 6  4 2.783778692 8 3 4 5 10 5 8.05 7.05 1.5 4.9 30.1   94.5  308.6  164.610.63474 0 7 8 0   1.341.90 -.2534.35113.422.1038.3548.9232526414.9327.6341.01 4
20241215일 3140010국630 8 35 9 2강 2259맑음양호 8 8 5간다고          파워블레하늘기상 8132.00한암 3 020 2 3  540      16500국6전승규퍼플라인 210 6 6 115 3 0 1 5 20정정희47754.071우추상86 69 698992.072.090.01331 5225012213126452016172415 0 099↗→입13.937.439.113.1179136.040.2 90.0 88.0 25 75  075   14.60   13.90 4  2 -1NUUP55.04721412 1.7 3.3 5.0595912 1추입무난작전마주 1기 0 5 7     3 2 1①1:30.01    -.214.340.714.3 -1  5-1.40 1 2 -2  .018 5744194 2 1 1 12 4 2.01 5.06 2.6 2.8  2.9    2.8    5.7   22.7  .03985 3 9 7 3☆ 1.638.30-1.7611.5088.9344.2972.8089.9739587247.0678.8392.86 1
20241117일 2130010국651 8 55 5 3강 3336흐림양호 7 8 5간다고          파워블레하늘기상 8132.00한암 3 0 0 2 4  628      16500국6전승규퍼플라인 211 5 5 215 2 0 0 4  0정정희47255.083강입하56 55 557342.064.064.71438 02067 4213126452016172415      ↘↗입13.937.838.913.1249537.737.8 83.1 81.8  0 67  067   14.80   12.90 2  1  1HNUP       1312 1.0 3.0 4.0676712 1걸음관심거리속성 1기 0 3 8     8 5 2②1:23.12     .014.638.913.9 -2 -7-1.10 2 4  1  .4 853 91092 8 2 4 23 3 1.04 6.03 2.0 4.0  2.0    6.7   11.2    6.6  .02762 0 6 6 0    .939.00 -.90 5.0783.1023.3649.1864.6721425810.1729.8543.06 3
20241103일 2120011국651 6105 5 2강 2231맑음양호 7 8 5간다고          파워블레하늘기상 3722.00한암 3 0 0 1 4  670      16500국6전승규퍼플라인 212 4 4 315 1 0 0 3  0정정희47954.081우입하74 73 737159.061.033.11438 02067 4213126452016172415      ↘↗입13.937.538.313.1289538.837.8 75.7 76.8  0 67  067   14.40   13.50 4  0 -1HHDN       1312 1.0 3.0 4.0676712-1주행평범작전마주 1기 0 210    101010⑥1:15.7¾   2.314.837.312.9  3  3  .99 6 3 -1 2.37097156524 7 3 2 33 2 1.0710.09 1.8 5.1  1.8   12.1   14.4   24.8  .01772 0 6 5 0    .738.30  .00  .9975.95 8.7020.3133.05153247 9.6022.1329.52 3
20241005토 3130011국611 8 65 7 3강 3311맑음건조 3 8 5간다고          파워블레하늘기상 8132.00한암 3 0 0 1 4  768      16500국6전승규퍼플라인 213 3 3 115 1 0 0 2  0김동수47655.065강입보78 88 887645.058.036.21675 92067 4213118 02016 92027      →→추13.937.738.913.1319238.837.4 82.8 83.3  0100  050   14.20   13.40 7 -7  0HHUP       1312         4.0    12 1적임교체거리속성 1기 0 210    1011 8⑦1:22.8코   1.314.437.913.5  3 -5 -.10 7 4  1 1.85592 43053 9 2 2 43 1 1.0210.06 1.8 4.2  1.8    4.8    7.6    6.210.93072 1 7 5 1    .539.40 -.04 6.6883.03 9.5622.2236.16 8213417.3930.7736.59 3
20240817토 3120011국612 6 65 8혼전 4432맑음건조 4 8 5간다고          파워블레하늘기상 3722.00한암 3 0 0 2 5  894      16500국6전승규희망홀스-114 2 2 215 1 0 0 1  0정정희48155.084우입보92 88 888057.071.056.531502621501421 026 02016172415      ↘↘입13.937.438.914.0438537.637.6 76.0 75.1  0100  0 0   13.90   14.30 4 -2  0NH동       1212         4.0    12 0기수신마적임교체 1기 0 9 6     7 6 3④1:16.0¾    .514.238.113.4  1 -2 -.80 4 3  0  .51671 91972 6 4 1 20 1 4.08 4.01 1.7 4.2  8.2  131.0  253.3  117.810.54387 0 8 8 0▲ 1.437.90 -.97-1.1876.2323.1343.1656.5421425812.9930.7733.23 2
20240721일 1120011국611 9 65 5혼전 4439흐림불량20 8 5간다고          파워블레하늘기상 3722.00한암 3 0 0 2 5  952      16500국6전승규희망홀스-115 1 1 115 1 0 0 0  0김철호48355.078평무보   35 3540  .045.026.61767 321501421 021 02016152223      ↘↗자    36.738.5        37.138.4 76.0 75.3              13.80   13.60 4  0  0NL동       12 0                 0 0걸음불변기수신마 1   011 7     6 5 2④1:16.0목    .513.939.014.3  1  6 -.40 4 3  0 1.32146343072 1 1 9 52 1 5.01 4.08 1.4 6.8 13.8   11.3   37.8   82.8  .02352 1 4 5 1   -.338.60  .50  .1075.61 9.1516.6326.61 6162816.0726.0959.58 3
20251122토 8170011국4 1 4  7 5 1강 1113           8 6스터닝플래터    한센    팔메토플 6230.00한거 41428   1    016:05 33000국4김동균박정배   1 016 2 516 4 2 214 28송재철   53.574우추보50 59 597137.049.025.71522101937111821172817 618262125 075↗→입13.940.140.712.62975                   50 67  058   15.10   13.50 3  5 -1NHDN56.44851814  .4 3.6 4.0686813-1노릴탄력거리속성33관 0 6                            15.1    13.5                                11 2 5 6 10                                              .02158 0 4 4 0    .040.70  .07     113.6 7.4515.0225.72 51223 8.6516.9627.44 7
20251102일 8180011국452 9107 5 1강 1111맑음건조 5 8 6스터닝플래터    한센    팔메토플 4630.00한거 41530 1 1   48      33000국4김동균박정배   1 115 1 216 3 2 213 30송재철49254.073우추하43 34 346516.042.018.41522101937111821172817 618262125 075↗→입13.940.740.212.6166440.540.4119.5118.9 45 73  064   15.10   13.40 5 -7  1UN동56.44851814  .6 3.4 4.0585813 0주행평범거리속성78기 0 111111110 9 6⑤1:59.5목    .015.140.013.5  0 -5 -.60 5 5  0 1.04766495892 9 3 6 63 9 1.0811.08 2.2 5.5  2.2   34.8   47.7   36.9  .01842 0 3 3 0   -.540.20  .0437.97118.9 3.31 9.3218.44 51223 3.50 7.6914.61 5
20250927토 8180011국540 8 97 4혼전 4451맑음다습11 8 6스터닝플래터    한센    팔메토플 4630.00한거 41633 9 1   80      33000국5김동균박정배   1 214 2 116 2 2 212 33송재철49753.573우추보64 61 616741.051.022.71522101937111821172817 618262125 075↗→입13.940.340.012.6427240.939.9119.5119.3 50 60 1070   14.10   13.60 4  6  1NNUP56.44851814  .0 3.0 3.0666613 4주행평범거리속성36관 0 8 910 910 9 8⑦1:59.5머리 1.115.140.113.4  2 -5 -.20 7 5  1 1.25979345550 7 2 2 70 8 2.0711.05 2.9 8.3  4.9   31.4   43.9   85.4  .01846 0 6 6 0    .140.70  .1038.96118.7 5.4113.0922.69 31018 6.8617.7327.44 6
20250831일 6140011국411 4 67 8혼전 4431맑음다습13 8 6스터닝플래터    한센    팔메토플 6230.00한거 41836 9 1   48      33000국4김동균박정배   1 313 1 616 1 2 211 36송재철50252.574우추상91 83 838960.061.031.31522101937111821172817 618262125 075↗→입13.937.238.812.6398537.039.2 86.5 88.4 56 89 1167   14.90   13.10 7 -6 -5UUUP56.44851714  .0 2.8 2.8636313 1추입무난추입유리40관 1 2 8     8 5 3④1:26.51½   .514.138.213.6  0  8 1.50 4 4  1 1.03045474265 7 3 5 50 7 3.01 3.11 1.7 4.6  6.6    6.0   14.5   16.612.73983 2 7 6 2△  .738.60  .1012.3588.59 9.4320.4931.28 7162712.7021.6033.24 6
20250712토 41300 9국531 5 87 6 1강 1111맑음건조 5 8 6스터닝플래터    한센    팔메토플 6230.00한거 41030 2 1  124      24750국5김동균박정배   1 412 9 116 6 1 210 30장추열49457.093우추보77 71 718282.063.054.63350111937111821272117 620252233 067↘↗입13.937.438.612.6619438.337.7 82.0 81.9 50 75 1363   14.70   13.50 4  0  0NNDN56.24821714  .6 2.6 3.2606017-1안정전력거리속성63관 1 8 8     7 6 4①1:22.0목    .014.937.513.1 -2 -1 -.20 1 3  2  .0 878 51786 7 1 3 23 6 3.04 8.02 3.0 5.1  3.7   16.9   33.1   17.2  .02362 1 7 8 1    .939.40 -.20 5.8682.6519.5139.8254.5821425823.7541.4256.04 2
20250615일 41400 9국550 3 57 5 3강 3341맑음건조 3 8 6스터닝플래터    한센    팔메토플 6230.00한거 41133 2 1   68      24750국5김동균박정배   1 511 8 516 5 1 2 9 33장추열49557.093우추하71 61 616866.067.052.83350111937111821272117 620252233 067↘↗입13.937.138.812.6518237.438.6 88.4 87.9 43 71 1443   14.40   14.00 4  2  0NN동56.24821714  .2 2.6 2.8666617 0주행평범안정전력34관 0 8 9     8 4 3③1:28.45     .814.738.313.5  2  2 -.20 3 1 -3 1.01869263654 7 1 4 20 5 7.02 6.09 2.7 4.7 13.2   19.2   53.7   15.0  .02260 0 7 7 0   1.138.60 -.4212.0288.5222.4639.3452.7635536815.5830.0642.86 2
20250518일 51400 8국542 8 47 5 2강 2241맑음다습13 8 6스터닝플래터    한센    팔메토플 6230.00한거 41237 2 1   87      24750국5김동균박정배   1 610 7 416 4 1 2 8 37장추열49357.093강추상98 95 957490.057.040.83350111937111821272117 620252233 067↘↗입13.937.138.712.6548737.139.5 89.4 88.9 67100 1750   13.90   13.6014 -5  1NN동56.24821714  .2 2.0 2.2767614 0걸음불변최적거리59관 0 6 6     4 3 4⑤1:29.44    1.514.439.214.0  1  1 -.30 5 4  1 1.54856525535 5 1 2 32 4 1.0610.01 2.2 3.5  2.2   26.9   34.6   26.9  .01959 0 8 6 0    .438.80 -.0513.0888.4512.0727.3240.8115324723.6243.8060.56 3
20250208토 5140011국512 6 67 5 2강 2251맑음건조 5 8 6스터닝플래터    한센    팔메토플 6230.00한거 41428 1 2  394      24750국5김동균박정배   1 7 9 6 316 3 1 1 7 28장추열49256.593강추보92 84 847277.059.038.93862 01344 41821272117 6202522 0 099→↘입13.937.438.712.6388736.338.7 88.5 86.8 60100  060   14.30   13.70 8  8  2VN동56.04771712 -.6 3.0 2.4747412 0마방선전작전마주 1관 011 1     1 1 1②1:28.52½   .013.938.613.6 -1 -2 -.90 2 3  0  .4 21427 686 8 2 2 41 3 1.03 7.11 1.6 4.7  1.6    4.7    6.1   28.8  .02567 0 8 6 0    .638.10 -.1810.7388.6611.9925.3738.9310233619.0536.1945.85 3
20241214토 5140011국513 8 17 8 1강 1151맑음양호 8 8 6스터닝플래터    한센    팔메토플 6230.00한거 31633 2 3  549      24750국5김동균박정배   1 8 8 5 216 2 1 1 6 33장추열49455.089강추하80 84 848386.067.045.92333162350161821272117 6202522 0 099→→입13.937.438.712.6408937.438.6 90.0 88.0 75100  075   14.80   13.60 7 -1  0UHDN56.04771712 -.8 3.0 2.3797912-3전개최상마방선전 1관 0 3 9     8 7 4③1:30.05     .914.338.913.7  0  4-1.30 3 3  1 1.2187122335410 3 3 23 2 6.0111.05 1.3 2.5 27.1   15.6   74.2   22.812.03484 2 8 7 2▲ 1.338.30 -.3611.9088.6618.7134.7845.8719405619.8538.6347.32 3
20241026토 5170011국510 2 67 8혼전 4441맑음다습14 8 6스터닝플래터    한센    팔메토플 6230.00한거 32040 9 4  700      24750국5김동균박정배   1 9 7 4 416 1 1 1 5 40장추열49055.091강추하79 80 809262.068.043.22548 81740121821272117 6202522 0 099↗→입13.939.740.412.6539240.239.8111.2113.1 75100  075   15.00   14.4013 -4  1UN동56.04771712-1.3 3.3 2.0828212 0주행평범전개최상 1   0 4 5 5 6 6 6 4⑤1:51.21¼   .414.839.613.6  3  4  .93 5 2  1  .44364212563 6 1 2 32 1 5.07 8.02 1.6 5.5 14.8  141.2  358.2  878.612.74489 2 7 7 2△ 1.241.30  .0532.96113.116.9829.9743.15142842 8.8619.4931.23 5
20240728일 51700 8국521 5 27 8 2강 2231맑음다습12 8 6스터닝플래터    한센    팔메토플 6230.00한거 32550 9 5  929      24750국5김동균박정배   110 6 3 316 6 1 1 4 50송재철48654.581강추보95 96 968489.061.065.62239161240101821172817 6182621 0 099→→입13.939.740.512.6538940.141.4112.2113.3 75100  075   14.20   13.00 5  3  1VN동56.04771712-2.0 4.5 2.5818112 0전개최상거리속성 1관 0 8 8 8 8 7 6 6⑤1:52.23    1.215.041.314.4  4  3  .58 5 1 -1 1.75260646940 5 2 2 20 6 2.03 3.01 2.3 1.9  2.4    9.4   14.7   58.2  .03475 2 8 7 2    .741.40 -.5333.13113.226.0547.9665.6318365131.5852.8771.71 2
20240622토 7170011국551 4107 9 2강 2251비  포화19 8 6스터닝플래터    한센    팔메토플 6230.00한거 33366 2 6 1033      24750국5김동균박정배   111 5 2 216 5 1 1 3 66송재철48354.082우추보77 87 8795  .064.060.92143101633 81821172817 6182621 0 099↗→입13.937.340.512.6139239.640.1110.7112.2100100  0**   13.90   12.90 7  3 -1NU동56.04771712-5.0 8.0 3.0767612 0전개최상전개최상 1관 1 5 5 5 5 5 5 4③1:50.72     .414.239.013.0  1  6 1.50 3 2     .61735271767 1 1 1 12 5 3.06 6.01 2.9 7.2  5.1   27.5   45.9   41.7  .04482 1 8 8 1▲ 1.143.60  .8534.42111.627.7546.3960.8618395610.2319.4655.70 5
20240504토 41700 7국512 6 67 7 2강 2238맑음건조 5 8 6스터닝플래터    한센    팔메토플 6230.00한거 33366 1 6 1183      24750국5김동균박정배   112 4 1 116 4 1 1 3 66송재철  054.582강추보77 87 879796.063.061.52143101633 81821172817 6182621 0 099↗→입13.940.140.512.62796                  100100  0**   14.10   13.00 6 -7 -2UUUP56.04771712         1.0    12 3신마혈통전개최상 1기 0 2                    취소    14.1    13.0     0 -.37                      7 1 1 10 4 1.06 5.07 1.8 4.4  1.8    7.5    9.9   10.5  .04481 1 8 8 1△  .840.50 -.63     113.524.5244.5661.4832526444.9074.0383.33 1
20240323토 41400 9국610 9 17 7 1강 1159맑음양호 6 8 6스터닝플래터    한센    팔메토플 6230.00한거 3 050 2 7 1315      16500국6김동균박정배   113 3 4 116 3 0 1 2 50송재철47756.084강추보88 91 919095.072.086.12159 82782131821172817 6182621 0 099↘↗입13.937.338.812.6339137.337.6 90.0 88.0100100  0**   13.90   12.90 5  1  0VUUP56.04771412         2.0    12 2뒷심문제신마혈통 1기 0 9 5     6 7 3①1:30.0½    .014.138.513.0  0 -1-1.90 1 1  0  .01865 3 494 6 1 1 13 3 1.06 9.07 1.4 3.4  1.4   10.5   12.4   18.212.02988 2 9 9 2▲ 1.738.40-1.4111.9088.6642.2470.5286.0739607335.1460.7168.84 1
20240218일 1120012국652 6107 7혼전 4431흐림다습11 8 6스터닝플래터    한센    팔메토플 6925.00한거 3 0 0 2 8 1417      16500국6김동균박정배   114 2 3 216 2 0 0 1  0송재철47856.082우추상90 90 907547.065.042.42553161763101821172817 6182621 0 099↘↘입14.338.138.313.0 29737.237.7 75.5 74.6100100  0**   14.30   13.30 6  3  0LU동56.04771212         3.0    12 0걸음불변기수영향 1기 1 8 6     8 6 3②1:15.5목    .013.938.012.9  1  1 -.60 2 1 -7  .0 74913138912 5 1 43 2 3.01 3.08 2.3 5.7  5.3    7.0   14.7   25.310.52381 0 7 7 0   1.037.00 -.60-1.7976.2814.9730.0842.4410233612.3526.9729.06 2
20240107일 3120011국633 9 87 7혼전 4431맑음포화18 8 6스터닝플래터    한센    팔메토플 6925.00한거 3 0 0 1 8 1523      16500국6김동균박정배   115 1 2 116 1 0 0 0  0송재철47756.082평무보   35 3540  .057.036.32553161763101821172817 6182621      ↘↘입    36.738.5        38.138.0 76.9 75.4              13.80   13.6023  2  1LBUP       12 0                 0 2기수신마기수승부 1기 0 5 7     7 6 5③1:16.91¼   .214.338.513.3 -5-14 -.90 3 8     .42386194677 1 1 8 53 1 2.0110.07 2.3 4.7  4.2    4.7   10.1   48.912.73373 2 5 6 2    .638.60  .25  .1775.6112.3724.3036.31 5122211.2520.3443.61 4
20251122토 8170011국4 1 4  1 4 1강 1113           8 7칸맥스          카우보이모너     6132.00한거 32525   1    016:05 33000국4서인석배영한   2 0 6 1 2 5 2 2 0 8 25김용근   57.082우입적50 58 585257.052.029.02149111938 9193617 018 9292517 099 0↗↘선13.739.641.012.86168                   50 50 2525   15.20   14.4016  3 -1NN동54.35311712  .3 3.8 4.0707013 0휴양탐색거리속성54기 1 7                            15.2    14.4                                 8 5 6 4  2                                              .01948 0 5 7 0    .341.00  .11     113.5 8.4119.7529.01 82033 9.6223.2132.93 3
20250803일 81700 9국540 1 91 7 1강 1125흐림건조 3 8 7칸맥스          카우보이모너     6132.00한거 32828 1 2  285      33000혼4서인석배영한   2 1 5 3 1 5 1 2 0 7 28김용근51058.089우입적24 59 596875.066.057.21832 51438 5193617 018 9292517 099 0→↗선13.739.340.912.8777240.742.3115.7116.2 50 50 2525   14.30   14.6023  1  1HBUP54.35311712 -.3 3.3 3.0797913 3거리적응거리속성56기 1 4 6 6 8 9 9 9⑦1:55.71½  4.315.241.414.4  4 -4  .71 7 3 -2 4.394838090 3 3 4 2 20 1 7.06 9.07 2.5 4.8 15.5   56.1  169.4   67.9  .02687 1 7 7 1   1.342.20 -.3336.02113.222.5841.8757.1619405618.8239.2958.10 2
20250223일 8140013국454 4101 6혼전 4431맑음건조 3 8 7칸맥스          카우보이모너     6132.00한수 35050 9 3  459     110000국4서인석배영한   2 2 4 2 1 5 2 2 0 4 50유승완51657.083우입적26 56 565746.057.016.02255 9305814193616 018 9162623 099 0→→입13.737.039.112.8528536.740.0 89.3 89.5 67 67  067   14.30   14.60 5 -6  1HBDN54.35311612 -.3 3.3 3.0797913-2과중분패보통걸음 1   0 311    1110 8⑦1:29.31    1.314.339.714.6  2 -4  .00 7 5  4 1.4703471633812 910113 210.04 2.01 2.5 5.6 38.1  170.2  457.4  278.9  .02767 0 5 6 0    .339.00  .4213.3588.66 3.75 9.7616.04 0 2 5 3.4810.3116.69 9
20250118토 7160010국414 6 61 9 3강 3331맑음건조 4 8 7칸맥스          카우보이모너     6132.00한수 36666 2 3  436      33000국4서인석배영한   2 3 3 1 1 5 1 2 0 3 66유승완52056.583강입보99 98 981792.067.053.22255 9305814193616 018 9162623 099 0→→입13.736.239.212.8739436.639.8104.1103.5100100  0**   13.70   13.1015  7  3BBUP54.35311612-3.5 4.5 1.0929213 3전개최상승부최상 1기 0 9 9   9 8 9 8⑦1:44.11     .914.341.014.6  6-10 -.40 7 1  0 1.76857596451 6 2 1 20 1 4.03 2.01 1.8 4.5  9.7   14.8   36.4   71.212.24492 3 9 9 3☆ 1.339.20 -.1428.09102.722.4439.5253.1915324723.8842.0250.78 1
20241006일 6130011국511 1 61 9혼전 4421비  건조 3 8 7칸맥스          카우보이모너     6132.00한수 2     1 4  754      24750국5안병기배영한   2 4 2 1 1 5 2 1 0 1  0마이아53153.593강입상86 25 2597  .082.058.43650211867 4181946 020133631 9 099 0→↘선13.737.039.113.5779737.137.0 79.9 81.3100100  0**   13.70   13.80 5 -7 -2UUUP55.05311312-7.0 8.0 1.0989812 1마방기습전개최상 1기 0 2 3     3 3 1①1:19.9½    .013.737.213.1  0  0  .50 1 1 -7  .0 327 1 083 4 711 12 2 1.09 2.08 1.8 6.2  1.8   29.1   39.7  122.110.64497 4 9 9 4★ 2.339.70 -.34 5.1882.7124.2645.8158.37395872 8.8216.6744.04 7
20240831토 1120010국650 4101 9 3강 3335맑음건조 4 8 7칸맥스          카우보이모너     4026.00한수 2 0 0 9 5  853      24750국6안병기배영한   2 5 1 1 1 5 1 0 0 0  0마이아53155.081평무보   25 2540  .065.046.6172523264019181946 020133631 9      →→선    36.738.5        36.937.7 74.9 74.7              13.80   13.60 4  0  0LL동       12 0                 0 0거세출주마방기습 1기 0 9 4     5 3 1①1:14.94    -.713.738.013.8 -7  5 -.30 1 8  0  .0 83312 695 7 7 9 22 1 8.04 9.08 3.5 7.9 19.8   43.2  149.7  171.112.24380 4 6 9 4★ 1.138.50 -.07 -.4975.6120.8036.4346.60214258 7.5015.5227.23 8
20251122토 8170011국4 1 4  6 6 1강 1113           8 8엘도라도흥부    지롤라모흥오름   4436.00한거 3 029   1    016:05 33000국4정호익임동현  -1 016 2 817 1 0 517 29조인권   52.565기자적50 46 463233.051.028.01635102245 7243421142419232413255025↗↘선13.739.141.712.89211                   31 44 5013   14.30   14.90 3  1 -1NHDN54.05121817 1.8 4.8 6.6424214-1마방연대마방연대 1   0 8                            14.3    14.9                                 4 911 5  4                                              .02861 0 4 6 0    .241.70  .03     113.6 9.2518.8527.95 61628 6.7317.8627.44 5
20251102일 8180011국452 9106 4 1강 1111맑음건조 5 8 8엘도라도흥부    지롤라모흥오름   8937.00한거 3 031 1 1   48      33000국4정호익임동현  -1 115 1 317 1 0 516 31유승완51253.578우자하23 11 114415.046.022.31446 62245 72434 9 02419162623255025→↗입13.739.541.012.889 739.143.3122.5121.9 33 47 4713   14.40   14.80 4 -3  0NHUP54.05121817  .6 4.4 5.0575714 1걸음불변마방연대 5   0 7 3 6 6 91010⑩2:02.55    3.114.342.914.9  4  3 -.6010 6  1 4.09414948615 31110 50 1 1.0811.08 2.2 5.5  2.2   34.8   47.7   36.9  .01952-1 3 3-1   -.241.80  .0741.37118.7 5.1213.6922.28 61628 2.10 7.6912.89 6
20251004토 6170011국542 6 96 3혼전 4411맑음다습10 8 8엘도라도흥부    지롤라모흥오름   4436.00한거 3 033 1 1   50      33000국5정호익임동현  -1 214 4 717 3 0 515 33조인권50953.565우자보98 84 845932.049.020.71635102245 7243421142419232413255025↗↘선13.739.141.512.8902339.543.1113.9115.1 43 64 5014   14.10   13.80 3  3  1BN동54.05121817  .2 3.8 4.0686814 0주행평범보통걸음 5   010 6 6 7 8 810⑧1:53.92½  2.414.442.414.8  3  1  .80 8 5  1 2.68731908719 2 7 5 90 310.06 1.11 2.4 5.0 51.2  299.5  852.5  617.9  .01742 0 5 6 0   -.142.20  .3034.52113.5 5.3811.0720.66 2 5 9 6.8013.3920.57 8
20250913토 71700 9국452 1106 5 1강 1111맑음포화17 8 8엘도라도흥부    지롤라모흥오름   4436.00한거 3 035 2 1   57      33000국4정호익임동현  -1 313 3 617 2 0 514 35조인권50852.565우자보85 94 946377.056.031.41635102245 7243421142419232413255025↗↘선13.739.141.512.8912539.141.0108.7111.2 46 62 4615   14.00   14.90 4  2  1NN동54.05121817  .0 3.2 3.2767614 0마방연대보통걸음44기 1 7 2 2 2 2 3 4⑥1:48.74    1.214.139.813.8  2 -7 2.20 6 4  0 1.5 216512643 3 8 3 41 2 7.06 4.01 2.7 5.1 14.4   81.2  189.1  100.0  .02859 1 7 7 1    .441.60  .0630.60113.5 7.9119.4431.41 8213415.5028.0436.32 2
20250816토 6170011국422 9 26 8 3강 3311맑음다습12 8 8엘도라도흥부    지롤라모흥오름   4436.00한거 3 030 2 1   78      33000국4정호익임동현  -1 412 2 517 1 0 413 30조인권51552.065우입하95 88 886564.063.030.51635102245 72434211424192324133367 0↗↘선13.739.141.412.8913238.442.6112.7112.9 42 50 4217   13.80   13.50 4  1  0NUUP54.75101817  .8 2.6 3.4696914 1마방연대마방연대46기 0 5 3 3 4 6 5 2②1:52.7목    .014.042.114.9 -2  7  .30 2 4 -1  .135 2855381 5 8 3 43 1 7.04 8.05 2.3 2.2 23.2   82.2  287.5   58.011.82882 2 7 8 2▲ 1.041.90  .1232.43113.4 9.3819.6730.51 82033 9.6022.3134.43 3
20250719토 8160010국452 4106 8혼전 4431흐림포화17 8 8엘도라도흥부    지롤라모흥오름   4436.00한거 3 033 2 1   59      33000국4정호익임동현  -1 511 1 117 1 0 412 33임다빈50852.080우입상95 93 931772.062.040.71949 52245 7243419 924191523243367 0↘→추13.735.940.412.8901636.538.7100.3101.9 45 55 4518   14.40   14.10 4  1 -5HUDN54.75101817  .4 2.0 2.4757514-1적정체중마방연대74기 1 4 5   5 6 5 4⑦1:40.3½    .913.838.813.5  2 -2  .90 7 5  1 1.61644262152 1 7 1 22 4 3.01 9.05 3.3 6.8  5.1    6.8   10.3   25.510.53379 2 8 8 2▲ 1.040.40 -.2725.61103.214.8528.5140.7119405617.8230.6936.92 1
20250622일 5170011국542 9 96 6혼전 4411맑음포화15 8 8엘도라도흥부    지롤라모흥오름   4436.00한거 3 027 2 1   67      24750국5정호익임동현  -1 610 7 417 2 0 311 27장추열51056.593우선보90 90 907170.063.048.73350112245 72434284424192025225050 0↘↗입13.739.141.612.8922538.441.5111.3111.9 40 50 4020   13.70   13.80 4 -5  0HLUP53.85111814 1.2 1.6 2.8717114 3걸음불변거리속성39기 0 3 2 2 2 3 3 3②1:51.34     .014.441.214.1 -2  1  .10 2 4  2  .710 2672388 3 5 3 12 6 2.0410.03 4.3 9.2  4.6   10.5   22.6   32.010.52868 2 8 8 2    .941.70 -.4031.21113.619.9036.9448.6932526414.2931.4144.09 2
20250525일 3140011국540 8 96 9 3강 3351맑음다습10 8 8엘도라도흥부    지롤라모흥오름   4436.00한거 3 030 2 1   68      24750국5정호익임동현  -1 7 9 6 317 1 0 310 30장추열50956.593우자보60 59 596975.071.061.73350112245 72434284424192025225050 0↘↗입13.836.939.712.8713236.239.5 88.2 87.9 44 44 2222   14.00   14.40 5  3  1NBDN53.85111812 1.2 1.6 2.8727214-3과중분패최적거리63기 2 8 3     1 1 1③1:28.22     .413.739.013.8  1  9  .00 3 2  0  .81412522270 3 7 3 11 5 4.03 3.05 2.7 5.8  5.8    7.2   16.5    9.611.82890 2 8 8 2☆ 1.538.80-1.0911.2889.0027.6848.1361.7035536817.2033.5046.23 3
20250420일 6170010국543 4 96 4혼전 4411맑음양호 8 8 8엘도라도흥부    지롤라모흥오름   4436.00한거 3 033 2 1  170      24750국5정호익임동현  -1 8 8 5 317 3 0 3 9 33임다빈50056.080우자보78 87 874863.053.027.11949 52245 7243419 924191523245050 0↘→추13.839.341.512.8813539.042.2112.6113.7 44 44 2222   14.30   14.00 4  2  3NB동53.85111812 1.0 1.8 2.8727214 0마방기습거리속성 1기 0 5 3 3 3 4 4 5⑤1:52.6½   1.414.042.314.4  3 -4  .29 5 2  1 1.56211826434 4 7 3 62 310.03 8.10 3.4 4.9 56.6  193.8  540.8  777.4  .02737-2 7 7-2    .041.80  .0532.90113.6 7.6915.9127.09 5122213.8624.6332.65 3
20250323일 5170011국511 5 66 5혼전 4429맑음건조 4 8 8엘도라도흥부    지롤라모흥오름   4436.00한거 3 025 2 2  255      24750국5정호익임동현  -1 9 7 4 217 2 0 2 8 25임다빈50453.573평자보53 61 615447.058.047.9224016204411243419 924191523245050 0↗↘추13.839.341.412.8773939.040.2111.6111.9 38 38 1325   13.90   14.80 4 -5  0HHDN53.85111812 1.4 2.0 3.4737314-1걸음불변마방기습 1   0 3 1 1 1 1 1 1②1:51.61     .014.340.814.0  1 -3 -.70 2 1  0  .1 91030 783 3 7 1 21 2 4.01 6.03 1.5 3.7  8.9    4.2   14.2    5.6  .02460 0 7 7 0    .441.50 -.3831.17113.617.5835.7247.9018365123.2644.4460.00 1
20250223일 5180010국550 9106 6혼전 4451맑음건조 3 8 8엘도라도흥부    지롤라모흥오름   8937.00한거 3 028 9 2  339      24750국5정호익임동현  -110 6 3 217 1 0 2 7 28임다빈50753.573우자보48 56 566563.066.051.2224016204411243419 924191523245050 0↗↘추13.840.340.912.8432839.041.4120.5118.9 43 43  029   14.30   13.40 4 -3  1NNUP53.85111812 1.6 2.0 3.6626214 1기습선행거리속성 1기 1 8 1 1 1 1 1 3③2:00.56    1.113.942.314.8  2 -5-1.40 3 1 -1 1.949 8794548 2 9 3 11 1 4.05 4.02 2.6 8.0  7.9   18.6   37.0   16.3  .03172 0 8 7 0   1.040.60 -.7937.67119.022.7238.0051.2332526414.1423.8133.33 3
20250126일 5170011국550 4106 4혼전 4441맑음건조 3 8 8엘도라도흥부    지롤라모흥오름   4436.00한거 3 016 9 3  405      24750국5정호익임동현  -111 5 2 117 2 0 1 6 16이혁  51252.591우입적13 43 435340.058.026.81942 4 938 0243430 02419272119 099 0↘↗선13.839.741.212.8575139.440.4113.5112.9 33 50  033   14.70   14.90 4  5  1VNDN55.05091812 1.4 3.0 4.4606014-1승군탐색거리속성 1   011 2 2 2 1 1 2②1:53.54     .014.340.213.4  0  1 -.50 2 2  0  .73526372177 5 9 7 71 2 5.02 1.11 4.611.4  8.3   20.8   43.4   38.0  .02347-1 6 6-1    .441.30  .0031.95113.7 7.4216.9126.81 41118 8.8619.2128.19 7
20241228토 7180011국550 9106 7혼전 4451맑음건조 4 8 8엘도라도흥부    지롤라모흥오름   8937.00한거 2 020 9 3  503      24750국5정호익임동현  -112 4 1 117 1 0 1 5 20이혁  51152.091우입보71 76 766363.052.042.31942 4 938 0243430 02419272119 099 0↘↗선13.840.340.312.8416440.041.7122.3120.5 40 60  040   14.30   13.10 5  5 -3NUUP55.05091812 1.5 3.3 4.8565614 4연대우수거리속성 1관 0 6 4 5 5 6 5 4④2:02.33     .614.742.914.9  2  2-1.60 4 2  0 1.18438837758 3 3 2 32 1 1.06 1.07 3.3 7.6  3.3   18.7   28.3   24.2  .03162 0 7 6 0    .040.80 -.4139.85118.815.7228.7142.2514284223.3339.0651.87 2
20241123토 41400 9국620 8 26 7 2강 2251맑음건조 4 8 8엘도라도흥부    지롤라모흥오름   4436.00한수 2 025 2 4  615      16500국6정호익임동현  -113 3 5 217 3 0 1 4 25장추열50955.091평입보90 88 887396.067.048.32548 8315710243428442419202522 099 0↗→입13.837.139.313.0446438.237.3 90.0 88.2 25 50  025   13.80   13.70 4 -7  0UN동55.05091412 2.0 3.7 5.7474714 0걸음불변연대우수 1   0 1 5     6 7 5③1:30.0¾    .214.338.213.1  1  0-1.40 3 2  0  .42393 21680 4 5 1 33 4 3.01 9.07 1.8 2.3  8.0    4.9   15.0    3.6  .03864 0 8 6 0   1.338.70 -.6011.7888.8617.4733.3948.2612253936.0764.1176.68 1
20241027일 3140010국621 4 76 4 3강 3339흐림다습12 8 8엘도라도흥부    지롤라모흥오름   4436.00한수 2 0 0 9 4  691      16500국6정호익임동현  -114 2 4 117 2 0 0 3  0장추열50955.091평입하27 39 394144.055.039.02548 8315710243428442419202522      ↗→입13.937.439.513.0265136.538.6 88.7 87.4  0 33  033   13.90   14.40 4 -2  1NNUP       1412 1.0 4.5 5.5434312 1신마적응거리부담 1   0 8 4     3 3 3②1:28.71¾   .013.839.213.7  0 -1 -.80 2 2  0  .3 62123 789 7 2 3 52 3 8.02 6.08 2.7 3.4 25.5   46.8  165.5   28.5  .02542 0 6 5 0    .238.20 -.6810.5389.2113.8827.1539.0010233616.0728.5736.00 4
20240929일 3130011국650 1106 6 1강 1131맑음건조 4 8 8엘도라도흥부    지롤라모흥오름   4436.00한수 2 0 0 9 4  779      16500국6정호익임동현  -115 1 3 117 1 0 0 2  0장추열51054.591평추보71 73 736184.063.038.32548 8315710243428442419202522      ↗→입14.037.938.913.0249237.439.6 83.0 83.6  0 50  050   14.30   13.30 4  4  0BHUP       1312 1.0 7.0 8.0535312 1마방습성거리늘어 1   010 6     5 5 5⑥1:23.01¼   .913.939.814.4  4  2  .50 6 2  0 1.56641645754 9 3 2 32 2 5.03 6.05 2.5 5.7 11.3   22.9   60.3   96.413.42871 1 7 7 1    .839.30 -.22 6.8483.1613.4325.8438.3015324723.2647.5746.54 1
20251122토 8170011국4 1 4  4 4 1강 1113           8 9추풍령          피스룰즈블루드리 3932.00한수 32525   1    016:05 33000국4홍대유김종식   1 013 2 112 1 3 012 25권중석   53.562기추적50 59 595023.045.021.41699 41837 71519 0 01914211513 0 099↗→선13.939.640.712.46264                   33 33 1133   14.40   13.90 5  6  2BNDN53.84741813-1.8 5.8 4.0707014-1주행평범거리속성47관 1 9                            14.4    13.9                                 7 1 4 8  1                                              .01741 0 4 5 0   -.340.70  .45     113.3 6.7112.6021.36 1 4 8 5.7713.3920.12 9
20251019일11180011국452 5104 9혼전 4424맑음포화16 8 9추풍령          피스룰즈블루드리 7934.00한수 32727 2 1   89      41250혼3홍대유김종식   1 112 1 112 2 3 011 27이혁  48152.087기추적55 66 667262.066.045.91428 61837 7151932381914272119 0 099↘↗선13.940.040.412.4614339.940.9119.5121.5 33 33 1133   13.90   13.00 4 -6 -5HUUP53.84741813-1.8 6.2 4.4747414 4걸음관심부중유리68기 0 3 7 6 8 910 9⑩1:59.5목   1.414.440.013.9  5 -1  .7110 5  0 1.69243645739 7 3 2 20 9 1.0410.05 4.2 9.2  4.2   14.0   26.4   18.0  .03882 3 7 8 3▲ 1.241.30 -.4441.05118.719.5432.6945.86214258 8.9721.1133.56 4
20250920토 6140011국552 1104 6혼전 4431맑음포화16 8 9추풍령          피스룰즈블루드리 3932.00한수 33030 2 1   59      33000국5홍대유김종식   1 211 4 412 1 3 010 30이혁  48257.088기추적83 83 836668.065.042.01428 61837 7151932381914272119 0 099↘↗선13.936.739.112.4765537.339.4 86.4 88.6 38 38 2525   14.00   13.50 4  2  2BB동53.84741413-1.8 6.2 4.4747414 0직전탐색최적거리 5기 1 9 9     8 9 6⑤1:26.45    1.113.938.313.0  0  5 2.00 5 5  3 1.53863505744 7 2 4 33 8 6.0311.10 3.1 6.5 10.5   21.0   61.5   55.7  .03367 0 8 8 0    .939.10 -.0712.8088.4513.7329.5741.9914284214.0027.6937.00 3
20250823토 7140011국534 2 84 6혼전 4441맑음건조 4 8 9추풍령          피스룰즈블루드리 3932.00한수 33333 2 1   78      33000국5홍대유김종식   1 310 3 312 1 3 0 9 33김성현47755.067기추적72 71 716632.052.023.9 922 61837 7151910 01914162519 0 099→↗입13.936.839.112.4715537.139.2 87.6 88.6 38 38 2525   14.20   13.60 5  2 -3NN동53.84741413-1.4 5.8 4.4737314 0주행평범최적거리53기 2 7 7     8 8 6⑤1:27.6¾    .614.038.413.5  3 -3  .79 5 2  1  .74152474761 8 2 6 83 1 6.03 8.10 3.1 5.8 11.2   16.5   40.9  233.112.72972 2 5 5 2    .239.10  .3412.7488.52 7.0615.4523.93 3 814 6.6714.2921.36 8
20250720일 9140011국552 2104 5 1강 1131맑음포화17 8 9추풍령          피스룰즈블루드리 3932.00한수 33737 2 1   69      33000국5홍대유김종식   1 4 9 2 212 4 3 0 8 37이혁  48057.588우추적94 95 957790.059.038.21428 61837 7151932381914272119 0 099↘↗선13.936.739.112.4755537.338.9 87.5 88.7 38 50 2525   13.90   13.40 4 -3  6NB동53.84741413-1.4 5.8 4.4737314 0승부최상최적거리82기 2 5 6     6 5 5⑤1:27.51½  1.314.238.313.6  4  6  .84 5 1 -3 1.34564364441 4 3 1 22 7 6.05 6.07 2.9 8.1 10.0   43.0   91.6   80.6  .03360-1 8 7-1    .839.20  .0412.9188.4512.7325.7238.2219405632.6153.2763.73 1
20250622일 91400 8국441 3 94 9혼전 4451맑음다습12 8 9추풍령          피스룰즈블루드리 3932.00한수 32828 2 1   63      33000국4홍대유김종식   1 5 8 1 112 3 2 0 7 28이혁  47452.088기추적88 78 787880.070.063.01428 61837 7151932381914272119 0 099↘↗선13.936.939.212.4605136.138.7 86.9 87.1 29 43 1429   13.90   12.70 4  7 -2VUUP54.84751413-1.4 5.8 4.4737313 1부중효과승부최상60기 2 8 6     5 5 4①1:26.95    -.813.938.513.4 -3  3 -.10 1 4  1  .0 3 727 492 4 7 3 13 6 4.02 8.02 2.5 4.6  5.6   12.8   25.3    7.710.64495 4 9 9 4★ 1.438.60 -.8110.9688.6627.3449.3663.0232526420.0038.3651.89 3
20250524토 4130010국511 6 64 8 2강 2211맑음다습13 8 9추풍령          피스룰즈블루드리 3932.00한수 31616 2 1   77      24750국5홍대유김종식   1 6 7 4 412 2 1 0 6 16이혁  47153.588평입보37 50 507985.078.065.21428 61837 7151932381914272119 0 099↘↗선14.037.239.412.9755137.837.5 80.8 81.6 17 17 1717   14.00   13.80 4 -8 -1UU동56.04781312-1.0 6.2 5.2676712 0부중효과부중효과62기 1 1 5     5 5 3①1:20.83    -.613.937.212.7 -2  3  .40 1 3 -5  .0 657 5 795 7 7 3 23 5 3.01 1.06 1.6 3.6  6.7    3.6   12.3   11.4  .03989 3 8 8 3☆ 1.939.50 -.84 5.0083.0328.2350.8665.1639587228.2450.6062.99 2
20250427일 6130011국552 3104 7혼전 4421맑음양호 7 8 9추풍령          피스룰즈블루드리 3932.00한수 32020 9 1  149      24750국5홍대유김종식   1 7 6 3 312 1 1 0 5 20이혁  46854.088기추적48 53 536853.074.043.01428 61837 7151932381914272119 0 099↘↗선14.037.039.712.9863537.838.7 82.4 83.2 20 20 2020   14.10   14.40 4  1 -1BU동56.04781312  .8 5.2 6.0585813 0걸음불변부중효과 1기 0 9 7     6 6 6⑥1:22.4½    .614.039.113.8 -2 -3  .30 6 8 -1 1.85259353955 7 8 9 32 4 2.01 5.07 2.9 6.7  4.7    8.3   16.5   24.612.73387 2 6 8 2△ 1.740.10 -.29 6.4983.1016.5931.2042.9510233611.4622.8634.21 4
20250329토 4130011국552 9104 6혼전 4431맑음건조 3 8 9추풍령          피스룰즈블루드리 3932.00한수 32525 9 2  245      24750국5홍대유김종식   1 8 5 2 212 1 1 0 4 25박태종47154.564기추보66 72 727739.055.026.91683 41670 7151911 01914202320 0 099↗↘선14.036.939.512.9895137.239.8 84.2 83.2 25 25 2525   14.10   13.90 3 -2  1LN동56.04781312 1.5 4.3 5.8606013 0부중효과최적거리 1기 1 8 6     5 5 6⑦1:24.2¾   1.114.140.614.4 -2 -9-1.20 7 9  2 2.05328715646 310 4 62 1 3.02 1.02 3.8 6.6  4.6    6.6   11.8   38.5  .02876 1 6 5 1    .440.20  .33 6.8182.90 7.0716.7826.92 51323 8.5121.2131.58 6
20250309일 3130011국512 6 64 9혼전 4421맑음다습10 8 9추풍령          피스룰즈블루드리 3932.00한수 33333 2 2  299      24750국5홍대유김종식   1 9 4 1 112 1 1 0 3 33문정균48054.061기추상89 83 838272.069.051.41163 31670 7151918291914131823 0 099→→추14.037.339.312.9615936.840.2 81.7 82.7 33 33  033   14.30   13.20 8  7 -2BUUP56.04781312 2.0 3.3 5.3606012 1연대우수부중효과 1기 010 8     2 2 4⑦1:21.7½    .614.139.213.9  0  2  .70 7 7  5 1.43213785461 6 3 1 11 1 1.02 9.05 2.1 6.8  2.1    8.2   12.3   42.4  .03889 3 8 8 3☆ 1.439.70 -.46 6.0583.0320.5538.8551.3614284220.6933.8843.01 2
20250111토 4120011국653 4104 6 1강 1131맑음건조 5 8 9추풍령          피스룰즈블루드리 3524.00한수 3 0 0 2 3  461      16500국6홍대유김종식   110 3 3 312 3 0 0 2  0이혁  47856.090하추보40 50 504259.060.035.91942 41236 7151932381914272119      ↘↗선14.037.439.713.5431637.037.7 75.2 74.5  0  0  0 0   14.10   13.80 4 -1  1NN동       1212 3.5 4.0 7.5424212 0부중효과연대우수 1기 1 310    10 5 3①1:15.22    -.314.338.113.2 -1 -1 -.50 1 2 -3  .0 53911 894 9 7 5 43 3 2.08 3.02 3.1 6.7  4.5   31.4   43.6   27.5  .03848-1 6 5-1    .837.70 -.81-2.6176.6710.0622.3935.89 8203310.1724.5533.33 4
20241215일 1120012국650 9 54 6혼전 4436흐림양호 8 8 9추풍령          피스룰즈블루드리 3524.00한수 2 0 0 2 3  542      24750국6홍대유김종식   111 2 2 212 2 0 0 1  0이혁  47955.090하무하 9 10 104633.061.032.71942 41236 7151932381914272119      ↘↗선14.037.440.314.943 437.139.3 77.4 76.0  0  0  0 0   14.00   15.20 4  3  0NH동       1212 7.0 3.010.0171712 0적임교체부중효과 1기 1 410    1010 6⑤1:17.4½    .514.139.713.8  0 -6-1.00 5 5  2 1.14745635969 811 6 53 2 4.0112.11 2.3 3.9 10.2    8.5   21.2   51.6  .03058 0 5 6 0    .938.20-1.06-1.6977.01 9.6722.1132.74 51223 7.9520.7319.44 2
20241116토 1120012국641 9 94 9혼전 4435맑음건조 3 8 9추풍령          피스룰즈블루드리 3524.00한수 2 0 0 2 4  640      24750국6홍대유김종식   112 1 1 112 1 0 0 0  0이혁  48555.092평무보   35 3540  .071.057.42959 3247018151932381914272119      ↗↘선    36.738.5        37.140.7 79.4 77.6              13.80   13.60 4  0  0NL동       12 0                 0 0걸음불변적임교체 1기 2 1 3     5 7 9⑩1:19.4¾   2.314.041.815.2  7  0-1.5010 3  0 2.68546908924 8 8 9 10 1 6.02 5.06 3.1 6.2 19.0   28.8   72.1   46.110.64379 3 6 9 3☆ 1.639.30 -.36 2.3575.6128.8846.6457.36395872 9.0917.8227.71 1
20251122토 8170011국4 1 4  6 6 1강 1113           810천궁스톰        섀클포드벨이밴저 5030.00한거 32533   1    016:05 33000국4최영주남경     0 013 6 312 1 3 112 33정우주   57.569평선적50 63 635373.049.025.72041101536 715 024 015 91630138020 0↗↘입13.238.941.912.89939                   33 44 6722   13.20   15.30 9  6  1BBUP54.54811712  .0 2.6 2.6777712 1선행호기승군시기50관 110                            13.2    15.3                                 111 3 7  3                                              .02762 1 8 7 1    .041.90  .07     113.6 7.4315.0225.69 3 81517.3126.7935.67 2
20250921일 61600 9국442 6 46 7 2강 2231맑음다습14 810천궁스톰        섀클포드벨이밴저 5030.00한거 32736 2 1  159      33000국4최영주남경     0 112 5 112 1 3 111 36장추열48656.593우도하62 75 751789.066.060.03350111536 715 035 015 92025228020 0↘↗입13.335.840.212.8976434.842.8102.6103.7 38 50 6325   13.70   15.50 5 -6 -1HNDN54.54811712 -.6 3.4 2.8818112-1걸음불변도주호기31관 1 4 2   2 1 2 2④1:42.65     .913.242.215.3  2  5  .90 4 2  0 1.972 0958656 1 7 4 21 9 3.07 8.01 2.0 3.2  5.7   83.7  164.1  333.8  .03485 3 8 8 3△ 1.240.20 -.5927.72103.025.0143.8860.0218365121.1335.9450.28 3
20250816토 6170011국422 9 26 7 3강 3311맑음다습12 810천궁스톰        섀클포드벨이밴저 5030.00한거 33040 2 1   99      33000국4최영주양순희   2 211 4 212 2 3 110 40정우주48157.569우도상99 99 995068.052.019.72041101536 7153624 015 91630138020 0↗↘입13.339.041.312.8966437.344.3113.2113.3 43 57 4329   14.20   14.20 5  6  3BB동54.54811712 -.4 3.4 3.0797917 0마방연대최적거리47관 310 1 1 1 1 1 1③1:53.23     .513.743.715.5  1 -4  .30 3 2 -2  .649 0967170 3 6 1 71 2 7.04 8.05 2.3 2.2 23.2   82.2  287.5   58.011.22839-1 7 6-1    .342.10  .4733.03113.3 4.3711.7219.71 1 51211.2021.5130.33 5
20250713일 8170010국453 7106 7 1강 1111흐림양호 6 810천궁스톰        섀클포드벨이밴저 5030.00한거 32233 2 1   70      33000국4최영주양순희   2 310 3 112 1 2 1 9 33정우주48554.569강선하34 60 606367.063.038.32041101536 7153624 015 91630137525 0↗↘입13.339.041.312.8926438.740.6111.2111.3 50 67 5017   13.30   14.30 4  1  2HNUP54.54801712 -.2 3.2 3.0787812 5전개최상마방연대74기 0 4 2 2 2 2 1 1①1:51.24    -.714.240.714.2 -3 -1 -.10 1 4  1  .0 3 641 896 2 5 5 31 1 4.01 4.03 2.4 6.7  7.3   10.4   22.8   16.7  .03473 1 7 8 1   1.041.80  .0630.99113.312.7526.0938.3412253913.9122.2237.39 4
20250614토 6120011국414 1 66 9혼전 4431맑음건조 3 810천궁스톰        섀클포드벨이밴저 3728.00한거 32537 2 1   75      33000국4최영주양순희   2 4 9 2 612 3 2 1 8 37장추열48653.093우선하77 83 839475.065.033.83350111536 71536353115 92025227525 0↘↗입13.436.738.412.8829536.039.8 74.3 76.2 60 60 4060   13.30   14.40 5  2 -3HU동54.54801312 -.8 3.4 2.6828212 0전개최상전개최상33관 0 3 1     1 1 2④1:14.31     .513.339.114.3  1  4 1.60 4 3  2 1.758 4794660 4 5 3 41 8 7.02 9.05 1.6 5.4 23.2   59.7  175.0  139.112.74484 2 8 8 2▲ 1.038.90  .36 1.1275.5611.5723.1833.84 7162713.2226.2937.31 3
20250511일 8120011국414 6 66 8혼전 4441맑음포화16 810천궁스톰        섀클포드벨이밴저 3728.00한거 32842 2 1  105      33000국4최영주양순희   2 5 8 1 512 2 2 1 7 42장추열48256.093우선상98 96 969682.067.040.33350111536 71536353115 92025227525 0↘↗입13.436.838.412.8799535.940.3 75.5 76.2 60 60 4040   13.40   13.30 5 -7  2UL동54.54801312 -.8 3.8 3.0787812 0전개최상전개최상 1   0 1 1     1 1 1④1:15.51¼   .313.339.914.4  3  2  .62 4 1 -1  .855 2855170 7 4 1 21 7 6.09 9.08 2.0 5.1 14.1  313.6  680.2  557.610.54487 0 9 8 0▲ 1.038.80  .13 1.0475.6114.7628.7240.3318365120.4336.8446.08 1
20250405토 5120010국523 5 76 9 1강 1151비  다습13 810천궁스톰        섀클포드벨이밴저 3728.00한거 31633 1 2  223      24750국5최영주양순희   2 6 7 5 412 1 1 1 6 33장추열48054.593우선보90 89 899493.074.085.63862 01755 61536353115 92025226733 0→↘입13.636.938.412.8749736.238.3 73.5 74.5 50 50 2550   13.60   14.00 5 -1  1NNDN54.54801312 -.7 3.0 2.3797912-1마방연대전개최상 1관 2 8 1     1 1 1①1:13.54    -.613.437.413.3 -1  1 1.00 1 2 -4  .0 5 531 594 3 4 3 11 6 2.01 8.02 1.8 2.6  3.4    2.6    5.8   27.4  .04497 3 9 9 3☆ 1.838.20-1.25 -.8575.6744.6072.9085.5839587232.5052.2568.05 1
20250302일 5130011국552 5106 8혼전 4421흐림건조 4 810천궁스톰        섀클포드벨이밴저 5030.00한거 32040 1 2  318      24750국5최영주양순희   2 7 6 4 212 1 1 1 5 40임다빈47954.073강선하57 75 758866.072.043.22240161755 6153624 715 91523245050 0↗↘추13.637.039.012.8759736.939.3 82.5 82.7 67 67  067   14.10   14.50 7  0  0NH동54.84811312-2.0 3.5 1.5909012 0직전탐색마방연대 1기 0 9 1     1 1 1⑤1:22.5½    .313.640.014.0 -1 -9 -.50 5 6  5  .43218552970 4 8 4 21 1 1.05 7.05 2.8 5.7  2.8   14.4   23.6   26.610.63789 3 8 8 3☆ 1.640.00  .13 6.6582.6520.1733.0443.1718365111.4323.3228.40 3
20250112일 51300 7국553 9 56 7혼전 4421맑음건조 3 810천궁스톰        섀클포드벨이밴저 5030.00한수 32550 2 3  449      24750국5최영주양순희   2 8 5 3 112 5 1 1 4 50장추열48854.089강선보45 67 678263.061.037.32333161122 91536353115 92025225050 0→→입13.637.039.012.8819737.339.6 83.6 82.8 67 67  067   13.90   14.00 3  6 -1NHUP54.84811312-2.0 4.0 2.0868612 1전개최상거리속성 1관 1 9 3     3 3 4⑤1:23.6½    .814.140.414.5  4  1-1.11 5 1  0 1.23734645258 4 2 3 22 5 2.04 1.03 2.4 4.2  4.2   11.2   22.3   57.0  .03466 0 7 7 0    .740.00  .29 6.7882.6513.2925.4037.3218365115.9128.0937.76 3
20241222일 6120011국514 8 66 9혼전 4451맑음양호 6 810천궁스톰        섀클포드벨이밴저 3728.00한수 23366 2 3  515      24750국5최영주양순희   2 9 4 2 312 4 1 1 3 66장추열48754.589강선보97 91 919686.071.056.72333161122 91536353115 92025225050 0→→입13.636.938.412.8729536.839.5 77.1 76.1 67 67  067   13.60   14.00 6  1  1HN동54.84811212         4.0    12 0전개최상전개최상 1관 2 3 2     3 4 5⑧1:17.1½   1.013.939.914.0  7 -1 -.99 8 1 -1 1.34826695449 2 5 3 10 4 7.05 8.07 2.0 5.0 19.2   74.2  271.7  204.510.54493 3 9 9 3☆ 1.438.70 -.41  .7575.6725.2844.6856.6632526435.5356.2560.00 1
20241109토 61200 9국522 4 76 9혼전 4441맑음양호 6 810천궁스톰        섀클포드벨이밴저 3728.00한수 2     2 4  655      24750국5최영주양순희   210 3 1 212 3 1 1 2  0장추열48853.591강입보99 99 9995  .069.056.62548 82471 81536353115 92025225050 0↗→입13.637.238.312.8509936.838.6 75.3 75.4100 50  0**   13.60   13.1010 -8 -1UU동54.84811210         1.0    12 0전개최상전개최상 1관 0 2 1     1 1 2④1:15.3½    .813.638.414.0  2  2  .00 4 2 -1 1.02426402355 6 4 1 21 3 1.03 3.04 2.2 2.8  2.2    7.2   12.3   63.610.54485 2 9 8 2☆ 1.338.20 -.52 -.1075.7823.9742.8556.5921425812.8625.0055.40 4
20240831토 2120011국631 5 86 8 2강 2231맑음건조 4 810천궁스톰        섀클포드벨이밴저 3728.00한수 2 0   9 5  852      16500국6최영주양순희   211 2 2 112 2 0 1 1  0장추열48654.593강입보62 35 3595  .070.078.32453121950101536353115 9202522 099 0↘↗입13.736.938.312.8789837.136.5 74.9 73.5100  0  0**   13.70   13.1011  0 -1NUUP55.04751210         2.0    10 2마방기습전개최상 1관 010 2     2 2 2①1:14.91½  -.313.637.213.1 -2 11-1.40 1 3 -1  .0 143 1 095 2 211 11 2 3.0410.08 2.9 4.2  3.6   14.6   21.9   13.7  .04481 1 7 5 1△ 1.437.90 -.96-1.7275.6134.1961.4678.26395872 9.7820.8152.72 4
20240615토 1100012국620 1 26 7혼전 4435흐림건조 5 810천궁스톰        섀클포드벨이밴저 3728.00한수 2 0 0 2 6 1061      24750국6최영주양순희   212 1 1 112 1 0 0 0  0장추열47555.093평무보   35 3540  .066.034.43855252363 61536353115 9202522      →↘입    37.137.8        36.836.8 62.4 62.3              13.80   13.80 4  0  0LL동       10 0                 0 0걸음불변마방기습 1관 010 3     3 4 3②1:02.44     .013.737.213.1 -2 15 -.80 2 4  0  .7322511 787 8 8 8 32 1 1.0412.10 1.5 2.1  1.5   17.6   20.6   60.512.73376 2 6 8 2   1.237.80  .07-12.662.7113.1423.8334.38183651 8.3316.6725.0010
20251122토 8170011국4 1 4  8 4 1강 1113           811하이폴리        더킹    팬시폴리 7235.00한수 41414   1    016:05 33000국4문병기김은갑   1 015 1 114 4 2 014 14김효정   52.568기입적50 57 574440.046.020.819391332531625171919282916211899 0 0→↘입13.539.041.813.59713                   27 36 64 0   13.80   13.80 4  0 -2VUUP54.84941714-1.8 5.0 3.2646414 3선전만회급하락세60기 011                            13.8    13.8                                 310 7 9 11                                              .01936 0 5 6 0   -.241.80  .19     113.6 5.6113.5920.83 1 512 6.7315.1824.70 8
20251026일 6140011국513 5 68 4혼전 4431흐림양호 7 811하이폴리        더킹    팬시폴리 7235.00한수 4 7 7 9 1   72      24750국5문병기김은갑   1 114 8 914 3 1 013  7김효정49654.068기입하47 38 386221.058.033.419391332531625171919282916211899 0 0→↘입13.536.440.213.595 536.238.8 87.6 87.3 20 30 60 0   13.70   14.70 5  6  0VH동55.34931414-2.0 5.2 3.2656514 0걸음불변최적거리64기 011 3     2 1 1①1:27.62½  -.513.839.313.8 -5  3 -.50 1 6  1  .0 41028 594 111 7 5110 6.0111.07 1.5 3.8 15.8   11.7   37.3   18.2  .01650 0 5 7 0    .539.20 -.3210.7389.00 9.8221.7733.35 82134 9.8620.7329.43 5
20250921일 5140010국552 8108 4 1강 1131맑음다습14 811하이폴리        더킹    팬시폴리 7235.00한수 4 8 8 2 1   72      24750국5문병기김은갑   1 213 7 814 2 1 012  8김효정49354.068기입적70 63 636238.051.027.519391332531625171919282916211899 0 0→↘입13.536.340.213.595 436.140.9 89.5 89.2 22 33 56 0   13.50   14.80 2 -3  0NH동55.34931414-2.4 5.8 3.4626214 0걸음불변최적거리 5관 0 5 3     1 2 3⑥1:29.51¾  2.013.741.214.7  1-10 -.50 6 5  0 2.560 9866826 110 4 41 9 1.0210.04 2.6 6.8  2.6    7.7   11.6   10.5  .01444 0 6 5 0    .039.70 -.1312.6788.93 6.4515.0127.54 82134 5.3215.2229.67 4
20250906토 3140011국511 7 68 5 1강 1131맑음다습13 811하이폴리        더킹    팬시폴리 7235.00한수 4 9 9 1 1   40      24750국5문병기김은갑   1 312 6 714 1 1 011  9김효정50354.068기입적32 28 286522.057.041.619391332531625171919282916211899 0 0→↘입13.536.440.213.594 535.941.2 87.9 88.5 25 38 50 0   13.70   16.30 5  5 -1BH동55.34931414-3.0 6.6 3.6646414 0적임교체최적거리27기 0 8 4     4 2 2③1:27.96    1.013.540.614.8 -2  5  .80 3 5  4 1.134 3907252 111 5 32 8 1.06 2.07 1.8 6.1  1.8    9.9   12.8   22.0  .03058 0 5 5 0    .639.40 -.5711.8689.0013.3027.8441.57122539 7.6915.8524.61 5
20250802토 41400 9국550 5108 9 1강 1141맑음건조 3 811하이폴리        더킹    팬시폴리 7235.00한수 41010 1 1   82      24750국5문병기김은갑   1 411 5 614 1 1 010 10마이아49854.593기입하36 37 378078.075.066.7375220325316251742 028293631 999 0 0↘→선13.536.440.213.589 435.843.7 92.7 91.8 13 25 50 0   13.60   14.20 4  1  0HHUP55.34931414-3.0 7.4 4.4535314 1주행평범적임교체66기 1 3 2     2 3 6⑧1:32.75    3.913.743.716.3  7  4 -.79 8 1 -1 4.496 39997 4 1 7 5 11 3 4.02 5.07 3.1 5.8  8.7   10.4   27.0   37.3  .04384 0 7 9 0☆ 1.740.10-1.2215.2289.0032.1753.9466.6635536812.5027.2740.91 4
20250706일 31300 9국551 4108 6혼전 4421맑음건조 3 811하이폴리        더킹    팬시폴리 7235.00한수 41111 1 1   72      24750국5문병기김은갑   1 510 4 414 7 1 0 9 11김효정49454.568기입보48 60 607542.065.044.219391332531625171919282916211899 0 0→↘입13.536.740.013.594 837.139.7 82.8 83.5 13 25 50 0   14.00   13.80 5 -8  1UNDN55.34931414-3.0 7.4 4.4535314-1전력변화선행유리62기 0 2 3     3 3 5⑤1:22.8목   1.313.639.814.2  3 -2  .29 5 2 -5 1.56224664736 2 8 7 42 7 1.08 6.04 2.2 5.4  2.2   28.3   40.0   43.7  .02365 0 7 8 0   1.040.50 -.32 6.8183.1014.9530.0744.23102336 7.0622.6028.85 5
20250601일 5140011국551 4108 7혼전 4441맑음건조 3 811하이폴리        더킹    팬시폴리 7235.00한수 41212 1 1   85      24750국5문병기김은갑   1 6 9 3 514 6 1 0 8 12김효정49654.068기입보53 61 616939.066.037.219391332531625171919282916211899 0 0→↘입13.536.540.514.188 336.139.4 88.2 87.6 14 29 43 0   13.50   14.40 4  7  1BN동56.54901414-3.0 7.4 4.4535314 0전력변화탄력호전37기 010 4     1 1 2③1:28.21     .214.039.213.8 -4  3 -.50 3 7  5  .6 9 7552073 111 8 41 6 4.05 9.05 3.4 9.7  7.6   24.2   48.1  151.6  .03371 0 6 7 0   1.039.10 -.6810.5589.2812.9626.2337.15142842 8.1619.3529.81 4
20250504일 4140011국550 8108 8 3강 3358맑음포화15 811하이폴리        더킹    팬시폴리 7235.00한수 41414 1 1  130      24750국5문병기김은갑   1 7 8 2 414 5 1 0 7 14김효정49353.568기입적12 11 116624.061.046.419391332531625171919282916211899 0 0→↘입14.036.640.514.181 236.339.9 88.7 88.4 17 17 33 0   13.60   14.70 4  2 -1VUUP56.54901413-3.6 9.0 5.4414114 2거리적응탄력호전 1기 0 3 1     1 1 2③1:28.71     .213.540.214.4  1 -3 -.20 3 2  0  .73115664173 111 8 31 5 6.03 5.10 3.3 8.3 13.3   34.8   86.1   61.110.93372 1 5 6 1    .839.20 -.9811.2989.3417.2033.3446.4215324712.0020.6935.71 5
20250406일 51200 9국523 3 78 3 2강 2243맑음포화18 811하이폴리        더킹    팬시폴리 72     한수 41616 1 2  213      24750국5문병기김은갑   1 8 7 1 114 4 1 0 6 16김효정49654.069기입상77 35 354225.042.020.41533 836542425171919282916211899 0 0↗→입14.037.039.814.176 536.541.6 76.5 78.2 17 17 33 0   14.00   14.40 2 -1 -3UUDN56.54901413-1.8 8.8 7.0222214-2걸음불변단기승부 1관 0 1 2     2 3 8⑧1:16.59    2.613.641.014.7  6  6 1.61 8 2 -5 3.092159691 7 410 5 71 4 4.03 5.03 1.8 3.2 10.3   29.5   66.3   14.1  .01532-1 4 4-1   -.539.20 -.19 1.4076.51 3.7910.6420.37 31018 4.4915.8531.25 3
20250322토 31400 9국610 9 68 4 2강 2259맑음건조 5 811하이폴리        더킹    팬시폴리 7235.00한수 4 0 0 2 2  267      16500국6문병기김은갑   1 9 6 6 314 3 0 0 5  0김효정49056.568하입보 5  3  32911.045.031.91533 8365424251719192829162118      ↗→입14.036.840.614.268 235.940.4 90.0 88.0  0  0 20 0   14.10   16.00 3 -2  0HN동       1413-2.0 9.0 7.0262613 0걸음불변거리탄력 1관 0 2 2     1 1 1①1:30.07   -1.314.040.814.4 -6-10-1.40 1 7 -1  .018 4774596 2 9 8 31 3 7.01 2.05 1.6 4.1 22.4   10.9   39.0   18.6  .01628-1 3 4-1   -.338.90 -.7910.6089.5510.2019.3631.91132843 3.13 8.2818.15 7
20250302일 3140010국650 9108 5혼전 4459흐림건조 4 811하이폴리        더킹    팬시폴리 7235.00한수 4 0 0 1 2  320      16500국6문병기김은갑   110 5 5 214 2 0 0 4  0김효정50056.568하입상11 14 143118.048.028.81533 8365424251719192829162118      ↗→입14.036.940.814.265 336.343.5 93.6 91.6  0  0  0 0   14.20   14.50 3  2  0HNUP       1413-1.0 9.0 8.0151513 1신마혈통단기승부 1관 0 4 3     4 4 7⑦1:33.66    3.414.143.716.0 -1 15-1.20 7 8 -1 3.59514999815 21010 52 210.01 5.03 2.2 5.6 60.4   89.2  322.7   93.5  .02529-2 4 4-2   -.139.60 -.9013.9089.76 7.9115.9028.79 6152611.6318.9730.43 6
20250209일 2130011국651 8108 4 1강 1131맑음건조 4 811하이폴리        더킹    팬시폴리 7235.00한수 4 0 0 1 2  386      16500국6문병기김은갑   111 4 4 314 1 0 0 2  0김효정48556.568하입상 5  7  725 8.044.020.01533 8365424251719192829162118      ↗→입14.037.240.514.573 537.339.7 84.0 83.5  0  0  0 0   14.20   14.90 2 -4  0HNDN       1413  .5 8.0 8.5101014-1걸음불변신마혈통 1기 0 2 5     3 2 4④1:24.01½   .714.240.814.5 -5  0 -.90 4 9 -2 1.46034675664 410 8 62 1 1.1011.04 3.4 9.6  3.4   61.2   78.8  179.3  .02132-2 3 3-2   -.440.00 -.28 5.7583.74 4.9711.1019.99 31020 3.85 7.0212.79 8
20250126일 2140011국610 9 18 4혼전 4439맑음건조 3 811하이폴리        더킹    팬시폴리 7235.00한수 4 0 0 9 3  408      16500국6문병기김은갑   112 3 3 114 1 0 0 2  0김태희48556.559하입보17  9  92110.038.012.01875113036182517 0102829152316      ↘↘입14.037.041.014.560 236.541.5 92.0 90.0  0  0  0 0   14.50   14.80 3  3  0NNUP       1413 3.0 6.0 9.0 6 613 1걸음불변거리부담 1기 0 6 5     5 5 7⑦1:32.01¾  2.014.242.014.9 -4-12-1.50 711  1 2.38022928730 411 7 82 1 6.04 2.01 1.5 2.7 19.6   68.4  186.4  969.4  .01423-2 3 3-2  -1.139.10 -.6412.0089.96 2.14 5.9912.01 3 814 2.78 8.8114.03 8
20250105일 2130011국610 8 68 3 2강 2221눈  건조 5 811하이폴리        더킹    팬시폴리 7235.00한수 4 0 0 1 3  474      16500국6문병기김은갑   113 2 2 214 2 0 0 1  0마이아49756.593하무보 5  5  53258.046.015.4274015303618251742 028293631 9      ↘↗선14.037.140.414.882 237.840.3 85.1 84.2  0  0  0 0   14.00   15.10 4 -4  1HN동       1313         9.0    13 0기수신마부진마필 1기 0 3 7     6 6 7⑧1:25.1½   2.614.541.414.8 -2  1-1.30 810  4 2.87960818324 310 9 62 2 1.03 5.06 1.5 3.7  1.5    5.4    7.5   16.6  .02010-4 5 7-4   -.740.20 -.01 6.6683.61 2.78 7.2015.35 51222 7.5617.4326.30 4
20241208일 3130010국620 8 28 9 1강 1135맑음다습13 811하이폴리        더킹    팬시폴리 7235.00한수 3 0 0 2 3  561      16500국6문병기김은갑   114 1 1 114 1 0 0 0  0마이아49656.093평무보   35 3540  .060.052.0274015303618251742 028293631 9      ↘↗선    37.539.6        37.242.5 85.5 86.1              14.00   13.70 4  0  0LL동       13 0                 0 0걸음불변기수신마 1기 0 7 8     5 4 8⑨1:25.52    3.414.042.415.1  3 -2  .30 9 6  0 4.99730989615 1 1 9 30 1 1.02 4.02 2.1 2.0  2.1    2.0    3.5    5.212.03371 2 6 7 2    .840.30 -.79 9.0483.3516.8735.4952.04153247 9.7819.7847.77 4
20251122토 9180011외4 0 6  7 2 3강 3358           9 1스카이함성      SKY MESAMINISTER  740.00미거 4 414   1    017:00 33000혼4이관호황의영   0 016221521 2 1 221 14정우주   53.068평입보50 42 4214 9.038.016.9204110224713212019 02416163013 03367↗↘입14.339.940.812.325 8                   16 16  032   14.70   14.40 5 -3 -2UH동54.04731818-1.2 7.6 6.4424214 0탄력늘어보통걸음50기 0 1                            14.7    14.4                                 6 6 8 7  2                                              .01828-1 3 2-1   -.940.80  .12     118.8 3.24 8.4016.89 2 713 2.38 6.9015.11 8
20251019일 9180011외411 6 67 2혼전 4452맑음포화16 9 1스카이함성      SKY MESAMINISTER  740.00미거 4 515 2 1   91      33000혼4이관호황의영   0 115211421 1 1 220 15정우주47854.568평입하 7  1  120 7.037.012.7204110224713212019 02416163013 03367↗↘입14.340.740.812.3271039.943.1121.2122.6 17 17  033   15.70   14.00 7  3  2VN동54.04731818-1.0 7.0 6.0525214 0탄력늘어보통걸음50기 1 4 6 6 6 4 6 8⑧2:01.21¾  2.814.742.214.4 -2  1  .30 810  4 3.2974092911410 911 92 1 2.05 9.02 2.0 6.6  5.9   26.3   42.9   18.7  .01831-1 2 1-1  -1.040.70 -.0241.09119.1 2.07 6.5412.72 2 5 9 1.37 5.1910.11 9
20250831일 8180011외443 5 97 3 3강 3321맑음포화17 9 1스카이함성      SKY MESAMINISTER  740.00미거 4 515 9 1  110      33000혼4이관호황의영   0 214201321 6 1 219 15푸르칸47753.071평입상51 59 592450.047.028.2235318224713212014252416132419 03367→↘추14.340.540.712.3401442.441.5119.5121.7 18 18  029   14.90   14.00 7  0  0UH동54.04731818-2.6 6.8 4.2676714 0선전만회급하락세76기 1 1111111101110⑩1:59.51½  2.915.740.914.0  4  5 1.5010 6 -1 3.1949878961211 7 4 40 7 1.02 6.07 2.7 4.2  2.7    4.2    8.3   81.9  .01927-1 6 6-1   -.340.80 -.2740.45119.0 9.9117.8628.16 8152613.4122.6236.23 5
20250713일 71800 8외410 9 17 4 3강 3351흐림양호 6 9 1스카이함성      SKY MESAMINISTER  740.00미거 4 511 2 1  112      33000혼4이관호황의영   0 313191221 5 1 118 11푸르칸47253.071평입보22 10 1021 6.038.018.1235318224713212014252416132419 05050→↘추14.340.640.812.3361340.340.7118.8117.9 13 13  625   15.20   14.20 5 -5  1UN동54.54741818-1.6 7.0 5.4525214 0주행평범기수영향49기 0 1 7 7 7 8 6 6②1:58.81¾   .014.941.114.0 -5 -6 -.50 2 7  0  .32056596187 9 7 8 63 6 2.07 9.01 1.6 3.3  5.8   86.1  174.6  119.6  .01730-1 2 2-1   -.840.20 -.1036.49119.1 3.82 9.3818.06 31020 1.18 5.4111.15 8
20250607토 51800 9외442 8 47 4 1강 1131흐림건조 3 9 1스카이함성      SKY MESAMINISTER  740.00미거 4 511 2 1   94      33000혼4이관호황의영   0 412181121 4 1 117 11푸르칸47852.571평입보30 17 1720 8.038.015.5235318224713212014252416132419 05050→↘추14.340.640.812.3391641.240.8119.9119.4 13 13  033   14.60   15.10 5 -3 -2NH동54.54741818-1.0 7.2 6.2464614 0걸음불변기수영향50기 0 6 8 8 8 6 7 6⑥1:59.91½  1.315.241.314.2 -1  1 -.50 6 7 -1 1.36583668339 9 8 7 70 5 1.02 8.04 1.9 2.7  1.9    2.7    4.1    9.8  .01625-1 3 3-1   -.740.40 -.0438.02119.1 2.56 7.0415.45 31018 3.03 6.2514.23 7
20250504일10180010외420 9 77 5혼전 4441맑음다습13 9 1스카이함성      SKY MESAMINISTER  740.00미거 4 612 1 1  124      33000혼4이관호황의영   0 511171021 3 1 116 12푸르칸47754.071평입상27 15 152117.047.026.5235318224713212014252416132419 05050→↘추14.340.640.812.3342040.641.8119.2119.4 14 21  036   14.50   14.50 5  0  0LN동54.54741818 -.8 7.4 6.6393914 0걸음불변탄력호전 1기 0 9 7 7 7 5 4 4⑥1:59.21½   .714.642.715.1 -2  2 -.40 6 8  1 1.46262848658 810 8 62 4 2.07 6.03 2.3 3.6  3.1   46.8   65.7  341.5  .03334 0 4 4 0   -.140.40 -.3137.96119.1 6.6414.0726.51 51323 6.5615.9421.51 7
20250329토 9180010외440 9 97 5 1강 1151맑음건조 3 9 1스카이함성      SKY MESAMINISTER  740.00미거 4 613 9 2  240      33000혼4이관호황의영   0 61016 921 2 1 115 13푸르칸47554.069평추상16 11 112614.044.015.81836131850 8212014252416132419 05050→→추14.340.840.812.3222339.641.5119.4118.8 15 23  038   14.50   13.40 7  5 -3BN동54.54741818 -.8 7.4 6.6353514 0최고선전탄력호전 1기 0 9 6 6 5 5 5 5⑥1:59.4¾    .614.542.014.5 -1 -8 -.70 6 7  2 1.6452279626311 7 7 62 3 1.02 3.02 3.0 4.2  3.0    4.2    6.8    7.4  .03326-2 4 3-2   -.740.10 -.1237.15119.2 2.83 7.3415.78 51222 3.13 7.9316.46 6
20250209일 6180011국540 8 97 1 3강 3349맑음건조 4 9 1스카이함성      SKY MESAMINISTER  740.00미거 4 0 7 1 2  382      24750국5이관호황의영   0 7 915 821 1 0 114  7푸르칸48357.069평추보 5  1  1 7 5.033.012.91836131850 8212014252416132419 0 099→→추14.341.041.012.3131339.738.6120.4118.6  8 25  033   15.20   14.30 5 -5  0VLUP52.04651818  .8 7.8 8.6181814 1걸음불변부진마필 1기 1 4 3 3 2 3 2 2①2:00.4코    .014.539.813.4 -4  8-1.70 1 5 -3  .04028 8 279111011 82 2 5.04 4.01 3.4 5.2 12.7   27.6   78.4   28.5  .014 8-4 2 2-4▼-1.339.90 -.1636.59119.3 3.22 6.7812.88 2 713 1.52 5.5910.34 7
20250105일 6170010국550 2107 4 1강 1131맑음양호 7 9 1스카이함성      SKY MESAMINISTER 2239.00미거 4 0 7 1 3  470      24750국5이관호황의영   0 8 814 221 1 0 113  7장추열47557.089평추하 9  5  53527.054.035.9233316346122212024102416202522 0 099→→입14.340.241.312.3263240.842.1115.6115.8  9 27  036   14.60   14.50 2 -2  5LBDN52.04651818 1.0 6.8 7.8242414-1교체실패거리속성 1기 2 9101010101010⑧1:55.64    3.015.241.914.3  0  0  .20 8 8  0 3.693868191 4 8 810 40 1 1.05 1.05 3.4 8.4  3.4   11.2   16.4   15.1  .01841-1 4 5-1    .441.20 -.5334.30114.111.5025.1635.91 82033 7.0717.8027.37 5
20241221토 8180011외440 8 97 2 1강 1154흐림양호 8 9 1스카이함성      SKY MESAMINISTER  740.00미거 3 0 8 2 3  524      33000혼4이관호황의영   0 9 713 721 1 0 112  8해리카47552.071평추상20  7  726 4.033.011.11021 73461222120 0 02416182612 0 099→↗입14.340.940.712.3132540.441.2122.5121.3 10 30  040   15.20   13.70 5  5  0VU동52.04651818  .6 6.6 7.2303014 0걸음불변급하락세 1기 111 6 6 6 5 5 9⑩2:02.53    2.714.642.414.5  2  6-1.7010 8 -1 3.3915475741210 7 9 80 1 1.0410.07 3.2 6.7  3.2   10.4   14.8   11.6  .01414-3 1 2-3▽-1.440.30 -.0139.66119.2 1.37 4.6211.06 3 814 1.27 2.47 8.4710
20241116토 9180011외421 9 77 1혼전 4457비  건조 4 9 1스카이함성      SKY MESAMINISTER  740.00미거 3 0 9 2 4  632      33000혼4이관호황의영   010 612 621 1 0 111  9송재철46952.081평추보 5  1  117 7.033.011.61938122041 6212013 02416182621 0 099→↗입14.340.940.712.3142541.640.0119.9118.5 11 33  044   15.00   14.50 4  3 -2NU동52.04651818 1.0 6.0 7.0343414 0걸음불변급하락세 1기 0 6 91010 9 9 8⑧1:59.91¾  1.915.239.713.7 -1  5 -.30 8 9  2 2.3389042743410 810 90 2 6.07 9.02 3.2 7.3  9.8   38.2  104.8   88.9  .01410-4 2 2-4▼-1.440.00 -.0336.89119.2 1.66 4.9311.59 1 4 8 1.52 5.2310.6311
20241020일 81800 9외451 8 57 4혼전 4459맑음다습14 9 1스카이함성      SKY MESAMINISTER  740.00미거 3 010 2 4  708      33000혼4이관호황의영   011 511 521 1 0 110 10마이아46453.593평추하 7  1  14818.050.042.23650212041 62120 0 024163631 9 0 099→↘선14.340.940.512.3124340.941.5121.5120.3 13 38  050   15.40   14.90 5 -3  2VN동52.04651818 1.2 5.0 6.2424214 0교체실패기수영향 1기 1 3 9 9 9 3 3 5⑥2:01.53    1.315.041.314.5 -1  0  .30 6 7  0 1.4817379863810 6 7 32 1 2.0510.05 3.0 4.0  3.3   17.5   32.2   36.0  .01848-1 3 3-1   -.240.20 -.6538.87119.116.5033.4842.2018365112.2021.5734.05 4
20240915일 8180011외421 5 77 2 1강 1141맑음다습11 9 1스카이함성      SKY MESAMINISTER  740.00미거 3 011 2 4  794      33000혼4이관호황의영   012 410 421 1 0 1 9 11유승완46452.083평추보48 23 2337 9.039.017.22240 82041 6212024 02416162623 0 099↗→입14.340.939.912.3117241.343.1121.7122.5 14 43  057   14.80   13.70 7  4  0NU동52.04651812  .6 4.2 4.8555514 0주행평범거리속성 1기 1 6101010 8 911⑪2:01.77    4.115.442.514.9  4 -2  .9011 7  4 4.697849497 511 3 7 80 1 6.09 4.08 2.6 2.8 21.2  252.0  486.9 1235.8  .01734-3 3 2-3▽-1.040.50  .1041.68118.9 3.30 9.6217.18 3 814 1.68 5.5814.16 8
20240728일121800 9외420 7 27 4 1강 1159맑음다습11 9 1스카이함성      SKY MESAMINISTER  740.00미거 3 012 9 5  922      33000혼4이관호황의영   013 3 9 321 1 0 1 8 12송재철46652.081평추보69 36 366322.049.026.3223916267015212013 02416182621 0 099→→입14.341.039.912.3 57940.239.9119.8118.8 17 50  067   14.70   13.30 5 -9  0VUUP52.04651812  .8 5.0 5.8555514 4주행평범거리속성 1기 1 2 2 3 3 4 3 3④1:59.81¾  1.514.839.913.7  1 -5 -.80 4 3 -4 1.74844403539 9 4 7 62 1 1.02 9.04 1.5 2.2  1.5    2.2    2.8   12.6  .01747 0 4 5 0   -.139.90 -.1437.94118.9 6.2613.7926.34 51222 6.2513.3319.57 8
20240622토 9140011외431 4 87 3 3강 3351비  불량20 9 1스카이함성      SKY MESAMINISTER 2239.00미거 3 014 2 6 1031      33000혼4이관호황의영   014 2 8 121 1 0 1 7 14씨씨웡47152.093평추하29 18 184823.058.028.23357 72189 9212032 02416202422 0 099→↘선14.337.938.712.3 38538.037.9 88.8 88.3 20 40  060   14.70   14.20 6  6  0VUDN52.04651812  .6 5.2 5.8515118-3주행평범보통걸음 1기 11111    1111 9⑦1:28.8코   1.214.738.213.3  0 -2 -.30 7 7  2 2.02990 7294711 3 9 53 1 2.04 6.01 2.0 5.6  4.5   17.5   38.2   27.4  .01769 0 4 4 0    .437.90 -.2011.7489.00 7.3017.5328.16 81526 4.7611.8618.18 9
20240511토10170011외411 7 67 3혼전 4441비  다습14 9 1스카이함성      SKY MESAMINISTER 2239.00미거 3 016 2 6 1156      33000혼4이관호황의영   015 1 7 121 5 0 1 6 16문정균47352.070평추보49 27 2736 9.038.011.72080 72189 9212012 02416131823 0 099→→추14.340.540.512.3 68939.941.3112.6113.8 20 40  060   14.80   13.90 3  0 -3NUDN52.04651812  .5 5.0 5.5535318-1주행평범거리속성 1기 1 5 5 5 7 8 8 9⑩1:52.6½   1.714.741.514.2  5  8  .1110 5 -1 1.8645063633310 711 90 5 3.01 4.11 1.5 4.6  9.3    7.9   24.1   18.3  .01723-1 2 3-1   -.940.60  .2932.77113.8 1.91 5.3511.67 1 4 8 2.13 5.8314.8110
20251122토 9180011외4 0 6  4 2 3강 3358           9 2핵다이아        CARAVAGGSCORPIO   971.00미암 3 0 0   1    017:00 33000혼4이신우김아라   2 01212 411 4 0 011  0조상범   52.056하무상50 41 4125 8.033.010.11268 61656 818 9 610171513201899 0 0→↘입13.840.941.212.620 8                   18  9  018   15.50   15.00 2  1  0VU동52.05041812-1.4 8.6 7.2414112 0기습선행급하락세 1   0 2                            15.5    15.0                                1011 910  4                                              .03110-4 3 1-4▼-1.241.20 -.13     119.4 1.46 4.3310.09 0 1 4 3.57 6.9014.03 9
20251109일10180011외451 9 54 1 3강 3311맑음건조 3 9 2핵다이아        CARAVAGGSCORPIO   971.00미암 3 0 0 2 1   24      33000혼4이신우김아라   2 11111 311 3 0 010  0조상범50452.056평무하 5  1  1 1 3.022.0 4.71268 61656 818 9 6101715132018      →↘입13.840.641.112.6201340.942.6120.5118.9 10 10  020   14.90   14.60 3 -9  0HH동       1812  .2 7.8 8.0323212 0가는대로거리탄력73기 1 1111111 1 1 1④2:00.51     .215.542.315.0 -5  1 -.70 4 9  0  .34678909578101111111 3 1.04 7.05 2.9 4.0  2.9    9.3   15.5   23.9  .016 2-4 1 1-4▼-1.940.30  .1037.15119.2  .50 1.62 4.66 0 1 4 1.30 2.48 5.91 9
20251019일 9180011외411 6 64 2혼전 4452맑음포화16 9 2핵다이아        CARAVAGGSCORPIO   971.00미암 3 0 0 2 1   47      33000혼4이신우김아라   2 21010 211 2 0 0 8  0조상범50352.056평무상21 11 11 8 4.029.0 5.91268 61656 818 9 6101715132018      →↘입13.840.641.012.6202040.842.8122.1123.5 11 11  011   13.80   13.90 2  7  0BHUP       1812  .6 7.0 7.6363612 4걸음불변단기승부43기 110 8 8 9101010⑩2:02.12    3.714.941.914.6  1 -8  .3010 9  0 4.198759095 8 911 9110 2 2.05 9.02 2.0 6.6  5.9   26.3   42.9   18.7  .015 9-2 1 1-2▽-1.640.90  .1041.88119.2  .47 1.38 5.85 0 2 5 1.37 2.60 7.8711
20251003금 9140011외452 4104 2혼전 4441흐림다습11 9 2핵다이아        CARAVAGGSCORPIO   9     미암 3 0 0 1 1   14      33000혼4이신우김아라   2 3 9 9 111 1 0 0 0  0조상범51152.056하입하91 64 6411 9.029.0 5.11268 61656 818 9 6101715132018      →↘입14.037.639.312.6 85936.939.7 88.1 89.1 13  0  013   14.50   12.3022 -2  0HHDN       1812 1.4 6.2 7.6393912-4걸음불변부진저하47기 2 3 8     8 9 7⑤1:28.12½   .913.839.213.9 -4 28  .60 5 9  0 1.3564461565411 6 6103 1 5.03 1.02 3.3 6.1  8.1   15.2   39.3   18.6  .01414-2 2 2-2  -1.638.40  .2312.2089.21  .40 1.13 5.10 1 4 8 1.80 5.2413.08 8
20250426토 8180011외411 9 64 3혼전 4453맑음양호 8 9 2핵다이아        CARAVAGGSCORPIO   971.00미암 3 0 0 9 3  449      41250혼4이신우김아라   2 4 8 8 111 1 0 0 7  0김정준48352.063평입상42 24 24 9 5.031.0 8.61671 81120 518 936331715152124      ↗↘자14.040.840.512.6125141.040.8121.3120.2 14  0  014   14.70   14.40 4  3  0NHUP       1812 2.0 4.8 6.8444412 2걸음불변거리늘어 1기 0 5101010111111⑪2:01.3½   2.015.341.914.4  2 -7-1.7011 9  2 2.2797863772810 7 6110 3 1.10 8.09 1.9 6.4  1.9   60.9   69.3  236.8  .01421-2 2 1-2  -1.240.30  .1338.88119.0 1.17 3.54 8.63 0 4 8 1.25 4.76 8.5711
20250330일 8160010외452 9104 5 1강 1138맑음건조 3 9 2핵다이아        CARAVAGGSCORPIO         미암 3 0 0 9 2  231      41250혼4이신우김아라   2 5 7 7 111 1 0 0 6  0임다빈49052.073평무보20 15 151710.043.027.822401614201018 916 01715152324      ↗↘추14.037.139.512.6217237.139.0105.2102.9 17  0  033   14.80   13.70 4 -9  0HHUP       1712 2.6 3.8 6.4434312 4교체실패기수영향 1기 0 2 8   8 6 6 6⑥1:45.22    1.214.740.214.4 -1-10-1.50 6 7  2 1.45184355547 8 2 7 52 110.01 4.05 2.8 5.3 34.5   53.2  143.9  197.6  .01833 0 3 5 0   -.439.50 -.1026.34103.4 8.5417.0727.81 61628 4.1712.8420.97 4
20250302일 7120011외412 4 64 3혼전 4456흐림건조 4 9 2핵다이아        CARAVAGGSCORPIO         미암 3 0 0 1 2  316      33000혼4이신우김아라   2 6 6 6 411 1 0 0 5  0김정준50052.071평무하37 30 3033 5.039.013.817431414201018 936331715152124      ↘→자14.037.838.112.6149637.938.6 76.8 76.7 20  0  040   14.60   13.70 5  2  0NHDN       1712 1.4 4.0 5.4545412-5교체실패거리난점 1기 111 9     8 8 9⑧1:16.83    1.714.838.713.7  3-10 -.30 8 5  0 2.06781426329 9 4 6 70 2 2.04 2.06 2.0 5.9  6.0   20.4   45.7  212.6  .01835-1 2 3-1   -.838.00  .49  .7576.00 2.81 7.0913.82 41118 1.96 6.9011.11 9
20250126일 6170011외411 1 64 4 3강 3311맑음건조 3 9 2핵다이아        CARAVAGGSCORPIO         미암 3 0 0 9 3  404      33000혼4이신우김아라   2 7 5 5 211 1 0 0 4  0문세영51052.093평입보23 37 375622.054.018.93847181120 518 926111715283616      ↗→입14.040.140.812.6327940.141.0111.8114.0 25  0  050   14.70   14.30 4  5  0BH동       1712 1.0 3.8 4.8616112 0주행평범거리속성 1기 3 9 7 71010 9 8⑧1:51.84    1.814.640.013.7  3  2 1.20 8 5  0 2.17061546025 9 6 6 90 3 3.01 1.02 1.7 4.8  9.4    8.1   31.2   25.111.21766 0 4 5 0    .241.10  .1833.13113.7 4.3510.6318.93 1 4 7 4.26 9.3216.24 9
20241228토11170011외423 6 74 5혼전 4413맑음건조 4 9 2핵다이아        CARAVAGGSCORPIO         미암 2 0 0 9 3  499      41250혼4이신우김아라   2 8 4 4 111 1 0 0 3  0김정준50852.063평입하42 43 4348 9.046.019.31671 81120 518 936331715152124      ↗↘자14.040.240.612.6219240.041.1113.9114.0 33  0  067   14.30   13.30 4  3 -1HHUP       1712 1.3 3.3 4.7585812 5주행평범거리속성 1기 1 4 9 9 9 9 6 6⑤1:53.9목    .414.741.714.3  0 -1 -.60 5 5  3 1.4705856606211 2 5 90 1 1.0610.06 2.3 4.7  2.3   12.4   18.6   16.0  .01855 0 4 4 0   -.341.00  .2333.24113.6 5.7711.0719.29 2 5 9 2.63 6.2516.11 9
20241201일 81200 9외452 3 54 6혼전 4441맑음포화16 9 2핵다이아        CARAVAGGSCORPIO         미암 2 0 0 1 3  578      41250혼4이신우김아라   2 9 3 3 311 2 0 0 2  0문세영50952.593우입보77 61 617728.061.030.63847181120 518 926111715283616      ↗→입14.037.838.112.6 99837.538.3 75.1 76.1 50  0  0**   14.00   13.20 5 -8 -1HH동       1212 -.5 4.0 3.5626212 0승부최상기수영향 1트 1 1 7     8 7 8⑦1:15.13    1.114.337.713.3  5 -2  .70 7 2  0 1.65164303945 9 3 6 60 2 1.06 4.03 2.0 3.8  2.0    7.4   10.2   14.8  .03362 0 5 6 0    .637.80  .00  .2376.00 8.7419.0130.63 71627 9.0916.0525.09 8
20241026토 2120011외420 1 74 8혼전 4435맑음다습14 9 2핵다이아        CARAVAGGSCORPIO         미암 2 0 0 9 4  703      41250혼4이신우김아라   210 2 2 211 1 0 0 1  0문세영51153.093강추보71 82 828642.061.038.83851 01420 718 926111715283616      ↘↗입14.638.138.112.6 49937.537.7 74.3 75.6100  0  0**   14.60   12.90 4  4  0BH동       1212-3.0 6.0 3.0868612 0기수신마승부최상 1   0 9 7     3 4 3④1:14.31¼  1.414.037.513.2  2  2  .90 4 2 -4 1.432651320401210 1 32 1 5.03 8.11 2.2 2.9 11.8   32.7  106.4   98.1  .04494 0 7 5 0△  .837.30 -.40 -.5976.1712.6926.2438.84132843 5.8818.4315.96 2
20240928토 3120012외451 2104 5혼전 4435맑음건조 5 9 2핵다이아        CARAVAGGSCORPIO         미암 2 0 0 9 4  789      41250혼4이신우김아라   211 1 1 111 1 0 0 0  0이동하50953.090평무보   35 3540  .036.012.02435131420 718 9 0 01715242619      ↘→선    36.738.5        37.937.5 75.0 75.8              13.80   13.60 4  0  0LN동       12 0                 0 0걸음불변기수신마 1기 1 512    1110 6③1:15.0¾    .014.637.612.9 -3-18  .50 3 6  0 2.33783 92875101011123 1 2.03 4.07 4.4 8.0  4.6   12.2   24.0   30.7  .02335 1 4 5 1   -.938.80  .94  .5675.61 2.24 5.7411.99 0 3 4 8.4916.6727.04 5
20251122토 9180011국4 0 6  8 5 3강 3358           9 3스터닝머니      경부대로더파워오 9136.00한거 41144   1    017:00 33000혼4김동균박준배   2 016 5 618 1 2 618 44루이스   57.582우추하50 60 604261.044.023.614 0 01937111835 0 017 6133813 04357→→입13.739.540.712.37320                   47 41  635   14.30   14.60 7 -6  0HL동55.24941814 -.8 3.0 2.2767614 0주행평범승군시기63기 0 3                            14.3    14.6                                 4 5 1 4  1                                              .02747-2 6 5-2   -.440.70  .11     118.6 6.5713.7923.57 8152614.2931.0342.09 3
20251003금 8180011국441 9 98 2혼전 4431흐림다습11 9 3스터닝머니      경부대로더파워오 9136.00한거 41147 1 1  125      33000국4김동균박준배   2 115 4 518 2 2 617 47김동수50757.573우추보54 58 583740.041.018.71420 61937111835175017 6 92027 04357→→추13.740.140.712.3582339.541.6119.9119.8 47 41  635   14.70   13.50 6  6  1LL동55.24941814 -.6 3.2 2.6646414 0걸음불변거리속성26관 0 9 6 5 5 6 5 5⑥1:59.9¾   1.114.341.814.6  4  5 -.19 6 2 -1 3.97026776350 6 6 3 82 9 1.03 3.05 3.3 7.5  3.3    7.9   13.9   10.5  .01417-4 5 2-4▽ -.940.90  .0439.00118.9 4.1210.0918.71 4111811.1122.3733.73 4
20250824일 81800 9국412 4 18 5 1강 1131맑음건조 4 9 3스터닝머니      경부대로더파워오 9136.00한거 41243 2 1  109      33000국4김동균박준배   2 214 3 418 1 2 516 43김동수50256.573우추하49 37 373838.051.034.81420 61937111835175017 6 92027 04357→→추13.740.140.712.3582340.040.2117.2118.2 44 56  650   14.00   14.10 5 -4 -1HN동55.24941814 -.6 3.2 2.6646414 0주행평범거리속성44기 1 3 6 6 6 3 3 2②1:57.210    .014.739.313.5 -1  5 1.10 2 3  1 1.72943463979 5 4 4 42 8 1.03 7.03 1.5 2.8  1.5    3.6    4.6    3.7  .01855 0 5 4 0    .240.80 -.3137.43118.910.4822.6234.77 82033 4.9515.6430.22 5
20250720일 71800 9국431 8 38 5혼전 4432맑음포화17 9 3스터닝머니      경부대로더파워오 9136.00한거 41346 2 1   71      33000국4김동균박준배   2 313 2 318 1 2 515 46김용근49757.582우추보87 79 798474.062.050.1214911193711183520 017 6292517 04357↗↘선13.740.340.312.3404739.341.4117.6118.9 47 73  040   15.00   13.40 4  3  2NBUP55.24941814 -.8 3.6 2.8676718 1뒷심문제작전마주60기 1 7 4 3 3 4 3 5④1:57.62½  1.414.041.314.1  2 -1  .60 4 2  0 1.65116765338 6 2 1 22 1 4.01 1.05 1.8 2.7 10.9    9.2   32.0   62.8  .02982 0 8 7 0    .740.60 -.5938.33118.817.9534.8150.1218365119.7739.7757.09 1
20250622일 61700 8국442 4 48 6 3강 3338맑음다습13 9 3스터닝머니      경부대로더파워오 7433.00한거 41442 2 1   66      33000국4김동균박준배   2 412 1 218 7 2 414 42김동수49856.074우추상77 77 778672.057.058.71420 61937111835175017 6 92027 05050→→추13.739.640.712.3586440.140.1111.8112.6 50 64  036   14.50   14.60 5 -6  4HNDN55.14931814-1.6 4.4 2.8676714-1선전만회거리속성77기 0 4 7 7 6 5 5 3②1:51.8¾    .015.039.313.4  0  0 1.00 2 2 -3  .12763273277 7 2 1 13 7 4.02 7.04 2.1 3.4  6.0    8.9   20.1   97.510.92174 0 7 6 0    .541.40 -.4232.32113.322.4141.8558.6621425835.2953.9160.91 1
20250518일 6180010국553 9108 9혼전 4421맑음다습11 9 3스터닝머니      경부대로더파워오 9136.00한거 4 738 2 1   86      33000국5김동균박준배   2 511 7 218 6 1 413 38김동수49852.573우추상85 78 788969.073.053.41420 61937111835175017 6 92027 04060→→추13.740.540.012.3256439.741.1118.1118.4 46 62  046   14.30   13.40 5  8 -5VU동55.64921814-1.6 4.6 3.0676718 0뒷심문제부중유리41관 010 3 3 3 4 3 1①1:58.1목    .014.541.814.6 -4 10 -.10 1 5  2  .03428725682 7 3 5 22 6 5.0210.06 2.5 6.3  8.7   23.8   56.8   46.410.63889 3 8 9 3☆ 1.740.40 -.6337.88118.725.0842.5253.4018395615.7426.5535.59 5
20250412토 41800 9국541 6 48 4 3강 3338흐림양호 7 9 3스터닝머니      경부대로더파워오 9136.00한거 4 833 2 2  203      24750국5김동균박준배   2 610 6 118 5 1 312 33김동수48857.066우추보46 24 245326.045.027.91660 71344 41835175017 6 92027 02575→→추13.740.739.912.3127239.840.0118.2117.7 42 58  050   15.90   13.30 5 -9  0HLUP55.34931814-1.2 4.8 3.6626214 1주행평범거리속성 1기 0 2 2 3 4 5 4 3②1:58.23     .014.340.213.4 -1 -6 -.20 2 3 -1  .61730422584 7 1 4 52 5 1.03 5.02 1.8 3.8  1.8    4.1    7.1    9.0  .01732-2 5 4-2   -.440.10 -.1037.12118.8 7.7815.7827.85 81526 5.3316.5523.39 4
20250308토 4170011국551 3108 4 3강 3332맑음다습11 9 3스터닝머니      경부대로더파워오 7433.00한거 4 936 2 2  308      24750국5김동균박준배   2 7 9 5 118 4 1 311 36김동수49457.066우추하71 84 848355.056.032.31660 71344 41835175017 6 92027 02575→→추13.740.240.212.3229440.940.4111.2113.2 45 64  055   14.80   13.50 6  2  0VLUP55.34931714-1.2 4.2 3.0777714 3마방선전거리속성 1기 0111111111111 8④1:51.24    1.915.939.213.3  0  5 1.40 4 4  0 1.9478937662310 2 1 43 4 1.02 3.02 2.5 6.4  2.5    6.4   10.7   22.0  .02557-1 6 6-1    .340.80  .1532.80113.4 9.7422.6132.3410233617.3933.5641.63 2
20250125토 7140011국511 6 68 7혼전 4451맑음건조 3 9 3스터닝머니      경부대로더파워오 7433.00한거 41040 9 3  414      24750국5김동균박준배   2 8 8 4 518 3 1 310 40김동수48957.065우추상84 89 897765.066.037.51325172350161835175017 6 92027 02575→→추13.737.538.512.3139437.538.7 89.5 88.2 50 60  060   14.60   13.30 5  5  1BL동55.34931413-1.2 3.8 2.6797914 0승부최상마방선전 1기 3 9 8     9 8 7⑤1:29.5머리  .914.838.813.5  1 -4-1.10 5 4 -2 2.5237527425311 1 3 43 3 1.09 2.08 1.6 4.3  1.6   25.8   36.1   77.810.53383 1 8 7 1   1.338.30 -.0912.1888.5913.8825.3837.51 8203310.4221.8829.01 3
20241222일 4140011국550 9 58 9혼전 4451맑음양호 7 9 3스터닝머니      경부대로더파워오 7433.00한거 31133 2 3  517      24750국5김동균박준배   2 9 7 3 418 2 1 2 9 33김동수49356.065우추상93 91 918265.067.031.51325172350161835175017 6 92027 03367→→추13.737.538.512.3139437.238.7 89.9 88.3 44 56  067   14.70   13.20 5 -1  2VN동55.04931413  .0 3.0 3.0747414 0승부최상승부최상 1관 0 410    1010 7②1:29.91¼   .014.639.313.3 -4  7-1.30 2 6  0  .2296225308410 2 2 53 2 1.06 7.04 1.9 4.6  1.9    9.0   12.1   16.710.54491 2 8 8 2▲ 1.038.30  .1012.3388.59 8.9620.0731.47 71627 8.2617.2131.67 7
20241116토 4140011국551 6108 9 3강 3341맑음건조 3 9 3스터닝머니      경부대로더파워오 7433.00한거 3 1   2 4  637      24750국5김동균박준배   210 6 2 318 1 1 1 0  0김동수48654.065우입하94 88 8884  .071.050.81675 91740121835175017 6 92027 05050→→추13.737.438.512.3219438.137.2 88.9 88.0 38 50  063   13.70   13.1027  2 -1NU동55.54971413  .6 2.4 3.0747414 0전개최상승부최상 1관 1 511    11 9 7②1:28.91¾   .014.737.913.2 -4 -1-1.00 2 6  2  .31992 11282 8 2 3 33 1 2.06 2.05 2.4 6.1  4.6   26.9   56.1   81.4  .04896 4 8 8 4★ 1.538.30 -.3712.1388.5220.6237.1450.76153247 7.3214.4040.05 6
20240505일 51400 8국540 2 48 9 2강 2241비  다습11 9 3스터닝머니      경부대로더파워오 7433.00한거 31428 1 6 1171      24750국5김동균박준배   211 5 1 218 7 1 1 7 28조한별48754.565우추보97 99 999393.073.072.31633131633 81835163617 6121918 05050↘→입14.037.538.512.3169437.238.0 87.4 88.0 43 43  057   14.10   12.70 5 -1 -2VU동55.54971413 -.2 3.2 3.0737314 0부중민감전개최상 1기 1 3 4     5 5 6⑤1:27.4¾    .613.738.013.1  1 -9  .40 5 4  3 1.31961 91060 6 1 1 12 7 1.05 4.05 1.6 3.6  1.6   13.3   17.0   16.3  .04494 3 9 9 3☆ 1.738.20 -.9812.0488.5930.2854.7372.2839587224.6846.4064.94 2
20240331일 2140011국641 9 48 8 1강 1145맑음다습13 9 3스터닝머니      경부대로더파워오 7433.00한거 3 016 9 7 1284      16500국6김동균박준배   212 4 7 118 6 0 1 6 16조한별49656.059평입보82 81 817780.067.076.31425152782131835163617 6121918 099 0↗↘입14.037.538.512.3198937.437.0 89.5 87.5 33 33  050   14.40   13.00 5 -6  0VVUP55.04971413 -.4 4.2 3.8676713 1부중민감부중민감 1기 1 4 4     6 5 2①1:29.53    -.614.138.012.7  0 -1-2.00 1 1 -1  .0 772 1 198 6 1 1 13 6 1.02 4.01 2.2 3.9  2.2    3.9    6.9    8.5  .03778 3 8 7 3▲ 1.238.10-1.0911.5088.5936.1960.6476.3132526430.5657.5364.71 1
20240225일 2130010국612 9 18 7 3강 3321흐림불량20 9 3스터닝머니      경부대로더파워오 7433.00한거 3 020 9 7 1394      16500국6김동균박준배   213 3 6 418 5 0 1 5 20조한별49756.059평입하91 91 918469.066.050.71425152782131835163617 6121918 099 0↗↘입14.037.838.612.3309138.237.7 83.4 82.0 20 20  040   14.10   13.30 5  3  0VV동55.04971313-1.2 6.0 4.8606013 0주행평범부중민감 1기 010 7     7 7 3③1:23.43     .614.438.013.0  1 -2-1.10 3 2  0  .61277 72076 8 1 3 33 5 1.0912.07 1.3 2.3  1.3   41.1   54.6   26.210.93371 2 8 9 2▲ 1.039.00 -.33 5.5782.9019.1136.8750.6715324714.1729.1340.51 3
20240120토 3130011국632 8 88 8 3강 3311맑음포화16 9 3스터닝머니      경부대로더파워오 7433.00한거 3 025 2 8 1492      16500국6김동균박준배   214 2 5 318 4 0 1 4 25조한별49956.073기입상99 99 998081.068.049.7 7 0 51763101835163617 6121918 099 0↘↗입14.037.838.612.3269237.739.3 82.8 82.7 25 25  050   14.10   13.00 6  6  1NV동55.04971312-2.0 7.0 5.0595913 0부중효과탄력호전 1기 1 7 8     8 5 5④1:22.81¼   .714.139.013.3  2  2  .30 4 2 -1  .9355556586310 2 2 10 4 1.03 1.06 2.1 4.1  2.1    4.1    6.9   18.510.93372 1 8 7 1▲ 1.239.20 -.30 6.3182.9020.9037.2149.7314284216.5229.6338.63 3
20231210일 2130011국631 8 88 7 2강 2241맑음건조 5 9 3스터닝머니      경부대로더파워오 7433.00한거 2 0 0 2 9 1615      13750국6김동균박준배   215 1 4 218 3 0 0 3  0조한별49755.066평입상73 79 798685.070.079.42333151856 71835163617 6121918      ↗↘입14.038.138.612.3119237.538.2 82.6 81.7  0  0  033   14.40   12.50 7-10  0HH동       1312-2.3 8.3 6.0515113 0부중효과부중효과 1기 0 1 4     3 3 3②1:22.62½   .014.138.213.0 -1 -8 -.60 2 3 -5  .5 743171392 9 1 2 12 3 1.03 8.01 1.8 3.6  1.8    3.6    5.1   10.9  .03382 2 8 8 2△ 1.438.70-1.29 4.9783.1035.8563.8079.4239587228.5748.8455.49 2
20251122토 9180011외4 0 6  4 5 3강 3358           9 4축배를들어라    SIDESTEPREADY FO        호거 4 9 9   1    017:00 33000혼4송문길(주)나스 0 01313 312 3 1 011  9임기원   55.078평입보50 49 495248.068.059.3244413273917273245502723253216 099 0→↘선14.039.540.612.45818                   10 30 1020   14.50   13.70 5 -7 -1VN동52.04921817-1.0 4.8 3.8575717 0마방기습마방기습75기 3 4                            14.5    13.7                                 5 4 5 2  3                                            10.92774 1 6 8 1   1.140.60 -.65     118.625.8246.4859.3435536813.1025.2935.61 4
20251019일 9180011외411 6 64 5혼전 4452맑음포화16 9 4축배를들어라    SIDESTEPREADY FO        호거 41010 2 1   91      33000혼4송문길(주)나스 0 11212 212 2 1 010 10임기원49356.078평입보87 85 856567.067.050.5244413273917273245502723253216 099 0→↘선14.040.440.212.4373939.541.5119.5120.9 11 33 1122   14.50   13.40 6  8  4VBUP52.04921817-1.2 5.0 3.8595917 1뒷심문제마방기습62기 011 5 4 5 5 5 5④1:59.55    1.114.540.613.7  0  1  .30 4 4  1 1.58725755949 6 4 1 32 2 2.05 9.02 2.0 6.6  5.9   26.3   42.9   18.7  .02976 0 9 9 0   1.140.80 -.5940.29118.820.5638.4650.4514284221.9232.4748.31 3
20250907일 9170011외450 6104 7 1강 1119맑음다습14 9 4축배를들어라    SIDESTEPREADY FO        호거 4 0 0 1 1   87      33000혼4송문길(주)나스 0 21111 312 1 0 0 9  0임기원49252.079평추보49 36 3658  .066.067.6244413273917273245502723253216      →↘선14.040.140.812.4334739.640.3111.1111.8  0 25 1325   14.00   12.7012 -2  0HH동       1812 -.2 5.2 5.0434317 0마방연대마방기습31기 0 3 4 4 5 5 3 1①1:51.14    -.614.539.413.4 -2 17  .80 1 3     .0 73629199611 2 4 12 1 3.09 3.02 2.4 5.2  7.0  126.9  221.5  643.6  .02870 0 6 8 0   1.340.70 -.9530.89113.735.3955.4667.5739607316.6729.7549.77 3
20250614토 7170010외442 1 94 6혼전 4412맑음건조 3 9 4축배를들어라    SIDESTEPREADY FO        호거 4 0 0 2 2  222      33000혼4송문길(주)나스 0 31010 212 1 0 0 9  0이동하47752.085평추보49 37 375322.059.027.82253 9294323273227442723242619      ↗→선14.040.040.912.43747                    0 25 1338   15.30   14.00 5  1  0NH동       1812 -.6 5.6 5.0484817 0마방연대마방연대56기 1 5                    경제    15.3    14.0     2  .57                     10 4 6 70 1 4.02 9.06 2.3 4.0  6.6   14.0   28.7   16.5  .02868 1 5 6 1    .640.90 -.02     113.7 7.5116.9127.80 51222 5.8812.9418.64 7
20250510토 7170010외443 7 94 6 3강 3313흐림불량20 9 4축배를들어라    SIDESTEPREADY FO        호거 4 0 0 2 1  116      33000혼4송문길(주)나스 0 4 9 9 212 1 0 0 8  0유승완47552.078평입상66 51 514553.064.053.91446 6273917273230292723162623      →↗입14.039.841.112.4513540.441.0111.7113.6  0 29 1443   14.60   12.70 5 -3  0HHUP       1812 -.2 5.6 5.4424217 1걸음불변마방연대 1   0 4 9 9 8 8 9 7④1:51.75    1.515.341.714.0  1 -3  .30 4 3 -4 2.16074556937 8 4 3 33 3 1.04 1.07 3.1 4.1  3.1   10.1   16.1    7.010.92374 1 7 8 1    .941.30 -.6232.71113.718.6039.2253.9414284212.0924.8739.80 4
20250405토 81600 9외450 5104 4혼전 4431비  포화17 9 4축배를들어라    SIDESTEPREADY FO        호거 4 0 0 1 2  220      33000혼4송문길(주)나스 0 5 8 8 312 1 0 0 7  0김정준47852.068평입하14 14 141717.052.032.3174314294323273225 02723152124      ↘→자14.037.040.613.1241436.538.1100.7101.9  0 17 1733   14.90   14.80 5  3 -1NHDN       1812 -.8 6.2 5.4424217-2직전탐색보통걸음 1기 2 7 9   9 8 8 6④1:40.73    1.014.637.812.7 -3 -2  .90 4 7  5 1.1185113 955 710 8 53 5 6.0410.02 3.1 7.5  7.1   28.8   62.2   34.8  .03334 0 5 7 0    .140.60 -.6524.31103.910.2920.7332.32 82134 7.5516.9225.79 7
20250301토 8180011외412 8 64 4 1강 1139흐림건조 3 9 4축배를들어라    SIDESTEPREADY FO        호거 4 0 0 1 2  325      33000혼4송문길(주)나스 0 6 7 7 112 2 0 0 6  0유승완48052.584하입상48 24 241136.046.024.92033 7294323273230292723162623      →→입14.040.441.013.1342039.742.3120.6120.3  0 17 1733   15.10   13.40 5 -3  1HNUP       1812 -.8 6.5 5.8383817 1걸음불변거리늘어 1기 1 4 9 8 6 3 4 5⑧2:00.63    1.514.942.814.8  6 -2 -.61 8 2 -5 1.98127898233 7 9 4 50 2 1.08 2.11 1.8 5.2  1.8   17.4   27.2   68.8  .01430-1 6 6-1   -.240.70 -.2638.91119.1 7.1416.8524.92 6162811.9422.9331.52 4
20250126일 6170011외411 1 64 6 3강 3311맑음건조 3 9 4축배를들어라    SIDESTEPREADY FO        호거 4 0 0 9 3  404      33000혼4송문길(주)나스 0 7 6 6 112 1 0 0 5  0유승완48252.083하입상65 35 354139.061.026.72255 9194210273230292723162623      →→입14.039.841.513.1523239.940.7110.9113.1  0 20 2040   14.60   13.40 5 -1  0NHUP       1712-2.0 7.3 5.3444412 1걸음불변탄력호전 1기 0 71111 9 8 7 7⑥1:50.9¾    .915.139.713.4 -1  3 1.20 6 7  2 1.24551454449 610 7 50 1 3.01 1.02 1.7 4.8  9.4    8.1   31.2   25.111.23366 0 5 8 0    .741.20 -.2131.83114.0 6.5815.6826.74 81526 5.6715.0524.74 6
20241222일101600 9외451 9104 3 2강 2239맑음양호 6 9 4축배를들어라    SIDESTEPREADY FO        호거 3 0 0 2 3  511      33000혼4송문길(주)나스 0 8 5 5 212 1 0 0 4  0김정준47952.063하입보20 11 1117 7.045.032.31671 8194210273225 02723152124      ↗↘자14.037.140.913.323 737.438.0104.7102.3  0  0 2525   14.20   13.70 4  5  0LHUP       1612-2.5 8.5 6.0373712 2적임기수보통걸음 1기 0 8 8   8 7 6 5④1:44.71¼   .814.639.013.4 -1 -1-1.90 4 5  1 1.03092132862 7 9 7 50 4 1.02 2.09 2.8 5.4  2.8    5.4    8.9   11.2  .02732 0 4 5 0   -.440.90 -.8324.30104.210.0920.0632.33 71627 1.89 7.3414.67 6
20241124일 9140011외451 2 54 5혼전 4449맑음건조 4 9 4축배를들어라    SIDESTEPREADY FO        호거 3 0 0 2 3  599      33000혼4송문길(주)나스 0 9 4 4 112 1 0 0 3  0이용호48052.076평입보26 14 144423.056.038.1305617194210273218322723191620      →↘선14.037.240.013.3322337.139.9 89.3 89.6  0  0 3333   14.50   13.90 5 -2 -1HHDN       1612-4.010.0 6.0515112-2마방기습적임기수 1기 0 3 5     5 5 6⑦1:29.3코   2.214.239.013.7  3  0  .50 7 4 -1 2.37155676918 610 8 52 1 3.05 9.08 2.8 4.6  4.3   16.4   33.6   14.4  .02756 0 5 6 0    .438.90 -.8312.4289.4111.2224.9938.12 7162713.9528.3035.29 4
20241019토 6160010외450 5 54 4 1강 1139흐림포화16 9 4축배를들어라    SIDESTEPREADY FO        호거 3 0 0 2 4  721      33000혼4송문길(주)나스 010 3 3 112 3 0 0 2  0김정준48052.575하추보10  5  51718.046.029.71222 9284116273225 02723152124      ↗↗자14.037.440.813.3 52335.740.5103.5103.5  0  0  050   14.50   13.80 5 -4 -3NHUP       1612         6.0    12 4마방기습마방기습 1기 1 5 8   8 4 5 5④1:43.51¾   .814.540.313.9 -1 13  .10 4 5 -2 2.268127558521010 9 42 3 1.03 3.06 2.1 3.4  2.1    8.2   11.4    6.0  .02725-1 5 6-1   -.240.80 -.8825.28104.3 7.6619.2729.74 82033 9.4318.3331.98 5
20240914토 3120012외451 4 54 4혼전 4435맑음포화16 9 4축배를들어라    SIDESTEPREADY FO        호거 3 0 0 2 5  810      41250혼4송문길(주)나스 011 2 2 212 2 0 0 1  0김정준46755.582평무상62 52 524933.051.022.32263 9316315273225 02723152124      ↘↗자14.037.938.513.3 59837.939.1 76.1 77.0  0  0  0**   14.00   13.60 7  4  0BH동       1212         6.0    12 0기수신마마방기습 1기 0 912    1110 9⑥1:16.11¾  2.014.539.013.8 -1  3  .90 6 7 -3 2.475835875221212 1 83 2 1.02 7.03 2.5 4.6  2.5    4.6    7.9    8.7  .02453 0 6 6 0    .037.90 -.02  .5976.28 6.3112.8322.31 3 814 6.3617.3914.73 2
20240728일 6120012외430 3 84 7혼전 4435맑음다습12 9 4축배를들어라    SIDESTEPREADY FO        호거 3 0 0 9 5  928      41250혼4송문길(주)나스 012 1 1 112 1 0 0 0  0김정준46455.582평무보   35 3540  .048.022.32263 9316315273225 02723152124      ↘↗자    36.738.5        37.937.8 75.4 75.9              13.80   13.60 4  0  0LL동       12 0                 0 0걸음불변기수신마 1기 2 5 7     7 8 6⑥1:15.44    1.014.037.913.6 -4 -1  .30 610  0 1.54381143649101010 80 1 2.05 6.04 2.9 4.4  3.0   15.0   23.6   16.3  .03454 3 5 7 3    .038.80  .65  .7375.61 6.2512.7622.29 1 512 8.8217.6526.72 5
20251122토 9180011국4 0 6  7 3 3강 3358           9 5안양천둥        컬러즈플매덤위네 5946.00한암 4 821   1    017:00 33000혼4홍대유(주)에이 2 016 3 623 4 2 323 21김옥성   52.563평추보50 40 4021 6.033.011.1 8 0 71837 71521 7111914151517 01388↘↗추14.341.340.512.1 720                   23 27  027   16.00   13.60 4  4  0NH동53.34771817 -.2 5.2 5.0383813 0걸음불변거리속성40기 0 5                            16.0    13.6                                11 310 9  8                                              .01416-1 2 1-1  -1.140.50 -.07     119.2 1.69 5.3811.12 1 4 7 1.19 5.7510.7910
20251026일 31800 9국412 7 17 4 2강 2221흐림건조 5 9 5안양천둥        컬러즈플매덤위네 5946.00한암 4 922 9 1   75      33000국4홍대유(주)에이 2 115 2 523 3 2 322 22김옥성48452.563평추보16  5  523 3.030.0 9.0 8 0 71837 71521 7111914151517 01388↘↗추14.341.040.312.1 82841.340.9119.2119.9 24 29  029   15.20   13.70 5 -5 -3UH동53.34771817-1.0 5.2 4.2484813 0걸음불변거리속성57기 0 1 9 9 9 9 9 7⑥1:59.22    1.616.040.113.6 -1 -7  .20 6 7  2 2.77286628235 9 4 9 93 7 4.01 6.09 1.5 2.4  7.3    5.2   14.8    3.6  .01414-2 1 1-2  -1.240.10  .1338.57119.0 1.16 3.57 8.99 1 3 8  .68 1.59 4.37 9
20250921일10180010국441 7 97 1 1강 1111맑음다습13 9 5안양천둥        컬러즈플매덤위네 5946.00한암 4 923 2 1   67      33000국4홍대유(주)에이 2 214 1 423 2 2 321 23김옥성49155.063평추하15  2  2 9 4.025.0 5.1 8 0 71837 71521 7111914151517 01388↘↗추14.341.040.512.1112041.740.4119.0119.5 25 25  030   15.40   14.60 7  5  2NBUP53.34771817-1.2 5.2 4.0545413 4걸음불변거리속성 5기 0 6101010 9 7 7⑥1:59.0½   2.215.240.313.7  1 13  .40 6 5  1 2.6659351832310 3 8100 6 2.01 8.10 2.5 4.5  3.8    4.5   10.3   27.2  .014 7-3 1 1-3▽-1.740.00  .1638.02119.1  .72 2.52 5.12 0 2 6  .75 1.62 6.18 9
20250802토 61400 9국532 4 87 5 3강 3331맑음건조 3 9 5안양천둥        컬러즈플매덤위네 5433.00한암 41025 1 1  122      33000국5홍대유(주)에이 2 313 3 323 1 2 320 25김옥성47853.064평추보55 51 513731.053.024.1 8 0 71837 71521 7111914151517 01388↘↗추14.337.838.912.1 74338.940.4 91.6 91.4 26 32  032   15.70   13.80 5 -4  1UNDN53.34771817 -.8 5.6 4.8585812-3적정체중보통걸음82기 2 1 9     9 9 8⑦1:31.65    4.415.440.114.6  3  0 -.40 7 4 -2 4.494997996 4 9 3 5 60 5 1.02 5.06 2.4 3.5  2.4    3.5    6.1   10.7  .02858 0 5 5 0    .238.70 -.1514.7289.07 5.7313.8424.06 31020 8.1620.2030.49 4
20250628토 6170011국433 7 87 5혼전 4411흐림다습11 9 5안양천둥        컬러즈플매덤위네 5433.00한암 41026 9 1   98      33000국4홍대유(주)에이 2 412 2 923 1 2 319 26박태종47852.575평추보64 55 554523.044.016.311 0 81837 7152111 01914202320 01486↘↗선14.340.440.612.1165140.341.4112.2112.6 33 39  033   15.40   13.50 7  0 -1NHDN53.44771817 -.8 6.2 5.4535312-1걸음불변기수승부54기 1 511111110 9 7③1:52.21¼   .315.740.913.8 -3  0  .50 3 6  2  .6296964746911 2 5 83 2 2.05 7.08 2.3 4.9  3.5   12.0   23.4   55.0  .02359 0 4 3 0   -.340.60  .2031.64113.8 3.80 8.7416.26 1 512 5.4514.0820.00 6
20250511일 61800 9국432 9 87 6 3강 3331맑음포화19 9 5안양천둥        컬러즈플매덤위네 5946.00한암 41127 2 1  127      33000국4홍대유(주)에이 2 511 1 323 2 2 318 27김옥성47853.063기추적73 62 624256.047.027.1 8 0 71837 71521 7111914151517 01486↘↗추14.341.040.412.1 82841.140.0117.9118.4 35 35  029   15.80   13.20 4  1  1NN동53.44771817 -.2 6.4 6.2494913 0뒷심문제탄력호전 1   0 5 8 8 8 8 7 5③1:57.94     .715.440.213.5 -1  1  .00 3 4 -3 1.03778456459 9 3 3 53 4 1.02 8.06 2.2 3.5  2.2    3.5    5.3   10.4  .03339 0 6 5 0   -.239.90 -.3137.02119.1 6.7917.2027.05 8213412.9926.2541.22 5
20250412토 61800 8국513 9 67 3혼전 4439비  양호 7 9 5안양천둥        컬러즈플매덤위네 5946.00한암 41123 2 2  201      33000혼4홍대유(주)에이 2 610 6 223 1 2 217 23김옥성47752.057기추보27 10 102111.039.016.113 0121670 71521 7111914151517 01783→↘추14.341.140.612.1 72041.239.6117.6116.7 31 31  031   15.20   13.90 4  1  0HU동53.64771817 1.6 6.2 7.8343413 0걸음불변최근최상 1기 1 4 8 8 8 8 7 3②1:57.65     .015.840.113.2 -5  9 -.70 2 7  2  .8 480315490 9 6 8 83 3 6.07 7.04 1.6 3.7 16.1   88.9  229.6   41.7  .01528-1 2 2-1   -.739.60 -.1534.99119.2 3.19 7.9316.14 2 511 3.45 9.0920.09 8
20250316일 9180010국510 8 17 2 1강 1152맑음양호 6 9 5안양천둥        컬러즈플매덤위네 5946.00한암 41225 2 2  272      33000혼4홍대유(주)에이 2 7 9 5 123 1 2 216 25조재로46852.081기추적 9  1  114 7.036.018.11338 51670 71521 0 01914192422 01783→↗추14.341.040.512.1 72541.040.2119.6118.8 33 33  033   16.00   13.50 8 -7  0HUUP53.64771817  .8 6.2 7.0434313 1탄력늘어거리늘어 1기 0 3 9 9 9 9 8 6⑤1:59.61¼  1.115.240.713.9  0 -5 -.80 5 5 -1 3.0487750674911 5 9 63 1 1.02 1.06 1.3 2.4  1.3    2.4    2.9   15.3  .01831-2 2 1-2   -.939.90 -.1337.33119.1 3.24 8.7318.08 3 815 1.49 6.1112.92 6
20250119일 9170011국440 1 97 2혼전 4421맑음건조 3 9 5안양천둥        컬러즈플매덤위네 5433.00한암 41326 2 3  423      33000국4홍대유(주)에이 2 8 8 4 823 1 2 215 26김옥성47352.056기추적36 36 3624 6.033.0 7.6 2 0 01236 71521 7111914151517 01783↘→추14.340.440.512.1175941.542.0114.1115.4 36 36  036   15.20   13.20 6  5 -1BU동53.64771717-1.0 6.2 5.2565613 0주행평범기복전력 1기 110111111111111⑪1:54.1머리 2.216.041.113.5  5 -4 1.1011 6 -3 2.3909778951411 4 7100 2 1.03 1.09 2.7 7.9  2.7    9.5   17.4   52.5  .01717-1 1 2-1  -1.141.00  .4334.45113.7  .97 3.34 7.63 0 4 8 1.33 5.8811.1910
20241208일 8170010국451 5107 2혼전 4421맑음다습13 9 5안양천둥        컬러즈플매덤위네 5433.00한암 31428 2 3  556      33000국4홍대유(주)에이 2 9 7 3 723 1 2 214 28조상범47753.058기추적35 24 2436 6.038.018.71250 81236 7152115 01914132018 01783→→입14.340.440.512.1155940.340.6111.9113.2 38 38  038   16.10   13.70 7  4  1NN동53.64771717 -.8 5.6 4.8525213 0주행평범기복전력 1기 0 5 9 9 8 7 8 8⑥1:51.9코    .915.239.613.2 -3  8  .80 6 9  4 1.4467241545011 210 90 1 3.04 7.08 2.7 5.7  5.4   14.7   29.8   12.4  .01729-1 1 2-1   -.940.60  .1832.27113.7 4.4110.2718.72 2 5 9 1.61 6.8512.7710
20241019토10170011국412 4 67 3 3강 3329흐림포화16 9 5안양천둥        컬러즈플매덤위네 5433.00한암 31530 2 4  717      33000국4홍대유(주)에이 210 6 2 623 1 2 213 30김옥성46952.556기추적31 18 1848 6.037.013.4 3 0 42470181521 7111914151517 01783↗↘추14.340.440.412.1176441.541.1111.5113.7 42 42  042   15.60   14.50 7 -1  0UH동53.64771717-1.6 6.0 4.4494913 0탄력늘어기복전력 1관 1 1111111 9 9 8⑦1:51.5코   1.416.140.013.7  2  5 1.90 7 5 -1 1.9619756883211 110 90 1 1.09 7.09 1.8 4.7  1.8   31.6   41.6  197.4  .01835 0 1 3 0   -.940.70  .3732.85113.6 2.39 6.2113.42 1 4 7 1.28 6.10 9.38 9
20240831토 7170010국451 3107 4 1강 1131맑음건조 4 9 5안양천둥        컬러즈플매덤위네 5433.00한암 31633 9 5  847      33000국4홍대유(주)에이 211 5 1 52310 2 212 33박을운46452.581기추적86 87 875278.043.023.514 0 9236712152118361914282113 01783↘↗선14.340.240.512.1245941.541.7114.4115.0 45 45  045   15.20   14.00 6 -2 -3HH동53.64771712-1.8 6.0 4.2494913 0선전만회거리속성 1기 0 2101010 91010⑩1:54.44    3.115.641.614.5  4 -7  .5010 6  1 3.787977393 5 9 4 3 5011 2.03 6.01 2.3 6.4  5.5   16.6   32.1   13.6  .01935-1 6 6-1   -.441.10  .1734.34113.6 6.7213.5323.54 6162817.5334.3844.86 1
20240720토 61700 8국551 7 57 8 1강 1131맑음다습11 9 5안양천둥        컬러즈플매덤위네 5433.00한암 3 927 2 5  957      24750국5홍대유(주)에이 212 4 8 423 9 1 211 27박을운47155.081기추적70 67 677789.070.049.614 0 9236712152118361914282113 0 099↘↗선14.340.340.412.1236440.240.4111.4111.8 40 40  050   15.00   12.60 4  3  2HL동53.34781712-2.0 6.4 4.4474713 0선전만회탄력호전 1   0 4 8 8 8 3 4 3①1:51.41½  -.315.240.614.0 -4  4  .10 1 5 -1  .0 864364293 8 1 3 3210 5.02 4.06 2.9 4.8  7.7   12.2   28.4    9.312.03477 2 8 8 2▲ 1.340.50 -.4331.10113.618.8335.2649.5615324721.9036.6546.88 2
20240622토 7170011국551 4107 4 2강 2251비  포화19 9 5안양천둥        컬러즈플매덤위네 5433.00한암 31020 2 6 1033      24750국5홍대유(주)에이 213 3 7 323 8 1 110 20박을운46753.564평추상13  8  849 8.046.026.4268020213810152118361914282113 0 099↗↘선14.340.340.712.1205140.339.4110.3111.8 33 33  044   15.20   13.30 4 -1  0UN동53.34811712 -.6 6.0 5.4353513 0걸음불변거리속성 1기 0 1111110 7 7 5②1:50.31½   .015.038.312.6 -4  1 1.50 2 6  0  .2 97011178211 4 8 53 9 3.06 6.01 2.9 7.2  5.1   27.5   45.9   41.7  .01432-1 3 4-1   -.240.50 -.0330.82113.8 7.3717.1826.43 61526 3.41 6.4912.70 6
20240526일 41700 8국523 5 27 4 1강 1122맑음건조 3 9 5안양천둥        컬러즈플매덤위네 5433.00한암 31122 9 6 1109      24750국5홍대유(주)에이 214 2 6 223 7 1 1 9 22박을운46653.564평추보19  9  94913.048.032.5268020213810152118361914282113 0 099↗↘선14.340.340.812.1234740.739.8115.0114.0 38 38  050   15.30   13.90 4 -3 -1HN동53.34811712  .4 6.0 6.4373713 0걸음불변거리속성 1기 0 2 7 7 7 4 5 6④1:55.0¾   1.615.240.113.3 -2  6 -.60 4 6 -1 2.06983214130 6 2 8 42 8 1.02 1.08 1.6 2.0  1.6    2.0    3.1    3.9  .01635 0 3 5 0    .040.90 -.2332.89113.8 8.0218.0832.47 82033 3.57 8.2816.87 5
20240428일 4170010국540 5 97 4 1강 1131맑음다습10 9 5안양천둥        컬러즈플매덤위네 5433.00한암 31225 9 6 1194      24750국5홍대유(주)에이 215 1 5 123 6 1 1 8 25박을운46054.564기추적12 30 303013.043.016.6268020213810152118361914282113 0 099↗↘선14.340.040.912.1424741.041.0113.1114.0 43 43  057   14.30   14.70 4  4  1NLUP53.34811712  .2 5.4 5.6515113 3걸음불변거리속성 1기 2 5101010 9 9 6⑤1:53.11    2.015.341.013.9 -2 -2  .30 5 7  1 2.56992538120 7 5 7 63 7 4.01 7.01 3.4 6.1  6.0    8.6   19.5    9.2  .01425-1 3 4-1   -.441.20  .2333.10113.7 3.96 8.8216.62 51223 2.52 6.3113.29 6
20251122토 9180011외4 0 6  5 5 3강 3358           9 6별콩            TARZINO ROMEO'S         뉴거 4 0 0   1    017:00 33000혼4서인석이태인   2 01212 611 1 0 011  0김용근   52.582기입적50 52 522952.059.046.82149111938 919 017 018 9292517 05050↗↘선13.940.240.813.04720                   18 18 18 9   14.50   13.50 8  2  0NV동52.04481818-2.2 6.2 4.0606018 0최선삼착최근최상64기 1 6                            14.5    13.5                                 7 7 4 3  1                                            11.22461 0 7 6 0    .640.80 -.64     118.917.2633.7446.7615324715.4834.4844.24 2
20250927토 8180011외440 8 95 7혼전 4451맑음다습11 9 6별콩            TARZINO ROMEO'S         뉴거 4 0 0 9 1  146      33000혼4서인석이태인   2 11111 511 1 0 010  0씨씨웡44752.589기무보53 43 433027.058.032.43053101938 919 025 018 9202422 0 099→↘선13.940.240.913.0561340.239.8118.4118.4 10 20 2010   14.50   13.80 9 -3 -1HV동51.54481818-2.0 7.2 5.2535317 0과중분패탄력호전50기 1 4 3 3 3 3 3 3③1:58.4머리  .014.539.913.5 -3  5 -.10 3 6  3  .13352313087 510 9 52 1 2.0711.05 2.9 8.3  4.9   31.4   43.9   85.4  .03356 0 5 5 0    .640.70 -.3437.32119.0 9.8720.3432.36 61526 6.8616.7524.61 7
20250727일111800 9외452 7 55 3 1강 1139맑음건조 3 9 6별콩            TARZINO ROMEO'S         뉴거 4 0 0 9 1  131      33000혼4서인석이태인   2 21010 411 2 0 0 9  0문정균44253.565평무상37 37 37 916.038.025.71956 91938 919 0 0 018 9131823 0 099→↘추13.940.440.913.0351639.440.0118.0117.8 11 11 1111   14.60   13.60 4 -1  2NN동51.54481814-2.4 8.6 6.2474717 0최선삼착최근최상88기 1 7 4 4 4 4 6 3④1:58.03     .714.540.213.8  1 -6 -.60 4 3 -3  .81720411862 5 7 2 52 2 1.04 6.03 2.8 4.2  2.8   10.6   15.1   11.0  .02414-2 5 2-2  -1.040.40 -.2536.51119.0 5.7714.8725.68 51222 8.4716.2626.42 4
20250628토 8180011외410 9 65 3 1강 1149흐림다습11 9 6별콩            TARZINO ROMEO'S         뉴거 4 0 0 9 1   73      33000혼4안해양이태인   2 3 9 9 311 1 0 0 8  0문정균44851.565하무보 9  1  1 3 2.027.0 6.21956 91357 01518 0 019 7131823      →↘추13.940.541.013.0321640.539.4119.4118.1  0 13 1313   14.80   15.50 6 -3 -1NH동       1814-2.2 9.4 7.2353517 0걸음불변기수승부52관 2 8 6 6 8 7 6 5③1:59.4½    .114.640.613.6 -3  4-1.30 3 6 -1  .22760242978 81111113 110.0211.01 2.0 6.3 44.9  133.8  386.1  380.3  .01412-2 1 1-2▽-1.640.30  .1336.59119.1  .55 1.48 6.22 1 3 5  .12 2.88 7.6910
20250518일 6180010외453 9105 2혼전 4421맑음다습11 9 6별콩            TARZINO ROMEO'S         뉴거 4 0 0 2 1  106      33000혼4안해양이태인   2 4 8 8 211 1 0 0 7  0조인권44452.064하무상56 35 35 5 7.032.0 6.21635101357 0151818 019 7232413      ↗↘선13.940.440.913.0332040.743.2121.5121.8  0 14 1414   14.50   13.70 9  3  0BH동       1814-2.410.0 7.6343418 0주행불만최근최상82관 211 5 7 8 8 9 9⑦2:01.56    3.414.843.915.5  0  1 -.10 7 7 -2 3.49468949610 61010110 3 5.0210.06 2.5 6.3  8.7   23.8   56.8   46.4  .01515-2 2 1-2  -1.240.90  .1940.46119.0  .70 2.35 6.20 0 1 5  .93 3.54 7.6311
20250316일 9180010외410 8 15 4 1강 1152맑음양호 6 9 6별콩            TARZINO ROMEO'S         뉴거 4 0 0 2 2  272      33000혼4안해양이태인   2 5 7 7 111 2 0 0 6  0김철호44352.065하무상40 16 1612 6.037.016.8189911 820 41518 0 019 7152223      ↘→자13.940.440.813.036 640.240.0118.9118.1  0  0 17 0   14.40   14.90 4 -3  0NHUP       1814-1.010.2 9.2222217 1걸음불변탄력호전 1관 2 8 5 5 5 6 5 4③1:58.92½   .414.540.513.7 -6-13 -.80 3 9 -2 2.32748444171 6 9 5 72 2 1.02 1.06 1.3 2.4  1.3    2.4    2.9   15.3  .03313-3 2 3-3   -.840.40 -.0236.93119.0 3.31 8.6516.84 51223 1.49 7.6314.35 5
20250215토 8170011외452 5105 1 3강 3311흐림건조 4 9 6별콩            TARZINO ROMEO'S         뉴거 4 0 0 2 2  369      33000혼4안해양이태인   2 6 6 6 111 1 0 0 5  0김철호45652.064하무상19  8  8 1 3.023.0  .5189911 820 41518 0 019 7152223      ↘→자13.940.342.013.0161038.842.3112.7113.4  0  0  0 0   14.60   13.70 5  4  1NNUP       1714 -.610.0 9.4151514 3가는대로부진마필 1관 011 3 3 3 4 4 6⑨1:52.71    1.014.442.914.9 -2-16 -.60 911  1 2.252 68358491111 7110 1 1.04 8.04 4.713.8  4.7   20.1   41.2  134.311.2 6 1-4 1 1-4▼-2.040.80 -.1231.06114.6  .12  .13  .45 0 1 4 1.04 2.14 4.6411
20250111토 7140011외432 3 85 1 1강 1149맑음건조 5 9 6별콩            TARZINO ROMEO'S         뉴거 4 0 0 2 3  458      33000혼4안해양이태인   2 7 5 5 311 2 0 0 4  0김태희47251.559하무상 5  2  2 2 2.025.0 4.11875111438111518 6 019 7152316      ↘↘입13.937.640.413.0 7 637.639.9 89.8 89.8  0  0  0 0   14.60   13.30 7 -4 -1NH동       1614 -.510.0 9.5111114 0걸음불변부진마필 1관 1 711    11 9 9⑨1:29.81¼  1.714.639.413.7 -1  1  .20 910  0 2.17678667926101110110 2 3.01 6.05 2.7 7.2  4.9    7.2   16.4   20.4  .014 1-4 1 1-4▼-1.938.50 -.4311.8189.96  .30 1.32 4.07 0 2 5  .12 2.17 5.8811
20241124일 9140011외451 2 55 1혼전 4449맑음건조 4 9 6별콩            TARZINO ROMEO'S         뉴거 3 0 0 2 3  599      33000혼4안해양이태인   2 8 4 4 211 1 0 0 3  0김태희47152.059하무보 5  2  2 6 4.029.0 7.11875111438111518 6 019 7152316      ↘↘입13.937.539.913.3 8 337.939.0 89.4 89.7  0  0  0 0   14.30   14.30 8  7 -1NHDN       1613  .010.010.0 9 914-2주전기수보통걸음 1관 011 8    101010⑧1:29.4¾   2.314.638.113.3 -2  0  .50 810  0 2.47488386616 8 911 90 1 3.05 9.08 2.8 4.6  4.3   16.4   33.6   14.4  .021 8-3 1 1-3▽-1.538.60 -.1312.3289.55  .39 2.29 7.12 2 5 9 2.33 3.7711.2311
20240929일 8160010외450 1 55 1 1강 1131맑음건조 4 9 6별콩            TARZINO ROMEO'S         뉴거 3 0 0 9 4  774      33000혼4안해양이태인   2 9 3 3 111 1 0 0 2  0박현우47152.572하무보 5  3  317 9.031.0 9.530 010256312151813 019 7171814      →↘선13.937.440.913.3 3 536.842.0104.5106.2  0  0  0 0   13.90   14.10 9 -6  1HNUP       1613  .510.010.5111114 2가는대로주전기수 1기 1 4 6   6 810 9⑨1:44.59    4.214.340.914.3 -1 12 1.30 910  0 4.697699396 210 910 90 1 7.06 1.09 2.8 3.4 25.4  159.8  400.0  141.2  .024 5-3 3 4-3▽-1.340.90 -.4527.92104.3 1.65 4.27 9.54 1 3 8 1.80 5.5313.91 8
20240727토 6140011외451 1105 2혼전 4451맑음불량20 9 6별콩            TARZINO ROMEO'S         뉴거 3 0 0 9 5  937      33000혼4안해양이태인   210 2 2 111 2 0 0 1  0조인권45952.081하무보 7 35 35 1 7.024.0  .5336014 4 0 6151818 019 7232413      ↗↘선14.037.840.313.3 1 837.740.4 89.7 90.9  0  0  0 0   14.00   13.60 3  7 -1BHUP       1413  .010.010.0111113 1기수신마거리부담 1관 110 8     9 911⑪1:29.7½   2.813.940.014.1  1 -1 1.201110  0 2.891827788 7111011110 2 5.03 1.04 3.2 7.1  6.1    9.5   22.8   17.6  .020 4-3 2 1-3▽-2.038.50 -.3912.8390.03  .12  .13  .49 0 2 5 1.01 4.00 8.2611
20240706토 6130010외443 3 45 5 2강 2231흐림포화16 9 6별콩            TARZINO ROMEO'S         뉴거 3 0 0 1 5  994      33000혼4박천서이태인   211 1 1 111 1 0 0 0  0조인권46052.581평무보   35 3540  .036.011.5336014389920 910 0 01410232413      ↗↘선    37.539.6        39.139.8 84.1 85.3              14.00   13.70 4  0  0NN동       13 0                 0 0걸음불변기수신마 1관 1 3 9    101010⑩1:24.15    2.814.039.813.6  0 -4  .901010  0 3.293967193 7 1 110 80 1 1.05 1.08 3.1 3.4  3.1   16.3   24.2   11.3  .01835 0 4 5 0  -1.040.10  .31 8.1783.35 1.45 5.1011.54 3 814 6.8714.4041.01 5
20251122토 9180011국4 0 6  8 9 3강 3358           9 7흥행돌풍        크리솔라스윗익스 9421.00한거 32525   1    017:00 33000혼4이준철임한용   0 0 9 1 2 8 9 2 0 8 25문정균   52.565평입보50 53 535876.066.064.41956 94464203132232230251318235050 0→↘추14.137.840.912.85823                   25 25 2513   14.10   13.80 4  5 -2NU동55.54451813-1.4 5.0 3.6656517 0마방기습부중유리56기 1 7                            14.1    13.8                                 1 8 3 1  9                                            12.24082 3 8 9 3☆ 1.240.90 -.35     118.028.8749.9464.3721425825.0035.6350.72 1
20251025토 6180011국550 8 58 9 3강 3341맑음건조 5 9 7흥행돌풍        크리솔라스윗익스 9421.00한거 31414 9 1   83      24750국5이준철임한용   0 1 8 1 1 8 8 1 0 7 14문정균44454.065평입상91 84 846976.062.063.81956 9446420313223223025131823 099 0→↘추14.240.540.412.8394737.841.1118.1118.5 14 29 1414   14.50   13.10 6 -3 -3UUUP57.04451813 -.6 5.8 5.2505017 1전력변화마방기습68기 1 2 1 1 1 1 1 1①1:58.15   -1.014.140.413.8 -2 -1  .30 1 3  0  .036 168 897 9 2 2 21 8 3.01 2.08 2.9 5.0  4.6    5.7   14.4    6.212.23982 3 9 8 3☆  .940.40 -.9937.63118.925.8649.5263.7515324719.6332.4648.62 3
20250914일 21700 8국650 6 58 6 2강 2249맑음다습14 9 7흥행돌풍        크리솔라스윗익스 5426.00한거 3 0 0 2 1   96      16500국6이준철임한용   0 2 7 7 1 8 7 0 0 6  0문정균44557.066하자상71 48 483172.063.084.11956 9446420313223223025131823      →↘추14.240.042.013.5392339.439.2111.4111.3  0  0  0 0   14.20   13.90 6 -4  0NNUP       1713  .2 5.8 6.0353513 4선행무리탄력호전42기 0 5 3 3 3 3 3 1①1:51.46   -1.114.538.713.1 -2 10  .20 1 3 -2  .0 228 8 296 6 7 2 22 7 3.05 5.04 2.9 4.1  4.2   12.6   24.3   37.4  .03345 0 7 8 0    .940.80-1.8929.25114.430.4063.8484.0918395639.1363.2778.95 2
20250803일 3130011국641 8 98 2 3강 3321흐림건조 3 9 7흥행돌풍        크리솔라스윗익스 5426.00한거 3 0 0 1 1   95      16500국6이준철임한용   0 3 6 6 4 8 6 0 0 5  0문정균43557.066하무상19 21 2112 7.036.013.91956 9446420313223223025131823      →↘추14.438.040.013.5162537.039.0 83.6 82.6  0  0  0 0   14.60   14.30 5 -1  0NN동       1313  .8 5.6 6.4262612 0걸음불변거리난점60기 0 9 7     2 2 4④1:23.62     .814.239.813.9 -1-13-1.20 4 5 -2 1.22421401970 910 6 71 6 2.04 8.11 2.7 6.0  3.0    6.4   11.9   26.8  .01410-3 2 4-3▽-1.039.00 -.29 4.5783.93 2.24 6.9413.93 3 817 1.43 5.6711.59 7
20250628토 1130011국620 8 78 2 1강 1138흐림다습11 9 7흥행돌풍        크리솔라스윗익스 5426.00한거 3 0 0 9 1  103      16500국6이준철임한용   0 4 5 5 3 8 5 0 0 0  0문정균44857.066하입상18 19 1914 8.039.017.81956 9446420313223223025131823      →↘추14.438.139.813.5133938.539.0 83.7 83.7  0  0  0 0   14.80   13.7015  1  1LL동       1312 1.3 5.3 6.5232312 0걸음불변거리속성29기 010 8     7 7 6⑥1:23.7½   1.514.639.814.3 -1 -2 -.40 6 7  0 1.7668546724210 4 7 60 5 4.01 9.08 2.0 4.8  8.8   10.2   25.8   38.0  .01413-4 4 3-4▽ -.739.10 -.34 5.7683.87 3.10 8.4417.78 51223 4.41 8.3914.83 7
20250315토 3130011국611 8 18 4 1강 1118맑음양호 7 9 7흥행돌풍        크리솔라스윗익스 5426.00한거 3 0 0 2 2  308      16500국6이준철임한용   0 5 4 4 2 8 4 0 0 3  0문정균45056.061하입하 8 11 1123 6.040.018.11163 3275610313223223025131823      →→추14.438.040.013.5182539.538.9 84.7 83.9  0  0  0 0   14.90   14.50 8  3  0NN동       1312 2.0 4.7 6.7202012 0걸음불변거리속성 1기 1 911    10 9 7⑥1:24.7목   1.615.840.014.3 -1 15-1.00 6 7  0 2.67398438735 8 8 9 73 4 1.02 2.03 1.5 2.8  1.5    2.8    4.6   13.3  .01424-2 3 2-2   -.639.30 -.40 5.9283.93 3.7810.8618.07 3 815 1.37 6.2910.75 8
20250119일 3130011국631 7 88 1 1강 1116맑음건조 3 9 7흥행돌풍        크리솔라스윗익스 5426.00한거 3 0 0 2 3  429      16500국6이준철임한용   0 6 3 3 1 8 3 0 0 2  0문정균43556.062하입보21 15 15 8 5.034.010.61350102256 4313223223025131823      →→추14.437.840.113.5311438.339.7 84.7 84.2  0  0  0 0   14.40   14.40 7 -3  1NNUP       1312 2.0 3.5 5.5181812 1마방기습부진마필 1기 1 611     9 8 9⑨1:24.71¾  1.914.940.214.5  2 -8 -.70 9 7  4 3.9808169823311 9 7 80 3 3.02 2.07 1.9 4.0  5.9   10.8   25.9    7.6  .027 6-4 3 3-4▼-1.039.50 -.14 6.3283.87 1.44 4.8810.62 1 512 1.47 5.33 8.4210
20241130토 3120010국651 7108 4 1강 1139흐림포화18 9 7흥행돌풍        크리솔라스윗익스  440.00한수 2 0 0 9 3  594      16500국6이준철임한용   0 7 2 2 2 8 2 0 0 1  0문정균44355.064하무보13  8  82317.047.034.61350102256 4313223223025131823      →→추14.538.139.313.5 24337.139.9 76.7 76.9  0  0  0 0   14.50   13.80 9  3  0LH동       1212 2.0 4.0 6.0101012 0기수신마마방기습 1기 1 9 9     6 5 5⑤1:16.78    1.914.440.014.4  2  7  .30 5 3 -1 2.0734380753210 5 5 42 2 2.05 6.08 2.9 6.2  3.8   10.4   17.5   12.9  .02433-1 5 5-1   -.437.70 -.95 -.4976.8412.2822.3234.59102336 6.3516.5418.75 6
20240929일 1120012국621 3 28 7혼전 4435맑음건조 4 9 7흥행돌풍        크리솔라스윗익스  440.00한수 2 0 0 9 4  780      24750국6이준철임한용   0 8 1 1 1 8 1 0 0 0  0문정균43655.070평무보   25 2540  .046.019.91538 7233814313223223025131823      ↗→추    36.738.5        38.239.0 77.2 77.2              13.80   13.60 4  0  0LL동       12 0                 0 0걸음불변기수신마 1기 1 6 8     8 7 6⑥1:17.2½   2.914.539.113.8  2 -3  .00 6 4  0 3.28089557816 7 7 9 50 1 3.02 4.09 2.2 2.3  9.2   10.5   27.3   45.112.72836 2 5 6 2   -.339.20  .71 2.0375.61 6.0111.4519.88 41118 9.6818.5631.24 5
20251122토 9180011외4 0 6  4 3 3강 3358           9 8나소챗          HONOR A.WICKED S        미거 3 612   1    017:00 33000혼4임채덕조금제   2 01617 316 6 1 116 12김철호   52.568기추적50 55 556634.045.023.41240 814 011 8101419 8 0152223 0 099→↗자14.240.739.612.41085                   13 13  031   15.40   12.80 5  6  1BN동54.04721814-3.4 7.0 3.6686817 0뒷심문제급하락세30관 0 8                            15.4    12.8                                 9 1 2 5  6                                            11.22925 0 6 4 0   -.439.60  .10     118.7 6.5013.7223.44 82134 9.5218.3932.37 6
20251019일 9180011외411 6 64 5혼전 4452맑음포화16 9 8나소챗          HONOR A.WICKED S        미거 3 6 6 2 1   91      33000혼4임채덕조금제   2 11516 216 5 1 015  6김철호46952.068기추보86 62 627715.046.022.81240 814 011 8101419 8 0152223 0 099→↗자14.240.939.612.4 88540.739.5118.4119.8  7 13  033   14.90   13.20 5 -6  0HU동55.04741814-3.4 8.0 4.6616118 0주행평범작전마주67기 0 2 9 9 8 8 7 4②1:58.42     .015.438.612.8 -3  0  .30 2 5  1  .4707123378111 1 2 53 5 2.05 9.02 2.0 6.6  5.9   26.3   42.9   18.7  .02148 0 5 3 0   -.340.20  .0439.29118.7 6.6413.4522.80 51222 4.1112.9916.85 8
20250914일 51800 9외451 5 54 1 1강 1141맑음다습13 9 8나소챗          HONOR A.WICKED S        미거 3 7 7 2 1   71      33000혼4임채덕조금제   2 21415 116 4 1 014  7김철호46952.068기추적73 65 654518.034.015.31240 814 011 8101419 8 0152223 0 099→↗자14.240.939.912.4 97240.938.9117.7118.3  7 14  029   15.40   13.00 3  0 -3LUUP55.04741814-3.2 8.2 5.0575717 1선전만회탐색우려28관 0 8 9 8 8 7 6 5④1:57.73    1.114.938.713.2  0 -8  .30 4 4 -3 1.43178112847 9 1 3 80 4 7.03 5.07 2.9 4.3 24.0   97.2  246.0  217.0  .01913-3 4 2-3▽-1.040.00  .1437.53118.9 2.44 7.5915.28 1 512 4.8511.7623.16 6
20250823토 5170011국550 1104 6혼전 4421흐림건조 4 9 8나소챗          HONOR A.WICKED S        미거 3 0 0 2 1   59      24750국5임채덕조금제   2 31314 216 3 0 013  0김철호47755.069평추상63 52 526833.064.044.71240 814 011 8101419 8 0152223 0 099→↗자14.240.440.612.4107540.738.6111.2112.5  0  8  023   14.70   12.70 4  4  0BNUP55.04701714-3.2 9.0 5.8474714 3전력변화탄력호전77기 1 811111111 9 6①1:51.2½    .015.438.813.0 -6  7 -.20 1 7 -2  .02285 2 87611 2 4 23 3 7.08 8.11 3.5 8.9 14.3   95.2  190.1  187.6  .03357 0 6 8 0    .940.50 -.4731.50113.816.7733.3744.6618365112.9628.7838.79 3
20250727일 4140010국550 5104 7 3강 3331맑음건조 3 9 8나소챗          HONOR A.WICKED S        미거 3 0 0 9 1   54      24750국5임채덕조금제   2 41213 616 2 0 012  0김철호47055.069하추상42 35 353812.054.026.91240 814 011 8101419 8 0152223      →↗자14.237.739.212.7 65938.237.2 89.2 87.6  0  0  017   14.80   13.00 2 -4 -1NN동       1714-2.4 8.8 6.4383814 0적임교체탄력호조27관 0 410    1010 9⑤1:29.2¾    .414.737.412.7 -4  4-1.20 5 9 -1  .71094 2176910 2 6 43 2 3.07 8.07 3.1 7.4  5.0   36.5   64.5  160.312.24452 0 3 4 0    .337.90 -.3610.7089.21 7.0317.1826.94 31020 3.19 7.7814.79 8
20250713일 5140011국520 7 74 5 1강 1151흐림건조 4 9 8나소챗          HONOR A.WICKED S        미거 3 0 0 2 1   27      24750국5임채덕조금제   2 51112 516 1 0 011  0김철호46655.569하무보16 14 1423 8.045.017.61240 814 011 8101419 8 0152223      →↗자14.237.639.713.1104338.338.1 89.6 88.4  0  0  0 9   14.70   13.80 2  5 -1BN동       1712-2.4 8.8 6.4313113 0걸음불변적임교체50관 0 811    1111 8⑥1:29.62½   .914.838.013.0 -4 -2 -.90 610  0 1.3349511525211 610 73 1 6.02 6.03 2.7 5.8 16.0   21.4   62.3   79.5  .04322-1 2 4-1   -.338.20 -.3711.1189.48 4.50 9.4917.63 1 512 2.34 4.6910.43 9
20250628토 5140011국541 8 94 1 2강 2251흐림다습11 9 8나소챗          HONOR A.WICKED S        미거 3 0 0 9 1   36      24750국5임채덕조금제   2 61011 416 3 0 010  0푸르칸46856.071하무하13  7  7 5 2.027.0 4.523531814 011 810 0 0 8 0132419      →↘추14.237.739.813.1113537.839.2 89.4 89.5  0  0  010   14.30   13.70 2  2 -1HNUP       1712-1.8 8.8 7.0252513 1걸음불변부진마필29관 0 310    1010 7⑦1:29.41¾  1.114.739.013.8 -3  4  .10 710  5 2.3708747714311 611113 5 1.0211.01 2.5 5.6  2.5    5.6    9.4   42.9  .014 1-4 1 1-4▼-1.938.30 -.1312.0189.62  .38 1.48 4.46 0 2 5  .12 2.17 5.7110
20250615일 2130011국521 7 74 1 1강 1112맑음건조 3 9 8나소챗          HONOR A.WICKED S        미거 3 0 0 2 1   30      24750국5임채덕조금제   2 7 910 216 2 0 0 9  0푸르칸46457.071하무상20 17 1711 4.029.0 9.223531814 011 810 0 0 8 0132419      →↘추14.238.039.513.1164738.439.2 83.2 83.9  0  0  011   14.20   13.40 3  0  0HLDN       1712-2.410.0 7.6222213-1걸음불변부진마필42관 1 1 8     9 8 8⑥1:23.2목   1.814.339.313.7  1 -1  .20 6 5 -6 2.6738250722410 510100 4 1.10 6.03 2.5 4.2  2.5   47.6   46.2  179.1  .014 3-4 1 1-4▼-1.439.30  .15 6.4083.61 1.23 3.76 9.16 1 4 7 1.05 2.15 6.9810
20250525일 3140011국540 8 94 1 3강 3351맑음다습10 9 8나소챗          HONOR A.WICKED S        미거 3 0 0 2 1   68      24750국5임채덕조금제   2 8 8 9 316 1 0 0 8  0푸르칸46557.071하무보 5  2  2 4 3.028.0 5.723531814 011 810 0 0 8 0132419      →↘추14.337.940.013.1 91037.239.4 89.3 89.0  0  0  0 0   15.30   13.50 3 -1  0HLDN       1712-1.0 9.6 8.6151513-3걸음불변부진마필40관 0 1 7     8 9 9⑤1:29.32    1.514.238.913.4 -6 -5  .00 511  3 1.9526349553511 811113 3 4.03 3.05 2.7 5.8  5.8    7.2   16.5    9.611.214 5-3 1 1-3▽-1.638.00 -.4211.0889.89  .49 1.32 5.66 0 1 4 1.08 2.03 4.7211
20250503토 41700 9국550 3 54 1 1강 1121흐림포화18 9 8나소챗          HONOR A.WICKED S        미거 3 0 0 1 1  140      24750국5임채덕조금제   2 9 7 8 116 2 0 0 7  0김옥성47057.064하무상25 11 11 0 3.022.0 3.5 8 0 714 011 810 8 0 8 0151517      ↘↗추14.340.542.013.1 71440.440.8112.9114.8  0  0  0 0   14.40   13.60 4 -1  0HLUP       1712-1.010.2 9.2131313 4가는대로부진마필 1관 0 2 9 9 8 9 9 9⑧1:52.93    1.915.339.613.5  0  5 1.00 8 8 -2 2.18373496218 9 9 8 90 3 4.01 9.01 2.4 4.3  6.6    8.1   20.4   13.6  .0 6 1-4 1 2-4▼-1.940.80 -.3132.25114.8  .26 1.09 3.53 1 4 8 1.09 2.14 5.54 9
20250405토 3130011국521 5 24 1 1강 1121비  다습13 9 8나소챗          HONOR A.WICKED S        미거 3 0 0 1 2  225      24750국5임채덕조금제   210 6 7 116 1 0 0 6  0김옥성46557.058하무보13 10 10 0 2.021.0  .613 012 0 0 0 810 8 0 8 0151517      →↘추14.338.239.913.1 41837.939.8 82.3 83.7  0  0  0 0   14.40   14.20 4 -3  5HBUP       1412  .2 9.810.0121212 1가는대로부진마필 1기 0 310     9 7 7⑥1:22.3코   2.114.439.313.6 -4  2 1.00 610  0 2.6696370751911 911110 2 2.01 1.02 2.1 2.3  3.2    2.3    5.5    5.3  .0 6 1-4 1 1-4▼-2.039.00  .01 5.6384.00  .12  .13  .62 1 3 5  .12 1.94 5.1310
20250309일 6120010외452 2104 1 3강 3351맑음양호 9 9 8나소챗          HONOR A.WICKED S        미거 3 0 0 2 2  296      33000혼4임채덕조금제   211 5 6 416 2 0 0 5  0푸르칸46352.071하무상 9  6  6 1 3.023.0  .6183613 0 0 0 810 0 0 8 0132419      →→추14.338.139.513.1 11837.639.8 77.0 77.5  0  0  0 0   15.00   14.00 3  3 -1LH동       1412  .210.010.2101012 0가는대로부진마필 1관 1 6 8     8 8 9⑩1:17.02½  2.514.439.814.2  0  4  .401010 -1 3.18471788312111010110 2 3.02 9.01 2.3 5.4  6.4   12.8   27.1   37.911.2 6 1-4 1 1-4▼-2.037.90 -.09 -.1576.95  .12  .13  .59 0 1 4 1.23 2.35 5.66 9
20250216일 7120011외432 3 84 1혼전 4449흐림건조 4 9 8나소챗          HONOR A.WICKED S        미거 3 0 0 2 2  359      33000혼4임채덕조금제   212 4 5 316 1 0 0 0  0푸르칸45952.571하무하 5  4  4 6 3.029.0 7.5183613 0 0 0 810 0 0 8 0132419      →→추14.338.339.613.1 11638.239.1 77.6 77.3  0  0  0 0   15.40   13.20 9  2  1HNDN       1412  .8 9.810.5 9 914-2걸음불변지울마필 1관 0 311    111111⑨1:17.61    2.515.039.314.0 -2 -4 -.30 911  2 2.6829057811511 710110 1 1.10 9.11 2.3 6.1  2.3   65.6   79.3  153.2  .014 4-4 1 1-4▼-1.637.70 -.43 -.5777.12  .88 2.00 7.49 0 2 5 2.27 3.81 7.4310
20241215일 9140010외450 6 54 1혼전 4457맑음양호 8 9 8나소챗          HONOR A.WICKED S        미수 2 0 0 2 3  534      33000혼4임채덕조금제   213 3 4 216 1 0 0 3  0김옥성46352.056하무보 5  2  2 0 3.022.0 3.1 2 0 0 299 0 810 8 0 8 0151517      ↘→추14.337.840.213.1 11838.347.0 99.2 97.9  0  0  0 0   15.40   13.40 3 -1  0HH동       1412  .710.010.7121214 0가는대로보통걸음 1기 0 110    101010⑩1:39.2대차 9.915.247.116.5  1 -8 -.7010 9 -2 9.999959999 5 91010100 1 1.04 7.09 2.4 3.8  2.4    7.8   11.9   24.8  .0 8 1-4 1 1-4▼-2.140.10 -.4119.9289.96  .11  .87 3.08 0 2 6 1.28 2.68 6.07 9
20241124일 9140011외451 5 54 1혼전 4449맑음건조 4 9 8나소챗          HONOR A.WICKED S        미수 2 0 0 2 3  599      33000혼4임채덕조금제   214 2 3 116 1 0 0 2  0이현종47152.064하무보10  4  4 2 4.023.0  .818 010 299 0 810 310 8 0111925      →↘추14.337.840.513.4 11038.539.1 89.9 90.2  0  0  0 0   14.30   13.70 3 -1 -1HHUP       1412 1.0 9.510.5121212 2걸음불변탐색우려 1관 0 211    111111⑪1:29.9½   2.815.438.213.4  0 -5  .501111  3 2.983974282 9101110110 1 3.05 9.08 2.8 4.6  4.3   16.4   33.6   14.4  .014 2-4 1 1-4▼-2.038.40 -.5411.9290.17  .12  .12  .81 0 2 5 2.33 3.7711.23 9
20241103일 8120010외442 4 94 1 2강 2241맑음양호 7 9 8나소챗          HONOR A.WICKED S        미수 2 0 0 1 4  664      33000혼4임채덕조금제   215 1 2 216 1 0 0 1  0정우주47653.065하무보 5  4  4 2 2.022.0 4.11464 6 3 0 4 810 0 0 8 0163013      ↘→입14.638.239.913.9 11038.239.2 76.6 77.8  0  0  0 0   14.60   14.20 3 -7 -2HH동       1212  .011.011.0 7 712 0기수신마보통걸음 1기 2 3 9    101010⑩1:16.62½  2.414.338.713.7  2 24  .9010 8 -3 3.18990628313101010100 1 1.04 7.04 2.2 4.4  2.2    9.6   14.3   12.5  .020 4-4 1 1-4▼-1.937.90 -.45 -.2677.23  .35 1.34 4.05 0 4 8  .12 3.96 7.89 9
20251122토 9180011외4 0 6  6 3 3강 3358           9 9젠틀야라        GORMLEY 야라     63     미거 5 7 7   1    017:00 33000혼4김동철최상일   1 015151214 1 1 014  7정정희   56.076기입적50 43 433116.039.015.72657122664 81550151517111724154060 0→↘입13.539.040.412.45723                    8 42 3317   14.40   14.30 5  8  3LB동53.14971818 -.4 5.2 4.8474718 0걸음불변급하락세41관 0 9                            14.4    14.3                                 3 2 7 8  3                                            11.21429-1 5 3-1   -.840.40  .52     118.3 3.28 8.3215.68 3 817 5.9511.4918.35 7
20251019일 9180011외411 6 66 5혼전 4452맑음포화16 9 9젠틀야라        GORMLEY 야라     63     미거 5 7 7 2 1   91      33000혼4김동철최상일   1 114141114 1 1 013  7권중석48753.062기입적29 11 113719.042.013.51699 42664 81550 0 017112115134060 0↗→선13.539.940.512.4671839.043.1120.9122.3  8 42 3317   14.30   13.40 5 -3 -3UH동53.14971818  .0 4.8 4.8494918 0최선삼착작전마주48기 0 1 2 2 2 2 4 7⑦2:00.94    2.514.442.214.3  4 -3  .35 7 3 -2 2.99611928218 1 5 8 82 1 2.05 9.02 2.0 6.6  5.9   26.3   42.9   18.7  .02444-1 5 4-1   -.841.40  .3041.89118.7 2.71 6.9713.49 3 814 4.1112.9925.84 7
20250914일 51800 9외451 5 56 5 1강 1141맑음다습13 9 9젠틀야라        GORMLEY 야라     63     미거 5 8 8 2 1   71      33000혼4김동철최상일   1 213131014 2 1 012  8조재로49056.077기입적14  2  24222.051.035.62748132664 81550211517111924222575 0↗↘추13.539.840.612.4721440.139.2117.1117.7  9 27 45 0   14.60   14.20 4  2 -1HN동52.44991818  .0 4.8 4.8494918 0걸음불변작전마주68기 1 4 2 2 2 2 2 2③1:57.13     .514.339.013.4 -2  8  .30 3 5 -3  .81649171566 2 5 8 41 2 7.03 5.07 2.9 4.3 24.0   97.2  246.0  217.0  .01855 0 5 5 0    .241.00 -.2237.33118.710.8523.1935.61 82033 5.8313.9023.16 5
20250817일 9180010외420 9 76 3 1강 1151맑음양호 7 9 9젠틀야라        GORMLEY 야라     63     미거 5 1   2 1   66      33000혼4김동철최상일   1 31212 914 1 1 0 0  0조재로48256.577기입적33 13 1341  .045.026.42748132664 81550211517111924222575 0↗↘추13.539.840.612.4751639.341.4121.0119.3 10 30 40 0   14.50   12.6025 -6 -1UN동52.44991818  .4 3.4 3.8626218 0걸음불변휴양불리42기 0 2 3 3 4 4 5 6⑥2:01.0머리 1.714.642.114.2 -2-14-1.50 6 8  3 3.65818755335 1 5 7 62 1 2.04 1.07 1.6 4.3  5.0   30.6   49.2    7.8  .01449-2 5 4-2   -.341.20  .0138.85118.7 8.3315.6326.42 51223 9.0919.3540.27 5
20250222토10180011외450 5106 4혼전 4441맑음건조 3 9 9젠틀야라        GORMLEY 야라     63     미거 51010 9 3  491      33000혼4리카디최상일   1 41111 814 2 1 010 10정정희49657.069기입하20 35 354223.049.023.91331 53353203226301534241724152575 0↗→입13.539.740.612.4791440.241.8122.0121.4 11 22 44 0   14.40   13.70 6  6  1NB동52.44991818  .2 3.2 3.4646418 0주행평범작전마주 1기 0 8 4 4 4 3 4 6⑧2:02.01¾  2.714.841.614.4  3  7 -.30 8 5  2 3.39352838210 1 610 70 2 2.03 4.10 3.7 8.9  4.1   15.9   26.6   15.5  .01736-2 5 5-2   -.341.60  .0841.13118.7 8.3314.6023.87 41118 6.9015.7122.53 7
20250112일 81800 9외442 5 96 3 1강 1149맑음건조 3 9 9젠틀야라        GORMLEY 야라     63     미거 5 1   2 3  446      33000혼4리카디최상일   1 51010 714 1 1 0 0  0정정희48956.569기입적42 35 3533  .040.024.41331 53353203226301534241724152575 0↗→입13.539.840.512.4712339.240.4120.6120.3 13 25 3813   14.10   13.3017  0  4UB동52.44991818  .0 3.6 3.6646418 0걸음불변휴양불리 1기 0 2 2 2 1 1 1 2④2:00.61     .514.440.613.7  1 -2 -.10 4 3  0  .68112542258 2 4 9 61 1 4.06 7.04 2.0 5.0  7.6   52.0   89.9   76.3  .01433-1 4 3-1   -.841.30  .0839.98118.7 6.4013.7524.43 5122215.0028.3568.18 3
20240915일 8180011외421 5 76 3 1강 1141맑음다습11 9 9젠틀야라        GORMLEY 야라     63     미거 41212 2 4  794      33000혼4리카디최상일   1 6 9 9 614 1 1 0 8 12김성현49152.558기입보59 35 3556  .044.024.51467103247 6322621 034241625192575 0↗↘입13.539.640.712.4811439.841.3120.0120.8 13 25 3813   14.30   12.70 3 -6 -1UN동52.44991818 -.4 4.4 4.0646418 0걸음불변최적거리 1관 1 2 4 5 5 9 810⑦2:00.0½   2.414.140.713.3  4  3  .99 7 3 -2 2.98732776415 1 811 40 2 6.09 4.08 2.6 2.8 21.2  252.0  486.9 1235.8  .01447 0 4 3 0   -.541.60  .0640.48118.7 5.6514.2924.51 71627 7.5616.7446.90 4
20240825일12180010외450 4 56 5 1강 1148맑음다습12 9 9젠틀야라        GORMLEY 야라     63     미거 41414 2 5  854      33000혼4리카디최상일   1 7 8 8 514 1 1 0 7 14이상규48853.558기입보64 35 3545  .047.031.0 3 0 43852293226 0 034241223143367 0↘↗입13.539.641.013.1791040.438.9118.7118.4 14 29 43 0   14.20   13.80 6 -2  3NN동52.05031818 -.6 6.2 5.6525218 0전력변화최근최상 1기 0 8 4 4 4 4 4 3③1:58.74     .714.338.712.7 -2 -7  .40 3 5  2  .73556131558 11010 52 1 1.06 6.10 2.8 4.5  2.8   15.7   21.9   29.0  .02351 0 4 3 0   -.141.30 -.1637.80118.8 7.8916.8931.03 6162810.5921.5656.51 4
20240714일 9180011외452 5106 5혼전 4432맑음양호 6 9 9젠틀야라        GORMLEY 야라     63     미거 41616 2 5  963      33000혼4리카디최상일   1 8 7 7 414 1 1 0 6 16김성현49551.067기입보66 35 354243.060.037.1 611 2385229322621 034241625195050 0↘↗입13.539.841.113.1671039.041.3117.8118.3 17 33 33 0   14.30   14.30 4  2 -1LU동52.55071818 -.2 7.4 7.2353518 0직전선행부중영향 1관 110 3 3 3 3 4 6③1:57.82     .314.241.213.8  0 -8  .60 3 3  2  .633 8774371 21111 42 1 5.09 5.01 2.8 6.5  8.8  139.3  331.6  294.9  .02965 0 6 6 0    .841.10 -.3937.44118.913.0225.3537.0519405610.5320.3431.74 6
20240616일 71800 9외450 9106 6 1강 1159맑음건조 5 9 9젠틀야라        GORMLEY 야라     63     미거 4 0 0 2 6 1044      33000혼4리카디최상일   1 9 6 6 314 4 0 0 5  0빅투아50352.086하입적27 35 3554  .061.053.7233111445824322637243424202818 099 0↘→입13.539.841.113.1701039.140.5120.2117.8  0 20 20 0   13.80   14.20 3  6  0NUUP53.05101818 -.8 8.3 7.5383818 5거리적응최근최상 1기 1 8 2 2 2 2 2 1①2:00.24    -.814.341.214.3  0 -2-1.70 1 1 -3  .01810592296 1 9 9 31 4 1.04 8.06 3.0 6.2  3.0    6.2   10.3   32.8  .02666 1 6 7 1    .841.00 -.7736.90118.917.8036.2353.7214284212.5024.1663.10 4
20240525토 81300 8외452 2106 5혼전 4431맑음건조 3 9 9젠틀야라        GORMLEY 야라     6341.00미거 4 0 0 9 6 1116      33000혼4리카디최상일   110 5 5 114 3 0 0 4  0빅투아50552.086하입보71 35 354944.056.026.9233111445824322637243424202818 099 0↘→입13.537.139.713.1861837.639.6 83.0 84.0  0 25 25 0   14.10   13.80 5 -6 -1UUDN53.05101818-1.0 9.3 8.3292918-5뒷심부족지울마필 1기 0 2 4     4 4 7⑥1:23.08    2.013.840.014.2  2 -5  .20 6 4 -1 2.27651656419 5 8 9 72 3 2.03 6.09 3.3 5.7  3.3    5.9   11.1   67.6  .02044 0 6 7 0    .340.20  .09 7.2183.16 6.8417.1526.90 5122211.8419.6328.03 7
20240421일 81800 8외431 3 86 3혼전 4451흐림다습12 9 9젠틀야라        GORMLEY 야라     63     미거 4 0 0 2 7 1212      33000혼4리카디최상일   111 4 4 214 2 0 0 3  0빅투아51053.081하입적15 35 352330.046.025.92253 8327016322637243424202818      →↘입13.539.941.013.162 340.039.8117.7118.0  0  0 33 0   14.20   14.40 4  1  1HN동       1812  .5 9.510.0151518 0걸음불변보통걸음 1기 0 8 3 3 4 4 4 4⑤1:57.71¼   .514.140.713.8  0  2 -.10 5 5 -4  .72438382866 2 8 8 52 2 1.03 6.01 3.3 6.3  3.3    6.6   11.2   12.5  .01436-1 5 4-1   -.340.90 -.1437.11118.9 6.9514.4025.85 51222 7.6917.8832.86 5
20240324일 9180011외450 9106 3 1강 1134맑음양호 6 9 9젠틀야라        GORMLEY 야라     63     미거 4 0 0 2 7 1299      33000혼4리카디최상일   112 3 3 114 1 0 0 2  0빅투아50852.081하무보 9 35 3510  .036.011.42253 8327016322637243424202818      →↘입13.540.341.113.137 339.041.4120.0118.4  0  0  0 0   13.50   14.40 4  0  0NHUP       1812 2.0 7.0 9.0161612 4걸음없음거리늘어 1관 0 7 2 2 2 3 2 2⑤2:00.01¼   .814.242.014.4 -4  7-1.20 5 9 -3 1.736 8784361 81111 92 1 1.07 3.10 2.5 6.3  2.5   28.9   36.3   38.5  .01421 0 3 4 0  -1.040.60  .0537.01119.1 1.77 5.5511.37 1 4 7 7.5614.1740.14 7
20240224토 8140012외451 8106 4혼전 4441맑음다습14 9 9젠틀야라        GORMLEY 야라     6341.00미거 4 0 0 9 7 1399      33000혼4리카디최상일   113 2 2 114 2 0 0 1  0정우주50152.058하무보14 35 3510 5.029.0 3.91050 43270163226 0 03424163013      ↘↘입13.837.340.313.125 536.641.2 90.4 90.8  0  0  0 0   13.80   13.40 3 -3 -1NHUP       1412         9.0    12 2최적전개거리부담 1기 1 7 4     41011⑪1:30.43    2.613.541.014.4 -1  2  .401112  5 3.39028898513101212120 2 1.02 8.05 3.0 5.4  3.0    5.4    9.8   48.1  .02316 0 2 2 0  -1.539.00 -.1813.1789.69  .18 1.12 3.91 0 1 4  .78 3.16 6.1711
20240204일 9120012외454 4106 4혼전 4431맑음양호 6 9 9젠틀야라        GORMLEY 야라            미거 4 0 0 1 8 1431      33000혼4리카디최상일   114 1 1 114 1 0 0 0  0정우주49953.058평무보   35 3540  .034.0 7.0 4 0 03350193226 0 03424163013      →↘입    36.738.5        37.439.9 76.9 77.4              13.80   13.60 4  0  0LN동       12 0                 0 0걸음불변최적전개 1기 010 5     71011⑨1:16.93    2.413.839.713.4  2 -8  .40 9 7  0 2.98359808114 1 111100 1 3.01 2.04 2.9 7.0  5.8    7.8   16.5   87.5  .01833 0 3 3 0  -1.139.30 1.08 2.1975.61  .83 2.98 6.98 1 4 8 7.9615.9340.28 8
20251122토 9180011국4 0 6  8 2 3강 3358           910킹고태양        투아너앤시크릿킨 8233.00한수 51015   1    017:00 33000혼4박지헌김길리   1 016 1 820 1 2 120 15임다빈   55.580기입보50 46 462927.042.018.91949 52238111914 3 0211715232425 050↘→추13.538.141.012.595 5                   50 63 4425   13.80   14.9012  2  1BN동53.64941818-1.2 6.4 5.2505013 0직전선행휴양불리53관 010                            13.8    14.9                                 2 9 6 6  5                                              .02928-2 5 6-2   -.641.00  .55     118.2 3.9711.7418.92 31020 8.3319.5428.06 5
20250831일 8180011국543 4 98 4 3강 3321맑음포화17 910킹고태양        투아너앤시크릿킨 8233.00한수 51015 9 2  220      33000혼4박지헌김길리   1 11510 720 5 2 119 15조인권50055.068기입하36 27 274417.048.027.3 940 21560 0191432 0211723241325 050→↗선13.539.441.012.592 738.142.9118.2120.7 53 67 4027   14.00   14.70 6  5 -1BN동53.64941814 -.8 5.4 4.6595913 0주행평범거리속성32관 0 8 1 1 1 1 1 4⑥1:58.22    1.613.841.714.9 -1 -7 1.40 6 7  1 1.886 1915832 210 7 61 5 1.02 6.07 2.7 4.2  2.7    4.2    8.3   81.9  .01736 0 4 5 0   -.241.80 -.0140.30118.7 8.1919.1527.29 82134 4.8813.1021.51 6
20250720일 71800 9국431 8 38 4혼전 4432맑음포화17 910킹고태양        투아너앤시크릿킨 8233.00한수 51116 2 1   92      33000국4박지헌김길리   1 214 9 620 4 2 118 16조인권50756.064우입적79 55 556349.060.047.8163510223811191432 0211723241325 050↗↘선13.539.540.912.5891039.141.9117.9119.2 57 71 4336   14.30   14.00 5  1  4VN동53.64941814-1.0 5.0 4.0676713 0선전만회최근최상49기 1 3 2 2 2 2 2 4⑦1:57.9½   1.714.041.814.7  1  5  .60 7 6  0 1.95911846129 1 7 4 31 4 4.01 1.05 1.8 2.7 10.9    9.2   32.0   62.8  .01958 0 7 8 0    .641.50 -.4938.83118.718.1633.0947.7514284211.6323.3935.82 4
20250615일 6180011국410 9 68 9 1강 1132맑음건조 3 910킹고태양        투아너앤시크릿킨 8233.00한수 5 511 2 1   86      33000국4박지헌김길리   1 313 8 520 3 1 117 11조인권50252.064우입적48 35 356351.069.061.7163510223811191432 02117232413 0 067↗↘선13.539.541.012.5871038.940.9118.8117.5 54 69 3838   13.60   15.30 4 -1 -2HUUP54.24911814 -.2 4.6 4.4656513 4부중효과부중유리79기 1 2 2 2 2 2 2 1①1:58.8¾   -.214.341.214.0 -5  4 -.90 1 6 -3  .012 7662793 111 8 11 3 6.07 2.05 1.5 4.9 16.2  158.3  367.4  489.5  .04189 3 6 9 3☆ 1.241.30 -.8436.99118.729.5947.7161.7132526410.7822.1132.38 4
20250518일 9140010국452 9108 5혼전 4447맑음다습11 910킹고태양        투아너앤시크릿킨 4831.00한수 5 612 2 1   83      33000국4박지헌김길리   1 412 7 620 2 1 116 12조인권49853.565우자적27 27 276211.057.034.2163510223811191432 02117232413 0 067↗↘선13.536.839.412.5683535.742.0 89.2 89.3 50 75 2542   13.60   16.00 4 -3  0NH동54.24911812  .6 3.4 4.0707013 0주행평범부중효과 5   0 3 3     3 2 2⑤1:29.22     .913.641.615.3 -4 -1  .40 5 9  4 1.161 2958352 9 4 7 42 210.04 5.01 3.3 7.0 47.3  163.7  429.6  687.4  .02366 0 4 5 0    .439.20 -.1113.0588.7310.5622.9434.17102336 2.74 7.3215.2010
20250419토 7140011국443 8 98 4혼전 4431비  양호 9 910킹고태양        투아너앤시크릿킨 4831.00한수 5 613 2 1  179      33000국4박지헌김길리   1 511 6 520 1 1 115 13조인권49953.565기자적61 49 494813.047.016.5163510223811191432 02117232413 0 067↗↘선13.536.739.512.5733235.642.7 90.8 90.2 50 75 2542   14.40   14.60 6  4  1BNDN54.24911812  .2 4.2 4.4626213-4주행평범기복전력 1기 0 6 4     5 5 7⑨1:30.8목   1.713.643.016.0  4 -6 -.49 9 5  1 2.184 1979027 3 6 7 80 1 3.02 7.03 2.1 4.6  6.2    9.0   22.2   73.2  .02142 0 4 5 0   -.239.50  .3714.0488.73 3.51 9.8216.49 3 814 2.38 5.6511.2610
20250308토 5180011국421 5 28 7 3강 3341맑음다습11 910킹고태양        투아너앤시크릿킨 8233.00한수 5 714 2 2  307      33000국4박지헌박남성   0 610 5 420 1 1 114 14코지  50553.085우자적58 67 676360.068.062.72156 61560 0192010 02117252619 0 067↗→선13.540.040.812.5542539.840.5116.8118.2 55 73 2745   14.30   15.00 3  0 -2HH동54.24911812-1.0 5.0 4.0666613 0주행평범단기승부 1기 1 2 6 6 6 6 4 5⑦1:56.8목   1.414.440.814.6  3 15  .40 7 4  1 2.13030574038 5 9 4 12 3 1.02 9.03 1.7 1.9  1.7    1.9    2.6   10.012.13785 2 7 7 2△ 1.240.90 -.9437.43118.926.4546.9962.6835536813.1124.4337.96 3
20250215토 9180011국451 8108 5혼전 4451흐림건조 4 910킹고태양        투아너앤시크릿킨 8233.00한수 5 715 2 2  368      33000국4박지헌박남성   0 7 9 4 320 4 1 113 15임다빈49054.573우자보57 66 664545.056.037.52240161560 01920 3352117152324 0 067↗↘추13.540.140.612.5463539.041.3118.9118.3 55 73 2745   14.40   14.60 6 -1  2HN동54.24911812 -.6 4.4 3.8686813 0직전선행거리속성 1기 2 2 1 1 1 1 1 1⑦1:58.91     .914.342.215.0  4 -5-1.19 7 3  1 1.032 7774152 4 8 4 41 4 7.06 3.07 3.7 9.1 14.2   86.2  227.9  177.6  .02946 0 7 6 0    .540.80 -.3537.60118.812.2625.8437.5412253914.8124.3131.25 4
20250104토 8180010국450 9108 6 2강 2259맑음건조 3 910킹고태양        투아너앤시크릿킨 8233.00한수 5 816 1 3  479      33000국4박지헌박남성   0 8 8 3 220 3 1 112 16임다빈49553.077우자보25 45 454654.061.069.81455 72033 01920 3352117152324 0 067↘↗추13.540.240.612.5413539.240.6119.4118.1 50 70 2050   14.20   14.80 3 -1 -1HH동54.24911812  .0 3.8 3.8686813 0주행평범단기승부 1기 1 3 1 1 1 1 1 1③1:59.4¾    .114.441.414.6  1 -5-1.20 3 2 -2  .62612602777 5 5 3 11 3 4.05 2.07 4.0 8.0  5.0   16.0   29.8   20.2  .02668 1 7 6 1    .740.60-1.1137.30118.930.8556.0969.8232526416.9232.8943.02 2
20241215일 81800 7국451 9108 7 1강 1141맑음양호 8 910킹고태양        투아너앤시크릿킨 8233.00한수 4 918 2 3  535      33000국4박지헌박남성   0 9 7 2 120 2 1 111 18임다빈50054.077우자보69 73 737473.055.063.21455 72033 01920 3352117152324 0 067↘↗추13.540.140.312.5455539.542.1121.2120.4 56 78 2256   13.90   14.20 4  0  2VNUP54.24911812  .2 3.4 3.6707013 4승부최상거리속성 1기 0 4 4 5 5 5 3 4④2:01.21¼   .414.243.314.8  0  6-1.20 4 4  0 1.18220877568 5 2 2 22 2 3.02 6.08 3.6 6.2  4.0    7.2   14.3   20.9  .03365 1 8 6 1    .341.00 -.8339.95118.722.7748.6963.1618365123.6839.2250.00 2
20241116토 7140010국452 4108 9혼전 4451비  건조 3 910킹고태양        투아너앤시크릿킨 4831.00한수 41020 2 4  634      33000국4박지헌박남성   010 6 1 420 1 1 110 20임다빈49452.572강자보91 87 878660.069.054.82454152063 01920 3352117152324 0 099↗↘추13.537.238.812.5297936.739.1 88.0 88.3 50 75 2563   14.10   13.10 4  3 -5VUUP55.04901412  .0 2.6 2.6828213 1노릴탄력승부최상 1기 1 4 9     7 5 2③1:28.0½    .013.939.414.2 -1  6 -.10 3 4  1  .22634402779 8 2 1 10 1 6.02 9.08 5.211.5  6.4   11.5   30.2   25.9  .04696 4 8 8 4★ 1.538.60 -.5412.2688.5926.8442.9954.8139607318.8228.4241.55 3
20241020일 31300 9국554 3108 6혼전 4421맑음포화15 910킹고태양        투아너앤시크릿킨 4831.00한수 41122 2 4  713      24750국5박지헌박남성   011 5 4 220 2 1 1 9 22코지  48857.091우입적59 48 488756.064.037.42645112063 0192010 02117252619 0 099↘↗선13.537.338.712.5568238.636.6 82.2 81.5 57 71 2957   13.80   14.20 2  0  0UNDN53.04911412 2.2 2.0 4.2646412-1트립손실거리속성 1기 1 1 6     8 8 3③1:22.21     .214.137.413.1  0 -7 -.90 3 3  1  .2 587 0 57410 2 4 43 2 1.09 6.08 2.2 5.3  2.2   27.2   28.5   36.4  .03567 0 7 6 0    .839.40  .29 5.5182.6514.0225.6637.4318365112.8223.7334.73 2
20241005토 6140011국550 4108 4 1강 1159맑음건조 3 910킹고태양        투아너앤시크릿킨 4831.00한수 4 1   1 4  765      24750국5박지헌박남성   012 4 3 320 1 1 1 0  0코지  49557.091우입적32 26 2657  .051.025.02645112063 0192010 02117252619 0 099↘↗선13.537.039.012.5496436.938.9 88.7 88.5 57 71 2957   13.70   16.50 4 -7  0UN동53.04911412 2.3 2.3 4.5616112 0강단마필안장교체 1기 1 1 4     3 3 4⑤1:28.7목    .513.839.214.2  3 -6 -.39 5 2 -6  .93544312563 2 4 8 62 1 5.0111.05 3.6 6.4 10.5   24.7   59.4   27.7  .03370 0 4 3 0    .238.80  .2512.5188.59 7.2815.8725.03 5122312.3321.9546.09 2
20240907토 9140011국551 8108 5 3강 3351맑음다습11 910킹고태양        투아너앤시크릿킨 4831.00한수 4 1   2 5  824      24750국5박지헌박남성   013 3 2 220 1 1 1 0  0문성혁50157.088기입적94 94 9466  .061.032.43050 02950 01920 0 02117122025 0 099↗↘추13.537.238.912.5338536.244.1 93.5 92.4 67 83 1767   14.90   12.8044  4  4BL동53.04911412 2.3 2.7 5.0535314 0선입여유강단마필 1기 0 8 3     4 6 9⑨1:33.515   4.413.744.916.5  1 10-1.00 9 8  2 6.598 99998 4 8 2 1 52 1 1.11 9.10 3.3 6.6  3.3  186.4  183.1  253.710.95572-3 9 7-3    .439.50  .0116.3288.66 9.2421.0532.38102336 9.1817.5641.98 6
20231028토 7140011국550 8108 8혼전 4451맑음양호 7 910킹고태양        투아너앤시크릿킨 4831.00한수 3 016 9 9 1751      22000국5전승규박남성   014 2 1 120 1 0 1 6 16김동수49153.074기입적83 82 827266.061.043.91244 81867 4213118402016 92027      →↗추13.536.939.112.5527238.136.9 89.3 87.3 60 80 2060   14.10   13.90 3  2 -3NHUP       1412 3.0 3.5 6.5363612 2전개최상단기승부 1기 2 410     9 9 2①1:29.34    -.714.937.812.8 -5 -4-1.60 1 6  5  .0 492 1 596 5 5 3 23 1 6.02 4.06 2.1 5.3 14.5   38.6   94.5 1124.712.73482 2 8 8 2△  .738.70 -.2411.3088.5917.0032.1843.9318365115.5830.9543.98 4
20231007토 81200 8국631 9 38 9 2강 2248맑음다습12 910킹고태양        투아너앤시크릿킨 4727.00한수 3 020 110 1824      13750국6전승규박남성   015 1 6 520 2 0 1 5 20문세영49556.093기입적84 80 809998.075.099.0303818263514213139522016283616      ↗↗입13.536.838.812.5855137.338.1 76.9 74.9 50 75 2575   13.70   13.50 5  1  0NH동       1312 6.0 3.0 9.0 8 812 0승부최상전개최상 1기 1 2 2     2 2 2③1:16.91¼   .214.139.013.9  2  0-1.50 3 1  0  .51154242679 1 4 1 11 4 3.02 1.03 1.6 2.9  5.8   11.0   24.8    3.5  .04495 1 9 9 1☆ 1.838.40-1.79 -.7075.8446.2685.6399.0018395663.1695.0099.00 1
20251122토 9180011외4 0 6  5 2 3강 3358           911카라위너        CARAVAGGROCK WAL  971.00미수 3 0 0   1    017:00 33000혼4정호익에스지이 2 01010 1 9 1 0 0 9  0조인권   52.064하무보50 31 31 2 5.033.0 9.81635102245 7242121142419232413      ↗↘선14.140.541.013.129 5                    0  0 11 0   15.30   15.0016  9  0NHUP       1812-1.6 8.0 6.4252512 1걸음불변거리늘어48기 111                            15.3    15.0                                 8101111  2                                              .01412-2 2 3-2  -1.241.00  .04     119.1 1.32 4.19 9.84 0 2 6 1.19 4.60 8.6311
20250803일 81700 9외440 1 95 4 1강 1125흐림건조 3 911카라위너        CARAVAGGROCK WAL        미수 3 0 0 1 2  285      33000혼4정호익에스지이 2 1 9 9 1 9 4 0 0 8  0임다빈51652.073하무하13 10 10 9 4.032.0 8.6224016204411242119212419152324      ↗↘추14.139.741.913.1591340.543.0115.4115.9  0  0 13 0   14.70   14.90 4  1  0HHUP       1712-1.0 7.8 6.8272712 1걸음불변거리속성73기 2 2 8 8 7 5 5 7⑥1:55.415   4.015.342.115.0 -3  8  .70 6 9  3 4.093778994 4 5 9 8 92 6 7.06 9.07 2.5 4.8 15.5   56.1  169.4   67.9  .01414-2 2 3-2  -1.241.80  .0534.32114.2  .99 3.22 8.60 1 4 8 1.18 2.38 8.30 8
20250705토 61600 9외420 5 75 1 2강 2231맑음건조 3 911카라위너        CARAVAGGROCK WAL        미수 3 0 0 1 1   78      33000혼4정호익에스지이 2 2 8 8 2 9 3 0 0 7  0임다빈50852.080하무상18 16 1617 7.032.0 9.71949 52245 7242119212419152324      ↘→추14.136.940.813.1321137.139.8104.7104.4  0  0 14 0   14.40   14.70 4 -4  0HH동       1612-2.2 8.6 6.4272712 0주행불만보통걸음42기 0 1 8   8 8 8 8⑧1:44.7¾   2.614.741.014.9  2  1 -.30 8 6 -2 3.18482587313 9 9 6 80 5 1.04 6.09 2.4 3.4  2.4    7.1   10.6   14.4  .011 9-3 3 2-3▽-1.340.80 -.1826.70104.0 1.68 4.22 9.65 2 511  .65 3.07 7.71 8
20250608일 61600 8외443 9 45 1 1강 1135맑음건조 3 911카라위너        CARAVAGGROCK WAL        미수 3 0 0 2 1   64      33000혼4정호익에스지이 2 3 7 7 1 9 2 0 0 6  0임다빈50752.080하무상 6  3  317 5.026.0 5.51949 52245 7242119212419152324      ↘→추14.137.440.813.1 42035.640.1103.9102.7  0  0  0 0   14.30   13.60 4  0  0NHUP       1612-1.4 9.0 7.6191912 4걸음불변부진마필52기 1 5 7   7 5 7 4④1:43.91¼  1.014.441.314.7 -4  2 -.90 4 8  0 2.543 7674054 8 8 8 83 4 3.02 7.02 2.2 3.9  4.6    9.9   22.0    6.4  .014 2-4 2 1-4▼-1.640.80 -.3124.53104.3  .38 1.17 5.52 1 512  .88 3.70 8.14 8
20250511일 9120010외443 6 95 1혼전 4429맑음포화16 911카라위너        CARAVAGGROCK WAL        미수 3 0 0 2 1  104      33000혼4정호익에스지이 2 4 6 6 5 9 1 0 0 5  0임다빈50552.080하무상14 10 10 8 5.028.0 5.81949 52245 7242119212419152324      ↘→추14.138.039.313.1 52837.839.0 76.6 76.8  0  0  0 0   14.30   14.00 4  4  0NH동       1312-1.0 9.2 8.2161612 0걸음불변부진마필 1   0 5 9     9 8 7⑦1:16.62    1.814.338.813.6 -1 15  .20 7 8 -1 2.3717756702810 7 8110 3 6.0210.02 2.7 4.5 17.0   22.1   75.7   51.5  .014 5-4 1 1-4▼-1.637.80 -.06 -.5076.78  .50 1.35 5.77 0 1 5 1.75 6.2010.71 9
20250413일10120010외424 6 25 1 1강 1131흐림포화17 911카라위너        CARAVAGGROCK WAL        미수 3 0 0 2 1  187      33000혼4정호익에스지이 2 5 5 5 4 9 1 0 0 4  0조인권49052.067하추보10  7  7 3 2.028.0 3.41635102245 7242121142419232413      ↗↘선14.138.039.313.1 52537.939.2 76.3 77.1  0  0  0 0   14.50   14.30 4 -2 -3HH동       1312 -.8 9.3 8.5141412 0가는대로부진마필 1기 1 1 9     9 9 8⑦1:16.34    1.814.339.214.0 -2-18  .80 7 9  1 2.37883607727111011110 1 2.04 4.02 2.2 2.2  2.4   18.3   25.0    7.8  .0 6 5-4 1 1-4▼-1.737.90  .02 -.1876.78  .45 1.61 3.42 0 1 4  .12 2.35 5.7711
20250316일 6120010외454 5105 1 1강 1149맑음양호 7 911카라위너        CARAVAGGROCK WAL        미수 3 0 0 2 2  275      33000혼4정호익에스지이 2 6 4 4 3 9 2 0 0 3  0임다빈50854.576하추상 7  5  510 5.033.011.5224016204411242119212419152324      ↗↘추14.138.039.313.1 42837.939.5 78.1 77.3  0  0  0 0   14.80   14.10 7 -3 -2HH동       1312-1.0 9.7 8.7141412 0걸음불변부진마필 1기 1 3 7     9 9 8⑧1:18.13    2.714.539.914.3  0  0 -.70 8 8 -2 3.4828170821311 811100 2 1.05 8.02 2.8 5.9  2.8   15.4   30.4   24.9  .01411-4 2 3-4▼-1.138.00 -.21  .0476.78 1.64 5.3311.49 1 512 1.56 6.6111.82 9
20250125토 2120010외441 6 95 1 2강 2239맑음건조 3 911카라위너        CARAVAGGROCK WAL        미수 3 0 0 9 3  419      41250혼4정호익에스지이 2 7 3 3 2 9 1 0 0 2  0임다빈50856.076하무보 7  5  5 3 4.028.010.11455 7 938 0242119212419152324      ↘↗추14.138.039.513.1 52038.339.1 78.1 77.6  0  0  0 0   15.00   13.40 4  0  3NB동       1312  .5 9.510.0121213 0가는대로거리난점 1기 4 610    1010 6⑥1:18.17    2.414.839.414.1 -4-15 -.70 610  0 2.88692578317 9 4 5103 1 3.02 5.01 2.4 6.7  5.3    8.4   20.8   74.0  .0 8 6-4 2 2-4▼-1.538.00 -.29  .0876.90  .79 3.7410.07 1 4 8 1.64 3.01 6.8010
20241229일 8120011외452 3105 2 1강 1148맑음건조 4 911카라위너        CARAVAGGROCK WAL        미수 2 0 0 9 3  490      33000혼4정호익에스지이 2 8 2 2 1 9 1 0 0 1  0씨씨웡52353.078하무보11 25 25 8  .035.013.2235011 938 0242118 02419202422      ↗↘선14.137.939.813.711 838.538.9 78.0 77.8  0  0  0 0   14.10   14.00 4  1 -2NHDN       1313 1.0 9.010.0161613-1기수신마보통걸음 1기 1 611    111111⑩1:18.02    3.115.039.113.4  0  4 -.601010  1 3.388945283 7 91111 80 1 7.05 4.03 2.8 5.6 21.3   57.3  144.4   57.7  .02019-1 2 1-1  -1.038.20 -.49  .0677.01 2.05 6.5113.16 1 51213.2424.3254.74 4
20241130토 2130011외441 7 45 5혼전 4435흐림포화18 911카라위너        CARAVAGGROCK WAL        미수 2 0 0 9 3  595      41250혼4정호익에스지이 2 9 1 1 1 9 1 0 0 0  0코지  51955.087평무보   25 2540  .042.022.3224412 938 02421 0 02419252619      ↗↗선    37.539.6        38.140.2 83.4 84.7              14.00   13.70 4  0  0LL동       13 0                 0 0걸음불변기수신마 1기 1 5 7     8 810⑩1:23.42    2.414.139.414.0  1  9 1.2010 9  0 3.08772808614 3 3 3 70 1 1.08 3.01 2.4 3.3  2.4   39.1   57.2   72.1  .01840 0 5 5 0   -.440.00  .04 7.5683.35 6.5913.2822.28 3101814.0625.1746.50 4
20251122토10140010국3 3 2  2 6혼전 4433          10 1제이모션        사이먼퓨앰버고   5234.00한수 5       1    017:30 41250국3리카디이강운  -2 016 1 1 0 2 3 2 0  0정정희   54.577평선보42 46 4652  .051.029.72657123853203238303534241724156040 0→↘입13.537.138.712.33479                   58 42  833   14.70   12.7027 -6  1UNUP54.74921614  .8 4.8 5.6585812 2거세출주마방선전48기 0 1                            14.7    12.7                                 8 2 7 5 10                                              .02353 0 7 8 0    .238.70  .24     88.45 9.4619.6229.72 6162810.9820.4530.32 4
20250510토 9120011국344 2 92 9혼전 4421흐림불량2010 1제이모션        사이먼퓨앰버고   2838.00한수 52033 2 3  538      41250국3리카디이강운  -2 115 3 317 1 3 215 33정정희49854.071우선하60 59 597642.064.031.41331 53353203238303534241724156040 0↗→입13.537.238.012.3459138.137.7 74.1 76.3 64 45  927   13.90   13.80 5 -4 -1NHDN54.74921614 1.4 3.6 5.0656512-2마방기습승부최상 1기 0 7 9     9 9 9⑥1:14.14    1.114.137.013.1 -1  0 1.70 6 7  1 1.55886134049 7 3 6 63 9 9.10 8.09 2.7 6.8 25.2  343.6  557.6  354.3  .04692 4 6 8 4★ 1.038.40  .39 1.1075.6110.4021.1031.43 51222 5.1715.7521.28 7
20250406일 8140011국324 3 72 8혼전 4441맑음포화1710 1제이모션        사이먼퓨앰버고   5234.00한수 52135 1 2  210      41250국3리카디이강운  -2 214 2 717 5 3 214 35김태훈49855.058우선하57 63 637254.063.033.31799103148113238233334241125196040 0↗↘입13.537.039.112.3415936.740.5 87.8 89.3 70 70 1030   14.10   12.90 6  6  0VNUP54.74921614  .6 3.4 4.0707012 2마방기습마방기습 1기 011 7     8 911⑩1:27.82½  1.613.939.413.8  4 -2 1.3010 6  3 2.26231797230 7 6 4 60 5 8.01 2.04 2.6 4.3 25.9   35.1  141.1   33.612.72875 2 8 8 2    .939.00 -.0213.1788.6610.4722.8733.32 5122213.9225.7737.75 3
20250222토 9120010국354 2102 8혼전 4411맑음건조 310 1제이모션        사이먼퓨앰버고   2838.00한수 52338 9 2  346      41250국3리카디이강운  -2 313 1 217 4 3 213 38김태훈50055.062강선하75 69 697438.060.024.51799103148113238233334241125196040 0↗↘입13.537.238.012.3469137.938.2 75.3 76.5 70 70 1030   13.90   14.40 5  1 -1NNDN54.74921614  .2 2.6 2.8838312-4마방선전마방기습 1기 1 5 9    1010 8⑥1:15.32     .714.137.812.9  3 -1  .89 6 3 -2  .76482265056 9 4 9 93 4 1.02 7.11 2.3 9.0  2.3    9.0   13.0   48.4  .03779 3 6 8 3▲  .838.50  .59 1.3475.61 7.0115.0024.46 2 5 9 3.6810.4918.7511
20250118토 8160010국454 4102 7혼전 4431맑음건조 410 1제이모션        사이먼퓨앰버고   5234.00한수 52541 2 3  435      41250국4리카디이강운  -2 412 2 417 3 3 212 41김태훈50155.579강선하85 87 871773.061.033.01122 03353203238233334241125196040 0↘↗입13.536.739.712.3464736.739.7102.9103.3 78 78 1133   13.70   13.00 5 -4  1HNUP54.74921614 -.8 3.4 2.6838312 2마방선전마방선전 1기 1 4 7   7 7 7 8⑧1:42.91¾  2.113.940.914.4  3  2 -.20 8 5  3 2.36462566321 8 5 2 40 3 4.01 6.07 3.8 9.6  6.2   15.8   37.2   39.712.72869 2 8 9 2    .839.70 -.1326.93103.310.0021.2232.99 7162713.9524.1931.54 3
20241215일10140011국354 3102 9혼전 4441맑음양호 810 1제이모션        사이먼퓨앰버고   5234.00한수 42745 2 3  533      41250국3리카디이강운  -2 511 1 617 2 3 211 45김태훈49954.579강선상94 96 968580.069.029.41122 03353203238233334241125196040 0↘↗입13.536.939.012.3556436.839.0 88.0 88.4 75 75 1338   13.70   12.60 3 -2 -1NH동54.74921614 -.2 2.8 2.6828212 0마방연대마방선전 1기 0 8 3     5 4 4③1:28.0¾    .013.738.513.0  1 10  .50 3 2 -2  .12937352579 7 7 2 52 2 7.04 9.01 4.711.0 11.0   30.5   50.9   37.310.54690 2 9 9 2☆ 1.138.90  .2112.4588.52 9.2419.4829.4310233613.6627.1836.42 3
20241123토 7140011국444 3 92 7혼전 4452맑음건조 410 1제이모션        사이먼퓨앰버고   5234.00한수 4 1   2 4  612      33000국4리카디이강운  -2 610 6 517 1 2 2 0  0김태훈48955.571우선하56 55 5559  .065.040.72675 83247 63238233334241125197525 0↗↘입13.536.939.612.8563237.336.4 86.7 86.8 71 71 1429   14.30   13.6022  5 -1BNDN54.54931614 1.4 3.0 4.4686812-2강단마필마방연대 1기 010 4     4 2 1①1:26.77   -1.313.736.712.6 -3-14 -.10 1 4  2  .0 267 1 094 9 9 6 32 1 4.0310.09 4.0 7.5  6.0   11.8   26.5  137.2  .03373 1 6 8 1    .938.60 -.4810.3188.9314.9729.3340.7018365111.3921.1851.49 5
20240616일 61600 9국412 5 62 8혼전 4431맑음건조 510 1제이모션        사이먼퓨앰버고   5234.00한수 42244 2 6 1045      33000국4리카디이강운  -2 7 9 5 317 3 2 2 9 44정정희50356.077우선하80 84 841778.068.051.42760184458243238303534241724157525 0↘↘입13.536.340.312.8682036.340.2104.1103.5 71 71 1429   13.50   13.10 4  1  1NLUP54.54931614 1.4 2.2 3.6747412 2마방선전강단마필 1기 0 5 2   2 3 4 6⑥1:44.11¾  1.314.340.013.6  4  2 -.45 6 2  1 1.66938676538 1 9 3 22 8 1.03 3.06 1.8 5.2  1.8    7.1   10.8   38.212.73373 2 9 9 2▲ 1.340.30 -.6526.92103.422.3638.4251.3518365115.4529.6042.73 2
20240519일 5140011국453 1102 8혼전 4451맑음양호 710 1제이모션        사이먼퓨앰버고   5234.00한수 42550 2 6 1129      33000국4리카디이강운  -2 8 8 4 417 2 2 2 8 50정정희50155.577우선적74 76 7676  .066.035.72760184458243238303534241724157525 0↘↘입13.536.739.512.8673536.738.7 87.3 88.3 67 67 1733   13.50   13.10 2  2  0HNDN54.54931613 1.5 2.5 4.0727214-2승부최상마방선전 1기 0 4 1     1 1 2③1:27.3½    .013.538.513.1  2 -3  .50 3 1    1.12831241378 3 8 6 31 7 2.0411.06 4.3 8.9  5.2   11.6   23.8   15.812.73379 2 8 9 2▲ 1.139.10 -.1612.1288.7313.8625.1435.70183651 8.1815.8639.58 6
20240505일 71600 8국452 1102 9 1강 1134비  포화1610 1제이모션        사이먼퓨앰버고   5234.00한수 42550 1 6 1169      33000국4리카디이강운  -2 9 7 3 217 1 2 2 8 50정정희50455.577우선적65 65 651793.075.076.92760184458243238303534241724157525 0↘↘입13.536.240.312.87320                   67 67 1733   13.80   13.20 6 -8 -2UNUP54.54931613 3.3 1.3 4.7676714 2마방선전승부최상 1기 0 2                    경제    13.8    13.2     0 1.07                      1 8 3 10 6 2.06 4.01 2.3 5.3  5.2   16.0   33.2   10.8  .04698 4 9 9 4★ 1.940.30-1.22     103.340.1765.0176.8639607331.9749.1563.58 1
20240323토 8140011국452 5102 8 1강 1141맑음양호 610 1제이모션        사이먼퓨앰버고   5234.00한수 42857 2 7 1311      33000국4리카디이강운  -210 6 2 317 2 2 2 7 57이동진50457.057기선적67 64 647286.065.035.2 0 0 0327016323835 034241214177525 0↘↗추13.536.639.712.8762537.138.7 89.4 88.6 67 67 1733   13.90   14.40 5  2  1LBDN54.54931613 5.0 1.5 6.5535314-2강단마필마방선전 1기 110 4     3 3 7⑥1:29.4¾    .513.838.813.2  4  0 -.49 6 2 -3  .94052262564 2 8 7 42 2 5.01 8.02 4.1 9.1  8.3   22.5   54.7   35.3  .03373 0 8 9 0    .839.20 -.2012.3488.8011.4623.1335.1614284213.9926.1637.00 3
20240217토 7160010국441 8 42 8혼전 4431맑음다습1110 1제이모션        사이먼퓨앰버고   5234.00한수 4 1   2 8 1422      33000국4리카디이강운  -211 5 1 217 1 2 2 0  0이동진50456.055강선적97 95 9517  .064.049.4 850 0335019323835 0342412141799 0 0↗↘추13.535.839.612.8934336.839.5103.9102.6 80 80 2040   13.60   13.9022 -1  1NBUP54.04891613  .0 1.0 1.0949414 2과중분패강단마필 1기 1 8 2   2 4 3 5⑤1:43.9코    .713.940.714.4  0 13-1.30 5 5  4  .84171496157 1 6 3 22 1 2.01 5.04 1.9 3.7  4.0    3.7    7.8    8.310.52981 2 8 9 2△  .939.60 -.0627.24102.718.2536.2449.36183651 9.7818.0948.47 7
20230910일10140011국513 2 62 9 1강 1141맑음양호 710 1제이모션        사이먼퓨앰버고   5234.00한수 34080 210 1876      33000국5리카디이강운  -212 4 2 217 1 2 2 5 80정정희49155.573강선적91 93 938996.070.047.617201443791332383035342417241599 0 0→→입13.536.539.912.8841136.240.0 88.4 88.8 80 80 2040   13.70   14.40 3  6  3LLDN54.04891613         2.0    14-2적정체중승부최상 1기 0 9 4     4 3 3⑥1:28.4½    .613.639.713.9  5  1  .19 6 1  0 1.44410673958 111 1 22 5 3.0511.03 1.8 5.3  7.8   54.5  103.3  150.2  .04492 0 9 9 0☆ 1.639.40 -.6012.3688.8622.0335.9647.5919405630.1449.8162.50 1
20230820일 6160010국414 8 62 9 3강 3331맑음건조 310 1제이모션        사이먼퓨앰버고   5234.00한수 35075 210 1941      33000국4리카디이강운  -213 3 1 117 1 2 1 4 75빅투아49053.085강선적99 96 961795.071.071.930651843791332383725342420281899 0 0↗↘입13.536.739.112.8458936.040.1102.6102.2 75 75 2550   13.50   13.30 2 -8  1UNUP54.04891613         2.0    14 2전개최상승부최상 1기 0 3 1   1 1 1 1②1:42.6머리  .013.740.414.4  1 -3 -.10 2 1 -5  .12721665479 3 3 1 11 1 6.01 5.03 1.6 5.3 18.4    9.5   41.0   24.111.24898 4 9 9 4★ 1.439.10 -.7826.41102.931.1456.0371.8632526429.8953.4067.68 1
20230805토14140011국553 2102 9 3강 3341맑음건조 310 1제이모션        사이먼퓨앰버고   5234.00한수 36666 110 1993      33000국5리카디이강운  -214 2 3 117 4 2 0 3 66정정희49352.073강선보88 51 519192.076.052.517201443791332383035342417241599 0 0→→입13.636.739.012.8709236.938.1 87.5 87.8 67 67 3333   13.60   13.10 7  5 -3VUUP55.04871413         1.0    12 1마방선전전개최상 1기 011 2     2 2 2②1:27.5목    .013.538.113.3 -4 11  .10 2 6  5  .0124611 783 3 4 6 21 4 5.06 2.11 3.411.1  8.7   36.5   68.7  194.811.25398 4 9 9 4★ 1.939.00 -.3012.0688.3821.7440.4252.5315324720.5138.3042.67 1
20230618일 4130011국552 6102 7혼전 4421맑음건조 310 1제이모션        사이먼퓨앰버고   5234.00한수 3 1   211 2113      22000국5리카디이강운  -215 1 2 217 3 1 0 0  0정정희48255.073기도적 5  5  568  .065.039.116251035581932383035342417241599 0 0↘→입13.636.940.013.086 737.337.7 82.1 81.6 50 50 50 0   13.60   14.0022 -2  1NN동55.04921312        12.0    12 0전개최상마방선전 1관 0 6 1     1 1 1①1:22.11¾  -.313.638.113.1  0-14 -.70 1 1 -1  .0 633 8 393 31111 31 3 1.05 6.11 2.8 7.3  2.8   10.0   13.1   17.3  .03463 0 6 8 0    .939.80 -.30 4.7383.2314.6528.7239.1432526410.8420.4554.89 5
20251122토10140010국3 3 2  4 6혼전 4433          10 2검이불루        커널존  블레이징 3737.00한암 51229   1    017:30 41250국3강환민김우식   0 016 2 925 3 3 424 29정우주   51.069기입적50 48 483619.050.027.82041101245 4232416 01818163013176717↗↘입13.337.239.212.52851                   39 44 1728   14.20   13.90 5  0 -1HU동53.44601614-1.4 7.2 5.8484812 0걸음불변부중영향31관 0 2                            14.2    13.9                                 9 5 6 6  3                                              .02663 1 4 5 1    .139.20 -.07     88.86 7.8517.5627.84 51223 3.6611.3624.91 9
20251018토 9140011국353 1104 4혼전 4431흐림포화1910 2검이불루        커널존  블레이징 3737.00한암 51330 2 1  102      41250국3강환민김우식   0 115 1 825 2 3 423 30정우주46052.069기입적73 61 613523.041.011.52041101245 4232416 01818163013176717↗↘입13.336.939.312.5464737.340.3 87.9 90.0 41 47 1829   14.30   13.70 8 -3  1HN동53.44601612-1.4 6.0 4.6636312 0걸음불변기복전력72기 1 210    10 9 9⑦1:27.9½   2.214.239.213.9 -4 -5 1.50 711  6 2.37766758021 8 610 90 2 2.08 6.07 3.1 7.0  3.8   52.4   74.1  164.8  .02139 0 4 5 0   -.639.20  .5013.8088.73 1.96 6.2011.48 2 5 9 4.5511.4117.01 9
20250824일10140011국411 4 64 7 2강 2241맑음건조 410 2검이불루        커널존  블레이징 3737.00한암 51331 2 1  129      41250국4강환민김우식   0 214 2 725 1 3 422 31정우주46551.069기입보39 36 364637.058.038.52041101245 4232416 01818163013176717↗↘입13.336.839.712.5582536.739.2 86.4 87.9 44 44 3119   14.30   13.70 6 -2 -1NU동53.44601612-1.0 6.8 5.8585812 0주행평범부중영향32관 0 510     6 4 3③1:26.46    1.114.338.113.7 -2  4 1.00 3 5 -3 1.51634443245 5 7 8 32 110.01 9.03 1.9 7.9 32.0   22.8   75.0  106.9  .03469 2 4 7 2    .638.90 -.4211.4488.9312.9026.1838.54132843 8.2617.6728.04 5
20250713일101400 9국342 2 94 9혼전 4431흐림양호 610 2검이불루        커널존  블레이징 3737.00한암 51433 2 1   88      41250국3강환민김우식   0 313 1 625 1 3 421 33이혁  46152.088기입보65 50 505247.065.036.31428 61245 4232421 01818272119176717↘↗선13.336.839.612.5522837.439.5 88.6 89.3 47 47 3313   14.30   13.40 4  3  0NU동53.44601612 -.8 6.8 6.0515112 0걸음불변부중유리58관 0 7 9     8 9 8⑧1:28.6머리 1.214.339.413.7  0 -3  .30 8 8 -2 2.96467566643 7 7 5 40 1 1.06 6.02 2.1 4.3  2.1   17.3   23.7   21.6  .04387 4 5 8 4★ 1.339.20 -.2912.8988.8612.1624.7036.31 61526 8.7720.4332.55 7
20250615일10140010국453 2104 9혼전 4441맑음건조 310 2검이불루        커널존  블레이징 3737.00한암 51535 2 1   62      41250국4강환민김우식   0 412 7 525 1 3 420 35조재로46452.078기입보68 71 716268.067.031.92748131245 42324 0 01818192422176717↗↘추13.336.839.512.5573937.638.7 88.2 88.7 50 50 2121   13.90   14.00 6 -3 -1HU동53.44601612-1.6 6.8 5.2545412 0부중효과부중유리23트 0 4 8     9 9 9⑨1:28.2½   1.314.338.113.4 -1 -1  .30 910  8 1.64478304939 5 9 6 30 1 1.0811.10 2.8 8.0  2.8   31.7   39.3  105.4  .03590 3 7 8 3▲ 1.139.10 -.1212.3888.8012.4622.4731.9018365110.2220.3827.68 3
20250504일 5140010국442 5 94 7 1강 1136맑음다습1410 2검이불루        커널존  블레이징 3737.00한암 51531 1 1  129      33000국4강환민김우식   0 511 6 425 1 3 319 31김성현46553.067기입적80 78 786380.064.043.4 922 61245 4232416 01818162519206020→↗입13.336.839.612.5573536.540.2 88.0 88.6 46 54 3123   13.80   13.60 4 -3  0NH동53.54591612-1.6 8.0 6.4424212 0부중효과부중효과 1기 1 7 7     6 4 4②1:28.05     .013.939.314.0  0 -2  .60 2 2 -3  .94020725779 5 7 1 32 1 1.02 9.07 3.2 5.2  3.2    6.0    9.8    7.412.03485 2 7 7 2   1.139.10 -.4712.2388.8614.8829.8643.3512253922.2242.2153.40 2
20250406일 71400 9국442 5 94 6 1강 1144맑음포화1710 2검이불루        커널존  블레이징 3737.00한암 51127 1 2  211      33000국4강환민김우식   0 610 5 325 1 2 318 27김태훈46753.058기입보31 24 245226.062.048.2179910225313232417 01818112519255025↗↘입13.336.839.512.5553936.239.7 86.6 87.8 42 50 2525   13.60   15.00 4  0 -1LHDN53.64571612-1.0 7.6 6.6404014-2걸음불변부중효과 1기 010 4     3 1 1①1:26.62½  -.413.838.613.6 -4  0 1.30 1 5 -4  .01211592990 3 6 7 22 1 5.0910.02 3.4 7.6 10.1  255.1  438.1  545.512.03472 2 5 7 2    .838.90 -.5411.4988.8018.4135.4248.18183956 6.7817.0221.61 5
20250309일 7160010국412 4 14 3 1강 1131맑음양호 810 2검이불루        커널존  블레이징 3737.00한암 51129 2 2  295      33000국4강환민김우식   0 7 9 4 525 3 2 317 29이용호46754.080기자보17 10 101713.034.014.12262 9225313232414 01818191620255025↘↗선13.336.439.912.5614336.640.9103.9104.1 45 55 2727   14.70   14.60 6  0  1VN동53.64571612-1.4 7.0 5.6515114 0걸음불변기복전력 1관 010 2   2 2 2 6⑨1:43.91¾  2.213.641.615.0  0 -1  .00 9 9  1 3.28157828715 4 7 9 81 4 1.04 1.07 1.5 2.8  1.5    9.4   12.3    9.1  .01414 0 3 2 0  -1.039.90  .3727.80103.2 2.35 7.1814.12 1 512 3.09 7.4915.05 6
20250126일 8160010국454 7 54 4 2강 2231맑음건조 310 2검이불루        커널존  블레이징 3737.00한암 51231 9 3  402      33000국4강환민김우식   0 8 8 3 425 2 2 316 31이용호46853.576우자상31 38 381738.048.017.23056172350 9232414 01818191620255025→↘선13.336.339.912.5664336.639.8104.9103.7 50 60 3030   13.80   14.40 4  5  0VN동53.64571612-2.0 6.2 4.2656514 0걸음관심기수영향 1트 01010  101010 9⑨1:44.9½   2.814.740.914.6  1 -1-1.10 9 8 -2 4.27354586311 3 6 8 70 3 2.09 1.04 2.3 3.4  3.6   51.5   93.8  183.8  .02726 0 5 6 0   -.239.90  .3527.50103.2 3.28 9.7717.24 3 817 2.75 8.7816.67 9
20241228토 9160010국412 2 64 5혼전 4431맑음건조 410 2검이불루        커널존  블레이징 3737.00한암 41333 9 3  501      33000국4강환민김우식   0 9 7 2 325 1 2 315 33이용호46953.576우입보28 27 271726.049.019.93056172350 9232414 01818191620255025→↘선13.336.240.012.5734336.839.3103.2103.1 56 67 3333   13.70   14.20 4 -5  0NN동53.64571612-1.6 5.0 3.4717114 0안정전력기수영향 1기 1 5 6   6 7 8 7⑤1:43.23     .813.840.514.4 -5  2 -.40 510  2 1.25671445653 2 910 73 2 5.0610.09 1.7 6.2 11.4   38.7   84.6   55.9  .02243 0 5 6 0   -.140.00  .2726.89103.2 4.04 9.5519.86 3 817 3.7011.3716.83 8
20241130토 7160010국423 2 74 6혼전 4431흐림포화1810 2검이불루        커널존  블레이징 3737.00한암 41435 9 3  590      33000국4강환민김우식   010 6 1 225 1 2 314 35이동하46753.588우입상75 81 811769.062.038.52133112350 9232425 01818242619255025→↗선13.336.239.912.5714735.841.0102.0104.3 63 75 2538   14.60   14.20 6  4  1VN동53.64571612-1.4 3.8 2.4808014 0뒷심문제안정전력 1관 010 3   3 2 2 6⑧1:42.02    1.913.740.414.2  0  4 1.60 8 8  5 2.18414837421 4 6 2 21 1 9.02 4.05 2.1 5.6 32.0   70.2  209.8  159.412.72977 2 8 9 2    .939.90 -.1428.18103.113.3327.5638.5210233615.7427.1537.95 3
20241019토 6160010국550 5 54 9 1강 1139흐림포화1610 2검이불루        커널존  블레이징 3737.00한암 41530 2 4  721      33000국5강환민김우식   011 5 3 125 1 2 213 30이용호46352.572강입보82 81 811784.068.085.41971 6236713232414 01818191620255025↘→선13.336.639.112.5508235.939.8102.7102.7 57 86 1443   13.30   14.30 8  5 -1LHUP53.64571612-2.4 5.0 2.6787814 3주행평범부중유리 1관 0 6 9   9 6 4 2②1:42.78     .014.639.614.2 -1 -1  .10 2 3 -3 1.44318583976 2 1 1 12 1 1.03 3.06 2.1 3.4  2.1    8.2   11.4    6.0  .04085 3 8 9 3☆ 1.439.10-1.0426.98102.939.6069.8085.3539607337.7473.3385.28 1
20240824토 6130011국452 2104 7혼전 4421맑음다습1210 2검이불루        커널존  블레이징 3737.00한암 41633 2 5  871      33000국4강환민김우식   012 4 2 425 1 2 212 33임기원46453.092강입하37 60 608838.062.026.53040 82018122324 9 01818253216333333↘↘선13.537.138.712.5689637.139.1 81.6 83.1 67100 1750   13.60   14.10 7 -3  1UNDN53.84551412-2.0 4.0 2.0838314-1승군탐색거리속성 1관 0 1 5     4 3 3④1:21.61¼   .313.339.414.3 -2  1  .70 4 6  3  .74825503166 4 2 7 52 1 2.0710.09 3.313.7  6.7   27.4   54.2   70.5  .02683 1 6 5 1    .840.00  .69 7.2682.52 7.8516.5926.54 71627 3.9410.7720.25 8
20240707일 5140010국444 2 44 9 3강 3331흐림다습1410 2검이불루        커널존  블레이징 3737.00한암 41836 1 5  985      33000국4강환민김우식   013 3 1 225 4 2 211 36씨씨웡46352.582강입보91 89 898278.070.055.51025 82018122324 0 01818202422333333↘↗선13.536.838.812.5619236.839.3 88.3 89.1 67100 1750   14.10   13.60 6 -3 -1HHUP53.84551412-1.4 3.4 2.0838314 1걸음관심부중유리 1기 1 4 3     3 4 5⑥1:28.3¾   1.413.639.014.1  3 -2  .79 6 3  1 2.35538463634 4 3 4 22 4 1.04 8.11 2.1 2.6  2.1    8.1   11.9   46.6  .03585 3 8 8 3☆ 1.439.10 -.3213.4888.3223.1542.2855.5021425810.5622.5332.80 4
20240526일 61300 9국551 2 54 8혼전 4421비  건조 410 2검이불루        커널존  블레이징 3737.00한암 42040 9 6 1107      33000국5강환민김우식   014 2 2 325 3 2 210 40씨씨웡46553.093강입상88 94 948675.061.041.53357 71550 02324 0 01818202422333333→↘선13.537.038.712.5769537.838.4 82.1 82.7 67100 1750   13.60   13.50 5  1  1LNDN53.84551412-1.0 3.3 2.3828214-1전개최상거리속성 1기 2 7 8     7 7 6⑤1:22.12     .514.138.713.6  3 -1  .19 5 2 -2  .73357242762 2 2 2 40 3 1.05 6.04 1.8 3.6  1.8    8.4   12.8   21.410.53478 2 8 7 2    .840.00  .37 6.9882.4513.2927.5341.46 7162718.1837.2951.58 2
20240421일101400 9국421 4 74 9 2강 2251흐림다습1210 2검이불루        커널존  블레이징 3737.00한암 42233 2 7 1210      33000국4강환민김우식   015 1 1 125 2 2 1 9 33씨씨웡46652.092강입상86 88 889195.070.068.12838131945102324 0 01818202422333333↘→선13.536.738.812.5699236.938.3 86.9 87.5 60100 2040   14.00   12.80 6 -1 -3LUUP53.84551412-1.7 3.7 2.0868612 2전개최상전개최상 1기 0 6 4     4 2 2②1:26.96     .013.637.913.5 -2  4  .60 2 4  0 1.1 64114 882 2 3 2 12 2 1.04 9.06 2.8 3.4  2.8   13.8   21.6   35.4  .04696 4 9 9 4★ 1.638.90 -.5711.9588.2532.8454.6168.1221425817.3338.4954.32 3
20251122토10140010국3 3 2  4 4혼전 4433          10 3학산마초        사우스비회오리바 8627.00한수 41122   1    017:30 41250국3홍대유황봉기   2 016 11329 1 3 327 22해리카   52.071기자보50 32 3221  .031.0 9.91950101837 71517 9101914182612112244↘↘입13.536.639.812.47616                   32 41 1423   13.50   12.70 7 -3  0HUDN54.25021814 -.4 9.0 8.6131312-2출주취소지울마필48관 0 3                            13.5    12.7                                 4101010  1                                              .02221-1 2 2-1  -1.339.80  .40     88.86 2.09 4.71 9.86 1 4 710.9820.4530.32 5
20251003금101600 9국452 2104 1혼전 4431흐림다습1110 3학산마초        사우스비회오리바 8627.00한수 41122 1 1  123      41250혼3홍대유황봉기   2 115 8 329 2 3 327 22이동하  052.088기자보 5  3  31721.037.011.42849151837 7151719351914242619112244→↘선13.536.140.412.48018                   32 41 1423   14.00   14.70 6 -5  0NUUP54.25021814  .0 8.6 8.6232312 2걸음불변부진마필32관 0 6                    취소    14.0    14.7     0 1.87                      41010 90 8 2.03 3.05 3.1 6.2  3.8    6.2    9.5    7.0  .014 9-3 3 4-3▽-1.040.40  .35     103.3 1.50 5.2611.43 2 5 9 7.3717.4426.26 6
20250824일10140011국411 1 64 1 2강 2241맑음건조 410 3학산마초        사우스비회오리바 8627.00한수 41123 2 1  107      41250국4홍대유황봉기   2 214 71229 1 3 326 23이동하51252.088평자보10  5  53521.038.013.72849151837 7151719351914242619112244→↘선13.536.639.812.4801636.541.7 89.4 90.9 33 48 1919   14.10   14.60 3  2 -2VUDN54.25021814  .0 8.6 8.6232312-4선행무리지울마필43기 011 5     4 7 8⑧1:29.44    4.114.040.614.7 -3  7 1.00 811  2 4.591249390 4 41011 80 710.01 9.03 1.9 7.9 32.0   22.8   75.0  106.9  .01331-1 3 2-1   -.939.70  .3014.5488.86 2.33 6.4413.74 2 511 6.4215.8124.30 7
20250802토 71800 9국433 7 84 1 2강 2241맑음건조 310 3학산마초        사우스비회오리바 86     한수 41224 1 1   37      41250국4홍대유황봉기   2 313 6 229 3 3 325 24조인권50553.564평입보22  8  8 2 5.028.0 6.81635101837 7151715181914232413112244↗↘선13.540.240.912.4421638.742.9122.1121.3 35 55 1025   14.10   14.50 4  4  0VHUP54.25021814  .2 8.4 8.6323212 4걸음불변지울마필49기 0 9 1 2 2 2 3 9⑨2:02.11    3.514.143.014.6  0  2 -.90 9 9  1 3.591 5927517 5 9 9 91 3 3.01 5.06 2.1 3.8  4.0    3.8    8.5    8.2  .014 6-3 2 1-3▽-1.641.00  .2340.15119.0  .53 1.54 6.80 2 5 9  .78 3.45 7.50 7
20250706일 91400 9국434 2 84 3 2강 2236맑음건조 310 3학산마초        사우스비회오리바 8627.00한수 41225 1 1   66      41250국4홍대유황봉기   2 412 51129 2 3 324 25조인권50353.565평무하20 13 1321 6.034.010.41635101837 7151715181914232413112244↗↘선13.537.039.412.4473936.440.7 89.1 89.6 37 53 1126   14.50   14.10 4  1  0NHDN54.25021814 -.4 7.6 7.2444412-2걸음불변보통걸음74기 1 5 8     4 5 8⑧1:29.12½  1.714.140.314.5  0  0  .20 8 8  2 2.67220867529 7 4 9 82 2 4.03 8.07 2.7 5.8  9.7   13.2   28.6   18.7  .01414 0 2 2 0  -1.039.10  .4013.1688.86 1.39 4.7310.38 2 511 1.35 5.9910.99 8
20250608일 81600 9국342 5 44 3 1강 1131맑음건조 310 3학산마초        사우스비회오리바 8627.00한수 41326 2 1   62      41250국3홍대유황봉기   2 511 4 329 1 3 323 26조인권50353.565평무보17 12 121711.037.016.51635101837 7151715181914232413112244↗↘선13.536.839.812.4354336.539.8103.8103.9 39 61 1733   14.40   14.40 5 -2 -1HHUP54.25021814 -.8 6.8 6.0595912 2걸음불변보통걸음48기 1 4 8   8 4 7 9⑧1:43.84    2.514.540.514.1  2 -2 -.30 8 6 -5 2.77751616318 7 7 7 60 1 3.04 7.06 1.8 3.5  7.1   16.3   38.9    9.6  .01418 0 3 4 0   -.939.80  .1827.33103.4 2.68 7.4316.46 41118 1.44 4.9612.43 8
20250504일 9140011국354 4104 5 3강 3341맑음다습1310 3학산마초        사우스비회오리바 8627.00한수 41327 1 1  125      41250국3홍대유황봉기   2 610 31029 2 3 322 27이동하50554.088우무상64 58 583527.044.012.32849151837 7151719351914242619112244→↘선13.537.039.212.4465137.441.2 88.9 91.1 41 59 1835   13.90   14.00 4  5  0NH동54.25021814-1.2 5.8 4.6717112 0걸음불변기수영향 1기 1 610     9 911⑩1:28.91    3.314.440.114.4 -1 -1 1.901011  2 4.193698992 610 6 8 90 6 3.01 2.05 2.7 5.6  5.8    6.7   15.6    8.5  .01840 0 4 4 0   -.439.40  .4714.9088.73 2.51 5.9812.25 1 4 7 4.6412.2318.31 8
20250406일 8140011국324 3 74 5혼전 4441맑음포화1710 3학산마초        사우스비회오리바 8627.00한수 41428 1 2  210      41250국3홍대유황봉기   2 7 9 2 929 1 3 321 28이동하50654.085평추하53 51 514526.049.019.42253 91670 7151719351914242619112244↗→선13.537.239.212.4275536.240.5 87.1 88.6 44 63 1338   14.10   13.50 4 -1  1UN동54.25021814 -.4 5.4 5.0626212 0주행평범보통걸음 1트 0 1 4     2 4 6⑧1:27.11     .913.939.414.0 -1 -4 1.30 8 9  1 1.53710795751 8 8 6 90 5 8.01 2.04 2.6 4.3 25.9   35.1  141.1   33.6  .02662 1 4 4 1    .038.60  .1612.1788.86 4.8310.4119.37 2 5 9 5.0612.3716.89 8
20250308토 8140011국344 3 94 4혼전 4441맑음다습1110 3학산마초        사우스비회오리바 8627.00한수 41530 2 2  304      41250국3홍대유황봉기   2 8 8 1 829 2 3 320 30장추열51053.593우추상92 92 925359.051.021.93862 01670 7151735201914202522112244→↘입13.537.139.012.4336437.239.6 87.0 89.1 47 67 1340   14.20   13.40 4  1 -4HH동54.25021813-1.6 5.0 3.4717112 0뒷심문제보통걸음 1기 0 2 8     7 8 8⑨1:27.01    1.014.138.513.5  1  7 1.70 9 8  4 1.8585857614710 5 5 70 8 2.06 9.11 2.9 7.2  5.2   53.4   86.3  270.410.52958 0 6 5 0    .138.90  .2713.0488.66 5.2812.8921.92 41118 8.5719.0127.75 7
20250208토 6140010국454 6104 6혼전 4441맑음건조 510 3학산마초        사우스비회오리바 8627.00한수 41026 1 2  393      33000국4홍대유황봉기   2 9 7 1 729 1 2 319 26장추열50357.093우추하61 61 615748.062.033.93862 01670 7151735201914202522131350→↘입13.537.338.912.4196836.439.3 88.3 87.3 43 64  743   14.50   13.40 5 -5  1UBDN53.85021813 -.8 4.6 3.8656512-2걸음관심선추겸비 1관 2 1 9     4 3 2①1:28.32    -.314.239.113.4 -3 -4 -.60 1 4  2  .0 41847229211 6 7 42 7 4.01 1.05 3.710.2  7.8   11.6   28.4   44.0  .02774 1 6 5 1    .838.30 -.1111.0788.7311.6322.8933.93102336 8.5917.6724.57 5
20250104토 7160010국511 6 64 6 1강 1131맑음건조 310 3학산마초        사우스비회오리바 8627.00한수 41127 1 3  480      33000국5홍대유황봉기   210 6 6 229 1 2 318 27문세영50756.093우추보53 46 461772.070.057.43847181236 7151738301914283616131350↗→입13.537.239.512.4135537.138.0103.0102.2 43 64  743   14.50   13.70 3  5  0NL동53.85021813-1.2 5.2 4.0606012 0주행평범단기승부 1기 2 6 7   7 7 6 5④1:43.04     .814.538.913.4  2 -3 -.85 4 2  1 1.52685112060 9 5 6 20 1 1.03 8.05 1.5 4.8  1.5    4.8    6.0   12.6  .02680 1 6 7 1   1.339.50 -.8325.48103.423.3543.4057.3821425813.0425.6235.50 3
20241214토 71600 7국452 6 54 6 1강 1131맑음양호 810 3학산마초        사우스비회오리바 8627.00한수 31129 2 3  547      33000국4홍대유황봉기   211 5 5 129 3 2 317 29김동수51056.065우추상82 73 731770.057.043.21325171236 71517 5 61914 92027131350→→추13.537.139.512.4185537.238.5103.4103.2 43 64  743   14.20   13.50 4 -7  0ULUP53.85021813-1.0 4.6 3.6676712 2뒷심문제기수영향 1기 1 1 6   6 6 6 6⑤1:43.4¾    .814.539.613.7  4  1 -.61 5 1 -1 1.35987203954 7 4 3 42 4 4.03 4.08 3.4 4.8  5.7    9.3   19.3   10.4  .02948 1 7 7 1    .639.50 -.4626.59103.413.8128.7043.15 8203313.7932.0950.00 2
20241116토 7140010국452 4104 4혼전 4451비  건조 310 3학산마초        사우스비회오리바 8627.00한수 31225 2 4  634      33000국4홍대유황봉기   212 4 4 629 2 2 216 25김동수50956.065우추상71 65 655223.053.025.01675 92470181517 5 61914 92027141443→→추13.537.239.012.4286437.238.4 87.9 88.2 38 62  838   14.40   13.00 4  2  1LB동53.55001813-1.8 4.2 2.4797912 0걸음관심선추겸비 1관 2 810     9 8 6②1:27.9목    .014.238.713.5  0  7 -.10 2 2 -4  .12362162079 9 3 5 83 3 6.02 9.08 5.211.5  6.4   11.5   30.2   25.9  .02745 0 5 4 0    .338.50  .1311.9688.73 6.5716.0324.98 3 815 7.0615.7922.30 7
20241019토 9140011국413 3 64 5 1강 1151흐림포화1610 3학산마초        사우스비회오리바 8627.00한수 31326 2 4  718      33000국4홍대유황봉기   213 3 3 529 1 2 215 26김동수50255.065우자하23 17 1732 5.045.020.61675 92470181517 5 61914 92027171733→→추13.537.239.412.4304337.738.2 87.9 88.4 42 67  833   14.60   14.20 2 -1  1NN동53.35001813 -.6 3.2 2.6777712 0승부최상단기승부 1기 1 6 9     7 8 5③1:27.93     .514.438.213.0 -3 -2  .40 3 6 -1  .93083133162 8 810 63 2 2.01 5.09 1.5 4.3  6.6    4.3   14.2   14.7  .03343 0 2 3 0   -.338.60 -.0111.7889.00 5.8411.8220.56 51223  .99 4.02 7.1611
20241005토 7140010국453 1 54 9혼전 4441맑음건조 310 3학산마초        사우스비회오리바 8627.00한수 31428 1 4  764      33000국4홍대유황봉기   214 2 2 429 1 2 214 28장추열50454.591강자상86 87 877274.075.053.42548 8247018151735201914202522171733↗→입13.537.039.212.4485538.139.9 88.8 90.6 45 73  936   14.00   13.30 4  6  3NNUP53.35001813 -.8 3.4 2.6818112 1승부최상승부최상 1기 2 710    10 910⑩1:28.8¾   2.614.639.714.2  3 -1 1.0010 7  1 4.188936687 8 8 5 6 10 6 1.08 2.11 2.4 4.6  2.4   27.3   37.1   93.010.64497 3 8 8 3☆ 1.739.30 -.6014.3988.7325.7643.1453.3932526411.2622.6733.05 3
20240908일 8130010국452 1104 9혼전 4421맑음다습1010 3학산마초        사우스비회오리바 8627.00한수 3 723 2 5  814      33000국4홍대유황봉기   215 1 1 729 1 1 213 23유승완50552.089강자보61 77 7775  .069.052.11950 723671215171525191416262320 040↘↗입13.537.139.012.4656837.137.4 80.9 81.8 40 70 1030   13.50   12.70 6 -4  0UUDN53.54991813 -.6 3.0 2.4868612-5출주제외승부최상 1기 0 1 6     3 3 1①1:20.91    -.214.037.713.3 -5  0  .10 1 6     .0 925 4 187 6 5 4 22 1 6.02 1.09 3.2 7.0  9.6   20.9   43.5   22.412.74493 2 8 9 2☆ 1.339.70 -.18 5.6982.7122.0139.4852.0618365112.1623.3856.31 3
20251122토10140010국3 3 2  2 8혼전 4433          10 4오늘도스마일    페더럴리히트스윕 6237.00한암 3       1    017:30 41250국3문병기(주)나스 0 0 6 1 1 0 1 4 1 0  0이용호   56.068강선보50 66 6685  .057.040.41064 232531625342932282919162099 0 0↗↗선13.236.339.012.69579                   80 80 8060   14.20   13.1023 -1  1HBDN53.54782012-1.2 2.6 1.4898910-6거세출주마방선전53기 1 4                            14.2    13.1                                 1 4 1 3  5                                            12.73477 2 8 9 2    .639.00  .29     88.1114.5927.8140.3612253910.9820.4530.32 6
20250608일 72000 9국411 9 12 8 2강 2239맑음건조 310 4오늘도스마일    페더럴리히트스윕 3536.00한암 3     2 3  447     275000국O문병기선형조   1 1 5 3 1 5 1 4 1 5  0씨씨웡48355.073강선보88 90 9075  .061.083.123501130361825 022 0282920242299 0 0↗↘선13.238.740.612.6867238.341.3132.2130.7100100 7575   13.20   13.1011  3  1NLUP53.14772012-1.5 2.5 1.0959510 8전개최상마방선전 5   0 5 1 1 1 1 1 1③2:12.23     .513.641.014.8  0  7  .20 3 3  2  .94211725372 6 7 1 11 1 2.01 2.07 1.3 2.2  6.1    2.2    9.9    2.7  .03471 1 8 8 1△  .641.00-1.0451.44131.036.9263.6683.11325264 9.2820.0036.43 6
20250323일 6120011국414 2 62 9혼전 4431맑음건조 410 4오늘도스마일    페더럴리히트스윕 7127.00한암 3     2 2  254      33000국4문병기선형조   1 2 4 2 3 5 4 3 0 3  0이용호47854.579강도보94 95 9599  .073.055.32262 936542425 02931282919162099 0 0↘↗선13.236.538.012.6959535.937.6 72.5 73.8100100 6767   13.20   14.30 5 -7  3UL동52.74761212-2.0 3.0 1.0939310 0전개최상전개최상 1기 1 2 1     1 1 1①1:12.514  -2.413.237.213.1  0  2 1.00 1 1 -2  .0 1 2 9 093 2 1 1 11 4 1.06 2.01 1.5 4.4  1.5    4.2    5.8   15.010.54797 4 9 9 4★ 1.838.40  .09 -.7175.2226.8244.6955.3339587210.2319.3542.35 5
20250216일 6120011국454 3102 9혼전 4441흐림건조 410 4오늘도스마일    페더럴리히트스윕 7127.00한암 3     2 2  360      33000국4문병기선형조   1 3 3 1 2 5 3 2 0 2  0이용호47652.079강도보99 98 9899  .074.044.22262 936542425 02931282919162099 0 0↘↗선13.436.638.312.6909936.039.3 74.5 75.5100100 50**   13.50   13.00 5  6 -1BU동53.04761210-2.0 3.0 1.0979712 0전개최상전개최상 1기 2 9 1     1 1 1①1:14.5½    .013.239.014.3 -2 -3  .80 1 3  2  .026 3632178 1 8 1 11 3 3.04 9.01 2.7 7.2  5.5   19.5   38.6   18.710.57398 4 9 9 4★ 1.738.80  .18  .5775.4519.4834.2844.23325264 7.0313.9035.94 9
20250111토 5120011국554 2102 9 2강 2211맑음건조 510 4오늘도스마일    페더럴리히트스윕 7127.00한암 3 1   2 3  460      24750국5문병기선형조   1 4 2 1 1 5 2 1 0 0  0이용호47953.078강도상91 25 2599  .078.060.930561730361825 02931282919162099 0 0→↘선13.436.438.412.6999936.736.9 74.0 73.8100100100**   13.40   12.9019 -5  0UUUP53.04731210-4.0 5.0 1.0959510 2기수신마전개최상 1기 1 3 1     1 1 1①1:14.04    -.713.537.113.0  0  6 -.30 1 1 -4  .0 125 2 192 1 411 11 2 1.07 3.02 3.1 6.4  3.1   28.7   41.4   81.4  .06199 4 9 9 4★ 2.138.50 -.25-1.0175.3929.8049.5660.8739587212.5022.6447.62 5
20240825일 1100012국630 1 82 9 1강 1135맑음다습1210 4오늘도스마일    페더럴리히트스윕 7127.00한암 2 0 0 2 5  865      24750국6문병기피닉스   3 5 1 1 1 5 1 0 0 0  0이용호47353.071평무보   25 2540  .063.035.020 0141937 625 029 72829191620      →↘선    37.137.8        35.835.9 60.8 60.8              13.80   13.80 4  0  0LN동       10 0                 0 0거세출주기수신마 1트 0 8 2     2 2 2①1:00.81½  -.313.436.312.9 -4 -2 -.80 1 5  0  .0 2 1 1 093 8 8 9 31 1 5.02 8.06 2.1 3.7 23.5   32.7  119.5   53.8  .05875 4 6 7 4★ 1.037.40  .05-14.162.7111.8624.3334.95122539 8.8217.4826.57 7
20251122토10140010국3 3 2  4 5혼전 4433          10 5케이엔골든킹    페더럴리트룰레이 6237.00한수 5 722   1    017:30 41250국3최용건조경수   2 016 3 428 1 2 427 22김철호   54.069기입적50 54 542126.040.016.31240 82869 91814181721111522235050 0→↗자13.336.939.512.55720                   32 40 4412   13.50   13.30 5 -2  1NN동54.35081818-3.0 7.2 4.2616113 0적임교체급하락세46기 0 5                            13.5    13.3                                 7 7 5 8  6                                              .03030-1 5 2-1   -.639.50  .24     88.86 3.38 9.6516.29 1 512 4.8813.6418.41 7
20251018토 9140011국353 3104 8혼전 4431흐림포화1910 5케이엔골든킹    페더럴리트룰레이 6237.00한수 5 719 2 1  102      41250국3최용건조경수   2 115 2 328 1 2 326 19씨씨웡51153.090기입적70 62 624966.075.050.83053102869 9181436 021112024225644 0→↘선13.336.939.512.5551836.239.1 85.7 87.8 29 38 4213   13.30   13.70 4 -3  1NN동54.45071818-1.2 7.0 5.8454513 0전력변화적임교체68기 1 7 4     3 3 2②1:25.7¾    .013.538.013.3 -6 -7 1.50 2 8  1  .11110381085 9 9 9 12 1 2.08 6.07 3.1 7.0  3.8   52.4   74.1  164.812.74386 2 7 8 2▲ 1.738.80 -.6811.4088.8622.6239.6050.81325264 9.0919.7730.15 5
20250920토 9140011국354 1104 1혼전 4421맑음포화1610 5케이엔골든킹    페더럴리트룰레이 6237.00한수 5 820 2 1   56      41250국3최용건조경수   2 214 1 228 2 2 325 20김철호51852.069기입적22 17 1711 8.033.0 6.01240 82869 91814181721111522236338 0→↗자13.637.139.512.5461836.639.7 85.8 88.0 30 30 4317   13.80   15.00 3  4  0BUDN54.75061818-1.4 7.4 6.0464613-2걸음불변기복전력 5기 110 5     4 4 4④1:25.82½   .413.338.713.7 -3 -4 2.00 4 7 -3  .6182660436910 411112 510.03 6.11 3.0 8.5 33.9  137.5  202.5   85.3  .01420-1 2 2-1  -1.138.60  .3811.4089.00  .68 2.48 5.96 0 2 5 2.10 4.27 9.5611
20250830토 9160010국454 3 54 2혼전 4431맑음포화1810 5케이엔골든킹    페더럴리트룰레이 6237.00한수 5 820 9 1   55      41250국4최용건조경수   2 313 3 528 1 2 324 20김철호52252.069기입보48 44 441718.038.011.11240 82869 91814181721111522236338 0→↗자13.636.540.012.5531336.641.4101.8104.3 32 36 4523   14.10   13.40 2  1  0NU동54.75061818-1.6 7.2 5.6515113 0걸음불변기복전력66기 0 6 5   5 4 4 6⑧1:41.8½   2.713.840.515.0 -2  5 1.90 810  6 2.88155858913 5 7 7 90 4 1.06 7.03 2.5 5.0  2.5   19.5   30.6  135.5  .01422-1 4 3-1   -.940.00  .3527.80103.3 1.55 4.8611.13 1 4 7 4.20 9.4818.31 9
20250816토 91600 8국321 3 24 7혼전 4431맑음다습1010 5케이엔골든킹    페더럴리트룰레이 6237.00한수 5 821 2 1   33      41250국3최용건조경수   2 412 2 428 1 2 323 21이동하51752.088기입적40 45 451760.062.043.32849152869 9181439 821112426197129 0→↘선13.636.340.012.5671137.637.9102.4102.5 29 29 4819   13.80   13.30 4 -1  0NU동55.15041818 -.6 7.8 7.2404013 0전력변화탄력호전45기 0 5 3   3 3 4 2③1:42.44     .714.138.413.4 -1 -4 -.60 3 4 -3  .73292102659 1 8 7 42 2 2.01 9.08 1.7 2.2  3.3    2.2    5.0    4.6  .03380 1 6 8 1△  .840.00 -.3226.16103.214.6728.6143.2514284217.9828.7242.27 4
20250720일 8160010국314 6 64 3혼전 4431맑음포화1710 5케이엔골든킹    페더럴리트룰레이 6237.00한수 5 922 2 1   50      41250국3최용건조경수   2 511 1 328 2 2 322 22김철호52152.069평입하 7  8  81718.036.016.21240 82869 91814181721111522237129 0→↗자13.636.140.012.578 738.137.3100.8101.7 30 25 4510   13.90   14.80 4  5  0NUDN55.15041818-1.0 8.2 7.2353513-2걸음불변거리탄력84기 1 6 3   3 4 3 4④1:40.8¾    .213.837.813.3 -3  3  .50 4 7  0 1.11099 42775 2 7 9 82 3 1.09 2.10 1.6 4.0  1.6   22.5   27.4   30.5  .01618-1 3 5-1  -1.040.00  .4125.55103.1 3.25 8.8116.21 3 814 6.7613.0220.32 8
20250621토 9180011국431 5 84 5혼전 4451흐림포화1710 5케이엔골든킹    페더럴리트룰레이 3536.00한수 5 923 2 1   72      41250국4최용건조경수   2 610 21028 1 2 321 23김철호51852.068평입상13 19 193828.039.011.51240 82869 91814181721111522237129 0→↗자13.639.740.812.581 539.542.7118.3120.5 32 26 4716   14.20   14.90 4 -9  0UU동55.15041818-1.8 8.0 6.2464613 0뒷심부족선행유리36관 1 1 3 3 3 5 410⑩1:58.37    3.313.942.214.8  3  3 1.1010 7 -2 3.68422918416 2 8 9 90 2 3.0810.05 1.8 4.5  5.9   71.2  122.1   32.5  .02044 0 4 4 0   -.741.40  .3139.98118.7 2.16 5.4011.49 1 4 8 5.7411.1120.99 9
20250525일 9180010국330 7 84 3 1강 1151맑음양호 810 5케이엔골든킹    페더럴리트룰레이 3536.00한수 51025 2 1   62      41250국3최용건조경수   2 7 9 1 928 1 2 320 25임다빈51552.080기입적19 23 233025.040.014.51949 52869 9181420 021111523248317 0↘→추13.639.840.812.577 839.341.2118.8119.4 33 28 5022   14.00   14.60 2  6  0VU동55.65031818-1.8 8.0 6.2414113 0걸음불변기복전력50관 110 1 1 2 3 3 3⑤1:58.8목    .214.242.114.9 -4 -7 -.50 5 9  0  .66214744677 110 8 82 1 1.07 6.08 2.5 4.6  2.5   42.3   53.6   49.7  .01454 0 4 5 0   -.741.20  .2238.77118.8 2.58 6.8414.48 1 4 7 3.8512.1523.36 7
20250510토 8180011국450 7104 4 1강 1151흐림불량2010 5케이엔골든킹    페더럴리트룰레이 3536.00한수 51026 2 1  115      41250혼3최용건조경수   2 8 8 8 828 1 2 319 26김철호52252.068기입적 7 16 164121.042.016.71240 82869 91814181721111522238317 0→↗자13.639.740.912.578 839.441.6117.1119.0 35 29 4724   14.30   15.80 3 -1  0HU동55.65031818-1.0 7.2 6.2404013 0걸음불변선행유리 1   0 4 3 3 3 3 4 5⑥1:57.11½  1.514.042.014.6 -3  6  .50 6 9  2 1.85316816043 2 810 92 1 4.0711.10 2.6 7.3  6.4   35.1   57.1   85.5  .01438 0 4 4 0   -.541.30  .1538.42118.8 3.30 8.6116.70 1 3 8 5.5613.7720.53 7
20250419토 9180011국411 9 64 3혼전 4441비  다습1010 5케이엔골든킹    페더럴리트룰레이 3536.00한수 51127 2 1  177      41250혼3최용건조경수   2 9 7 7 728 1 2 318 27정정희51652.076평입상32 30 303323.045.015.52657122869 9181417 021111724158317 0→↘입13.639.940.812.5691339.542.9120.2120.9 38 31 5025   14.60   13.80 3 -1  0NU동55.65031812-2.6 7.8 5.2515113 0주행평범거리속성 1기 0 5 5 5 5 8 911⑪2:00.24    3.514.343.715.8  4  2 -.4011 7 -2 4.38920938718 211 7 90 1 1.0611.04 1.6 4.5  1.6   12.7   17.0   32.2  .01740 0 4 4 0   -.441.30  .1640.21118.8 3.89 8.3415.46 2 5 9 5.5012.3518.28 8
20250330일10180011국314 6 64 3혼전 4441맑음건조 310 5케이엔골든킹    페더럴리트룰레이 3536.00한수 51129 9 2  229      41250국3최용건조경수   210 6 6 628 1 2 317 29이용호51452.080기입상32 30 301133.041.015.82262 9286010181417 021111916208317 0↘↗선13.639.940.812.5711140.540.5118.8119.1 40 33 5327   14.00   13.80 4  2  0NU동55.65031812-1.0 7.2 6.2505013 0직전선행급하락세 1기 0 6 5 6 6 6 5 7④1:58.85    1.114.640.913.8 -5  3 -.30 4 9  3 2.55459586154 410 7 82 3 1.07 8.04 2.2 7.1  2.2   17.3   24.3   38.4  .02930-2 4 3-2   -.841.10  .1438.35118.8 3.50 8.4515.82 3 814 7.7819.1427.78 5
20250302일10180011국351 3104 6 2강 2236비  건조 510 5케이엔골든킹    페더럴리트룰레이 3536.00한수 51231 1 2  313      41250국3최용건조경수   211 5 5 528 1 2 316 31이동하51152.085기입적27 28 284565.053.036.62253 9286010181439 821112426198020 0↗→선13.640.140.712.5521639.141.0117.8118.8 43 36 5029   14.10   13.80 6 -3  0HU동56.35011812 -.2 7.0 6.8474713 0직전선행선행유리 1관 0 4 1 1 1 1 1 3⑤1:57.8½    .514.040.313.8 -1 -3 1.20 5 6 -3  .64710693569 4 910 31 1 5.04 6.05 3.9 7.4  9.2   36.3   77.2   37.5  .02960 0 6 6 0    .340.80 -.3638.01118.910.8625.2636.6113284312.0525.3040.86 3
20250119일10180011국351 4104 4혼전 4431맑음건조 310 5케이엔골든킹    페더럴리트룰레이 3536.00한수 51333 2 3  422      41250국3최용건조경수   212 4 4 428 1 2 315 33이용호51452.076기입하20 23 231720.044.017.53056171425 8181417 021111916208020 0→↘선13.640.040.812.5551339.440.4118.4119.0 46 38 4631   14.30   14.50 2  0  0NU동56.35011812  .4 6.4 6.8404013 0걸음불변거리속성 1기 0 7 1 1 1 1 1 3⑤1:58.43    1.014.140.513.8 -4  1  .00 5 9  4 1.35318552957 51010101 2 2.01 8.06 3.8 9.9  4.2   12.3   24.7  218.0  .01438-1 3 3-1   -.341.00  .1038.21118.9 4.88 9.8917.48 1 4 7 3.16 7.6214.7710
20250105일10180011국351 7104 5 1강 1153맑음양호 710 5케이엔골든킹    페더럴리트룰레이 3536.00한수 51435 1 3  466      41250국3최용건조경수   213 3 3 328 1 2 314 35조재로51352.086기입적28 28 282249.051.029.22939201425 8181417 021111924228020 0↘→추13.640.340.712.5362039.241.8119.8119.4 50 42 4233   14.30   13.70 4  6  0NU동56.35011812 -.4 7.0 6.6414113 0걸음불변최근최상 1기 2 7 3 3 3 3 3 4⑥1:59.81    1.714.342.014.5  1  7 -.40 6 5 -5 2.76412836140 6 8 7 32 1 1.07 1.04 2.6 6.7  2.6   24.6   36.5  126.4  .01878 0 5 5 0    .140.70 -.2438.42118.9 7.6418.4429.2213284310.8719.9031.37 5
20241208일 9180010국350 5104 5혼전 4431맑음다습1310 5케이엔골든킹    페더럴리트룰레이 3536.00한수 41538 2 3  555      41250국3최용건조경수   214 2 2 228 1 2 313 38송재철50652.079기입적14 19 192627.046.016.01738 91425 81814 8 021111826218020 0↗→입13.640.140.912.5471440.440.1117.7119.0 55 45 4536   14.40   13.60 2 -1  0UU동56.35011812  .8 6.2 7.0373713 0걸음불변탄력호전 1기 0 1 4 4 4 4 5 3⑥1:57.73     .814.340.413.7 -4  0  .40 610  4 1.05257484962 51010 92 1 3.0810.07 3.8 8.0  5.2   32.6   59.3  132.2  .03350-1 3 5-1   -.540.90  .0637.98118.9 3.38 8.6215.98 3 814 7.2915.4523.64 7
20241123토10180010국342 5 94 2 3강 3345맑음건조 410 5케이엔골든킹    페더럴리트룰레이 3536.00한수 41641 2 4  609      41250국3최용건조경수   215 1 1 128 1 2 312 41푸르칸50652.066기입적35 33 33 810.030.0 7.61499 61363 2181411 021111324198020 0↘↗추13.640.040.812.5551840.540.7118.9119.2 60 50 5040   14.00   13.30 2  1  0HUUP56.35011812 -.2 5.8 5.6454513 6걸음불변급하락세 1기 0 2 6 6 6 5 5 7⑨1:58.91½  1.214.439.713.6  3  1 1.20 9 6  1 1.85957646549 6 8 5100 1 2.01 8.06 2.3 4.4  4.4    6.2   13.6    9.0  .01418-3 2 2-3▽-1.441.00  .3038.42118.9  .85 2.89 7.61 0 2 6 1.82 6.8312.07 7
20251122토10140010국3 3 2  3 8혼전 4433          10 6원더풀로드      제이피즈머제스틱 7420.00한수 42346   1    017:30 41250국3서인석지대섭   1 01410 513 4 3 313 46조재로   54.078강자상50 65 656969.067.057.32748131938 91930254518 9192422333333↗↘추13.236.938.812.75085                   80 80 3030   13.80   13.20 7  5 -4NH동54.75061412-1.0 3.0 2.0858514 0선전만회가격혈통60기 1 6                            13.8    13.2                                 5 3 2 1  8                                            12.73480 2 7 8 2▲ 1.338.80 -.41     88.3827.7245.9457.2739607320.7334.0945.49 1
20251003금 9140011국552 4103 9혼전 4441흐림다습1110 6원더풀로드      제이피즈머제스틱 7420.00한수 41641 1 1  124      33000혼4서인석지대섭   1 113 9 413 3 2 312 41조재로49957.578강선보98 96 969078.071.056.42748131938 91930254518 9192422404020↗↘추13.236.838.912.7568237.038.6 86.8 87.7 78 78 3322   13.90   13.20 9 -5  3UB동54.15081412 -.2 2.6 2.4818114 0전개최상가격혈통76기 1 1 7     7 6 2①1:26.82    -.413.838.313.2 -4 -6  .50 1 5  3  .0 845201593 4 2 1 13 7 5.03 1.02 3.3 6.1  8.1   15.2   39.3   18.610.54188 3 9 8 3☆ 1.538.80 -.3811.9688.3823.6742.0456.3918365115.3228.8241.86 5
20250802토 61400 9국532 4 83 9 3강 3331맑음건조 310 6원더풀로드      제이피즈머제스틱 7420.00한수 41836 1 1  164      33000국5서인석지대섭   1 212 8 313 2 2 211 36조재로50554.578강도상95 95 959587.077.067.42748131938 91930254518 9192422502525↗↘추13.236.739.112.7607236.338.4 87.2 87.0 63 50 6325   14.40   13.10 6 -2  3NN동54.05091412 -.4 2.8 2.4818114 0전개최상전개최상49기 0 6 4     3 3 2②1:27.2½    .013.938.013.2  0 -5 -.30 2 2 -3  .0 31517 382 2 4 1 12 6 1.02 5.06 2.4 3.5  2.4    3.5    6.1   10.712.24495 3 9 9 3☆ 1.938.80 -.7311.2488.4530.8853.4167.4435536824.4941.4153.11 2
20250622일10140011국551 3103 9 1강 1141맑음다습1210 6원더풀로드      제이피즈머제스틱 7420.00한수 41030 2 1  105      33000국5서인석지대섭   1 311 7 213 1 1 210 30조재로51052.078우도보45 47 479487.078.069.92748131938 91930254518 91924226733 0↗↘추13.236.439.612.7864337.337.8 87.6 87.3 57 43 5714   14.10   13.60 6  1 -3NUUP54.75081412  .6 2.0 2.6818112 2마방연대전개최상64기 2 8 9     7 7 3①1:27.6목    .014.437.713.1 -4  3 -.40 1 5  3  .0 664 81085 1 5 4 13 5 5.02 8.04 2.5 7.0  8.3   14.6   36.8   14.1  .04499 4 9 9 4★ 2.139.20 -.9311.3088.5935.2557.7769.8539587218.9034.7545.25 3
20250511일 8120011국414 6 63 8혼전 4441맑음포화1610 6원더풀로드      제이피즈머제스틱  318.00한수 41133 2 1  105      33000국4서인석지대섭   1 410 6 713 1 1 2 9 33먼로  50754.565우선하44 48 488624.060.033.3 0 0 01938 9193019 018 9 931206733 0↗→입13.236.638.312.7898737.238.8 75.3 76.0 50 50 3333   13.70   15.80 8  4  2NNDN54.75081412  .4 1.8 2.2838312-2전개최상마방연대 1   0 710    10 9 5③1:15.3½    .014.138.413.6  1-10  .60 3 2 -1  .64848474379 3 3 6 63 1 6.09 9.08 2.0 5.1 14.1  313.6  680.2  557.612.73476 2 5 5 2    .639.00  .50 1.1475.4511.4022.5833.30 51222 6.4512.6322.59 7
20250316일10140011국452 7103 8 1강 1141맑음양호 610 6원더풀로드      제이피즈머제스틱 7420.00한수 41237 2 2  271      33000국4서인석지대섭   1 5 9 5 113 1 1 2 8 37정정희51753.068우선보13 35 359133.060.040.61555 51438 51930142018 91724156733 0→→입13.236.339.412.7925535.842.1 90.6 90.3 50 50 3333   13.90   14.40 7  0  1UNUP54.75081412 1.6 1.8 3.4777712 2전개최상전개최상 1기 0 3 2     2 2 5⑨1:30.62½  2.213.742.315.8  6  8 -.31 9 3  0 2.285 3958619 1 9 8 41 1 4.0611.09 2.9 6.3  7.7   47.9   96.4   51.812.04473 2 5 6 2△  .639.90  .0214.6488.3814.1627.8640.64102336 6.9319.5126.95 4
20250126일 7120010국454 2103 9혼전 4411맑음건조 310 6원더풀로드      제이피즈머제스틱  318.00한수 41442 9 3  403      33000국4서인석지대섭   1 6 8 4 613 1 1 2 7 42씨씨웡50952.578우선보84 76 769668.078.050.0235011305814193025 018 92024226733 0↗↘선13.236.538.412.7947937.240.0 76.1 77.5 50 50 3333   14.20   13.10 3 -1 -1UH동54.75081312 2.0 1.5 3.5777712 0전개최상전개최상 1기 3 3 6     6 7 7⑧1:16.14    2.013.939.514.4  5  2 1.09 8 3  2 2.28549807818 2 5 4 10 1 7.0210.02 3.2 5.1 13.8   27.7   72.0   20.710.64496 4 8 8 4★ 1.939.50  .01 2.6175.4523.7240.2250.0332526412.0722.5028.53 4
20250105일 8120011국434 2 83 9혼전 4441맑음양호 710 6원더풀로드      제이피즈머제스틱  318.00한수 41650 1 3  468      33000국4서인석지대섭   1 7 7 3 513 3 1 2 6 50조재로50753.586우선보80 82 829580.066.048.32939203058141930254518 91924226733 0↘→추13.236.638.312.7918237.338.2 75.3 75.7 50 50 3333   13.80   13.70 7  1  1HN동54.75081312 3.0 1.0 4.0757512 0전개최상전개최상 1기 0 4 7     7 7 7⑥1:15.33    1.014.238.113.1  5  0  .19 6 1  0 1.03753252747 2 4 2 10 4 7.11 2.03 1.8 3.8 36.1  578.9 1020.3 1727.1  .04486 3 8 8 3▲ 1.238.90  .07  .8475.4521.1635.6048.2735536823.6643.3050.93 1
20241117일 5120011국444 4 43 9혼전 4431맑음양호 610 6원더풀로드      제이피즈머제스틱  318.00한수 32060 2 4  625      33000국4서인석지대섭   1 8 6 2 413 2 1 2 5 60조재로50752.584우선보78 83 839987.072.044.13058172148 61930254518 91924226733 0↘↘추13.236.538.312.7948736.838.7 75.1 75.6 60 60 4040   13.20   14.00 7 -5  1UN동54.75081312 4.0 1.0 5.0696912 0전개최상전개최상 1기 0 3 6     5 4 4③1:15.12½   .413.838.413.7  2  2  .40 3 1 -2 1.33229432767 1 2 2 22 3 2.04 4.08 2.0 3.4  3.8   13.6   23.0    6.010.64496 4 9 8 4★ 1.538.90  .24  .8375.3917.7231.9444.1018365123.5338.1446.15 1
20240928토 9120011국424 1 73 9혼전 4431맑음건조 510 6원더풀로드      제이피즈머제스틱  318.00한수 32575 9 4  783      33000국4서인석지대섭   1 9 5 1 313 1 1 2 4 75조재로50552.084평도보86 86 869393.068.031.83058172148 61930254518 91924225050 0↘↘추13.336.539.012.7985136.738.6 73.9 75.8 75 75 5050   13.30   13.90 6 -1 -4NUDN56.05101312 8.0 1.0 9.0414112-1전개최상전개최상 1기 1 8 2     2 3 3③1:13.9¾    .113.238.214.0  0 -6 1.40 3 3  0  .53823402172 310 3 41 2 2.11 2.05 1.6 2.7  4.9  190.5  302.9  481.9  .04494 3 9 8 3☆ 1.439.00  .19  .2875.7810.9722.1231.82 8203326.7141.2850.47 1
20240818일 4130011국542 2 93 9혼전 4411맑음건조 310 6원더풀로드      제이피즈머제스틱 7420.00한수 33366 2 5  883      24750국5서인석지대섭   110 4 2 213 1 1 1 3 66임기원51156.092강선보80 91 919589.072.050.83040 8204314193023 018 9253216 099 0↘↘선13.536.738.812.7959536.139.2 81.1 82.1 67 67 3367   13.50   13.00 6  4  1NNUP56.05081312         2.0    12 1전개최상전개최상 1기 1 9 1     2 1 1②1:21.1½    .013.339.513.9 -1  3  .40 2 3  2  .015 252 881 2 4 1 21 1 6.03 7.09 3.5 7.6 13.2   24.0   57.7   65.610.54898 4 9 8 4★ 1.740.10  .22 6.5882.3322.1639.6350.8218395623.6236.6542.55 1
20240706토 41200 9국551 2103 9혼전 4441흐림포화1710 6원더풀로드      제이피즈머제스틱  318.00한수 35050 1 5  996      24750국5서인석지대섭   111 3 1 213 1 1 0 2 50조재로50855.075우입보99 99 999682.071.054.82262112043141930254518 9192422 099 0↗↘추13.636.738.413.1869736.837.7 73.7 74.8 50 50 5050   13.80   13.40 7  0 -1NU동56.05081312         1.0    12 0승부최상전개최상 1기 0 5 2     2 2 1②1:13.71¾   .013.537.513.0  1  0  .80 2 1  0  .3 92912 681 2 6 1 11 1 6.01 7.05 2.9 6.9  9.4   10.3   28.9   16.710.54497 4 9 9 4★ 1.438.50 -.24 -.3475.5622.5441.2154.7732526420.8837.8448.42 2
20240518토 1120011국641 6 43 9 1강 1139맑음다습1010 6원더풀로드      제이피즈머제스틱  318.00한수 3 0 0 2 6 1144      16500국6서인석지대섭   112 2 2 113 1 0 0 1  0다실바50856.090하도하30 35 3587  .074.076.5304010193112193045 018 9243412      ↗↘입13.636.540.415.199 336.837.6 74.6 74.2  0  0100 0   13.60   15.40 6 -6  0NHDN       1313         9.0    13-1기수신마승부최상 1기 0 5 4     3 3 1①1:14.63    -.513.838.213.4  0  4 -.30 1 1  0  .0 228 9 496 61110 12 1 1.02 5.04 2.7 3.9  2.7    3.9    7.6    5.6  .04493 3 8 9 3☆ 1.838.50-1.85-2.7076.5640.8766.3376.4839587210.7121.9536.23 5
20240407일 1130011국650 9103 9 1강 1131맑음양호 610 6원더풀로드      제이피즈머제스틱 7420.00한수 3 0 0 1 7 1263      16500국6서인석지대섭   113 1 1 113 1 0 0 0  0김태희50456.064평무보   35 3540  .052.031.11129 7213516193015 018 9152316      ↘→입    37.539.6        36.141.2 85.2 83.5              14.00   13.70 4  0  0NL동       13 0                 0 0걸음불변기수신마 1트 111 3     1 1 2⑨1:25.2½   1.313.641.815.4  8  6-1.30 9 1  0 1.963 1926549 2 211 51 1 2.05 8.06 3.0 5.6  4.2   18.1   30.8   26.613.24052 3 5 8 3▲  .339.70 -.21 6.4483.35 8.7021.5531.12 6162812.5023.2352.45 5
20251122토10140010국3 3 2  7 8혼전 4433          10 7에펠탑          티즈원더플라이퀸 6234.00한거 5 825   1    017:30 41250국3심승태오종환   3 016 2 824 1 2 424 25조상범   52.056평입보50 37 372711.049.027.21268 61144 7 813 51212 91320187129 0→↘입13.737.239.612.74223                   29 33  821   14.10   14.70 3  1 -1NU동54.44921818 -.2 9.2 9.0242417 0걸음불변부중유리75기 2 7                            14.1    14.7                                10 9 9 7  3                                            12.73368 2 3 4 2    .039.60 -.30     89.14 7.5615.5927.22 3 815 2.44 6.8215.1610
20251102일10140011국322 3 77 4혼전 4441맑음건조 510 7에펠탑          티즈원더플라이퀸 6234.00한거 5 826 1 1   46      41250국3심승태오종환   3 115 1 724 1 2 423 26이혁  50152.588평입보10  9  92614.040.011.11428 61144 7 81311 912 92721197129 0↘↗선13.737.239.612.7462337.240.8 90.4 90.7 30 35  922   14.40   14.60 2  5  1NNDN54.44921818 -.8 8.6 7.8323217-4걸음불변가격혈통42기 0 6 9     6 9 9⑩1:30.4목   2.914.140.814.7  1  4 -.1010 9 -2 3.28856848512 9 911 90 4 7.03 8.02 2.0 3.7 25.6   80.1  196.7  211.1  .01839 0 2 2 0   -.839.10  .1313.8589.14 1.92 5.2511.13 41118 3.13 7.2014.96 8
20251019일11180011국452 5107 8혼전 4424맑음포화1610 7에펠탑          티즈원더플라이퀸 6638.00한거 5 927 2 1   23      41250국4심승태오종환   3 214 3 924 1 2 422 27조상범49752.056평입상40 24 243017.050.023.11268 61144 7 813 51212 91320187129 0→↘입13.740.340.812.7372339.542.4120.9122.8 32 32 1418   14.00   13.60 4 -7  0UUUP54.44921818 -.4 7.6 7.2373717 4걸음불변부중유리75기 1 1 6 7 7 8 911⑪2:00.98    2.814.441.514.6  0 -4  .701111  0 3.09728878114 8 811 80 2 1.0410.05 4.2 9.2  4.2   14.0   26.4   18.012.73465 2 3 5 2    .141.10 -.1341.71119.0 6.3214.0023.06 2 713 5.1312.2219.32 9
20250920토 9140011국354 1107 8혼전 4421맑음포화1610 7에펠탑          티즈원더플라이퀸 6234.00한거 5 1   2 1   56      41250국3심승태오종환   3 313 2 624 1 2 4 0  0임다빈50152.080평입하66 69 6948  .055.019.51949 51144 7 81311 912 91523247129 0↘→추13.737.239.512.7423237.539.6 86.4 88.6 33 38 1419   14.20   13.20 5  7  0LUDN54.44921818 -.2 6.2 6.0444417-4걸음불변부중유리 5관 1 8 9     9 8 8⑧1:26.4코   1.014.038.613.6 -3  0 2.00 811  2 1.2387456704911 5 6 80 110.03 6.11 3.0 8.5 33.9  137.5  202.5   85.312.73377 2 5 7 2    .338.60 -.0211.9089.07 4.2911.7319.45 2 5 9 6.2912.8125.00 9
20250817일10180011국353 5107 8 1강 1151맑음양호 710 7에펠탑          티즈원더플라이퀸 6638.00한거 5 1   2 1   86      41250국3심승태오종환   3 412 1 824 1 2 4 0  0정우주50152.068평입상48 41 4133  .045.020.22041101144 7 813131712 91630137129 0↗↘입13.740.340.412.7453940.545.2123.9124.8 35 35 1520   14.30   13.3039 -4  0UU동54.44921818 -.2 4.8 4.6565617 0승부최상부중유리49기 0 1 6 6 6 91111⑪2:03.9대차 6.514.644.916.6  2  1  .7011 9  3 6.799639899 5 8 5 7 70 2 4.0210.05 3.6 7.7  7.2   11.7   34.5   22.2  .03351 0 4 7 0   -.341.40  .0544.06118.8 5.2611.0120.23 3 815 5.4912.3328.85 7
20241117일 8180011국453 5107 9혼전 4431맑음양호 610 7에펠탑          티즈원더플라이퀸 6638.00한거 41031 2 4  768      41250국4심승태오종환   3 511 2 724 1 2 419 31이혁  50052.092우입보52 52 526351.067.047.22959 3 9 0 8 81311 912 92721197129 0↗↘선13.740.340.412.7453940.439.8118.2118.5 42 42 1621   14.20   14.30 4 -3  0NU동54.44921818 -.2 4.0 3.8656517 0주행평범승부최상 1관 1 5 7 7 81010 8⑤1:58.21¾  1.114.339.913.3 -1  2  .20 5 6  0 1.23958374053 9 3 5 23 3 2.01 1.09 3.0 6.0  3.7    6.0   13.2   12.3  .04491 3 6 7 3△ 1.140.60 -.5537.82118.818.7134.6447.2318365110.4819.7327.27 5
20241020일101800 7국313 7 17 9혼전 4436맑음다습1410 7에펠탑          티즈원더플라이퀸 6638.00한거 41133 2 4  706      41250국3심승태오종환   3 610 1 624 1 2 418 33정우주49852.063우입하50 47 476638.066.069.81464 6 9 0 8 813131712 91630137129 0↘→입13.740.340.012.7456439.641.8118.0118.5 44 50 2228   15.00   13.6013 -3  0LU동54.44921814  .0 3.4 3.4727217 0주행평범부중유리 1기 1 8 3 4 5 4 6 5④1:58.01½  1.014.241.114.3 -2 11 1.20 4 6  0 1.23822847055 5 3 3 12 1 1.03 6.02 1.4 3.0  1.4    3.8    4.9    8.7  .03885 3 6 8 3▲ 1.140.60 -.9638.19118.728.5852.5269.82325264 7.9420.2938.39 4
20240721일 9180011국440 2 97 9 2강 2251맑음포화1610 7에펠탑          티즈원더플라이퀸 6638.00한거 41135 2 5  944      41250혼3심승태오종환   3 7 9 3 524 6 2 417 35이동하48752.087우입보83 91 918595.070.057.4275313 929 6 813333412 92426197129 0↗↘선13.740.140.012.7586440.840.1117.7119.1 47 53 2429   14.40   14.00 5  7  0VU동54.44921814 -.4 2.6 2.2828217 0전개최상부중유리 1   011 7 7 7 9 9 7⑧1:57.72    1.415.039.713.6  2  2 1.00 8 6  2 1.85570455841 3 5 2 10 6 3.04 2.08 2.8 6.0  4.6   14.6   24.7   57.1  .04089 3 9 8 3☆ 1.540.90 -.6038.98118.626.7844.6957.3521425814.4434.5849.39 2
20240615토101800 8국451 6107 9 1강 1151맑음건조 510 7에펠탑          티즈원더플라이퀸 6638.00한거 41231 2 6 1052      41250국4심승태오종환   3 8 8 2 424 5 2 316 31이동하48552.093우입하83 80 809190.074.082.02243 02467 3 813333412 92426196733 0↘↗선13.740.240.012.7526439.540.0119.2118.1 44 50 1931   14.60   13.70 3  3 -6HU동54.84931814  .0 2.2 2.2828217 0강단마필전개최상 1기 2 4 2 2 2 2 2 1②1:59.2¾    .014.440.214.0 -2 -6 -.90 2 4  2  .12618441989 3 3 2 11 5 1.04 5.04 3.2 5.7  3.2   11.6   21.3   25.7  .05896 4 9 8 4★ 1.840.60-1.1937.91118.637.8165.9582.0035536828.8552.2265.88 1
20240526일 81800 8국451 5 57 6 1강 1151비  건조 510 7에펠탑          티즈원더플라이퀸 6638.00한거 41333 9 6 1105      33000국4심승태오종환   3 9 7 1 324 4 2 315 33이동하49157.593우입상99 99 998794.057.051.12243 02467 3 813333412 92426196733 0↘↗선13.740.140.112.7595940.639.1120.8118.6 47 53 2027   14.30   13.30 4 -8  4UB동54.84931814 -.6 2.6 2.0797918 0전개최상강단마필 1기 2 1 3 3 3 4 3 3④2:00.8½    .814.639.313.7  2 -4-1.20 4 2  0  .94063172455 2 2 1 22 4 3.04 6.03 2.4 4.2  5.2   21.3   37.7   10.7  .03461 0 9 8 0    .640.80 -.5038.39118.617.6134.7451.1219405622.8643.7561.24 2
20240427토10180010국550 8 57 8 1강 1152맑음다습1010 7에펠탑          티즈원더플라이퀸 6638.00한거 4 728 9 6 1199      33000국5심승태오종환   310 6 2 224 3 1 314 28이동하49554.093우입상99 95 959593.068.060.12243 02467 3 813333412 92426196040 0↘↗선13.740.040.212.7605540.438.4119.0117.3 43 50 2121   14.40   13.60 4  2  2BN동55.04931814  .0 3.2 3.2727218 0승부최상전개최상 1기 1 9 2 2 2 2 2 1①1:59.01¾  -.314.338.813.3 -1 -1 -.90 1 2 -1  .0 857 5 794 1 4 1 11 3 2.01 9.08 2.6 4.9  4.4    4.9   10.5    6.3  .04488 1 9 7 1▲ 1.440.70 -.7037.08118.627.6648.4760.1039607337.5056.5970.30 1
20240331일 91800 9국442 6 97 9 3강 3331맑음다습1210 7에펠탑          티즈원더플라이퀸 6638.00한거 4 723 9 7 1277      33000국4심승태오종환   311 5 1 124 2 1 213 23이동하49652.092우입보82 88 886984.065.078.53042111733 7 813333412 92426195050 0→↘선13.739.840.512.7703940.038.6118.6117.1 38 46 2315   14.80   14.60 4 -3 -4NUUP55.84921814 -.2 3.2 3.0747417 1전개최상승부최상 1기 1 7 2 2 2 2 2 2②1:58.6½    .014.439.813.6 -1  0-1.30 2 3  1  .1 639 7 483 2 6 1 21 2 1.03 3.07 3.2 6.2  3.2    8.4   14.4   50.212.24492 4 8 8 4★ 1.240.90-1.1336.79118.731.0256.4578.4621425828.9958.6775.68 2
20240303일 5170010국520 9 77 9 3강 3341맑음양호 810 7에펠탑          티즈원더플라이퀸 6234.00한거 4 816 1 7 1369      24750국5심승태오종환   312 4 4 324 1 1 112 16이동하49656.092평입보97 98 989184.070.080.93042111733 7 813333412 92426196733 0→↘선13.739.340.912.7765539.340.9113.8112.0 33 42 2517   14.50   14.10 6  1  1VV동55.74911714  .0 3.4 3.4717117 0승부최상전개최상 1기 010 5 5 6 3 2 1②1:53.8목    .014.841.614.6  0  0-1.50 2 2  0  .11220503087 1 5 1 12 1 4.02 9.10 1.9 3.0  7.9   10.8   22.9    4.212.24496 3 9 8 3☆ 1.441.60 -.8831.82113.235.3565.0780.9435536831.2561.5475.00 1
20240121일 6170010국510 6 67 9혼전 4441흐림포화1810 7에펠탑          티즈원더플라이퀸 6234.00한거 4 9 9 2 8 1478      24750국5심승태오종환   313 3 3 224 1 1 011  9이혁  49655.091평입상97 79 798564.069.050.32533221680 6 81311 912 92721195050 0→↗선13.739.340.912.7775539.541.0112.1111.8 27 36 2718   15.00   13.80 6  4  0BU동56.04881714  .4 4.2 4.6585817 0승부최상승부최상 1기 0 9 7 7 7 2 3 2②1:52.1¾    .014.541.514.1  0 -6 -.20 2 2 -2  .2 933564485 1 6 2 21 2 5.02 8.09 1.7 5.2 11.5   26.0   69.4   48.2  .04495 3 8 8 3▲ 1.341.50 -.1631.63113.220.4137.3450.2818365115.1931.1144.68 2
20231209토 51700 9국550 9107 9 3강 3331맑음건조 510 7에펠탑          티즈원더플라이퀸 6234.00한거 31010 2 9 1622      22000국5심승태오종환   314 2 2 124 4 1 010 10조인권50255.070평입하47 70 708171.070.068.4195613204411 813201312 92324135050 0↘→선13.739.341.212.7804339.640.2113.8111.9 30 30 3020   14.30   14.00 6  4 -1NUUP56.04881714  .6 4.0 4.6656514 3부중효과승부최상 1기 3 5 6 6 6 9 9 5③1:53.87    1.215.040.813.8 -1  0-1.30 3 4 -1 1.2 936302050 1 7 2 13 5 1.03 2.09 2.8 5.3  2.8    7.4   12.3   19.712.24491 3 8 9 3☆ 1.441.50 -.7431.35113.430.2153.2768.4021425821.9241.0357.69 1
20231028토 7140011국550 8107 6혼전 4451맑음양호 710 7에펠탑          티즈원더플라이퀸 6234.00한거 31111 9 9 1751      22000국5심승태오종환   315 1 1 524 3 1 0 9 11조인권50255.570평입상92 94 949064.064.050.9195613204411 813201312 92324135050 0↘→선13.736.639.712.7832537.339.0 90.8 88.8 33 33 3322   13.90   13.60 7 -7 -1UH동56.04881414  .6 3.6 4.2646414 0전력변화부중효과 1기 1 1 5     3 3 4⑦1:30.81¼   .814.339.914.0  2 15-1.60 7 5  2 1.54664354255 1 8 1 10 4 6.02 4.06 2.1 5.3 14.5   38.6   94.5 1124.710.52888 2 9 8 2△ 1.039.30 -.6212.5088.8022.3439.1050.9032526415.5833.3347.37 3
20251122토10140010국3 3 2  3 8혼전 4433          10 8용비태양        레이스데지봉사랑 9030.00한수 33046   1    017:30 41250국3홍대유정성진   4 014 1 413 1 4 213 46문정균   55.566우선적50 63 637664.058.041.71956 91837 71517181519141318236717 0→↘추13.236.338.712.59479                   55 55 5527   13.70   13.9012  5  0BN동54.94781713 -.6 3.0 2.4818113 0전개최상마번불리61기 2 8                            13.7    13.9                                 2 1 3 2  2                                              .03474 1 7 7 1    .738.70  .42     87.9014.1728.7941.7019405614.6331.8245.49 2
20250831일 6140011국411 4 63 9혼전 4431맑음다습1310 8용비태양        레이스데지봉사랑 9030.00한수 32541 9 2  222      33000국4홍대유정성진   4 113 1 313 1 3 212 41김성현48155.570우선적93 94 949675.065.036.21650 51670 7151710 019141625196020 0→→입13.236.338.712.5948235.839.6 85.5 87.4 50 50 5030   13.40   13.60 6  2  1VN동54.84781713 -.2 2.8 2.6797913 0전개최상전개최상84기 0 3 5     1 1 1①1:25.53    -.513.738.713.9 -2 -2 1.60 1 3  0  .0 5 2551294 1 1 2 31 1 3.01 3.11 1.7 4.6  6.6    6.0   14.5   16.610.54494 3 9 8 3☆ 1.039.30  .5912.4387.9012.3524.8536.1614284212.7026.4039.73 3
20250719토 61400 9국554 1 53 9혼전 4441흐림포화1910 8용비태양        레이스데지봉사랑 9030.00한수 31836 2 1  102      33000국5홍대유정성진   4 212 4 213 1 2 211 36장추열48354.593우선하58 55 559877.080.063.73350111837 7151735 019142025225025 0↘↗입13.236.438.812.5927535.939.0 84.6 86.8 44 44 4433   13.20   15.60 4 -5  0UH동54.94761713  .8 3.0 3.8717113 0선행실패전개최상44관 2 1 1     1 1 1①1:24.65    -.913.437.913.6 -2 -6 1.70 1 3  0  .0 2 439 692 2 1 6 11 2 3.06 1.02 3.1 5.0  4.8   20.0   33.6   20.210.64697 4 9 8 4★ 2.139.00 -.2811.5888.0430.8751.6363.6635536817.2431.9340.35 2
20250622일 91400 8국441 3 93 8혼전 4451맑음다습1210 8용비태양        레이스데지봉사랑 9030.00한수 32040 2 1   63      33000국4홍대유정성진   4 311 3 113 1 2 210 40김태희48954.564우입적30 45 457939.060.043.1 929 51837 71517 7 819141523165025 0↗↗입13.736.638.812.5827934.742.0 88.6 88.8 50 50 3838   13.70   14.80 4  1  0NHDN54.94761713 1.0 4.2 5.2656513-2직전탐색작전마주61기 2 6 1     1 1 1④1:28.62     .913.241.815.6  1 -5 -.10 4 3  2 1.747 0955950 3 1 6 41 1 4.02 8.02 2.5 4.6  5.6   12.8   25.3    7.7  .03572 3 6 6 3    .839.30  .1513.3688.1814.1028.5443.05102336 7.2719.1830.19 4
20250524토 81600 8국441 6 43 8 2강 2231맑음다습1210 8용비태양        레이스데지봉사랑 9030.00한수 32244 2 1   73      33000국4홍대유정성진   4 410 2 113 4 2 2 9 44김용근49454.582우입적67 67 671781.059.065.42149111837 71517343819142925175025 0↗↘선13.736.238.912.5747936.440.5102.9103.3 50 50 3838   14.30   13.80 4 -4  1NNDN54.94761713  .6 3.8 4.4737313-1걸음불변작전마주74기 1 5 2   2 2 2 3⑤1:42.92½  1.513.740.614.8  4  0  .31 5 1 -2 3.36340767633 3 1 2 21 7 2.06 3.06 2.6 3.5  3.0   22.9   35.7   68.0  .04164 3 7 7 3△  .738.90 -.3028.20102.519.3843.3265.4418365118.2734.9748.62 2
20250427일10170011국421 2 73 6혼전 4431맑음양호 610 8용비태양        레이스데지봉사랑 9030.00한수 32550 9 1  145      33000국4홍대유정성진   4 5 9 1 113 3 2 2 8 50김용근49453.582우무적91 64 647166.050.026.22149111837 71517343819142925175025 0↗↘선13.739.240.812.5878539.440.2112.0113.0 57 57 4343   14.00   13.60 4  8 -3BUUP54.94761713  .6 4.0 4.6707013 4걸음불변거리속성 1관 0 9 2 2 2 3 5 4⑤1:52.0코    .814.339.813.8  2 11  .80 5 3  0 1.04125301353 2 4 4 72 6 2.0910.07 1.7 3.5  3.9   51.3   93.1  186.4  .02648 1 6 7 1    .041.80  .5033.03113.1 7.3815.3026.24 3102015.3830.4141.79 2
20250329토 4130011국552 9103 6혼전 4431맑음건조 310 8용비태양        레이스데지봉사랑 9030.00한수 31442 9 2  245      24750국5홍대유정성진   4 6 8 4 413 2 1 2 7 42김용근48356.089기무적27 30 308547.059.031.71832 51670 71517343819142925173333 0→↗선13.736.938.912.5859536.638.4 82.2 81.2 50 50 3350   13.70   15.10 5 -6  1UN동54.54741312 1.4 5.0 6.4565613 0교체실패최적거리 1관 0 1 2     1 1 1①1:22.25    -.914.039.213.6 -2  5-1.20 1 3 -1  .0 2 625 398 2 5 9 31 5 3.02 1.02 3.8 6.6  4.6    6.6   11.8   38.5  .02663 1 5 6 1    .739.70  .56 5.4182.52 9.5120.4931.67 9203210.6424.2436.51 4
20250222토 5130011국511 7 13 8혼전 4411맑음건조 310 8용비태양        레이스데지봉사랑 9030.00한수 31650 9 2  350      24750국5홍대유정성진   4 7 7 3 313 1 1 2 6 50김용근47855.089기무적75 84 848087.065.037.51832 51670 71517343819142925173333 0→↗선13.737.038.912.5809536.541.5 84.2 84.3 50 50 3350   13.70   13.50 5  6  1NV동54.54741312 1.0 5.3 6.3555513 0승부최상최적거리 1기 1 7 2     2 2 3⑩1:24.2½   2.213.741.815.1  6  1 -.3510 4  2 2.682 6948116 3 5 4 41 4 2.0110.03 1.5 3.2  5.7    3.2    9.4   18.5  .03485 3 9 8 3☆ 1.040.40  .36 8.4182.5812.6825.8537.4810233618.7532.5444.14 3
20250118토 4130011국551 4103 9혼전 4411맑음건조 410 8용비태양        레이스데지봉사랑 9030.00한수 32040 2 3  439      24750국5홍대유정성진   4 8 6 2 213 1 1 1 5 40문정균47754.062우입적51 63 638648.068.033.41350101236 7151718151914131823 050 0→→추13.737.038.812.5799636.638.0 81.7 81.9 40 40 2040   13.90   14.90 4 -7  0UU동54.84731312  .7 4.0 4.7666612 0승부최상승부최상 1기 4 1 2     1 1 1②1:21.71¾   .013.738.713.5  0 -6 -.80 2 2 -2  .311 913 184 6 3 7 41 111.02 7.01 3.3 7.2 39.8   62.1  267.4  113.9  .04492 4 6 7 4★ 1.339.80  .53 6.1082.5212.3223.5333.44 51222 8.6618.1822.05 3
20241221토 5130011국511 7 63 9혼전 4441흐림양호 810 8용비태양        레이스데지봉사랑 9030.00한수 22550 2 3  527      24750국5홍대유정성진   4 9 5 1 113 1 1 1 4 50김용근48354.088기입적12 43 437664.070.041.02650201236 7151734381914292517 050 0↘→선13.737.438.812.5529636.739.6 83.8 83.1 50 50  050   13.70   14.40 9  5 -1LUUP54.84731312 1.0 5.5 6.5505012 1교체실패승부최상 1기 1 8 5     3 3 2⑦1:23.8¾    .713.940.714.9  3  2-1.20 7 4 -5 1.34810643357 8 3 8 40 3 7.0611.09 1.7 4.5 20.4  175.4  429.4   78.810.64493 4 6 8 4★ 1.539.70  .07 6.8582.7815.0928.6240.98102336 9.3822.2234.71 5
20241020일 7120012국654 3103 7혼전 4431맑음다습1410 8용비태양        레이스데지봉사랑 3525.00한수 23366 2 4  709     110000국6홍대유정성진   410 4 4 313 1 1 1 3 66조인권48155.082기입보90 86 868389.067.022.31846 7247018151715 01914232413 050 0↘↗선13.837.238.212.5579537.739.7 76.2 77.5 67 67  067   14.10   12.80 3 -1  1UV동54.84731212 4.0 7.011.0131312 0전개최상최적거리 1   0 3 8     91010⑪1:16.2½   2.113.739.514.4  2  3 1.1011 9  8 2.4857274811512 7 9 90 1 4.0812.08 4.4 9.2  7.1   53.1  109.8   88.9  .03478 1 7 7 1   1.138.80  .54 2.1375.72 6.5714.0922.27 1 4 814.9323.9631.25 1
20240928토 5120011국641 5 43 9 1강 1139맑음건조 510 8용비태양        레이스데지봉사랑 3525.00한수 2 050 9 4  787      16500국6홍대유정성진   411 3 3 213 1 0 1 2 50김용근47854.589우무적97 97 979196.073.099.0283920247018151734381914292517 0 0 0↗↘선13.837.438.413.2389837.236.8 74.6 74.1 50 50  050   13.90   13.50 5 -1 -1UU동55.04671210         2.0    12 0적임교체전개최상 1기 1 4 5     4 3 1①1:14.65    -.814.137.312.8  0 11 -.60 1 1 -3  .0 252 1 296 5 3 1 12 2 1.04 4.02 1.9 2.2  1.9    7.0   11.2   15.3  .04494 4 8 9 4★ 1.537.60-1.90-1.6875.9554.3590.1799.0032526440.3768.7264.52 1
20240824토 11200 9국650 5103 9혼전 4435흐림다습1110 8용비태양        레이스데지봉사랑 3525.00한수 2 0 0 2 5  876      24750국6홍대유정성진   412 2 2 113 1 0 0 1  0장추열46755.093하무하25 35 355754.072.043.4245312236712151735 01914202522      ↘↗입13.837.039.313.3705137.237.6 75.4 75.0  0  0  0 0   13.80   13.60 7 -4  0NHUP       1210        11.0    10 2적임교체적임교체 1기 2 5 7     7 4 2②1:15.42     .013.938.213.5 -2  6 -.60 2 4 -3  .41449111089 5 9 8 20 1 1.04 4.05 2.6 6.5  2.6    7.1   11.3   11.310.64381 3 6 8 3☆ 1.438.30 -.57-1.2776.2316.2331.0343.4332526414.1029.5930.16 1
20240706토 1100012국610 1 63 9혼전 4435흐림포화1710 8용비태양        레이스데지봉사랑 3525.00한수 2 0 0 1 5  999      24750국6홍대유정성진   413 1 1 113 1 0 0 0  0김용근46155.090평무보   35 3540  .072.034.2255010236712151734381914292517      ↘↗선    37.137.8        36.937.9 62.6 63.5              13.80   13.80 4  0  0LL동       10 0                 0 0걸음불변적임교체 1기 0 9 7     7 710⑪1:02.62    2.613.838.313.6  4 -1 -.1011 7  0 3.16930513625 5 5 5 10 1 1.09 3.04 1.6 5.5  1.6   41.3   58.1  101.710.64788 4 7 8 4★ 1.638.10  .07-11.462.7114.5325.2634.18325264 8.3316.6725.00 9
20251122토10140010국3 3 2  2 4혼전 4433          10 9원평킬라        GOOD SAM킬라리드 7740.00한수 5 624   1    017:30 41250국3서인석김용재   0 016 1 630 1 2 529 24루이스   52.084평자보50 45 452518.036.014.214 0 01938 91921 0 018 9133813292929→→입13.436.939.612.64939                   26 35 1722   13.60   14.70 7  5  0LU동54.14521712-1.0 8.2 7.2434313 0걸음불변보통걸음65기 0 9                            13.6    14.7                                 6 8 8 9  1                                              .01842 0 3 3 0   -.939.60  .23     88.93 2.60 6.7514.23 1 4 8 6.1012.5022.74 8
20251004토 8140011국444 8 42 3혼전 4421맑음다습1010 9원평킬라        GOOD SAM킬라리드 7740.00한수 5 725 1 1  114      41250혼3서인석김용재   0 115 4 530 1 2 528 25해리카46452.071평자상55 53 532720.047.019.41950101938 91921 0 018 9182612292929↘↘입13.437.139.412.6355136.341.5 90.0 90.4 27 36 1423   13.70   13.50 7  1  0HUUP54.14521712-1.2 7.4 6.2535313 2직전복병조교부실39관 0 4 6     7 710⑧1:30.02½  2.013.641.614.7 -1  3  .30 8 9  1 2.6851391832710 6 6 70 1 3.05 5.11 2.8 3.7  6.1   28.4   45.9   19.3  .02539 0 3 5 0   -.239.10  .1013.9288.93 4.7011.9119.36 41118 3.49 9.6417.14 9
20250817일11120010국454 1102 4혼전 4431맑음양호 710 9원평킬라        GOOD SAM킬라리드 1028.00한수 5 725 2 1  127      41250국4서인석김용재   0 214 31230 1 2 527 25씨씨웡46152.090평자상36 35 354224.058.025.23053101938 91921252518 9202422331733→↘선13.437.438.412.6277236.738.7 74.4 75.5 33 33 1024   13.90   13.80 3  0 -1HU동54.44511712-1.4 7.4 6.0565610 0걸음불변보통걸음65관 2 3 6     6 6 5⑥1:14.4½    .613.738.413.5 -2-10 1.10 6 8 -1  .9302549306010 410 92 4 1.10 6.10 2.5 5.2  2.5   49.3   70.9  150.4  .02666 1 3 6 1    .538.00  .23 -.3175.95 6.5415.2125.20 61526 4.35 9.3020.05 9
20250726토 7120010국444 1 92 2혼전 4441맑음건조 410 9원평킬라        GOOD SAM킬라리드 1028.00한수 5 726 9 1   40      41250국4서인석김용재   0 313 21130 4 2 526 26정정희47152.578평자상48 44 443018.043.010.52657121938 9192114 018 9172415331733→↘입13.437.338.512.6357237.138.8 74.9 76.2 30 45  525   14.00   13.50 5 -8  0HH동54.44511712-1.6 7.4 5.8585810 0걸음불변보통걸음64관 1 3 7     7 6 9⑧1:14.94    1.413.938.513.8 -1  3 1.00 8 9 -1 2.5564452463510 810100 4 1.0510.11 2.5 4.5  2.5   12.7   19.5   22.4  .01437 0 3 4 0   -.538.30  .63  .3775.95 1.62 4.8610.51 0 2 5 3.88 8.4915.6311
20250621토 8120011국354 2102 2혼전 4431흐림포화1710 9원평킬라        GOOD SAM킬라리드 1028.00한수 5 828 2 1   93      41250국3서인석김용재   0 412 11030 3 2 525 28정정희46852.578우자하21 34 343010.037.0 8.72657121938 9192114 018 9172415331733→↘입13.437.338.412.6387537.437.9 74.2 75.7 37 47  532   13.80   14.10 7 10  0VH동54.44511712-1.6 6.4 4.8656510 0주력우수보통걸음28관 011 8     8 5 5⑦1:14.2동착 1.014.037.513.5 -3 -1 1.10 710  5 1.0426318254510 611110 3 4.0710.08 3.6 7.3  6.4   56.0   83.7   82.7  .02326-1 2 3-1  -1.038.20  .74  .0275.89 1.26 4.06 8.70 0 2 5 1.47 5.53 9.7711
20250503토 9120010국454 3102 5혼전 4441맑음포화1810 9원평킬라        GOOD SAM킬라리드 1028.00한수 5 829 1 1  135      41250국4서인석김용재   0 511 7 930 2 2 524 29정정희46952.578우자상48 66 666954.063.030.52657121938 9192114 018 9172415331733→↘입13.437.138.612.6496437.739.6 75.6 77.6 39 44 1728   14.10   13.50 6  0 -2UH동54.44511712-2.6 7.0 4.4656513 0걸음관심주력우수 1관 1 1 8     9 910⑦1:15.65    1.413.838.914.1  2  5 1.70 7 5  0 3.28774728036 9 6 3 40 2 1.04 3.10 3.5 8.5  3.5   13.1   19.9   51.3  .02759 0 7 7 0    .938.90  .11 1.9475.89 8.7220.1630.52 9203213.7526.3234.76 4
20250323일11120011국444 2 92 4 1강 1141맑음건조 410 9원평킬라        GOOD SAM킬라리드 1028.00한수 5 830 2 2  249      41250혼3서인석김용재   0 610 6 830 1 2 523 30정정희46454.069평자보51 57 575332.051.023.11555 51438 5192114 018 9172415331733→→입13.437.138.612.6575937.638.3 74.8 76.1 41 47 1829   14.00   13.50 5 -8  2UN동54.44511712-2.4 7.6 5.2565613 0직전복병조교부실 1관 0 1 7     8 9 6③1:14.81     .214.137.913.5 -2 -1 1.00 3 5 -3 1.15167304171 9 6 6 63 1 4.02 4.07 3.3 6.2  7.4    9.7   22.7   27.6  .02545 0 4 5 0    .138.50  .34  .4375.89 5.8314.1123.05 51222 4.4010.3418.00 6
20250215토10120011국454 2102 2혼전 4421흐림건조 410 9원평킬라        GOOD SAM킬라리드 1028.00한수 5 931 2 2  367      41250혼3서인석김용재   0 7 9 5 730 2 2 522 31조재로46552.580평자보61 53 533718.045.011.41338 51438 5192125 018 9192422331733→↗추13.437.038.612.6606437.538.6 75.0 76.3 44 50 1931   14.10   13.80 4  1  0LHDN54.44511712-2.0 6.4 4.4606013-2걸음불변보통걸음 1트 1 9 9     9 9 8⑤1:15.0코    .214.038.213.5 -3 -7 1.00 5 8 -1 1.15763404870 710 6 83 3 3.05 5.03 3.5 9.4  5.9   17.3   28.5   15.7  .01436 0 3 4 0   -.438.60  .74  .7075.84 2.25 5.3711.42 2 511 5.4311.1718.58 8
20250118토10140011국324 3 72 6혼전 4441맑음건조 410 9원평킬라        GOOD SAM킬라리드 7740.00한수 5 933 2 3  433      41250국3서인석김용재   0 8 8 4 430 1 2 521 33조재로47252.586우자상79 78 785461.059.024.5293920305814192125 018 9192422331733↘→추13.436.739.512.6654336.940.1 88.5 88.9 47 53 2033   13.80   13.50 8  0 -3NH동54.44511712-2.8 6.2 3.4676713 0적임교체기수영향 1트 0 8 8     9 9 9⑦1:28.51¼  1.114.139.313.8 -2  3  .50 7 9  4 1.35141716744 610 7 80 2 4.01 1.09 2.4 5.1  9.1   10.1   29.6   48.6  .03073 0 7 6 0    .539.20  .1512.7488.73 6.6614.7924.45 3 814 9.1619.4927.99 5
20241124일 9140011국551 2 52 8혼전 4449맑음건조 410 9원평킬라        GOOD SAM킬라리드 7740.00한수 41030 2 3  599      33000국5서인석김용재   0 9 7 3 330 1 2 420 30김성현46955.063평자보23 23 234442.063.045.91657113058141921 0 018 9162519202040↘→입13.436.939.712.6513536.438.6 87.1 87.4 43 50 1436   13.70   14.40 8 -1  3NN동54.34471712-1.8 5.8 4.0626213 0걸음불변적임교체 1기 1 8 2     2 3 2②1:27.1½    .013.837.713.5 -3 19  .50 2 5 -3  .1 61824 684 3 7 4 41 1 3.05 9.08 2.8 4.6  4.3   16.4   33.6   14.412.74356 2 6 8 2△  .838.70 -.6710.8289.0015.9430.9545.9414284213.9537.7448.13 2
20240929일101400 8국354 2 52 7혼전 4431맑음건조 410 9원평킬라        GOOD SAM킬라리드 7740.00한수 41031 9 4  772      41250국3서인석김용재   010 6 2 230 1 2 419 31빅투아45052.080우자보41 64 645734.056.026.22031152148 61921262218 9202818202040↗→입13.436.839.312.6595937.040.2 87.9 89.6 46 54 1538   13.80   13.30 8  4  0LUUP54.34471712-1.2 4.8 3.6696913 2주력우수기수영향 1기 0 9 5     5 5 7⑤1:27.96    1.313.740.014.4 -3  0 1.10 5 8  0 3.27146737136 610 4 7213 1.04 1.02 1.7 3.6  1.7    4.5    6.4    5.112.72975 2 6 5 2    .439.30  .1613.5088.66 7.3616.7826.19 41118 6.5012.9622.78 9
20240803토 8120011국354 1102 9혼전 4441맑음건조 310 9원평킬라        GOOD SAM킬라리드 1028.00한수 41133 1 5  912      41250국3서인석김용재   011 5 1 630 1 2 418 33조재로45052.075우자보84 90 9077  .061.032.7226211204314192125 018 9192422202040↗↘추13.437.138.112.6549136.938.8 74.0 76.2 50 58 1742   13.40   12.90 6 -2  0NU동54.34471713-1.2 3.6 2.4828213 0주력우수주력우수 1관 1 5 9     91010⑦1:14.01¾  1.713.838.113.3 -1 -8 1.70 7 8    2.25233493624 9 4 2 53 1 1.05 9.01 2.7 7.5  2.7   12.3   17.2  105.610.52880 2 8 9 2☆  .738.50  .33  .9675.61 9.3420.9132.71 71627 7.5614.5740.74 8
20240622토101200 9국414 1 12 8혼전 4441흐림불량2010 9원평킬라        GOOD SAM킬라리드 1028.00한수 41133 2 6 1030      41250국4서인석김용재   012 4 2 530 3 2 418 33씨씨웡  052.092우자보85 88 888580.076.050.13357 71931121921252518 9202422202040→↘선13.437.138.212.65287                   50 58 1742   13.70   13.20 7 -1 -3NU동54.34471713 -.4 4.0 3.6696913 0트립손실주력우수 1기 2 7                    취소    13.7    13.2     0 1.87                      9 5 4 10 3 2.06 4.03 1.4 3.4  6.8   51.5   96.8  145.410.53587 2 9 9 2☆ 1.938.20 -.21     75.6722.5639.4350.0732526416.5431.9440.05 3
20240504토 71200 8국444 1 92 7혼전 4441맑음건조 510 9원평킬라        GOOD SAM킬라리드 1028.00한수 4 529 1 6 1180      33000국4서인석김용재   013 3 1 530 2 1 417 29씨씨웡45855.092우자하69 65 657245.059.037.03357 71931121921252518 9202422252550→↘선13.437.138.312.6578537.137.9 73.8 75.3 45 55 1836   13.70   14.30 3 -2  0VNDN54.14451713 1.0 2.8 3.8666613-1승부최상보통걸음 1기 0 8 5     4 5 5①1:13.81½  -.313.737.613.2 -1  2 1.20 1 2  0  .02145161488 6 4 5 70 2 2.01 8.04 2.6 4.8  3.5    4.8    9.4    7.2  .03360 0 6 5 0    .538.20  .11 -.1075.7210.8623.3436.96 5122213.9524.5833.21 4
20240414일11130010국534 4 82 9 2강 2211맑음건조 410 9원평킬라        GOOD SAM킬라리드 7740.00한수 4 631 2 7 1231      33000국5서인석김용재   014 2 2 830 1 1 416 31씨씨웡45655.092우자보68 79 798594.074.066.72838132135161921252518 9202422252550↘→선13.437.038.912.6777936.640.1 81.9 83.3 45 55 1836   13.60   14.00 5  0  0VN동54.14451713  .6 2.6 3.2717113 0승부최상승부최상 1기 010 7     2 3 3⑤1:21.92     .713.739.914.3  3 -2 1.09 5 2  1 1.155 9784953 5 3 2 21 1 1.03 5.09 2.1 4.8  2.1    4.8    7.4   12.4  .04498 4 9 9 4★ 1.840.10 -.47 7.3782.5830.2752.6866.7321425822.5441.9550.74 2
20240309토 7130011국453 5102 9혼전 4421맑음건조 410 9원평킬라        GOOD SAM킬라리드 7740.00한수 4 633 2 7 1356      33000국4서인석김용재   015 1 1 730 1 1 415 33빅투아45855.082평자보79 87 878273.065.046.62253 82135161921262218 9202818252550→↘입13.437.039.112.6796837.039.1 82.2 82.8 45 55 1836   13.90   13.00 8  5  2BN동54.14451713  .6 3.8 4.4636313 0전력변화승부최상 1기 010 1     1 1 2④1:22.22     .413.639.114.0  3  8  .26 4 1 -7  .73623492765 4 8 1 2112 3.06 7.02 3.3 6.1  5.8   35.0   58.2  113.3  .04492 3 8 9 3☆ 1.040.00 -.04 6.6582.7117.3232.9046.6218365127.2740.2742.55 1
20251122토10140010국3 3 2  6 4혼전 4433          1010골든드래곤      카우보이탭메이트 6132.00한거 41340   1    017:30 41250국3정하백조수영   3 016 1 722 2 3 622 40이동하   56.088우자보50 60 606355.054.035.52849151938 91713 0441814242619133825→↘선13.336.539.312.47939                   56 44 4433   13.50   14.30 7  3  1VN동54.94921814 -.2 2.8 2.6757512 0주행평범조교부실38관 010                            13.5    14.3                                 3 6 4 4  5                                              .02357 0 6 6 0    .439.30  .09     88.4510.5823.6335.53 8203314.6328.4136.82 3
20251004토 8140011국444 2 46 7혼전 4421맑음다습101010골든드래곤      카우보이탭메이트 6132.00한거 41442 1 1  114      41250혼3정하백조수영   3 115 3 622 1 3 621 42이동하51155.588우자하67 66 666956.064.044.42849151938 91713 0441814242619133825→↘선13.336.739.212.4684736.240.7 88.9 89.3 59 47 4135   13.60   13.30 4  0 -1NNUP54.94921812 -.2 3.0 2.8737312 2주행평범기수승부56관 0 7 4     4 6 6④1:28.91     .913.540.814.3  0 -6  .30 4 4 -1 1.56010826255 3 3 4 22 4 3.05 5.11 2.8 3.7  6.1   28.4   45.9   19.3  .03486 3 7 7 3△ 1.139.30 -.1913.4288.5217.6732.0344.38 7162711.6325.3038.57 3
20250906토 4120012국324 1 76 3혼전 4421흐림다습131010골든드래곤      카우보이탭메이트 4026.00한거 41545 1 1   81      82500국3정하백조수영   3 214 2 622 1 3 620 45문세영51756.073우자보96 92 926146.048.010.23644 91938 91713 0 01814283616133825↘↗입13.336.938.512.4685936.938.9 73.7 75.9 59 47 3524   13.90   12.70 5 -4  2NN동54.94921812  .0 2.8 2.8737313 0걸음불변보통걸음 5   0 7 8    101011⑪1:13.7½   1.313.637.813.3  6  7 2.1211 5  2 1.945335542401010 6120 1 2.0110.03 2.1 4.6  4.0    4.6    9.8   18.210.51459-1 6 3-1   -.238.60  .88  .5075.72 1.97 5.6910.19 0 1 4 3.5410.9017.52 9
20250802토 8120010국334 2 86 8혼전 4431맑음건조 31010골든드래곤      카우보이탭메이트 4026.00한거 41542 1 1   78      41250국3정하백조수영   3 313 1 522 3 3 519 42이동하51054.589우입보90 92 928173.059.037.52849151938 91713 0441814242619144314→↘선13.336.938.512.5645937.237.2 74.0 74.8 50 44 3825   13.90   13.90 4  3  1BNDN54.94901814  .0 2.8 2.8737313-2전개최상기수영향39관 111 8     8 9 4②1:14.0½    .013.937.112.7 -1  5  .40 2 3  1  .11049 5 578 6 2 1 33 3 4.0310.11 3.3 6.1  9.9   10.9   24.6  129.910.53473 2 8 7 2    .638.30  .11 -.6175.7214.5126.6037.4714284220.9333.3339.00 1
20250706일101400 8국454 2 56 9 1강 1121맑음건조 31010골든드래곤      카우보이탭메이트 6132.00한거 41638 1 1   65      41250국4정하백조수영   3 412 2 522 2 3 418 38이동하50554.088우선상81 85 859194.075.072.82849151938 91713 0441814242619144314→↘선13.336.839.312.5594736.239.7 87.6 88.3 47 53 3327   13.60   14.20 4  1 -4VH동54.94901814 -.4 3.6 3.2707017 0마방연대전개최상54관 0 8 6     5 4 4②1:27.66     .013.939.213.9  0 -4  .40 2 2 -1 1.13110643579 4 2 2 12 2 1.02 7.08 1.8 3.2  1.8    3.2    4.7    6.9  .04497 4 9 9 4★ 1.839.00-1.0712.1788.6632.0056.8572.7735536824.8149.1267.87 2
20250607토 71400 8국454 3106 6 1강 1137맑음건조 31010골든드래곤      카우보이탭메이트 6132.00한거 41135 2 1   72      33000국4유재길조수영   3 511 1 422 1 2 417 35이동하50958.088우선하61 59 595776.058.035.4284915 8 0 4 736 044 8 0242619173317→↘선13.336.939.212.5515935.740.1 87.7 87.7 43 50 2943   13.30   14.90 5  5  4NBDN54.44861812 -.2 3.4 3.2696912-2부중효과마방연대19관 0 7 6     3 3 2①1:27.71    -.213.639.814.2 -2 -7  .00 1 3  1  .012 2732988 7 3 3 52 1 3.05 7.06 2.8 6.6  4.4   14.9   33.3   66.8  .02870 0 7 7 0    .438.70 -.0711.5988.66 9.2922.3135.42 7162720.3933.8844.20 4
20250503토 7160010국551 5 56 9혼전 4433흐림포화181010골든드래곤      카우보이탭메이트 6132.00한거 41237 1 1  137      33000혼4유재길조수영   3 610 5 322 1 2 416 37김성현51654.567우선보81 68 681751.068.065.4 922 6 8 0 4 73615 0 8 0162519173317→↗입13.536.739.712.5415135.741.2102.8102.7 46 54 2346   13.50   13.50 4 -2 -3HH동54.44861812 -.4 3.8 3.4727212 0걸음불변부중효과 1기 0 2 1   1 1 1 2④1:42.82½   .913.341.514.9  2  8 -.10 4 2 -3 1.54312867758 1 4 2 11 1 1.04 3.09 2.4 4.9  2.4    6.7   11.6   18.6  .04084 3 7 8 3▲ 1.339.70 -.8926.28103.330.0751.0865.3635536818.6432.8447.51 3
20250405토 81600 9국550 5106 5혼전 4431비  포화171010골든드래곤      카우보이탭메이트 6132.00한거 41340 1 2  220      33000혼4유재길조수영   3 7 9 4 222 1 2 415 40조상범50857.558우자보93 93 931742.046.026.2 940 811 0 8 73614 0 8 0132018173317→→입13.636.739.712.5465136.939.1100.9102.1 50 50 2550   13.80   13.60 8  0  3HB동54.44861812 -.8 3.6 2.8808012 0적임교체작전마주 1기 0 4 2   2 2 3 4⑤1:40.91¼  1.213.538.813.5  0 15  .90 5 5  3 1.32476375148 4 5 1 61 1 6.0410.02 3.1 7.5  7.1   28.8   62.2   34.810.53028-1 6 4-1   -.239.70  .0425.71103.3 7.7717.0426.21 3 81711.3230.7740.72 2
20250208토 7160010국531 6 86 8 3강 3339맑음건조 51010골든드래곤      카우보이탭메이트 6132.00한거 41435 1 2  392      33000국5김동철조수영   3 8 8 3 122 1 2 314 35씨씨웡49355.085우자하26 26 261772.075.069.82148111238 81515 0 01711202422202020↘→선13.636.439.712.5594736.738.2103.3101.5 45 45 2745   14.30   15.80 8  2 -2HNDN54.34851812 -.4 4.6 4.2707012-2직전탐색적임교체 1기 1 4 2   2 3 2 2②1:43.31¾   .013.839.213.6  0 -4-1.50 2 2  1  .3 864151687 2 8 4 22 1 1.02 5.04 1.7 4.4  1.7    4.5    7.4    6.212.24357 0 7 8 0▲ 1.639.70 -.8725.37103.129.6252.0769.8135536823.0840.0051.06 2
20241215일 81800 7국451 7106 3 1강 1141맑음양호 81010골든드래곤      카우보이탭메이트 5839.00한거 31538 2 3  535      33000국4김동철조수영   3 9 7 2 222 4 2 313 38김용근49756.589평자보69 57 573866.043.029.52650201525 3151518251711292517202020↘→선13.640.140.712.5523539.044.6123.8123.0 45 45 2745   13.90   13.30 2 -5  1HLUP54.34851812  .0 5.2 5.2595912 4주행평범거리속성 1관 0 2 5 4 2 4 5 7⑦2:03.86    3.014.345.815.8  6 -3-1.29 7 1 -5 3.797 8989510 4 6 4 42 8 3.02 6.08 3.6 6.2  4.0    7.2   14.3   20.9  .01726-2 6 4-2   -.741.30 -.1842.15118.9 7.6816.5729.4710233615.7933.9950.00 3
20241130토 9140010국454 5106 4혼전 4451맑음포화181010골든드래곤      카우보이탭메이트 6132.00한거 31641 9 3  588      33000국4김동철조수영   310 6 1 322 3 2 312 41김용근50055.588우선보49 50 504058.048.020.32650201525 3151518251711292517202020↘→선13.637.039.212.5465537.438.6 87.5 88.6 50 50 3050   14.20   13.60 6 -3  2NNDN54.34851812 -.8 6.0 5.2575712-4걸음불변거리탄력 1관 0 7 8     9 9 8④1:27.51     .413.938.313.3 -2 11  .90 4 6  4 1.33969223266 7 5 6 83 7 9.01 9.05 3.9 8.2 35.9  115.5  359.9  169.7  .01639-1 5 6-1   -.338.80  .2612.4188.73 6.1311.8420.31 41118 9.3819.3931.79 6
20241020일 81800 9국551 6 56 6혼전 4459맑음다습141010골든드래곤      카우보이탭메이트 5839.00한거 3 936 2 4  708      33000국5김동철조수영   311 5 2 122 2 1 311 36김용근48954.089기무하70 57 573655.046.038.2283920194415151518251711292517 02525↗↘선13.640.240.612.5413939.640.2120.1118.9 44 56 3356   14.80   13.20 2  9  2BNUP54.44841812-1.0 6.0 5.0595912 1승부최상단기승부 1트 010 5 3 2 2 1 1①2:00.1½   -.114.240.013.6 -1 -3  .30 1 2 -2  .04923482686 3 7 2 41 6 2.0510.05 3.0 4.0  3.3   17.5   32.2   36.0  .03335 0 6 4 0   -.440.70 -.3838.07118.915.5526.5238.1510233629.2749.0255.14 1
20241006일 9170011국411 5 66 9혼전 4421흐림건조 31010골든드래곤      카우보이탭메이트 6132.00한거 31040 1 4  751      33000국4김동철조수영   312 4 1 222 1 1 310 40김용근49252.088기입적91 77 777680.070.048.9283920194415151518251711292517 02525↗↘선13.639.541.412.5643540.339.8111.2112.5 50 50 3850   13.70   13.30 6 -4 -5UUUP54.44841712 -.4 5.4 5.0595912 4교체성공승부최상 1관 0 1 7 7 7 8 7 6⑤1:51.2코    .514.839.513.2  1  1  .70 5 4  0 1.92470202862 410 5 10 5 3.01 3.02 2.2 4.8  6.4    6.4   14.9   66.510.64496 3 8 9 3☆ 1.541.40 -.5031.61113.723.5538.8648.9135536819.8237.0044.72 1
20240825일 71300 8국551 7 56 4 2강 2241맑음다습121010골든드래곤      카우보이탭메이트 6132.00한거 31133 2 5  859      24750국5김동철조수영   313 3 7 322 1 1 2 9 33트레보49156.561우무적43 50 504210.041.019.21975 01950 01515 0 01711233218 0 033→↘입13.637.239.212.5615137.637.4 81.2 81.2 43 43 4343   13.60   14.70 3 -3 -1NNDN53.74821712-1.0 4.6 3.6707012-1걸음불변거리속성 1기 0 5 4     4 2 2②1:21.2¾    .013.738.213.3 -2  8 -.50 2 4 -3  .1 251 4 385 2 6 5 52 1 2.04 1.05 2.6 4.6  3.9   11.9   23.2   10.2  .01423-2 3 3-2   -.539.40  .55 4.8282.90 3.12 9.0019.15 61526 2.35 8.7517.65 5
20240804일 4140011국551 7106 1혼전 4459맑음건조 31010골든드래곤      카우보이탭메이트 6132.00한거 3 1   1 5  907      24750국5김동철조수영   314 2 6 222 1 1 2 0  0해리카48357.071우자보22 19 1922  .041.012.91640111950 01515 0 01711182612 0 033↗→입13.837.139.612.5432836.140.2 89.1 88.9 50 50 3350   14.40   13.9023  4  0NL동53.74821712 -.4 3.4 3.0777712 0걸음불변보통걸음 1기 0 8 1     2 2 3⑨1:29.12½  1.613.640.614.7  2  5 -.40 9 7 -2 1.848 8734530 4 810 91 1 2.06 5.11 3.911.1  5.0   18.8   42.6   66.3  .01420-3 3 3-3▽ -.838.80  .1312.1889.07 2.57 6.5212.90 3 81413.2422.2255.93 6
20240225일 71400 9국512 6 16 5혼전 4451맑음포화191010골든드래곤      카우보이탭메이트 6132.00한수 31442 9 7 1389     110000국5김동철조수영   315 1 5 122 4 1 2 7 42이현종47857.075우자하22 47 475325.048.014.01543 612 9101515 7 01711111925 0 033↘↗추13.836.739.512.5723237.940.4 89.2 90.3 60 60 4060   15.00   14.80 4  1  1UBDN53.74821712  .8 2.8 3.5757512-3과중분패보통걸음 1   0 4 9     9 9 9⑨1:29.2목   2.414.440.113.9  0  0 1.00 9 9  7 2.58588789113 2 8 9 90 4 1.08 7.02 1.5 3.0  1.5   44.9   58.6   81.0  .02742-2 4 4-2   -.439.50  .4114.1488.73 3.14 7.1013.97 2 5 9 2.38 8.6716.52 9
20251122토11140011국2 1 1  1 9혼전 4423          11 1벌교베리타스    테스타마인디언블 5734.00한수 42750   1    018:00 495002등최영주유성훈   2 016 9 419 4 5 418 50조인권   53.565우자상50 57 579372.070.035.51635101536 71526413815 9232413382538↗↘선13.336.838.512.15985                   56 69 4431   13.60   13.40 4  0  2UN동54.84911412 -.6 4.0 3.4696913 0전개최상전개최상54기 1 1                            13.6    13.4                                 9 1 8 2 16                                            10.64492 3 8 8 3▲ 1.238.50  .42     88.1113.1024.2235.4518365112.9523.4031.25 2
20251025토11140011국224 1 71 9혼전 4441맑음건조 511 1벌교베리타스    테스타마인디언블 5734.00한수 42947 9 1   78      495002등최영주유성훈   2 115 8 319 3 5 317 47조인권50052.065우자보89 85 859777.076.046.11635101536 71526413815 9232413432929↗↘선13.336.938.512.1458536.238.9 86.1 87.6 53 67 4033   14.00   12.30 5 -3 -2UUUP55.24891412 1.0 3.4 4.4656513 2승부최상전개최상82기 2 1 6     6 7 4②1:26.11¼   .013.638.413.4 -5  6 1.00 2 7  6  .2 6 931 679 9 1 6 1315 1.0711.01 2.4 3.6  2.4   25.4   37.1   66.910.65699 4 9 9 4★ 1.838.70  .0712.1588.1820.1635.3946.0532526412.2024.1330.20 3
20250920토10120011국232 1 81 9혼전 4431맑음포화1611 1벌교베리타스    테스타마인디언블 2132.00한수 43143 2 1   77      495002등최영주유성훈   2 214 71319 2 5 216 43조인권49453.567우자상64 65 658863.069.044.71635101536 71526413815 9232413432929↗↘선13.337.038.012.3529237.037.1 72.2 74.4 50 64 4314   14.30   12.60 7 -7  0HU동55.24891412  .8 3.4 4.2676713 0승부최상승부최상 5관 3 4 9     9 7 4②1:12.25     .014.036.012.3  1  1 1.90 2 1 -5  .9 541 4 380 7 4 5 2314 3.01 5.04 3.5 8.2  5.3    8.2   17.3  250.5  .04493 3 8 8 3▲ 1.238.10  .10 -.6075.5018.0032.2644.6618365115.3826.7433.53 2
20250803일12120011국253 1101 9혼전 4441흐림건조 311 1벌교베리타스    테스타마인디언블 2132.00한수 43346 1 1  107      495002등최영주유성훈   2 313 61219 1 5 215 46조인권49353.567우자보59 70 708569.071.047.81635101536 71526413815 9232413432929↗↘선13.337.038.312.9509137.737.6 74.6 75.9 54 69 4623   13.80   13.80 5  5 -3VU동55.24891412  .8 3.2 4.0717113 0걸음관심승부최상28관 011 9     810 9⑤1:14.61¾   .914.337.312.6 -1 -4  .70 5 6  3 1.24275122655 9 5 4 2313 3.01 9.10 3.6 7.7  6.1    7.7   19.4   13.310.64497 4 8 9 4★ 1.538.50 -.15  .5575.6721.0336.3447.8318365117.5329.2738.18 3
20250629일 9120010국454 3101 3혼전 4431맑음양호 811 1벌교베리타스    테스타마인디언블 2132.00한수 43550 9 1   86      41250국4최영주유성훈   2 412 51119 1 5 214 50김성현49756.066우도하57 53 535828.054.016.7 922 61536 71526 9 015 9162519432929→↗입13.336.838.512.9687937.038.4 74.0 75.8 58 67 5017   14.20   13.60 6  1 -2NN동55.24891412  .2 3.6 3.8737313 0걸음관심감량기수44관 2 6 8     8 8 6③1:14.01     .213.838.013.8  0  4 1.40 3 3  0 1.14341373072 6 8 7 93 1 4.09 9.10 2.5 7.4  8.4  170.6  289.8  278.7  .02748 0 4 6 0    .238.70  .74  .4575.67 3.69 9.2716.69 2 5 9 5.15 9.8118.09 8
20250518일11120011국444 4 91 7혼전 4421맑음다습1111 1벌교베리타스    테스타마인디언블 2132.00한수 43853 2 1  101      41250국4최영주유성훈   2 511 41019 3 5 213 53조인권49358.067우도하56 70 707566.063.024.91635101536 71526413815 9232413432929↗↘선13.336.938.312.9648537.138.9 74.5 76.2 64 82 5518   14.00   13.60 7 -4  0NL동55.24891412  .4 3.8 4.2757513 0주력우수도주강력81관 2 510     9 8 5⑤1:14.5½   1.314.238.013.6  2 -2 1.50 5 3 -1 1.35345534840 8 5 5 5312 2.09 2.09 2.9 6.5  4.0   91.5  175.3  299.612.72975 2 7 8 2    .838.70  .56  .9675.61 7.0115.2124.86 8152610.3421.3129.77 4
20250329토 8120011국354 3101 7혼전 4421맑음건조 311 1벌교베리타스    테스타마인디언블 2132.00한수 44158 9 2  241      41250국3최영주유성훈   2 610 3 919 2 5 212 58조인권49558.068우도보93 94 947281.065.028.3 940 21755 61526413815 9232413432929→↗선13.336.938.312.9628536.939.3 75.4 76.5 70 90 6020   13.90   13.20 4  5  4BB동55.24891412 -.2 3.2 3.0797913 0전개최상주력우수 1관 1 9 9     8 7 6⑦1:15.4목    .514.039.013.6  3  4  .80 7 4  3  .56334645363 8 6 2 6011 2.11 6.03 4.0 7.4  4.4   81.1  136.7  174.810.53474 0 9 9 0    .938.80  .48 1.3175.61 8.1618.9928.26 5122213.2922.3033.02 3
20250301토 9120011국313 1 61 8 3강 3341흐림건조 311 1벌교베리타스    테스타마인디언블 2132.00한수 43654 1 2  324      41250국3최영주유성훈   2 7 9 2 819 1 4 211 54조인권49154.568우도상86 84 849381.065.028.3 940 21755 61526413815 9232413501733→↗선13.336.838.412.9707937.037.9 73.7 75.4 67 89 6711   14.10   13.70 6 -6  0HHDN55.34891412 -.2 3.2 3.0797912-2걸음관심전개최상 1관 0 4 5     4 4 1①1:13.71¾  -.313.937.313.2  0 -7 1.30 1 1 -4  .02441171388 3 9 2 4210 1.04 4.03 1.7 4.6  1.7    5.5    8.2   44.912.24487 2 8 8 2▲ 1.138.60  .48  .1875.61 8.6018.1028.26 9203215.4524.1535.61 4
20250118토10140011국324 3 71 8혼전 4441맑음건조 411 1벌교베리타스    테스타마인디언블 5734.00한수 44060 2 3  433      41250국3최영주유성훈   2 8 8 1 219 1 4 210 60임다빈49854.576강도상83 80 808474.063.029.71455 71122 9152624 015 9152324602020↘↗추13.336.439.512.9875136.839.4 87.7 88.1 75 88 7513   13.50   13.20 6  8  1BNUP55.54871412  .0 2.4 2.4838312 2전개최상조교부실 1관 010 9     8 8 4④1:27.7½    .314.138.613.7 -1  1  .50 4 5  0  .52236514069 2 9 6 63 1 4.01 1.09 2.4 5.1  9.1   10.1   29.6   48.612.73488 2 7 9 2△  .939.30  .1812.2488.52 9.2519.9229.66 7162712.9824.5536.60 2
20241207토 9120011국414 2 61 9혼전 4441맑음다습1411 1벌교베리타스    테스타마인디언블 2132.00한수 34455 2 3  566      41250국4최영주유성훈   2 9 7 4 719 1 4 1 9 55조인권49754.073강도보67 70 709270.073.039.01743121122 91526413815 923241375 025↗→선13.336.638.613.0876836.338.3 72.7 74.9 71 86 7114   13.60   13.30 7 -1 -1HU동55.94851412  .8 1.6 2.4838313 0전개최상전개최상 1관 1 2 3     3 2 1②1:12.72     .013.537.213.2 -3  8 1.90 2 5  1  .311 730 681 5 7 6 22 9 1.0510.02 1.5 4.2  1.5   10.9   12.5   72.610.64498 4 8 9 4★ 1.638.60  .16 -.3075.6116.9628.7439.0118365111.3225.5334.41 2
20241019토 8120011국424 1 71 9혼전 4421흐림포화1611 1벌교베리타스    테스타마인디언블 2132.00한수 35062 2 4  719      41250국4최영주유성훈   210 6 3 619 1 4 1 8 62김철호48954.566강선보78 78 7893  .062.028.1 533 02471 81526 3 015 915222375 025↗↗자13.336.539.013.2955538.237.5 74.2 76.1 83100 83 0   13.30   13.50 3 -3  1HNDN55.94851412  .8 1.0 1.8868612-2전개최상전개최상 1기 1 3 6     7 8 8⑦1:14.21     .913.637.013.3  3 -2 1.40 7 4    1.15089 73250 311 6 60 1 8.0310.02 2.4 3.3 28.9  134.3  326.3  107.4  .04489 3 7 6 3△  .839.10  .31  .6075.78 7.7117.2428.08 51222 7.6314.8840.15 8
20240929일101400 8국354 2 51 9혼전 4431맑음건조 411 1벌교베리타스    테스타마인디언블 5734.00한수 35062 9 4  772      41250국3최영주유성훈   211 5 2 119 1 4 1 8 62조인권48353.583강선보39 64 649172.065.035.31846 72471 81526413815 923241375 025↘↗선13.336.340.013.29735                   83100 83 0   13.40   14.40 6  5 -1NU동55.94851412-1.0 2.8 1.8888812 0전개최상전개최상 1관 3 6                    경제    13.4    14.4    -8 1.17                      111 5 40 8 1.04 1.02 1.7 3.6  1.7    4.5    6.4    5.1  .04494 4 8 8 4★ 1.040.00 -.20     88.8012.8224.6335.3014284214.6325.1030.38 3
20240818일 8140011국323 1 71 9혼전 4431맑음건조 311 1벌교베리타스    테스타마인디언블 5734.00한수 35771 2 5  879      41250국3최영주유성훈   212 4 1 119 1 4 1 7 71문세영49154.093강도보39 64 649683.066.039.44858 01950101526413815 928361675 025↗↘입13.336.340.013.2973236.839.0 87.6 89.0 83100 83 0   13.30   13.80 5 -4 -1UUUP55.94851412-1.3 3.3 2.0868612 2전개최상전개최상 1기 2 1 3     2 2 3⑤1:27.6머리 1.213.438.814.4  4  2  .81 5 1 -2 1.85440352742 111 6 11 1 4.05 4.03 2.8 4.5 10.8   49.9  125.0  179.5  .04698 4 8 9 4★ 1.039.60 -.3012.7288.8015.2128.5039.3718365115.9729.1538.24 1
20240714일 8120011국434 1 81 9혼전 4431맑음양호 611 1벌교베리타스    테스타마인디언블 2132.00한수 36683 2 5  964      41250국4최영주유성훈   213 3 3 519 7 4 1 6 83조인권48955.082강도보93 94 949791.072.041.23360141950101526413815 923241375 025↗↘선13.336.539.013.2965136.439.6 74.0 76.2 83100 83 0   13.80   13.50 7 -2 -3NH동55.94851312-1.7 4.0 2.3848412 0전개최상전개최상 1기 3 5 3     3 3 5⑥1:14.01¾  1.513.338.613.8  3  5 2.09 6 3  2 1.55310724433 211 1 22 7 2.0910.03 3.1 4.9  3.6  101.4  140.7  382.610.54496 3 9 9 3☆ 1.439.10 -.06  .7075.7815.3529.7241.1718365119.2637.9244.47 1
20240526일101200 9국444 5 91 9혼전 4431비  양호 811 1벌교베리타스    테스타마인디언블 2132.00한수 36080 9 6 1103      33000국4최영주유성훈   214 2 2 419 6 3 1 5 80조인권48458.078강도보98 97 979891.072.055.11238 02363 61526413815 923241399 0 0↘↗선13.336.539.613.5963536.838.6 75.0 75.4 80100100 0   13.50   13.90 4  6  4NB동55.24851312-3.0 5.5 2.5838312 0전개최상전개최상 1기 4 7 6     6 5 3①1:15.0머리  .013.838.513.5  0 -4  .40 1 1  0  .02527412580 1 9 1 23 6 1.03 7.08 2.8 4.7  2.8    6.5   10.1    5.510.54497 3 9 9 3☆ 1.438.90 -.80 -.6776.1220.8440.5355.0832526427.6654.8468.98 1
20240427토 8120010국444 3 91 9 1강 1121맑음다습1011 1벌교베리타스    테스타마인디언블 2132.00한수 35075 9 7 1201      33000국4최영주유성훈   215 1 1 319 5 2 1 4 75조인권48854.577강도보99 98 989997.071.061.32755173669181526413815 923241399 0 0↗↘선13.336.539.013.5985936.338.3 73.9 74.8 75100100 0   13.30   14.30 5 -2 -2UH동55.54841312-9.010.0 1.0999912 0전개최상전개최상 1기 3 1 1     1 1 1①1:13.92½  -.513.538.113.9  0  3  .60 1 1  0  .0 9 729 692 1 8 1 11 5 1.04 1.08 2.7 4.4  2.7   10.5   14.8   33.3  .05099 4 9 9 4★ 1.638.70 -.64 -.7575.7829.4449.2361.2935536830.9950.3463.48 1
20251122토11140011국2 1 1  3 9혼전 4423          11 2태평레전드      AFLEET A서치포새 5524.00한수 33846   1    018:00 495002등박병일에스지이 2 014 2 213 1 5 113 46임기원   52.579우선보50 63 639063.067.032.62444133563162431 0 022142532168317 0→↘선13.336.439.512.58943                   80 70 5030   13.80   14.90 7 -3 -1HHDN54.34782012 -.6 3.6 3.0797918-4승부최상마방연대50기 0 2                            13.8    14.9                                 3 9 3 4  1                                            12.74088 2 8 8 2▲ 1.139.50  .11     88.5211.7022.5232.63 7162710.0718.8728.91 6
20251004토10180011국234 8 83 9 1강 1131맑음다습1011 2태평레전드      AFLEET A서치포새 1346.00한수 34150 1 1  112      495002등박병일에스지이 2 113 1 213 1 5 112 50장추열48053.593강선하82 87 877187.065.047.13350113563162431 02722142025228317 0↘↗입13.339.440.812.5863538.543.3118.7120.1 80 70 5030   13.30   14.40 4 -3 -2NHUP54.34782012-1.4 2.6 1.2959518 4마방선전승부최상78기 1 5 3 3 3 4 3 6⑥1:58.74    1.813.843.114.9  3-10  .89 6 3 -3 2.077 4947833 4 5 2 22 1 6.02 1.03 2.2 4.7 18.7   28.1   84.9   75.7  .04497 3 8 8 3▲ 1.241.70 -.4139.93118.617.1033.4747.0619405616.7830.9442.52 3
20250906토 6140011국322 2 73 6혼전 4441비  다습1311 2태평레전드      AFLEET A서치포새 5524.00한수 34554 1 1   79      82500국3박병일에스지이 2 212 4 11312 5 111 54이동하49055.088강도하38 60 607767.065.034.62849153563162431313722142426198317 0→↘선13.536.539.112.5866835.941.3 87.3 89.5 78 78 4422   13.30   15.1015  1  0LNDN54.34782012-1.4 2.6 1.2959513-6걸음불변마방선전 5   0 8 1     2 4 7⑩1:27.3¾   2.213.340.214.4  4 22 1.7010 6  1 2.368 5917418 6 4 7 5012 1.07 1.10 1.6 3.0  1.6   30.6   37.0   25.3  .02681 1 7 8 1△ 1.039.50  .2313.9088.3211.4923.6034.63 7162711.1918.2531.62 5
20250518일 7200011국312 8 63 7 3강 3341맑음다습1111 2태평레전드      AFLEET A서치포새 1346.00한수 35060 2 2  293     110000국3박병일에스지이 2 311 3 11311 5 110 60이동하46855.085강선보79 83 833588.051.022.32253 93078132431313722142426198317 0↗→선13.539.240.512.5656437.942.0132.7131.2 78 67 3333   14.10   14.10 3 -2 -3NNUP54.34782012 -.8 2.4 1.6929218 2전개최상단기승부 5   0 7 2 2 2 4 8 9⑨2:12.78    2.613.342.715.1  4-10 -.41 9 5  3 3.355 3846332 3 7 4 8011 1.0411.03 1.6 7.5  1.6    8.2   12.2   29.2  .03434 0 8 7 0   -.240.50  .1851.54131.3 6.7215.3422.29 3 81414.9128.9440.67 3
20250426토 9180011국351 7 53 9 1강 1151맑음양호 811 2태평레전드      AFLEET A서치포새 1346.00한수 34455 9 1  156      41250국3박병일에스지이 2 410 2 11310 4 1 9 55이동하47857.588강입상86 94 949996.074.064.62849153563162431313722142426198020 0→↘선13.539.939.912.5598539.339.5116.9117.1 75 63 2563   13.50   13.90 5  5  6BBUP53.74781812-1.0 2.6 1.6919113 2여유우승전개최상 1기 0 9 1 2 2 2 2 1①1:56.91½  -.214.140.614.1 -1 -1-1.30 1 2  0  .0 71326 596 1 2 1 1110 2.03 9.04 3.6 4.8  3.8    8.9   14.1   61.6  .04597 3 9 9 3☆ 1.740.80 -.6937.32118.532.2853.5264.5535536831.6551.3464.69 1
20250322토 9160010국344 5 93 8 1강 1131맑음건조 411 2태평레전드      AFLEET A서치포새 5524.00한수 33750 2 2  261      41250국3박병일에스지이 2 5 9 1 413 9 3 1 8 50이동하47952.085강선상97 97 971792.061.034.72253 93078132431313722142426197525 0↗→선13.636.539.212.5558536.638.7101.8101.5 71 57 2971   13.70   13.80 5  1 -3HU동54.14781612  .0 2.0 2.0888813 0안정전력작전마주 1기 1 4 2   2 2 2 1①1:41.84    -.813.539.913.9 -1  1 -.40 1 2 -3  .0 857262695 5 8 2 41 9 2.01 4.05 3.1 5.1  3.8    6.4   12.1   10.1  .03479 3 8 8 3▲  .939.20  .1425.77102.9 9.9722.8634.74 8203323.1940.7548.87 1
20250216일 9160010국420 6 73 8혼전 4431흐림건조 411 2태평레전드      AFLEET A서치포새 5524.00한수 32842 2 2  357      33000국4박병일에스지이 2 6 8 3 313 8 2 1 7 42이동하47855.085우입하57 62 621764.067.051.52253 93078132431313722142426196733 0↗→선13.636.539.112.5548735.938.5101.3100.7 67 50 1783   13.90   14.80 4 -2  1HN동53.84781612  .4 2.4 2.8777713 0직전탐색안정전력 1기 0 3 1   1 1 1 1①1:41.35    -.913.739.713.8 -4 -5 -.60 1 5  3  .0 11921 695 7 1 7 21 8 5.01 3.02 2.7 4.2  9.1    8.7   21.4   28.3  .03478 3 7 8 3▲ 1.239.10 -.1925.13102.821.0137.2451.4514284210.2624.2435.80 4
20250118토 7160010국414 6 63 8 3강 3331맑음건조 411 2태평레전드      AFLEET A서치포새 5524.00한수 33350 2 3  436      33000국4박병일에스지이 2 7 7 2 213 7 2 1 6 50이동하48354.088우입보82 86 861783.058.037.52133111640 42431313722142426196733 0→↗선13.636.639.112.5518736.840.2104.4103.8 67 50 1783   14.10   13.40 5 -3  2NN동53.84781612  .5 2.8 3.3727213 0승부최상작전마주 1기 1 5 4   4 6 710⑧1:44.41½  1.213.941.414.8  6 -2 -.45 8 2 -1 2.07570697940 9 1 2 40 7 4.03 2.01 1.8 4.5  9.7   14.8   36.4   71.210.93371 2 8 7 2    .639.10  .0728.09102.911.8123.9337.51 8213414.1828.0240.63 4
20241214토 71600 7국452 6 53 9 1강 1131맑음양호 811 2태평레전드      AFLEET A서치포새 5524.00한수 24040 2 3  547      33000국4박병일에스지이 2 8 6 1 113 6 2 0 5 40이동하48552.088우입보87 89 891794.071.075.92133111640 42431313722142426195050 0→↗선13.636.339.112.5698736.938.2102.6102.4 60 60 2080   13.70   13.40 4 -1 -3LUUP54.84741612  .0 3.3 3.3707013 3승부최상승부최상 1기 2 8 2   2 2 2 2②1:42.62½   .014.139.313.4 -1 10 -.60 2 3  2  .53276152081 4 1 1 11 6 4.03 4.08 3.4 4.8  5.7    9.3   19.3   10.4  .04494 4 9 9 4★ 1.639.10 -.7026.99102.738.0861.7175.9339607336.7859.8975.00 1
20241116토 5130011국513 2 63 9혼전 4411맑음건조 311 2태평레전드      AFLEET A서치포새 5524.00한수 22525 2 4  636      24750국5박병일에스지이 2 9 5 2 213 5 1 0 4 25이동하47554.590평입보76 84 848976.069.048.22435131229 0243131372214242619 099 0↘→선13.636.938.812.5889437.038.1 80.9 82.1 50 50 2575   13.60   13.60 3  2  0BU동55.04731312 1.0 3.5 4.5585813 0승군탐색승부최상 1기 2 9 3     2 2 1①1:20.93    -.613.738.413.4  0 -1  .50 1 1  0  .0152216 591 4 4 4 21 5 1.06 9.06 2.1 5.5  2.1   12.9   19.2   18.1  .04493 4 9 9 4★ 1.439.90  .18 6.3982.4519.4236.1748.2314284219.6329.5239.61 3
20241027일 5130011국513 1 63 9혼전 4421흐림다습1211 2태평레전드      AFLEET A서치포새 5524.00한수 23333 9 4  689      24750국5박병일에스지이 210 4 1 113 4 1 0 3 33이동하47654.590평입상87 98 988085.066.048.92435131229 0243131372214242619 099 0↘→선13.737.138.812.5739736.938.2 81.4 82.0 67 33  067   14.00   12.80 4  5 -1BUUP55.04731312 1.0 5.0 6.0303012 1뒷심문제거리늘어 1   0 7 3     4 2 1③1:21.4½    .113.638.813.6  2  3 -.10 3 1 -2  .5131619 472 5 4 2 12 4 2.08 2.01 1.6 4.6  7.4   38.0   66.3   20.010.54184 3 9 9 3☆ 1.239.70  .03 6.1282.5820.7035.8948.8518365126.0943.9843.70 1
20240928토 2120010국641 2 93 6혼전 4435맑음건조 511 2태평레전드      AFLEET A서치포새        한수 2 0 0 9 4  790      24750국6박병일에스지이 211 3 3 213 3 0 0 2  0이동하47355.090우입보71 86 868555.065.027.92435131229 0243131372214242619      ↘→선13.736.938.412.7738937.337.0 74.1 74.6 50  0  050   13.80   13.80 6 -5  0HH동       1210         3.0    12 0걸음불변작전마주 1기 0 2 5     4 3 3①1:14.11    -.214.037.212.8 -2 10  .20 1 3  1  .0 754 2 393 9 8 1 62 3 3.02 2.12 2.7 4.7  3.9    4.8   10.7    5.0  .02674 1 7 6 1   1.038.20  .42 -.6775.67 7.9717.6327.91 6152611.8824.1519.58 1
20240817토 1120010국641 4 93 6혼전 4435맑음건조 411 2태평레전드      AFLEET A서치포새        한수 2 0 0 2 5  896      24750국6박병일에스지이 212 2 2 113 2 0 0 1  0이동하46355.088평입보53 35 356238.059.038.82753131160 3243131372214242619      ↗↘선13.737.038.312.7709836.838.8 75.8 75.8  0  0  0**   13.70   13.00 6  6  0BHUP       1210         6.0    10 2마방기습보통걸음 1기 1 7 2     2 2 3③1:15.8½    .013.839.113.8  1 12 -.20 3 2 -3  .13728473085 8 6 9 41 2 8.03 6.09 2.4 6.0 22.6   34.3  102.5   39.712.72859 2 6 6 2    .738.50  .10  .4675.6713.3927.0138.83142842 7.2518.1821.09 8
20240706토 1100012국610 1 63 9혼전 4435흐림포화1711 2태평레전드      AFLEET A서치포새        한수 2 0 0 1 5  999      24750국6박병일에스지이 213 1 1 113 1 0 0 0  0이동하45155.088평무보   35 3540  .070.032.62753131160 3243131372214242619      ↗↘선    37.137.8        36.936.9 61.7 62.6              13.80   13.80 4  0  0NL동       10 0                 0 0걸음불변마방기습 1기 1 1 5     5 6 6⑥1:01.71¾  1.713.737.313.0  1 -1 -.10 6 5  0 2.24130151143 9 9 9 22 1 1.09 3.04 1.6 5.5  1.6   41.3   58.1  101.710.64190 4 6 8 4★ 1.537.80  .10-12.362.7112.6423.3532.61183651 8.3316.6725.00 1
20251122토11140011국2 1 1  1 9혼전 4423          11 3캡틴피케이      레이스데피케이파 9030.00한수 34158   1    018:00 495002등송문길박정재   2 011 2 710 4 5 212 58문세영   55.073우자보50 62 629173.069.032.63644 9273917272848 02723283616204040↘↗입13.436.439.312.89059                   78 89 4422   13.50   14.10 4 -4  0HN동54.44941714 1.0 1.2 2.2787817 0승부최상전개최상53기 1 3                            13.5    14.1                                 2 8 5 5  4                                              .04691 3 8 7 3▲ 1.139.30  .23     88.3811.6922.5132.6114284212.9522.6430.47 4
20251025토11140011국224 1 71 9혼전 4441맑음건조 511 3캡틴피케이      레이스데피케이파 9030.00한수 34563 9 1   78      495002등송문길박정재   2 110 1 610 3 5 211 63문세영50655.073우자보93 93 938283.070.031.63644 9273917272848 02723283616204040↘↗입13.436.539.312.8865936.239.6 86.7 88.2 78 89 4422   13.50   13.50 7  6  1NN동54.44941714  .4 1.8 2.2808017 0전개최상승부최상76기 1 7 5     7 6 3⑤1:26.71¼   .613.539.114.1  3  3 1.02 5 2  1  .820 9562462 6 9 3 40 3 1.0711.01 2.4 3.6  2.4   25.4   37.1   66.910.55592 3 9 9 3☆ 1.239.20  .1912.3588.4510.4520.4331.5610233611.5922.8634.14 4
20250906토 6140011국322 1 71 9혼전 4441비  다습1311 3캡틴피케이      레이스데피케이파 9030.00한수 34060 1 1  123      82500국3송문길박정재   2 2 9 8 510 2 4 210 60문세영50354.073우자보94 96 969482.069.037.03644 9273917272848 02723283616252550↘↗입13.436.539.212.8856436.139.1 85.0 87.2 75 88 3825   13.60   13.10 8 -5  0UH동54.54921714  .4 1.8 2.2808017 0승부최상전개최상 5   0 1 3     3 2 1①1:25.0¾    .013.538.013.5  0  2 1.80 1 1  0  .0 4 9421180 5 6 2 32 2 1.07 1.10 1.6 3.0  1.6   30.6   37.0   25.310.54492 2 9 9 2☆ 1.139.00  .1311.5088.3813.5325.9836.9518365113.2925.5537.50 3
20250713일101400 9국342 5 91 9혼전 4431흐림양호 611 3캡틴피케이      레이스데피케이파 9030.00한수 33355 2 1  130      41250국3송문길박정재   2 3 8 7 410 1 3 2 9 55문세영50154.073우자보81 75 758977.076.052.93644 9273917272848 0272328361633 067↘↗입13.436.539.512.8824736.637.7 85.7 86.4 71 86 4329   14.00   13.60 6 -5  2NN동54.74891714-1.0 3.2 2.2797913 0전개최상승부최상52기 1 6 3     3 2 1①1:25.79   -1.713.637.613.1  0  3  .30 1 1  0  .0 128 5 297 3 6 3 22 1 1.06 6.02 2.1 4.3  2.1   17.3   23.7   21.610.64494 3 9 9 3☆ 1.938.90 -.4910.3888.5922.4240.8152.9318395617.5432.3440.47 2
20250531토 9140011국334 1 81 9 3강 3341맑음건조 411 3캡틴피케이      레이스데피케이파 9030.00한수 33762 9 1  111      41250국3송문길박정재   2 4 7 6 310 1 3 2 8 62김용근49852.082강도하60 66 669488.075.069.7214911273917272829 0272329251733 067↗↘선13.436.439.512.8894736.639.1 87.0 87.9 83 83 6733   13.60   14.6014  0 -5VU동54.74891712-1.2 3.2 2.0848412 0마방선전전개최상56기 111 8     6 7 4③1:27.04     .714.038.013.6  2 -1 1.00 3 1 -1  .81726422455 1 9 4 13 1 2.05 4.01 2.7 4.4  3.0   15.7   24.2   14.512.24498 4 9 9 4★ 1.839.30 -.8712.0088.5230.6655.3569.7035536820.3438.9648.28 3
20250223일 8140013국554 4101 8혼전 4431맑음건조 311 3캡틴피케이      레이스데피케이파 9030.00한수 35083 9 2  336     110000국O송문길박정재   2 5 6 5 210 6 3 2 6 83김정준50057.068강선하95 97 977885.069.028.417431429432327282531272315212433 067↘→자13.436.539.112.8868535.740.9 88.8 89.0100100 4040   14.00   14.00 4  9 -1BNDN54.74891712-2.2 3.6 1.4929214-3전개최상마방선전 1   011 3     3 3 3④1:28.8목    .813.640.614.6  2  2  .10 4 2  1  .951 1865654 4 6 6 42 610.04 2.01 2.5 5.6 38.1  170.2  457.4  278.910.53481 1 8 9 1▲ 1.239.40  .4213.3588.3210.3619.1228.4010233611.9421.6529.85 3
20250126일 6170011국511 1 61 9 3강 3311맑음건조 311 3캡틴피케이      레이스데피케이파 9030.00한수 36080 9 3  404      33000혼4송문길박정재   2 6 5 4 110 5 3 1 5 80김정준49857.563강추보78 92 929594.073.046.81671 819421027282531272315212433 067↗↘자13.439.140.812.8868938.641.0110.0112.2100100 2550   13.70   13.6014-10  3UBUP54.74891712-3.0 4.3 1.3939314 5전개최상전개최상 1기 3 2 2 2 2 2 2 1②1:50.01¼   .014.040.014.0  1  3 1.20 2 1 -3  .317 4541481 3 5 1 31 5 3.01 1.02 1.7 4.8  9.4    8.1   31.2   25.112.24491 3 9 9 3☆ 1.741.80  .0632.33113.018.4933.9146.7815324722.7040.1453.35 1
20241020일 7120012국554 3101 9혼전 4431맑음다습1411 3캡틴피케이      레이스데피케이파 3525.00한수 2     2 4  709     110000국5송문길박정재   2 7 4 3 210 4 2 1 3  0김정준49755.074강선상98 98 9895  .070.024.91222 928411627282531272315212450 050↗↗자13.436.738.312.8789837.337.7 73.8 75.1100100 3333   13.60   13.10 8  9  0VN동54.54861412-3.0 4.3 1.3939314 0전개최상전개최상 1   01211    10 6 2①1:13.81½  -.313.737.513.6 -3  6 1.10 1 4 -4  .01752111292 3 8 3 63 4 4.0812.08 4.4 9.2  7.1   53.1  109.8   88.910.54490 3 9 9 3☆ 1.338.60  .67  .1375.50 8.3716.9324.92 51222 4.48 9.3827.6011
20240825일 8120013국554 3101 9혼전 4411맑음다습1211 3캡틴피케이      레이스데피케이파 3525.00한수 2     2 5  858      82500국5송문길박정재   2 8 3 2 110 3 1 1 2  0김정준49155.082강도보80 35 3592  .072.024.82263 931631527282531272315212499 0 0↘↗자13.436.638.713.8928237.437.1 73.9 74.8100100 50 0   13.40   14.30 5  1  2HNDN54.04801413-1.0 2.5 1.5919114-1전개최상전개최상 1   0 310    10 8 3①1:13.92½  -.513.637.013.1 -7 -3  .60 1 8  7  .0 961 3 594 31112 63 3 8.01 3.07 3.0 7.4 15.3   25.4   67.6   69.212.74487 2 8 9 2☆ 1.438.60  .51 -.5175.67 7.7116.4324.80 51222 6.9813.1926.48 5
20240721일 5130010국512 2 61 9 3강 3321흐림포화1811 3캡틴피케이      레이스데피케이파 9030.00한수 2     2 5  948      24750국5송문길박정재   2 9 2 1 110 2 1 0 1  0김정준49453.583강선보88 35 3595  .075.059.12263 931631527282531272315212499 0 0↘↗자13.736.939.213.8899236.139.3 80.9 82.1100100  0 0   13.70   14.10 5 -6 -1UUDN54.04801414-3.0 4.0 1.0969614-1기수신마전개최상 1   0 2 3     1 1 1②1:20.9코    .013.439.214.3  1 14 1.00 2 1 -3  .015 2561081 4 410 11 2 6.0110.02 1.7 6.3 16.3   21.0   70.6   48.1  .04696 4 9 9 4★ 1.839.90 -.37 6.0082.7127.9646.6059.1335536811.3919.7851.20 6
20240615토 2140011국650 8101 9 1강 1139흐림건조 511 3캡틴피케이      레이스데피케이파 9030.00한수 2 0 0 2 6 1060      16500국6송문길박정재   210 1 1 110 1 0 0 0  0김정준48054.082평무보   35 3540  .060.050.63263143250 6272825312723152124      ↘↘자    36.639.1        36.538.6 89.4 87.5              13.90   13.50 4  0  0LL동       14 0                 0 0걸음불변기수신마 1기 1 8 1     1 1 1①1:29.42½  -.413.739.714.1 -3  2-1.70 1 4  0  .0 62323 896 1 111 21 1 4.02 8.01 3.6 8.7  8.0   18.1   35.9   45.6  .04779 4 6 7 4★  .839.00 -.2411.7688.3816.6033.8950.6119405612.6825.5359.38 4
20251122토11140011외2 1 1  1 7혼전 4423          11 4페어스카이즈    MIDSHIPMGLIMPSE  8025.00미수 41536   1    018:00 495002등김동균김용재   0 016 1 819 2 3 419 36우인철   51.064우입보50 57 575648.056.019.81567 6193711183627 017 6102925335017→→추13.336.639.012.37551                   41 47 1229   13.30   13.80 4 -5 -3HU동54.84791612 -.6 4.2 3.6717114 0마방연대마방기습45기 0 4                            13.3    13.8                                 6 5 9 9  2                                              .02866 0 7 7 0    .339.00  .63     88.32 4.6412.1719.77 3 814 7.9116.6025.78 7
20251026일 9140011외314 1 61 6혼전 4431흐림양호 711 4페어스카이즈    MIDSHIPMGLIMPSE  8025.00미수 41133 9 1   69      41250혼3김동균김용재   0 11512 719 1 2 418 33우인철48254.064평입보95 86 865963.061.031.21567 6193711183627 017 6102925404020→→추13.536.639.412.3783236.439.3 86.2 88.0 38 44  631   13.70   13.10 6  8 -4BH동54.94781612 -.2 5.0 4.8616113 0직전복병마방연대67기 0 9 2     3 2 1①1:26.2코    .013.339.013.8 -1 -1 1.10 1 2  0  .01615461976 5 7 3 62 1 2.10 9.11 2.1 6.7  6.1  145.5  249.9  207.2  .02567 1 8 8 1    .739.10  .1012.0288.59 9.8220.7631.19 5122213.8622.5231.27 5
20250913토 91400 8외352 1 51 9 3강 3343맑음포화1711 4페어스카이즈    MIDSHIPMGLIMPSE  8025.00미수 41129 2 1   99      41250혼3김동균김용재   0 21411 619 1 2 317 29푸르칸48358.071평입상90 75 757975.067.056.7235318193711183645 017 6132419502525→↘추13.536.539.512.3832536.438.3 85.3 87.3 33 33 3320   13.60   13.80 3 -2  1UB동54.14771612  .0 5.2 5.2585814 0탄력늘어탄력호조31관 0 1 3     3 3 3②1:25.33     .013.737.313.1  0 -5 1.30 2 2 -5  .6 51916 478 3 4 1 22 1 1.02 6.01 2.3 4.0  2.3    4.0    6.5   10.812.24481 3 8 9 3☆ 1.239.10 -.5911.2588.5922.0439.5356.7215324718.3936.2653.07 3
20250823토 9140011외334 1 81 4혼전 4431맑음건조 411 4페어스카이즈    MIDSHIPMGLIMPSE  8025.00미수 41231 2 1   55      41250혼3김동균김용재   0 31310 519 2 2 316 31씨씨웡48857.590평입상79 80 804664.054.018.33053101937111836 92517 6202422502525→↘선13.536.539.612.3862336.339.2 86.2 87.8 36 36 2121   13.60   13.60 7 -5  4HB동54.14771612  .2 4.6 4.8636314 0마방연대급하락세51관 0 3 5     7 7 6⑥1:26.21¼  1.013.638.213.8 -1 13 1.10 6 7  3 2.21313482148 4 8 5 80 2 1.08 1.05 1.9 3.8  1.9   24.7   30.3  207.5  .02831-2 7 6-2    .039.20  .3811.6788.66 4.21 9.7218.33 3 814 9.5221.7132.39 5
20250706일 91400 9외334 2 81 6 2강 2236맑음건조 311 4페어스카이즈    MIDSHIPMGLIMPSE  8025.00미수 4 626 1 1  109      41250혼3김동균김용재   0 412 9 419 1 1 315 26씨씨웡47553.590평입보31 26 265037.063.038.33053101937111836 92517 6202422333333→↘선13.536.639.612.3772036.338.5 86.5 87.0 31 31 1515   13.50   14.50 6  5 -1NH동54.34781612  .8 4.6 5.4535313 0마방연대마방연대19관 0 8 3     2 1 1①1:26.55    -.913.638.113.6 -3-10  .20 1 4 -2  .0 31324 593 4 7 7 41 1 4.03 8.07 2.7 5.8  9.7   13.2   28.6   18.7  .02866 0 5 7 0    .938.90 -.2210.8088.7310.7625.2938.28 9203212.1622.7534.07 4
20250525일101400 9외343 2 91 5 1강 1131맑음양호 811 4페어스카이즈    MIDSHIPMGLIMPSE  8025.00미수 4 728 2 1  101      41250혼3김동균김용재   0 511 8 319 1 1 314 28임다빈48554.080평자하24 26 265022.052.021.51949 51937111836233117 6152324333333↘→추13.536.839.312.3583936.540.7 88.2 89.3 33 33  825   13.70   14.40 6 -7 -1HHDN54.34781612  .0 4.8 4.8545413-2마방기습마방연대59기 1 3 4     5 5 8⑧1:28.22    1.613.540.014.5  2 10 1.00 8 6  0 2.06422847429 7 5 8 72 1 3.02 1.02 3.2 5.8  5.5    7.2   18.6   16.0  .02759 0 4 6 0    .339.20  .2713.1788.66 4.3112.3321.50 3 815 3.51 8.9016.15 8
20250412토 9160010외314 5 61 5혼전 4431비  양호 811 4페어스카이즈    MIDSHIPMGLIMPSE  8025.00미수 4 730 2 1  198      41250혼3김동균김용재   0 610 7 119 3 1 313 30마이아47555.093평자보43 45 451752.054.025.4375220193711183629 017 63631 9333333↘→선13.536.739.612.3444336.440.5103.4104.3 36 36  918   13.80   13.90 4  9  1VNUP54.34781612  .4 4.8 5.2505013 2마방기습마방기습 1관 010 5   5 8 9 7⑦1:43.43    1.313.741.314.4  1  6  .20 7 6  3 2.08542777839 8 8 9 40 3 1.02 5.02 1.4 3.7  1.4    3.7    4.7   44.4  .02731 0 6 7 0    .339.60  .1028.04103.2 6.0115.6325.42 9203213.1328.1737.85 3
20250316일11140011외341 4 91 6혼전 4451맑음양호 611 4페어스카이즈    MIDSHIPMGLIMPSE  8025.00미수 4 833 2 2  270      41250혼3김동균김용재   0 7 9 6 219 2 1 312 33마이아46954.593평자보44 41 415862.063.033.63563211344 4183629 017 63631 9333333↗↘선13.537.039.012.3445536.639.5 87.7 88.5 40 40 1020   13.80   14.20 4 -6  1UNUP54.34781412  .8 5.0 5.8434313 2마방연대마방기습 1관 0 1 3     3 3 3④1:27.71¼   .413.839.313.9  1 -5  .50 4 3 -1  .53628523767 6 7 8 52 2 1.06 5.04 1.9 5.2  1.9    8.8   14.2   60.2  .02860 0 6 7 0    .838.80  .0212.5488.5911.1522.2633.55102336 5.4715.2626.12 6
20250215토10120011외354 2101 7혼전 4421흐림건조 411 4페어스카이즈    MIDSHIPMGLIMPSE  8320.00미수 4 936 2 2  367      41250혼3김동균김용재   0 8 8 5 919 1 1 311 36마이아47453.593평자보30 29 296146.064.027.83563211344 4183629 017 63631 9333333↗↘선13.537.438.012.3328936.639.5 75.0 76.3 44 44  022   13.80   13.70 6  3  0NH동54.34781412  .6 4.6 5.2474713 0승부호기마방연대 1관 1 7 7     5 3 3④1:15.01     .213.839.114.2  0  7 1.00 4 4  0 1.15717704870 8 2 9 62 1 3.05 5.03 3.5 9.4  5.9   17.3   28.5   15.7  .02777 0 5 8 0   1.038.20  .36  .9075.72 7.8417.0027.80 51323 7.6120.3029.20 4
20250104토11120011외354 1101 8혼전 4441맑음건조 311 4페어스카이즈    MIDSHIPMGLIMPSE  8320.00미수 41040 1 3  476      41250혼3김동균김용재   0 9 7 4 819 1 1 310 40코지  46753.586평자상54 38 387857.067.029.8224412235016183615 017 6252619333333↗↗선13.537.337.912.3389437.338.8 74.6 76.6 50 50  025   13.70   13.10 6  0 -1UHDN54.34781412  .8 4.0 4.8555513-2승부조율승부호기 1관 0 4 5     6 6 4④1:14.63    1.213.838.113.7  0 -1 1.50 4 4 -3 1.3645349504210 210 42 1 2.06 2.01 3.6 8.3  4.7   24.3   42.2   77.812.73784 2 6 9 2▲ 1.238.40  .42 1.3575.61 9.5019.0829.82 92032 7.5820.3126.87 3
20241124일10140011외353 1 51 7혼전 4451맑음건조 411 4페어스카이즈    MIDSHIPMGLIMPSE  8025.00미수 31144 2 3  598      41250혼3김동균김용재   010 6 3 119 2 1 3 9 44김동수46854.065우입하15 29 296617.047.014.21325172350161836173117 6 92027333333→→추13.536.838.712.3598237.039.0 87.3 88.5 57 57  029   13.80   13.70 5 -3  0UHUP54.34781412 1.0 3.2 4.2646413 2마방연대기수영향 1관 0 4 3     5 8 7⑤1:27.3머리 1.413.737.913.1 -2 -6 1.00 5 7  1 1.43351373537 8 311 93 3 3.0511.08 3.0 4.6  6.4   25.0   44.0   26.8  .02852 0 3 5 0   -.439.00  .8512.9688.25 3.16 7.2314.16 3 814 3.54 9.6915.62 8
20241019토 8120011외324 1 71 8혼전 4421흐림포화1611 4페어스카이즈    MIDSHIPMGLIMPSE  8320.00미수 31250 2 4  719      41250혼3김동균김용재   011 5 2 719 1 1 3 8 50김동수47454.068우입하72 62 627337.059.026.11675 91740121836173117 6 92027333333→→추13.536.938.012.3709538.638.3 75.4 77.3 67 67  033   13.50   13.90 8  2  0NH동54.34781312 -.8 3.6 2.8777713 0전개최상마방연대 1관 1 7 9    111110⑨1:15.41½  2.113.837.813.7  3 -4 1.40 9 6  2 2.38195287119 8 2 7 70 2 8.0310.02 2.4 3.3 28.9  134.3  326.3  107.412.73481 2 5 6 2△  .639.10  .70 2.4075.45 7.3216.1626.06 41118 7.6315.7023.48 7
20240825일11120011외354 2101 9혼전 4431맑음다습1211 4페어스카이즈    MIDSHIPMGLIMPSE  8320.00미수 31457 2 5  855      41250혼3김동균김용재   012 4 1 619 1 1 3 7 57유승완47854.087강자상99 97 979286.071.038.21950 71240101836212017 6162623333333↘↗입13.537.137.912.3599636.838.9 74.8 76.2 80 80  040   13.50   13.20 9 -6  1NN동54.34781312-2.2 4.8 2.6818112 0주력우수전개최상 1관 0 5 3     2 2 3⑦1:14.8¾   1.613.538.713.9  3 -6  .90 7 4  2 1.95227523632 9 2 1 31 5 8.03 2.01 4.413.4 16.1   33.4   90.3   80.010.54498 3 9 9 3☆ 1.438.50  .30 1.1575.5013.8327.2938.2314284227.2743.9044.68 1
20240623일 6120010외434 5 31 8혼전 4431맑음포화1611 4페어스카이즈    MIDSHIPMGLIMPSE  8320.00미수 3 050 2 6 1023      33000혼4김동균김용재   013 3 7 519 1 0 3 6 50김성현48453.068우입보85 83 838664.068.044.71857 71633 81836 0 017 61625195050 0↘↘입13.537.037.912.3629437.437.0 74.6 74.3 75 75  025   13.40   13.50 5  5 -4BUDN55.04751312-2.5 5.5 3.0777713-1전개최상주력우수 1관 111 6     5 6 3①1:14.61¼  -.213.537.313.2 -1  5 -.30 1 2  0  .0 358 2 493 5 2 1 13 1 2.0811.07 1.9 3.0  3.6   28.0   39.3   42.912.73479 2 7 8 2▲ 1.238.00  .16 -.5975.4518.0932.6244.7418365116.9034.3640.38 1
20240518토101300 9외431 1 31 8 2강 2231맑음양호 811 4페어스카이즈    MIDSHIPMGLIMPSE  8025.00미수 3 060 2 6 1135      33000혼4김동균김용재   014 2 6 219 3 0 3 5 60유승완47957.091우입보83 93 939498.074.081.63742191633 81836212017 61626235050 0→↘입13.537.038.612.3798936.739.3 81.1 82.9 75 75  025   13.80   13.10 5 -1  0NLUP55.04751312-3.7 7.0 3.3757513 1주력우수전개최상 1관 0 6 1     1 1 2⑤1:21.1½    .613.438.713.5  3 -1 1.56 5 2  1  .74011562458 3 1 1 11 4 3.08 4.09 1.8 3.1  4.4  133.6  195.5  593.3  .04685 2 9 9 2▲ 1.640.00 -.70 7.2682.3938.1964.7781.6435536848.9881.6694.80 1
20240413토 6120010외422 5 21 9혼전 4431맑음건조 411 4페어스카이즈    MIDSHIPMGLIMPSE  8320.00미수 3 050 2 7 1247      33000혼4김동균김용재   015 1 5 419 2 0 2 4 50유승완48057.089우입하79 77 778281.074.053.92842 82782131836212017 61626235050 0↘→입13.537.237.912.3489536.938.1 75.2 75.1 67 67  033   13.50   13.20 5 -4  2NB동55.04751312-5.0 9.0 4.0696913 0승부최상주력우수 1관 0 7 3     3 5 5②1:15.23     .013.838.213.1  1  5 -.20 2 1 -1  .51635231584 5 2 2 12 3 2.0110.07 2.0 2.2  3.3    2.2    4.5    7.610.64975 1 8 9 1☆ 1.438.10 -.22  .0275.5622.0540.1053.9232526425.3339.5146.69 1
20251122토11140011국2 1 1  2 9혼전 4423          11 5섀도헌터        위드디스대륙의별 2527.00한수 43150   1    018:00 495002등문병기윤우환  99 016 61316 1 5 316 50이동하   58.088강입보50 60 607977.069.035.4284915325316254126 02829242619 08614→↘선13.336.538.912.48464                   67 80 4740   13.30   13.60 4  2  1NB동54.84571614  .6 2.0 2.6747414 0연대우수승부최상60기 0 5                            13.3    13.6                                 5 3 6 3  3                                              .04492 3 8 9 3☆ 1.238.90  .36     88.1813.0724.1935.3910233614.3928.6835.94 1
20251025토11140011국224 1 72 9혼전 4441맑음건조 511 5섀도헌터        위드디스대륙의별 2527.00한수 43353 9 1   78      495002등문병기윤우환  99 115 51216 3 5 315 53마이아46557.093강입보94 89 898085.075.038.4375220325316254142 028293631 9 08317↘→선13.436.539.012.4855936.039.3 86.2 87.7 64 79 4343   13.60   13.40 7 -1  0HL동54.44551614  .6 1.6 2.2787814 0강단마필연대우수58기 0 3 2     4 2 2③1:26.2목    .113.338.813.6 -1  3 1.00 3 4  2  .3 8 5461076 4 6 4 32 3 1.0711.01 2.4 3.6  2.4   25.4   37.1   66.910.53884 1 9 9 1☆ 1.539.10  .2212.1588.2514.9927.3738.3818365114.6326.6738.73 2
20250906토 6140011국222 1 72 9혼전 4441비  다습1311 5섀도헌터        위드디스대륙의별 2527.00한수 43557 1 1  123      825002등문병기윤우환  99 214 41116 2 5 314 57마이아46257.093강입보94 96 968788.071.041.4375220325316254142 028293631 9 08317↘→선13.436.438.912.4886436.639.4 85.6 87.8 69 77 4654   13.40   13.70 8  2  1HB동54.44551614  .0 1.8 1.8848414 0전개최상강단마필 5   0 4 6     6 3 2③1:25.62½   .513.638.313.4  1  3 1.80 3 2  0  .61428523665 4 3 1 12 2 1.07 1.10 1.6 3.0  1.6   30.6   37.0   25.310.53590 3 9 9 3☆ 1.339.30  .2612.5088.1117.2631.2341.4132526416.7832.8544.85 1
20250713일11140011국233 3 82 9 1강 1141흐림양호 611 5섀도헌터        위드디스대륙의별 2527.00한수 43853 2 1  129      495002등문병기윤우환  99 313 31016 1 5 213 53마이아45956.093강입하91 88 889595.073.067.7375220325316254142 028293631 9 08020↘→선13.436.638.812.4737536.539.0 86.6 87.9 58 75 3350   13.50   14.10 9 -6  0ULDN54.14541614  .0 2.2 2.2818114-2승부최상전개최상42기 0 2 2     3 2 2②1:26.62½   .013.438.613.7  0  3  .90 2 2  1  .41520381782 3 2 2 12 1 6.02 8.02 2.2 4.3 15.5   21.6   59.7   34.6  .04497 4 9 9 4★ 1.839.10 -.5012.4888.1832.3055.1867.6939607324.3048.5760.54 1
20250511일11160010국244 7 92 9 1강 1131맑음포화1611 5섀도헌터        위드디스대륙의별 2527.00한수 44158 2 1  162      495002등문병기윤우환  99 412 2 216 2 5 212 58장추열45656.093강입보99 97 971796.072.071.2335011325316254143502829202522 08020↘↗입13.436.139.012.4767236.439.7100.9102.3 64 82 3664   13.80   13.30 5  3  2NB동54.14541614 -.2 2.2 2.0878714 0승부최상승부최상 1   0 8 5   5 5 6 3③1:40.95     .913.539.814.1  2 -3  .90 3 1  0 1.02841555256 4 2 1 13 7 4.02 2.03 3.2 4.2  5.9    9.3   20.7    7.1  .04493 3 9 9 3☆ 1.639.00 -.4427.23102.534.7856.3671.1835536828.3949.0863.16 1
20250405토 91600 9국224 1 22 9 1강 1131비  포화1911 5섀도헌터        위드디스대륙의별 2527.00한수 44554 1 2  219      495002등문병기윤우환  99 511 1 116 1 5 111 54장추열45954.593강입상99 98 981796.073.086.13862 0365424254143502829202522 08020→↘입13.436.538.912.4567535.638.5 98.0100.5 60 80 3060   13.50   12.90 4 -4  0NNUP54.14541614 -.4 2.2 1.8909014 2마방선전승부최상 1기 1 5 4   4 5 4 2②1:38.0코    .013.837.313.3  1 -4 2.20 2 1 -1  .0 1 821 282 6 1 1 12 6 2.01 4.05 1.9 2.3  2.9    2.3    4.3   12.6  .05898 4 9 9 4★ 1.838.90 -.9325.10102.747.5075.9086.1039607334.6557.5165.04 1
20250308토 8140011국344 3 92 9혼전 4441맑음다습1111 5섀도헌터        위드디스대륙의별 2527.00한수 44050 2 2  304      41250국3문병기윤우환  99 610 4 916 2 4 110 50김성현46354.570강입하85 82 828364.066.039.91650 5365424254113 02829162519 07525→→입13.436.838.612.4618536.938.1 85.2 87.3 56 78 3356   13.60   14.20 7  4  0LN동54.04521414  .0 2.2 2.2858514 0승부최상마방선전 1기 0 9 1     4 3 1①1:25.24    -.813.537.012.9 -1 -4 1.70 1 2  0  .0 54110 693 7 2 7 42 3 2.06 9.11 2.9 7.2  5.2   53.4   86.3  270.4  .03787 3 8 8 3▲ 1.138.80  .2311.9488.1814.4827.8339.87102336 8.5719.7231.50 6
20250118토10140011국324 3 72 9혼전 4441맑음건조 411 5섀도헌터        위드디스대륙의별 2527.00한수 44455 2 3  433      41250국3문병기윤우환  99 7 9 3 816 1 4 1 9 55김성현46754.563강입보98 98 988578.071.039.9165711303618254113 02829162519 07525↘→입13.436.838.612.4588536.240.5 88.3 88.7 56 78 3356   13.50   13.10 5 -4  3NN동54.04521414  .4 1.8 2.2828214 0승부최상승부최상 1관 0 5 4     3 3 5⑥1:28.3목    .913.639.714.2  4  4  .59 6 2 -1 1.144 9805851 9 2 1 12 2 4.01 1.09 2.4 5.1  9.1   10.1   29.6   48.610.54495 3 9 9 3☆ 1.439.10  .2313.3488.1816.4729.5239.9118365112.9823.8334.45 3
20241215일11140011국352 4 52 9 3강 3341맑음양호 811 5섀도헌터        위드디스대륙의별 2527.00한수 33750 2 3  532      41250국3문병기윤우환  99 8 8 2 716 2 3 1 8 50이동하46352.088강입보97 92 928388.071.054.2213311303618254126 02829242619 06733→↗선13.436.838.612.4598535.639.0 86.8 87.2 50 75 2563   14.00   12.70 7 -1  0LU동54.74491414  .4 1.2 1.6898914 0전개최상승부최상 1기 0 9 6     4 3 1①1:26.87   -1.313.538.613.1 -2 14  .50 1 3 -1  .0 3 138 395 6 3 1 22 2 3.01 9.03 2.0 4.5  7.2    4.5   12.8   14.812.24493 3 9 9 3☆ 1.438.70 -.1411.7588.1822.9842.2254.2018365116.2232.0345.52 3
20241026토10140011국352 1102 9혼전 4451맑음다습1411 5섀도헌터        위드디스대륙의별 2527.00한수 34257 9 4  695      41250국3문병기윤우환  99 9 7 1 616 1 3 1 7 57이동하44952.090강입하96 96 969587.073.049.92435131731 7254126 02829242619 06733↘→선13.436.838.712.5568237.437.3 85.9 87.5 57 71 2957   13.40   13.80 6  6 -2BU동54.74491414 -.4 2.6 2.2848414 0승부최상전개최상 1   010 7     8 8 6④1:25.9¾    .514.036.812.7  0  1 1.20 4 4  3 1.1 770 2 363 6 1 1 23 1 1.06 8.02 3.8 9.5  3.8   23.8   42.1   41.110.55899 4 9 9 4★ 1.738.80 -.1012.0488.2520.9238.4249.9010233619.3534.1742.08 1
20240915일 7140011국450 3102 9혼전 4451맑음다습1111 5섀도헌터        위드디스대륙의별 2527.00한수 35050 2 4  795      33000국4문병기윤우환  9910 6 3 516 1 3 0 6 50김성현44853.558우입보99 98 988777.071.045.41467101731 7254113 02829162519 06733↗↘입13.636.838.912.5647236.838.6 87.0 88.1 50 67 3367   14.00   13.00 6  0  0HH동54.74491414-1.2 4.6 3.4767614 0전개최상승부최상 1기 2 4 3     3 3 2②1:27.05     .013.438.513.8  1 -1  .70 2 1  0  .92036221280 5 5 1 12 1 7.0110.04 3.0 7.1 17.9   32.5   77.3   68.910.54495 3 9 9 3☆ 1.438.90 -.0912.3688.3818.8634.5145.4318365117.7031.2833.41 1
20240804일 5140010국411 2 62 9 1강 1151맑음건조 311 5섀도헌터        위드디스대륙의별 2527.00한수 34040 1 5  906      33000국4문병기윤우환  9911 5 2 416 1 2 0 5 40장추열44953.593우입하95 92 929496.074.078.32453121937 6254143502829202522 05050↘↗입13.636.739.012.5666437.037.3 86.0 87.0 40 60 4060   13.90   13.50 5 -1  2HN동55.34491414-1.8 5.3 3.5767614 0승부최상전개최상 1기 0 4 6     5 4 2①1:26.04    -.714.037.313.0  0 -4  .50 1 1 -1  .0 251 2 192 1 4 1 12 5 1.04 4.10 1.7 4.3  1.7    4.9    7.7    6.9  .04499 4 9 9 4★ 1.838.80 -.9511.3188.3842.2767.4278.2939607332.5956.5468.38 1
20240629토 8140010국453 2102 9혼전 4441맑음건조 511 5섀도헌터        위드디스대륙의별 2527.00한수 35050 9 6 1011      33000국4문병기윤우환  9912 4 1 316 1 2 0 4 50임다빈45352.081우입보95 96 968886.071.055.31938142564 7254140 02829152324 05050↘↗추13.636.839.112.5615536.738.5 87.4 87.8 50 50 5050   14.00   13.40 7  2 -3NU동55.34491414-2.3 6.7 4.3737314 0전개최상승부최상 1기 2 5 7     6 5 3③1:27.41¼   .213.938.613.5  1  3  .20 3 2  1  .6143218 971 6 2 1 12 1 5.0410.09 3.0 5.6  8.8   35.0   73.4   43.110.55698 4 9 9 4★ 1.638.90 -.4811.9488.5228.0444.4555.2539607324.1141.4747.86 1
20240511토 6140010국521 7 72 9 2강 2251비  양호 811 5섀도헌터        위드디스대륙의별 2527.00한수 33333 2 6 1160      24750국5문병기윤우환  9913 3 1 216 4 1 0 3 33장추열45054.592기추보89 92 929297.070.057.23855252564 7254143502829202522 0 099→↘입13.636.839.412.5593536.438.3 87.7 86.9 33 33 3333   14.20   13.20 8 -8 -2UU동56.04471412-3.5 9.5 6.0606014 0뒷심문제전개최상 1기 1 3 4     5 3 2①1:27.7코    .014.038.613.4  0  3 -.60 1 1  0  .0 21715 387 1 7 2 12 4 1.06 3.04 2.3 5.2  2.3    9.4   16.8   20.9  .04494 3 9 9 3☆ 1.438.70 -.7110.7488.7324.5643.7657.2035536832.7251.9057.40 1
20240316토 2140011국642 9 92 8혼전 4455맑음건조 311 5섀도헌터        위드디스대륙의별 2527.00한수 3 0 0 2 7 1339      16500국6문병기윤우환  9914 2 3 116 3 0 0 2  0장추열44756.092평입보42 35 357466.071.051.82655 42467 9254143502829202522      ↗→입13.636.639.712.5781337.038.4 88.6 87.1  0  0 50 0   14.10   12.80 8  2  0NNUP       1412-4.011.0 7.0606013 1직전복병거리부담 1기 111 7     7 5 3①1:28.64    -.814.238.513.2  0  0 -.70 1 1 -7  .0 349151398 1 411 23 3 1.0311.04 2.9 4.9  2.9    5.5   10.2    4.212.73475 2 8 8 2▲ 1.538.90 -.6410.7988.8022.5338.5651.8418395616.2230.2341.79 2
20240120토 1130011국641 5 92 9혼전 4435맑음포화1611 5섀도헌터        위드디스대륙의별 2527.00한수 3 0 0 2 8 1494      24750국6문병기윤우환  9915 1 2 116 2 0 0 1  0장추열44756.092평입상36 35 356764.072.042.0254711336218254143502829202522      ↗↗입13.636.740.514.4961037.839.0 81.9 83.1  0  0100 0   13.60   14.70 7  6  1BNUP       1312         7.0    12 1기수신마거리늘어 1기 1 910    1111 7⑤1:21.91½   .714.138.212.8 -3 -2 1.30 5 8 -3 1.05161465263 51111 13 2 3.04 6.01 2.8 6.0  5.3   10.8   21.6   11.210.64183 3 8 9 3☆ 1.540.40 -.57 5.9483.4217.7731.0942.0032526412.9028.0025.00 1
20251122토11140011외2 1 1  2 9혼전 4423          11 6슈프림삭스      FLAMEAWAROYAL MA 8419.00미거 34257   1    018:00 495002등리카디김창식   2 0 8 3 4 7 8 3 1 7 57빅투아   52.088강입하50 63 639476.071.043.02951163853203231371634242028183367 0→↘입13.636.340.013.39818                   80 60100 0   13.60   14.10 8 -1 -1NUDN54.54911714-1.6 4.0 2.4828217-2만회노력전개최상58기 1 6                            13.6    14.1                                 111 4 1  8                                            10.64695 4 8 9 4★ 1.540.00 -.41     88.8018.7232.3742.9632526415.1123.4036.72 3
20250927토10160010외232 1 82 9혼전 4431맑음다습1111 6슈프림삭스      FLAMEAWAROYAL MA 8419.00미거 35066 9 1  144      495002등리카디김창식   2 1 7 2 2 7 7 3 1 6 66빅투아50253.088강입보95 90 901783.067.043.32951163853203231371634242028183367 0→↘입13.635.840.613.3981635.741.9101.6104.1 80 60100 0   13.40   13.70 5  0  0NUUP54.54911714-2.3 4.8 2.5818117 2뒷심부족승부최상40기 0 7 4   4 4 6 8⑧1:41.61½  2.713.640.714.1  5 12 2.29 8 3  2 3.78011918614 110 4 32 7 1.04 1.10 2.0 3.8  2.0   16.9   24.5   22.110.54692 4 8 9 4★ 1.140.60 -.3727.70103.316.4431.0343.3314284217.5932.1446.02 3
20250823토10140011외254 1 52 9혼전 4431맑음건조 411 6슈프림삭스      FLAMEAWAROYAL MA 8419.00미거 36080 2 1   75      495002등리카디김창식   2 2 6 1 3 7 6 3 1 5 80빅투아49053.088강입보94 95 959692.072.049.42951163853203231371634242028183367 0→↘입13.636.340.013.3972836.139.4 85.8 87.5 80 80100 0   13.60   13.50 4  2 -5NUDN54.54911714-2.3 4.8 2.5818117-2유망전력전개최상40기 0 7 3     3 3 4⑤1:25.83     .613.438.313.7  4 -1 1.22 5 1  0  .6 7 7541864 111 1 12 6 5.03 2.05 2.8 3.9 11.4   22.6   61.7  380.410.55098 4 9 9 4★ 1.639.30 -.5711.1588.8022.3638.5049.4032526423.8840.6046.76 1
20250727일12160010외333 3 32 9 1강 1131맑음건조 311 6슈프림삭스      FLAMEAWAROYAL MA 8419.00미거 37575 9 1   46      41250혼3리카디김창식   2 3 5 2 1 7 5 3 0 4 75빅투아49157.588강입보95 96 961797.075.083.32951163853203231371634242028183367 0→↘입13.635.840.713.3982035.838.9101.3102.0 75 75100 0   13.40   13.60 3 -2  4NBUP54.54911714-2.3 4.8 2.5818117 2전개최상단기승부67기 0 5 2   2 3 2 1②1:41.35     .013.639.913.5  1  4  .00 2 1  0  .9171229 883 110 1 12 5 6.01 4.05 1.7 3.1 18.2   12.1   33.2  140.3  .04090 3 9 9 3☆ 1.940.70-1.3625.46103.345.6572.9583.3139607341.7363.8373.90 1
20250706일101400 8외354 2 52 9 1강 1121맑음건조 311 6슈프림삭스      FLAMEAWAROYAL MA 8419.00미거 36666 1 1   42      41250혼3리카디김창식   2 4 4 1 2 7 4 2 0 3 66빅투아48754.088우입적89 91 919597.070.060.72951163853203231371634242028185050 0→↘입13.636.440.313.3981135.938.8 86.5 87.1 67 67100 0   14.00   13.70 3 -2 -3NHDN54.84931712-3.0 6.0 3.0757517-3승부최상전개최상42기 0 7 3     3 3 1①1:26.56   -1.113.438.413.6  0 -4  .30 1 1 -3  .0 3 433 493 1 8 1 22 4 1.02 7.08 1.8 3.2  1.8    3.2    4.7    6.9  .04496 4 9 9 4★ 1.539.10-1.1310.4189.0723.8244.0260.7321425841.0965.7982.62 1
20250614토 7170010외442 3 92 9혼전 4412맑음건조 311 6슈프림삭스      FLAMEAWAROYAL MA 8419.00미거 35050 2 1   54      33000혼4리카디김창식   2 5 3 3 1 7 3 1 0 2 50빅투아49156.588우입적78 25 258685.075.050.4295116385320323137163424202818 099 0→↘입13.639.042.213.3982337.941.2110.1111.4 50 50100 0   13.50   14.10 5  0  4LBUP53.04941712-3.0 7.0 4.0666614 3선전만회승부최상54기 0 9 3 3 3 2 2 1①1:50.1¾   -.114.040.813.7 -3 -3  .40 1 4 -6  .0 4 160 691 11111 11 3 4.02 9.06 2.3 4.0  6.6   14.0   28.7   16.510.64497 4 9 9 4★ 1.741.80 -.6930.19113.920.5838.0350.3732526423.5341.7952.37 1
20250510토 5140011외423 6 72 9혼전 4441흐림불량2011 6슈프림삭스      FLAMEAWAROYAL MA 8419.00미거 3 0 0 2 1  118      33000혼4리카디김창식   2 6 2 2 1 7 2 0 0 1  0빅투아49453.088하무보31 25 255841.057.035.4295116385320323137163424202818      →↘입13.636.340.913.398 136.239.3 87.8 88.0  0  0100 0   13.80   14.70 7  7 -3BHUP       1412 3.0 4.0 7.0464612 2마방연대거리부담 1관 0 9 7     5 3 2①1:27.8목    .013.540.414.1 -9  8 -.10 110  6  .01611471786 21111 22 210.07 9.01 1.8 4.0 43.3  414.7  707.0 1444.4  .03760 3 6 9 3☆  .639.40 -.7610.7689.4113.2924.3835.44194056 9.5920.4528.81 3
20250322토 2120011외421 7 22 9 1강 1129맑음건조 511 6슈프림삭스      FLAMEAWAROYAL MA        미거 3 0 0 2 2  268      41250혼4리카디김창식   2 7 1 1 1 7 1 0 0 0  0빅투아48656.084평무보49 25 2565  .063.047.3245015314811323137163424202818      →→입13.636.840.013.399 435.940.9 77.7 76.5              14.10   13.80 4  0  0NL동       12 0         6.0     0 0신마적응마방연대 1기 1 2 3     3 2 4⑦1:17.7코   1.113.841.514.7  3-11 -.90 7 4  0 1.562 2927046 3 911 30 1 1.02 9.05 1.6 1.7  1.6    1.7    2.6    3.8  .05385 4 7 9 4★ 1.038.90 -.96 -.3476.5115.3732.1247.2515324713.0424.8339.89 1
20251122토11140011국2 1 1  7 6혼전 4423          11 7그레이트스톰    오버애널에이원   3641.00한거 43061   1    018:00 495002등우창구우순근  99 014 1 313 1 4 413 61김태희   51.564강입보50 65 655668.055.019.9 929 52446 9194118 019 81523162575 0↗↗입13.636.739.212.87164                   67 75 1733   13.70   13.80 7  3 -6NUDN55.24691813-1.0 2.8 1.8858513-2마방기습강단마필52기 0 7                            13.7    13.8                                 7 7 1 8  5                                              .02970 0 7 7 0    .339.20  .45     88.52 4.6812.2719.92 2 5 910.0720.3828.91 5
20251004토 9160010국350 3 57 7 3강 3331맑음다습1011 7그레이트스톰    오버애널에이원   3641.00한거 42558 1 1  113      41250국3우창구우순근  99 113 5 213 1 3 412 58장추열48657.093강입하94 91 911787.063.052.13350112446 9194128 019 82025221486 0↘↗입13.636.439.812.8635535.640.4100.5102.6 64 82  936   13.60   13.8012 -6  0HLUP54.94661813-1.0 2.8 1.8858513 2마주신뢰마방기습62관 0 4 2   2 1 1 1①1:40.51½  -.313.739.513.8 -3 -3 1.50 1 4  2  .039 7714992 7 6 2 31 2 4.01 4.01 2.8 4.7  7.4   11.7   28.0   27.510.92679 0 8 8 0    .939.80 -.4926.38103.217.3436.9752.0815324721.2435.3447.23 2
20250713일101400 9국342 5 97 5혼전 4431흐림양호 611 7그레이트스톰    오버애널에이원   3641.00한거 42763 2 2  214      41250국3우창구우순근  99 212 4 213 2 3 411 63정우주48957.066강입상99 97 976671.062.027.61338101529 6194120 019 81630131486 0↘↗입13.736.739.312.8735936.739.5 87.8 88.5 70 90 3030   13.70   13.30 6  9  4BB동54.94661813-2.0 3.4 1.4909014 0마방기습마주신뢰 5   010 4     4 4 3③1:27.82½   .413.639.413.8  1  7  .30 3 2 -3 2.13434544372 6 4 1 62 2 1.06 6.02 2.1 4.3  2.1   17.3   23.7   21.610.53466 0 8 7 0    .839.10  .1712.4688.59 6.7215.9827.62 5132314.0427.2339.59 4
20250531토 9140011국334 1 87 5 3강 3341맑음건조 411 7그레이트스톰    오버애널에이원   3641.00한거 4 1   9 1  111      41250국3우창구우순근  99 311 3 113 1 3 3 0  0정우주48253.569강입하60 74 7450  .057.031.12041102446 9194120 019 8163013 099 0↗↘입13.736.939.312.8595936.139.2 86.3 87.2 78 89 1122   14.50   13.0050 -8  2UNDN55.24641813-1.2 2.6 1.4909018-4걸음불변마방기습47관 1 1 1     1 1 2②1:26.3¾    .013.738.113.3 -3  7 1.00 2 5  4  .1 4 7451279 7 7 3 41 1 2.05 4.01 2.7 4.4  3.0   15.7   24.2   14.512.12461 0 8 7 0    .438.60 -.0311.0088.73 7.0518.6231.07 82134 7.6315.5837.20 4
20240609일10180011국350 4107 9 3강 3351맑음양호 911 7그레이트스톰    오버애널에이원   7232.00한거 33355 2 6 1062      41250국3우창구우순근  99 410 2 213 1 3 2 9 55문세영47552.093강입하77 88 889292.073.054.94552202056 01941497319 8283616 099 0↗↗입13.740.140.112.8557239.939.9118.5117.7 75 88 1338   14.10   13.90 4  4  0NU동55.24641813-1.4 2.8 1.4909017 0강단마필전개최상 1기 2 9 5 2 3 2 2 2②1:58.51¾   .014.640.414.1  1 -3 -.90 2 1  0  .31636392889 3 4 3 11 3 2.01 5.09 3.8 6.8  4.1    7.6   13.6    9.112.24498 3 9 9 3☆ 1.740.70 -.5937.49118.625.9343.8054.8735536818.2933.8639.31 2
20240511토11180011국352 4107 7 3강 3341비  포화1611 7그레이트스톰    오버애널에이원   7232.00한거 33762 2 6 1155      41250국3우창구우순근  99 5 9 1 113 4 3 2 8 62김태희47852.060강입보85 93 937280.054.031.31050 62056 0194118 019 8152316 099 0→→입13.740.040.112.8576838.840.8117.6117.8 75 88 1338   13.90   13.10 5  3 -4NUUP55.24641813-1.6 3.6 2.0878717 2강단마필강단마필 1관 1 5 3 5 5 5 4 3⑤1:57.61     .314.141.113.9  4  2 -.11 5 1 -1  .418 4662178 3 4 1 42 4 7.09 9.06 2.8 7.8 18.7  189.4  386.1 1117.5  .03364 1 8 6 1    .240.80 -.0137.68118.610.7821.6131.2910233616.7931.8242.42 1
20240406토 91600 7국441 5 47 8 1강 1131맑음양호 611 7그레이트스톰    오버애널에이원   3641.00한거 32857 1 7 1266      33000국4우창구우순근  99 6 8 1 113 3 2 2 7 57김태희47656.064강입상99 98 981785.053.052.51129 7 620 0194118 019 8152316 099 0↘→입13.736.539.812.8555136.638.2103.0101.5 71 86 1429   14.70   13.40 6 -7 -1UNDN55.04611713-1.4 4.0 2.6777717-1강단마필강단마필 1관 1 2 3   3 3 3 2①1:43.0½    .013.938.713.1 -1  4-1.00 1 2 -2  .0 956161484 2 4 1 32 3 2.03 2.05 2.6 3.6  2.7    4.7    9.4   24.6  .03363 0 8 6 0    .139.80 -.5425.24103.218.9536.7952.4614284222.8640.1956.55 1
20240225일 9170012국551 6107 6혼전 4411맑음포화1911 7그레이트스톰    오버애널에이원   3641.00한거 31650 9 7 1387      24750국5우창구우순근  99 7 7 2 113 2 1 2 6 50김태희47256.564우입상90 97 976774.061.037.81129 7 620 0194118 019 8152316 099 0↘→입13.739.540.912.8667239.740.3111.5111.1 67 83 1733   13.70   13.50 4 -2  3NLUP54.64591713-1.0 4.2 3.2696913 4마방연대강단마필 1기 0 9 8 8 9 5 3 1①1:51.52½  -.414.740.613.4 -3  9 -.20 1 4 -1  .0 240332494 3 7 1 22 2 4.03 9.07 3.7 6.9  5.5   21.8   47.5   31.910.52969 0 8 7 0    .941.20  .0130.74113.412.8827.3137.8219405619.3233.3347.37 1
20240127토 5130011국554 7107 7혼전 4421맑음다습1011 7그레이트스톰    오버애널에이원   3641.00한거 3 040 9 8 1468      24750국5우창구우순근  99 8 6 1 313 1 0 2 5 40김태희46353.558우입보93 99 997565.062.039.51299 82670 4194118 019 8152316 099 0↗↘입13.737.339.012.8607536.838.3 81.8 81.4 60 80  040   13.90   13.30 4  2 -2VU동55.04571312-1.5 5.0 3.5656513 0연대우수마방연대 1기 011 5     4 2 1①1:21.82½  -.413.738.913.5 -4  8 -.60 1 5  4  .0 41422 595 8 4 2 32 1 5.0811.08 2.8 5.3  9.4  151.5  328.5  225.610.53183 1 7 8 1△  .839.40  .06 5.0982.8414.7327.1139.4614284210.4221.7637.62 4
20231230토 3130011국611 8 67 9혼전 4411눈  다습1011 7그레이트스톰    오버애널에이원   3641.00한거 2 025 9 8 1556      13750국6우창구우순근  99 9 5 5 213 2 0 1 4 25문세영45555.093우입보99 99 999082.070.053.75362 02670 41941497319 8283616 099 0↘→입13.737.339.312.8605937.638.1 82.4 81.8 50 75  025   14.10   13.10 4  0  0NU동55.04571312-2.0 6.0 4.0595913 0승부최상연대우수 1   0 9 8     8 8 5②1:22.41½   .013.938.713.3  1 -3 -.60 2 1 -1  .3 948161492 3 3 1 13 2 5.0111.09 1.6 5.3 11.5    5.3   19.8    8.210.53884 0 9 8 0☆ 1.139.50 -.54 5.2283.0323.6141.8753.7332526429.2346.0559.77 1
20231203일 3130011국642 9 47 9 2강 2211맑음양호 611 7그레이트스톰    오버애널에이원   3641.00한거 2 0 0 1 9 1635      13750국6우창구우순근  9910 4 4 113 1 0 0 3  0문세영45855.093평입상70 71 716988.074.062.45566251964 31941497319 8283616 099 0↗↘입13.737.239.813.2683537.737.9 82.9 81.4 33 67  0 0   14.00   13.50 4  5  0LUUP55.04571312-2.0 6.0 4.0525212 1마방연대승부최상 1기 2 9 4     4 4 3②1:22.95     .014.138.313.1  0 -1-1.20 2 2 -4  .8 453101193 4 7 4 22 1 1.02 1.09 2.3 3.1  2.3    3.1    5.6    3.3  .04492 1 8 8 1☆ 1.439.50-1.00 4.4283.2924.9146.7562.4032526420.0038.9646.33 2
20231104토 1120010국651 7107 8 3강 3331흐림건조 411 7그레이트스톰    오버애널에이원   2640.00한거 2 0 0 1 9 1735      22000국6우창구우순근  9911 3 3 213 1 0 0 2  0임다빈45955.075평입보81 68 686344.062.029.82120181964 3194118 019 8152324 099 0↗↘추13.737.039.713.5691637.238.4 76.4 75.4  0 50  0 0   14.00   13.8010  0  0UU동55.04541210-2.0 6.0 4.0575712 0마방연대마방연대 1   0 4 4     4 5 3④1:16.41     .314.038.913.5 -2  1 -.80 4 6  0  .62550323175 610 4 62 1 1.05 9.03 4.2 8.0  4.2   11.9   19.5   28.212.12867 0 6 7 0    .638.40 -.42-1.2976.45 8.9818.8229.77 51222 9.2815.7620.6410
20230827일 1120010국651 6107 6혼전 4435맑음다습1211 7그레이트스톰    오버애널에이원   2640.00한수 2 0 0 910 1926      33000국6우창구우순근  9912 2 2 113 1 0 0 1  0이동하45855.093평입보36 35 355643.064.044.42830193255 5194129 019 8242619 099 0↘↗선13.736.939.913.675 537.038.6 75.9 75.2  0  0  0 0   13.70   13.90 5 -7  0UUUP55.04541210         4.0    10 2기수신마마방연대 1   0 4 7     5 5 4④1:15.92    1.114.039.013.8 -2  4 -.30 4 6  0 1.32040423355 6 8 8 22 1 1.02 7.05 3.9 8.4  3.9   11.6   18.7   14.1  .02687 1 6 7 1   1.038.40 -.88-1.5676.5117.7032.4744.3918365110.9622.3625.83 5
20230723일 11000 9국640 7 47 8혼전 4435비  불량2011 7그레이트스톰    오버애널에이원   2640.00한수 2 0 0 911 2016      33000국6우창구우순근  9913 1 1 113 1 0 0 0  0장추열45455.091평무보   35 3540  .061.038.92565101956 4194128 019 8202522      →→입    37.137.8        36.939.2 63.5 63.1              13.80   13.80 4  0  0LL동       10 0                 0 0걸음불변기수신마 1기 211 4     4 3 4④1:03.53     .813.739.213.9 -2  2  .00 4 6  0  .95727876760 1 1 1 22 1 7.02 2.04 2.4 2.8 54.3   68.8  254.3   99.2  .03582 3 6 7 3△  .937.90 -.07-11.862.7113.5728.4038.87142842 9.0918.1827.2711
20251122토11140011국2 1 1  1 9혼전 4423          11 8엠제이베스트    카우보이주얼리파 6132.00한수 7 718   1    018:00 495002등문병기박정재   2 016151452 1 4 653 18김효정   52.568평추보50 46 465025.062.030.3193913325316251819132829162118142452→↘입13.837.438.613.21468                   31 44  744   14.80   13.10 2  5 -2NHUP53.74882014-1.4 8.4 7.0454513 2걸음불변기수승부37기 0 8                            14.8    13.1                                11 211 6  8                                              .04487 4 5 7 4★  .938.60  .12     88.59 9.0020.4530.29 51222 2.88 9.8119.5310
20251108토11120011국254 1101 4혼전 4441흐림건조 311 8엠제이베스트    카우보이주얼리파 4026.00한수 7 719 2 1   34      495002등문병기박정재   2 115141352 1 4 652 19이용호49354.568평추보50 41 413314.044.011.71064 2325316251829152829191620142452↗↗선13.837.537.813.2189138.837.4 74.8 76.9 32 45  743   14.10   13.30 5  0  2HNDN53.74882014-1.4 7.2 5.8535313-2부중효과보통걸음64기 0 311    111110⑧1:14.8목   1.114.837.013.1 -3  2 1.40 811  3 1.57397 7534911 2 8113 2 4.05 4.11 3.3 7.3  6.6   27.9   53.0   50.0  .02846 0 3 3 0   -.438.30  .88 1.5875.67 2.47 5.7911.69 0 2 5 2.88 6.5013.2411
20251003금11140011국244 2 91 6혼전 4421흐림다습1111 8엠제이베스트    카우보이주얼리파 6132.00한수 7 719 1 1   78      495002등문병기박정재   2 214131352 3 4 651 19김효정49153.068평추하56 47 475427.058.026.0193913325316251819132829162118142452→↘입13.837.338.613.2217237.639.1 87.0 89.1 30 42  744   14.10   12.70 2  2 -3HHUP53.74882014-1.4 7.4 6.0565613 2노쇠부진부중효과53기 0 3 8     910 8⑤1:27.01¼  1.014.138.313.3 -3 -9 1.50 5 8  3 1.1547837565011 211 63 7 1.04 7.06 1.9 4.6  1.9    8.8   11.1    9.612.73460 2 5 9 2    .638.70  .2913.2188.52 6.6015.9225.95 51323 5.6513.8221.37 7
20250920토10120011국232 1 81 6혼전 4431맑음포화1611 8엠제이베스트    카우보이주얼리파 4026.00한수 7 820 2 1   33      495002등문병기박정재   2 313121252 2 4 650 20김효정50055.570평추상83 76 766950.056.031.9193913325316251819132829162118142452→↘입13.837.337.813.2358937.837.8 73.5 75.7 33 45  740   13.70   13.00 4 -2  2ULDN53.74882014-3.4 8.6 5.2626213-2걸음늘어급하락세 5기 0 110    1011 9⑧1:13.5½   1.314.136.712.7  3  8 2.10 8 5 -6 2.2387817354211 2 2 63 6 3.01 5.04 3.5 8.2  5.3    8.2   17.3  250.512.72867 2 7 8 2    .538.20  .42  .6075.56 9.0620.4731.87 5122212.0920.3229.00 3
20250823토10140011국254 1 51 5혼전 4431맑음건조 411 8엠제이베스트    카우보이주얼리파 6132.00한수 7 1   2 1   75      495002등문병기박정재   2 412111252 1 4 6 0  0김효정49254.068평추하27 18 1840  .056.027.3193913325316251819132829162118152550→↘입13.837.238.913.2265536.638.1 85.3 87.0 32 49  737   15.10   12.40 3 -1 -1HNUP53.74882014-2.0 8.6 6.6505013 2뒷심문제보통걸음37기 0 3 9     8 7 5③1:25.3머리  .013.737.013.0 -8  6 1.20 311  4  .1 22313 480 9 411 53 5 5.03 2.05 2.8 3.9 11.4   22.6   61.7  380.412.72961 2 5 6 2    .538.30  .1310.8588.66 6.7116.6327.27 71627 6.7213.5327.34 7
20250803일12120011국253 1101 7혼전 4441흐림건조 311 8엠제이베스트    카우보이주얼리파 4026.00한수 7 820 1 1   23      495002등문병기박정재   2 511101152 2 4 648 20이동하48655.089우추상95 87 878171.064.034.4284915325316251826402829242619152550→↘선13.837.237.813.2388939.041.4 79.9 80.9 33 48  838   13.90   13.00 4 -1  2HL동53.74882014-4.0 8.8 4.8676713 0탄력호전주력우수43기 1 411    111111⑪1:19.915   6.214.641.215.0  4  0  .6011 7  2 6.599989599 310 1 3 40 2 3.01 9.10 3.6 7.7  6.1    7.7   19.4   13.312.72875 2 8 8 2   1.039.90  .42 5.9475.5011.2723.1534.38 7162716.4931.2240.91 2
20250705토 9120010국244 1 91 7혼전 4431맑음건조 311 8엠제이베스트    카우보이주얼리파 4026.00한수 7 819 1 1   75      495002등문병기박정재   2 610 91052 1 4 547 19이동하48653.089평추상67 67 675945.059.027.5284915325316251826402829242619162647→↘선13.837.437.913.2278737.037.6 73.5 74.9 31 44  836   14.00   13.00 3  0  1NN동53.74882014-4.0 9.6 5.6585813 0승부최상급하락세44기 1 5 8     810 5②1:13.5½    .013.937.113.0 -3  0 1.00 2 5 -4  .1143912 87811 5 5 63 1 4.05 4.05 2.6 5.6  7.2   32.1   54.8   22.712.73376 2 6 7 2    .637.80  .42 -.4175.67 8.6717.7727.53 5122210.1719.5623.68 4
20250615일111200 9국213 1 61 9혼전 4441맑음건조 311 8엠제이베스트    카우보이주얼리파 4026.00한수 7 819 2 1   41      495002등문병기박정재   2 7 9 8 952 2 4 546 19김효정48652.070평추상46 60 608543.072.051.3193913325316251819132829162118172850→↘입13.837.537.813.2179137.237.8 73.5 75.6 32 47  842   14.00   13.70 4 -5 -2NH동53.84882014-4.4 9.8 5.4505013 0걸음늘어승부최상68기 2 5 7     7 7 6⑥1:13.5½    .514.037.113.0 -3 -9 1.60 6 9 -2  .6365317196211 1 7 10 4 1.03 4.09 1.7 5.2  1.7    7.1    9.9   18.210.64795 4 6 9 4★ 1.537.90 -.24  .3075.6724.4840.2951.27325264 5.9314.6324.73 8
20250517토 7120011국253 3101 6혼전 4441맑음포화1611 8엠제이베스트    카우보이주얼리파 4026.00한수 7 820 2 1   95      495002등문병기박정재   2 8 8 7 852 1 4 545 20김효정49553.570평추보50 39 394813.051.016.2193913325316251819132829162118182947→↘입13.837.437.913.2228737.338.9 74.6 76.5 32 49  843   14.20   13.30 3  4  1BNDN53.94882014-2.4 9.2 6.8373713-2걸음불변보통걸음56기 110 7     8 8 7④1:14.61¼   .414.038.013.7 -7 -7 1.60 411  0  .86455505268 9 3 9103 3 9.04 9.01 4.0 9.7 17.5   80.3  251.9  486.112.72864 2 3 4 2    .138.30  .77 1.2275.67 3.59 9.2116.20 1 4 8 2.17 5.5311.1711
20250426토10140011국234 1 31 6혼전 4441맑음양호 811 8엠제이베스트    카우보이주얼리파 6132.00한수 7 920 9 1  155      495002등문병기박정재   2 9 7 61152 1 4 544 20이용호50252.568평추상69 63 634648.059.031.81064 2325316251829152829191620182947↗↗선13.837.138.813.2315937.739.5 88.1 89.6 33 50  844   13.90   13.30 2  4  1NNUP53.94882014-3.0 8.8 5.8444413 2선전만회단기승부 1기 0 611    111111⑩1:28.11    1.914.238.613.3 -1  5 1.401011  3 2.1718253722210 5 4 50 1 5.03 9.08 1.6 2.2 16.5   36.8   92.8   19.4  .02364 1 7 6 1    .639.00  .1313.7188.5210.9821.5631.78 71627 9.4019.5626.47 5
20250412토10120011국223 2 71 9혼전 4441비  다습1011 8엠제이베스트    카우보이주얼리파 4026.00한수 7 918 2 1  197      495002등문병기박정재   210 6 5 752 2 4 443 18김효정49752.070평추상62 52 525239.063.036.1193913325316251819132829162118193144→↘입13.837.438.113.2247537.137.9 74.6 75.4 31 49  943   15.10   13.00 2 -8  0HHDN54.04872014-1.6 8.6 7.0272713-6마방선전부중유리 1기 0 2 5     5 5 5②1:14.63     .013.937.913.3 -6  5  .40 2 8 -1  .5234516147911 5 4 43 2 3.08 1.02 2.3 3.5  8.8   85.5  154.4  243.2  .03780 3 6 9 3☆ 1.037.90  .08 -.1375.7812.1324.3836.07 82134 8.9922.3428.24 3
20250329토10180011국233 4 81 6 3강 3329맑음건조 311 8엠제이베스트    카우보이주얼리파 5839.00한수 7 919 9 2  239      495002등문병기박정재   211 5 4 252 1 4 442 19김효정49252.067평추상11  7  73021.047.027.41533 8365424251819132829162118193144↗→입13.840.540.913.2201141.939.0117.8118.7 32 50  941   14.30   13.90 4  3  0BHUP54.04872014-1.4 8.4 7.0323213 4노쇠부진마방선전 1기 010 91010 9 9 8⑥1:57.81¾  1.315.139.113.0 -3-12  .10 6 9 -1 1.54394155946 910 8 73 1 1.02 6.09 2.7 5.1  2.7    5.1    8.7   23.3  .02240 0 5 7 0   -.140.40 -.3137.28119.1 7.5614.8427.36 3 817 9.7220.4828.16 6
20250302일11140010국254 7101 2혼전 4445비  양호 611 8엠제이베스트    카우보이주얼리파 6132.00한수 7 919 1 2  312      495002등문병기박정재   212 4 31052 1 4 441 19조한별50452.062평추하18 17 1721 6.030.010.91882 73654242518 0 02829121918193144↗↘입13.837.139.113.2374337.839.1 89.4 89.3 33 52  942   14.40   15.10 7  1  1NNDN54.04872014 -.8 7.8 7.0404013-4노쇠부진보통걸음 1기 0 710    10 9 6⑤1:29.41¾  1.914.339.213.9 -5  6 -.40 510  2 2.0638638642711 5 7103 1 3.07 1.02 4.1 7.3  4.7   27.4   42.9   79.1  .01224 0 1 1 0  -1.338.90  .5013.1088.73 2.58 5.5710.94 1 4 8 1.32 5.81 9.1210
20250111토11180011국250 8 51 5혼전 4451맑음건조 511 8엠제이베스트    카우보이주얼리파 5839.00한수 71020 2 3  454      495002등문병기박정재   213 3 2 152 2 4 440 20김태희49851.559평추상39 21 21 811.032.0 4.81875113036182518 0 02829152316193144↘↘입13.840.640.713.2122539.743.1120.1120.3 34 53  944   14.00   13.90 3 -2  1NNUP54.04872014-2.2 7.6 5.4535313 2마방선전단기승부 1   0 6 4 4 4 4 611⑪2:00.17    3.414.443.115.1  3  0 -.4011 8 -1 3.58127939016111110110 2 1.07 4.08 2.3 3.5  2.3   31.8   53.4   24.7  .02515-2 3 2-2  -1.640.50  .2239.01119.0  .39 1.07 4.81 0 2 5 1.92 5.3613.1211
20241222일11160010국143 6 41 9 1강 1131맑음양호 611 8엠제이베스트    카우보이주얼리파 6132.00한수 6 1   2 3  510      605001등문병기박정재   214 2 1 152 1 4 4 0  0김태희49851.059우추하26 19 1917  .051.031.31875113036182518 0 02829152316193144↘↘입13.837.338.713.2107536.339.8102.5103.0 35 55 1045   14.10   15.50 9  5 -1NUDN54.04872014-1.8 6.6 4.8585813-4마방기습마방선전 1   0 8 5   5 5 6 6⑤1:42.51     .714.039.813.9 -4  5  .20 5 9  2 1.25336575265 9 2 7 42 1 1.02 4.01 2.0 3.9  2.0    4.9    8.1    6.0  .03569 3 5 8 3▲  .238.70  .1027.00103.0 8.4519.3431.31 81526 6.4314.3438.36 6
20241019토112000 9국242 3 91 9 2강 2249흐림포화1611 8엠제이베스트    카우보이주얼리파 5839.00한수 61021 2 4  716      495002등문병기박정재   215 1 7 152 1 4 438 21김동수49352.065우추보55 48 488564.066.065.31675 91731 7251841 02829 92027193144→→추13.839.840.113.2118540.144.2134.8135.7 37 57 1047   14.20   13.10 7 -7 -2HUUP54.04872014-3.0 7.0 4.0757513 6부중효과마방기습 1기 1 3 6 8 7 9 9 9⑧2:14.814   7.414.144.015.5  1  6 1.10 8 7 -1 7.59581959713 8 2 2 10 1 4.02 9.01 3.1 5.4  5.2    7.5   16.6  125.1  .04690 4 8 9 4★ 1.440.20 -.9555.76131.429.0350.9365.3118395610.5326.5441.18 4
20251122토11140011외2 1 1  2 7혼전 4423          11 9마이티짱        레이스데WINGS OF 9030.00미수 41317   1    018:00 495002등서홍수조제형   1 016 61223 1 3 123 17해리카   53.071평입보50 51 515636.060.027.7195010223712243420 02619182612444411↘↘입13.336.539.912.98518                   32 42 3711   13.60   14.40 4  5  0BHDN54.75151814 -.8 5.4 4.6555514-2직전복병마방연대57기 1 9                            13.6    14.4                                 41010 7  2                                              .03774 3 6 7 3    .839.90 -.07     88.86 8.2017.4227.65 41118 5.7613.5822.66 8
20251026일10160010외223 5 72 8 2강 2238흐림양호 711 9마이티짱        레이스데WINGS OF 9030.00미수 41318 9 1   68      495002등서홍수조제형   1 115 5 523 2 3 122 18푸르칸51453.071평입상28 20 201732.048.031.9235318223712243421442619132419444411→↘추13.335.940.512.9891836.140.5102.0103.0 33 44 3911   13.70   14.20 4  2 -2HH동54.75151814 -.8 5.8 5.0565614 0마방연대기수영향66기 0 4 3   3 4 5 4③1:42.04     .713.640.314.4  0 -4  .70 3 3 -6 1.25327736762 310 8 32 4 1.0810.01 1.5 2.5  1.5   17.3   21.9   57.1  .02831 0 6 8 0   -.340.50 -.1026.62103.311.4220.3431.93142842 8.0516.5725.26 6
20250927토10160010외232 2 82 7혼전 4431맑음다습1111 9마이티짱        레이스데WINGS OF 9030.00미수 41419 9 1   56      495002등서홍수조제형   1 214 4 423 1 3 121 19푸르칸51854.571평입하47 37 371729.059.035.8235318223712243421442619132419444411→↘추13.335.940.512.9892035.941.5101.2103.7 35 47 4112   13.50   13.70 5 -7  0HHUP54.75151814  .2 5.0 5.2616114 2걸음불변마방연대42기 0 2 5   5 5 5 5⑤1:41.22½  2.313.740.314.2 -4 13 2.20 5 9  3 3.36816858120 3 9 9 52 3 1.04 1.10 2.0 3.8  2.0   16.9   24.5   22.1  .03466 3 5 8 3    .740.50 -.2027.30103.310.8623.6035.76 71627 4.6314.2923.01 6
20250823토10140011외254 1 52 7혼전 4431맑음건조 411 9마이티짱        레이스데WINGS OF 9030.00미수 41520 2 1   75      495002등서홍수조제형   1 313 31123 2 3 120 20김태희50554.564우입보58 65 655326.050.017.8 929 5223712243423222619152316444411↗↗입13.336.539.912.9812037.039.4 87.2 88.9 44 44 38 6   14.10   13.50 4  3  1BNDN54.75151814 -.4 4.0 3.6666614-4적정체중최적거리42기 0 9 5     91111⑪1:27.22    2.013.538.313.7  5-13 1.2011 6  0 2.04845544925 410 8 90 2 5.03 2.05 2.8 3.9 11.4   22.6   61.7  380.4  .02852 0 5 5 0   -.139.40  .1912.4588.86 3.59 8.6917.80 2 5 9 2.99 9.0212.2310
20250726토 91800 8외232 2 82 7 1강 1141맑음건조 411 9마이티짱        레이스데WINGS OF 7041.00미수 41521 9 1   58      495002등서홍수조제형   1 412 2 123 1 3 119 21김태희51853.563우선하24 47 473220.045.027.1 929 5223712243423222619152316503813↗↗입13.339.641.012.9752039.440.5117.8119.3 40 47 4013   13.30   14.50 4 -2  1NNUP54.85151814 -.8 4.2 3.4686814 4주력우수거리속성59기 1 6 3 3 3 3 3 3③1:57.81¼   .214.139.713.5 -3 -1 1.20 3 6  1  .76221553270 3 8 6 62 1 3.05 8.04 2.1 4.7  5.0   18.0   25.4   68.7  .02639 1 5 5 1   -.341.40 -.0738.73118.8 7.8715.7327.13 51223 2.40 7.5816.61 7
20250628토 9140011외234 4 82 8혼전 4441맑음다습1111 9마이티짱        레이스데WINGS OF 9030.00미수 41622 9 1   72      495002등서홍수조제형   1 511 11023 2 3 118 22푸르칸51952.571우선보87 87 875863.056.022.4235318223712243421442619132419503813→↘추13.336.639.912.9692536.540.4 87.7 89.5 40 47 40 7   13.30   14.10 5  7 -5LH동54.85151614 -.6 4.4 3.8666614 0마방연대주력우수74기 0 8 3     4 3 5⑨1:27.71½  1.313.339.814.5  4 -1 1.22 9 5  2 1.76921806740 811 4 60 2 2.03 7.11 2.8 4.4  2.9    8.3   11.6   18.7  .02864 1 8 9 1    .339.40  .0312.9988.93 5.3113.6322.44 5122210.6119.0827.41 5
20250525일101400 9외343 2 92 7 1강 1131맑음양호 811 9마이티짱        레이스데WINGS OF 9030.00미수 41117 2 1   81      41250혼3서홍수조제형   1 610 9 923 1 2 117 17푸르칸52057.071평입보76 68 686670.067.039.9235318223712243421442619132419434314→↘추13.336.539.812.9852835.739.4 86.2 87.2 36 36 36 7   13.60   14.10 5-10  1UB동54.55141614 -.6 4.4 3.8666614 0직전복병마방연대27관 0 1 1     1 1 1①1:26.22½  -.413.338.814.1 -2 -3  .90 1 3 -2  .0 3 251 891 4 9 4 31 1 3.02 1.02 3.2 5.8  5.5    7.2   18.6   16.012.03377 2 7 8 2   1.339.00 -.3210.9088.8013.8927.5039.87122539 7.0220.5535.38 4
20250420일10140011외353 2 52 6혼전 4441맑음양호 811 9마이티짱        레이스데WINGS OF 9030.00미수 41218 2 1  166      41250혼3서홍수조제형   1 7 9 8 823 1 2 116 18씨씨웡52356.090평선하53 44 447236.062.029.9305310223712243427132619202422503317→↘선13.336.439.812.9893236.040.0 87.5 88.2 38 38 31 8   13.30   15.1013 10 -1VNDN54.35121614 -.8 3.8 3.0727214-2걸음불변최적거리 1기 011 3     3 3 2⑤1:27.51¼   .513.639.414.1  0  6  .70 5 5  2  .723 6673263 111 7 62 3 6.02 8.01 2.1 4.7 14.4   24.2   77.7   95.9  .02370 1 6 6 1   1.039.30  .0011.9588.73 9.5619.7129.86 51223 6.3013.5820.09 9
20250118토 8160010외354 4102 9혼전 4431맑음건조 411 9마이티짱        레이스데WINGS OF 9030.00미수 41320 2 3  435      41250혼3서홍수조제형   1 8 8 7 323 3 2 115 20코지  51757.087평선하69 65 651753.063.032.8224412305210243440 02619252619503317↗↗선13.335.940.512.9922336.740.3102.6103.0 38 38 31 8   13.80   14.10 4 -7  1UBUP54.35121614-1.2 3.2 2.0828214 2걸음관심선행호기 1기 0 1 2   2 2 2 5⑦1:42.61¼  1.813.341.515.1  4-10 -.29 7 3 -2 2.05562717927 1 8 8 61 3 4.01 6.07 3.8 9.6  6.2   15.8   37.2   39.712.72870 2 8 9 2☆  .840.50 -.1326.63103.3 9.9421.0832.79142842 8.5319.3531.54 7
20241221토10140011외324 6 22 7혼전 4431흐림양호 811 9마이티짱        레이스데WINGS OF 9030.00미수 31421 2 3  522      41250혼3서홍수조제형   1 9 7 6 723 2 2 114 21코지  52756.587우선보89 81 818054.061.032.8224412305210243440 02619252619503317↗↗선13.336.439.712.9893536.540.6 89.8 89.4 42 42 33 8   13.50   13.60 4  2  0LL동54.35121614-1.8 4.0 2.2868614 0주력우수최적거리 1기 0 8 6     8 8 9⑥1:29.83    1.313.840.514.1  1  8 -.20 6 5  4 2.66521827042 210 5 50 2 1.0310.01 1.7 2.0  1.7    9.9   12.4   83.612.73472 2 8 8 2    .839.60 -.0213.2788.6610.3521.6232.8410233610.0022.1227.54 4
20241124일10140011외353 1 52 8혼전 4451맑음건조 411 9마이티짱        레이스데WINGS OF 9030.00미수 31523 2 3  598      41250혼3서홍수조제형   110 6 5 623 1 2 113 23코지  51956.587우입상79 84 848572.070.045.2224412305210243440 02619252619503317↗↗선13.336.539.612.9813936.539.1 86.9 88.1 45 36 36 9   13.50   13.50 7 -3  2NBDN54.35121614 -.4 3.2 2.8808014-2주력우수주력우수 1기 0 6 2     2 2 2③1:26.95    1.013.538.013.6  2  5 1.00 3 1 -6 1.02024402048 111 2 31 1 3.0511.08 3.0 4.6  6.4   25.0   44.0   26.812.72987 2 9 9 2▲ 1.439.20 -.3311.9688.6617.4033.4345.2414284215.9327.3132.88 3
20241006일 8160010외352 1102 9혼전 4431흐림건조 311 9마이티짱        레이스데WINGS OF 9030.00미수 31616 1 4  752      41250혼3서홍수조제형   111 5 4 223 1 2 012 16이동하51454.590우선상94 92 921769.068.044.02435132247 9243432 02619242619602020↘→선13.336.240.112.9713935.639.7100.5103.0 40 40 3010   13.30   13.90 4  6  1BNUP54.25121614 -.4 3.2 2.8808014 2뒷심부족주력우수 1기 1 9 3   3 2 4 3②1:40.53     .013.538.513.5 -5 -3 1.40 2 7  3  .653 9562678 3 8 3 42 2 1.07 5.09 3.1 9.1  3.1   22.5   36.9   67.610.53587 3 9 9 3☆ 1.240.10 -.3526.70103.215.9330.1943.9732526416.1926.9133.87 1
20240908일 9140011외353 1102 6혼전 4451맑음다습1011 9마이티짱        레이스데WINGS OF 9030.00미수 31818 2 5  813      41250혼3서홍수조제형   112 4 3 523 1 2 011 18마이아51753.578평입하52 54 546534.061.023.81725232020192434 0 026193631 9502525→→선13.336.739.612.9694336.538.2 86.5 87.3 33 33 33 0   13.50   14.30 6 -2  0HH동54.45111612  .2 3.4 3.6737314 0직전탐색최적거리 1기 0 3 1     1 1 1③1:26.5½    .013.338.513.9 -1  7  .10 3 4  2  .3 52113 380 310 8 61 1 3.01 4.10 2.5 6.4  5.7    6.4   14.7   14.3  .03360 1 6 8 1    .738.90  .0911.0488.80 5.9414.1623.80 51222 5.8411.3920.13 9
20240728일11140011외314 2 62 8혼전 4441맑음다습1111 9마이티짱        레이스데WINGS OF 9030.00미수 32020 9 5  923      41250혼3서홍수조제형   113 3 2 423 1 2 010 20이동하51053.587평입보37 35 354531.054.020.2275313202019243432 02619242619502525↗↘선13.336.839.612.9614337.539.5 88.3 89.9 33 33 33 0   13.20   15.50 4  2 -1NHDN54.45111612  .2 3.8 4.0676714-2주력우수최적거리 1기 0 5 5     8 811⑪1:28.33    1.613.539.314.3  9-14 1.1511 2 -2 2.27977546931 71010 70 1 1.1011.07 1.9 6.8  1.9   25.0   42.2  124.6  .03573 3 5 6 3    .339.30  .1313.5488.86 4.3811.8620.17 3 814 5.6314.1319.83 7
20240630일 6160010외352 1102 5 1강 1131흐림포화1711 9마이티짱        레이스데WINGS OF 9030.00미수 32222 9 6 1002      41250혼3서홍수조제형   114 2 1 123 1 2 0 9 22해리카52454.077평입상74 75 751783.052.026.51738 91632 0243420 02619182612502525↘↗입13.336.340.212.9643535.443.4102.6105.1 33 33 33 0   13.60   13.70 8 -2 -3HHUP54.45111612  .0 4.0 4.0616114 2주력우수주력우수 1기 0 3 1   1 2 4 8⑨1:42.66    4.213.242.315.5  5 11 2.01 9 4  2 4.692 49796 4 5 9 4 50 1 3.02 5.01 2.7 6.1  4.6    8.6   24.9    8.0  .02754 1 8 8 1    .340.20 -.0128.60103.3 5.8916.5026.46 6162810.3823.6836.97 4
20240504토 91400 8외433 1 32 6혼전 4441맑음건조 511 9마이티짱        레이스데WINGS OF 9030.00미수 31212 1 6 1178      33000혼4서홍수조병태  -115 1 9 323 2 1 0 8 12씨씨웡51357.093평입상89 90 907878.069.053.43357 71632 0243127332619202422333333→↘선13.336.639.812.9743236.338.7 86.7 87.7 25 25 25 0   13.30   13.20 5 -4  4NB동53.55101412  .2 4.6 4.8626214 0마방기습주력우수 1기 0 5 3     2 2 1①1:26.72    -.313.638.613.7 -1-11  .60 1 2  0  .0111526 689 2 5 2 21 2 2.04 5.03 2.6 2.9  2.7   17.8   28.6    9.610.52774 1 9 9 1   1.339.10 -.7311.3488.8622.1539.9953.3818365121.2539.2956.25 2
20251122토11140011국2 1 1  5 4혼전 4423          1110정우포에버      테이크차마이티포 4334.00한거 51341   1    018:00 495002등박천서윤훈현  99 016 2 329 1 4 829 41디에고   53.553우자하50 63 633621.042.0 8.8 733 0 5   0 924 0 01410161919362936→↘추13.636.739.112.37647                   56 63 1137   14.30   14.10 3  5  0BHDN54.94761818-2.8 5.8 3.0787810-4주행평범신뢰마주45기 010                            14.3    14.1                                 8 6 211  1                                              .02137-2 5 5-2   -.839.10  .80     88.45 1.54 4.15 8.81 0 2 5 5.0412.8320.31 9
20251101토11180011국213 2 65 4혼전 4421흐림건조 51110정우포에버      테이크차마이티포 6330.00한거 51442 1 1   56      495002등박천서윤훈현  99 115 1102911 4 828 42빅투아49553.588우자상91 90 904258.042.015.1295116 5   0 924 0 01410202818362936→↘입13.639.640.812.3802039.341.3118.4120.7 56 63 1137   13.90   13.30 5  0 -1NH동54.94761818-2.2 4.6 2.4848410 0주행평범기수영향65기 0 5 5 5 5 5 5 7⑦1:58.44    1.314.340.114.1  4 10 1.35 7 3 -5 1.48519725041 4 9 4 8211 5.02 1.09 1.2 3.7 16.2   47.3  131.0   12.210.51739 0 7 6 0   -.541.60  .2540.25118.7 2.92 7.8415.14 2 713 8.6516.8128.24 5
20250928일 8180012국312 2 65 4혼전 4451흐림불량201110정우포에버      테이크차마이티포 6330.00한거 51444 9 1   70     110000국3박천서윤훈현  99 214 2 92910 4 827 44빅투아48554.088우자보81 84 845065.046.017.4295116 5   0 924 0 01410202818313138→↘입13.639.640.812.3792039.240.2114.8117.3 58 62  835   14.30   13.80 6 -5 -4NH동55.04751818-2.2 4.6 2.4848410 0직전선행기수영향 5   0 5 4 2 2 2 2 4⑥1:54.81     .913.939.013.3 -2 -3 2.20 6 8  4  .9 917441754 410 6 9110 3.09 4.11 2.3 7.8  6.7   58.5  109.8   53.4  .02939-2 7 5-2   -.241.20  .2136.90118.7 4.2010.6417.35 1 3 8 7.0914.3326.64 8
20250817일10180011국353 5105 4 1강 1151맑음양호 71110정우포에버      테이크차마이티포 6330.00한거 51142 2 1   86      41250국3박천서윤훈현  99 313 1 829 9 3 826 42빅투아48858.088우입상68 76 765789.054.031.6295116 5   0 924 0 01410202818253342→↘입13.640.140.312.3494339.340.0117.2118.1 56 56  828   14.60   13.70 6  3  1BB동54.84741818-1.6 4.2 2.6828210 0마방선전기수영향 5   010 3 2 2 2 2 1①1:57.21¼  -.214.339.713.8 -3 -3  .70 1 4  1  .02416401493 6 4 3 51 9 4.0210.05 3.6 7.7  7.2   11.7   34.5   22.2  .02549 0 8 7 0    .440.70 -.1337.66118.7 8.0919.8331.64 6162818.2931.5143.27 3
20250705토 81800 8국451 7 55 7혼전 4441맑음건조 31110정우포에버      테이크차마이티포 6330.00한거 51240 1 1   99      41250국4문병기윤훈현  99 412 5 729 8 3 725 40빅투아49157.088우입상80 83 837281.067.054.829511632531625 023 02829202818272745→↘입13.639.940.412.3573939.939.8118.3118.1 54 58 1329   14.50   13.80 8 -3  2NB동54.54731813-1.8 4.4 2.6828214 0마방기습마방선전52기 1 7 4 4 4 3 3 2②1:58.3머리  .014.639.813.7 -1 -2 -.30 2 3 -4  .02738352589 4 3 3 22 8 4.03 4.07 2.3 4.7  6.4   10.7   25.9   31.112.72875 2 9 8 2   1.240.90 -.6237.80118.721.9338.6954.8218395619.5935.9651.46 3
20250510토 8180011국450 7105 5 1강 1151흐림불량201110정우포에버      테이크차마이티포 6330.00한거 51237 2 1  155      41250국4문병기민규동  -3 511 4 629 7 3 624 37빅투아49355.588우자보40 58 586576.063.043.1295116325316253323332829202818303040→↘입13.639.740.512.3753540.440.0115.6117.5 52 57 1330   14.20   14.30 4  4 -2BNUP54.54711813-1.4 4.4 3.0797910 2마방기습마방기습 1   01010 9 9 5 5 2②1:55.62     .014.540.413.8 -5  4  .50 2 7  0  .31255444487 1 6 6 23 7 4.0711.10 2.6 7.3  6.4   35.1   57.1   85.5  .02766 0 6 8 0    .941.10 -.3237.31118.614.9230.8843.1018395616.6725.1037.11 3
20250412토 9160010국414 5 65 5혼전 4431비  양호 81110정우포에버      테이크차마이티포 4334.00한거 51339 2 1  198      41250혼3문병기민규동  -3 610 3 829 6 3 623 39빅투아48957.088우자보49 68 681763.051.023.0295116325316253323332829202818303040→↘입13.636.539.312.3535135.939.8102.5103.4 55 59  936   13.90   14.30 6  3  2NB동54.54711813 -.4 4.4 4.0686810 0마방기습마방기습 1기 0 6 8   8 7 6 4④1:42.5½    .414.240.614.3 -3 10  .20 4 7  5 1.16718604168 6 4 5 60 6 1.02 5.02 1.4 3.7  1.4    3.7    4.7   44.4  .02729 0 6 7 0    .139.30  .3927.64102.9 5.5213.3923.04 6152614.1423.4734.15 4
20250301토101600 9국413 7 65 4혼전 4438흐림건조 31110정우포에버      테이크차마이티포 4334.00한거 51340 1 2  323      41250혼3문병기민규동  -3 7 9 2 729 5 3 622 40빅투아47955.583우자하23 30 301740.048.030.7245015365424253323332829202818303040→→입13.636.539.412.3555136.339.7102.5102.4 52 62 1038   14.90   14.50 6 -7  0HNDN54.54711813-1.0 4.6 3.6686810-2마방기습마방기습 1기 0 3 4   4 4 4 2③1:42.5목    .013.940.514.3  1  2 -.20 3 2 -2 1.13434554882 7 5 7 62 5 1.09 1.08 1.6 4.5  1.6   26.0   30.6   32.0  .02728 0 5 7 0   -.239.40  .1426.53103.010.6622.4530.70 51222 9.2119.5430.43 6
20250119일10180011국351 4105 6혼전 4431맑음건조 31110정우포에버      테이크차마이티포 6330.00한거 51442 2 3  422      41250국3문병기민규동  -3 8 8 1 529 4 3 621 42빅투아47755.582우자상46 57 575059.054.027.52271 4303618253323332829202818303040→→입13.639.840.512.3683540.841.3120.0120.6 52 62 1038   13.70   13.20 7  7  2BNUP54.54711813-1.8 5.6 3.8686810 2적정체중마방기습 1기 010 9 9 9 8 610⑪2:00.03    2.614.941.414.5  7  6  .0911 4  2 2.98671778422 2 8 5 60 4 2.01 8.06 3.8 9.9  4.2   12.3   24.7  218.0  .02852 0 6 8 0    .441.40 -.0140.31118.7 7.5817.9127.50 5122312.6325.7134.15 2
20241201일10160010국453 3105 5 1강 1131맑음포화161110정우포에버      테이크차마이티포 4334.00한거 41540 1 3  576      41250국4문병기민규동  -3 9 7 9 629 3 3 520 40빅투아47153.583우입상56 67 671787.064.041.72271 4303618253323332829202818223344→→입13.636.639.412.3525137.037.9 99.6101.9 50 60 1035   14.50   13.20 7 -7  2HN동54.64711813-1.6 5.4 3.8686810 0뒷심문제마방기습 1기 0 3 1   1 1 1 1②1:39.6목    .013.737.213.2  0 -8 1.70 2 2 -2  .11779101581 4 6 3 21 3 7.02 2.03 3.5 6.8 10.4   16.5   34.1   16.5  .02953 0 7 8 0    .939.40 -.1625.90103.014.1929.6241.6618395620.6934.6046.29 2
20241013일111600 9국352 1 55 7 1강 1131맑음건조 31110정우포에버      테이크차마이티포 4334.00한거 41536 2 4  727      41250국3문병기민규동  -310 6 8 529 2 3 419 36빅투아47952.080우입보54 63 631770.057.041.92031151731 7253323332829202818253838↗→입13.636.639.312.3505535.239.2100.1102.6 47 63  537   14.40   13.90 6  3 -1BU동54.94701813-1.6 5.0 3.4727210 0적임교체기수영향 1기 010 8   8 6 5 3②1:40.11¼   .014.538.013.2 -2  2 1.40 2 4 -3  .239 342 681 3 4 4 43 2 2.04 9.10 3.0 3.8  3.1   10.1   16.3   20.6  .03045 1 6 7 1    .639.30 -.1126.69103.014.2229.0941.87 8203310.1724.1035.75 4
20240831토11160010국312 2 65 9혼전 4431맑음건조 41110정우포에버      테이크차마이티포 4334.00한거 41638 9 5  843      41250국3문병기민규동  -311 5 7 429 1 3 418 38빅투아47752.582강입하68 63 631744.061.033.81936131937 6253323332829202818253838→↗입13.636.639.312.3495535.540.2101.9103.4 50 67  039   15.70   14.70 5 -4  1NNDN54.94701813-1.8 3.8 2.0868610-2걸음불변적임교체 1기 0 7 9   9 7 6 5④1:41.92½   .514.439.313.9 -3 -5 1.10 4 7  0 1.367 7694065 7 2 6 40 1 5.01 2.04 1.9 6.3  9.2    7.2   18.1   15.112.74361 2 6 8 2△  .739.30  .0727.53103.010.5222.1333.81102336 7.6913.4523.41 9
20240728일13180011국351 5105 5혼전 4451맑음다습111110정우포에버      테이크차마이티포 6330.00한거 41741 9 5  921      41250국3문병기민규동  -312 4 6 429 7 3 417 41임다빈48252.075강입상95 95 956570.058.033.01214101937 6253340402829152324253838↗↗추13.640.140.112.3515941.241.8119.4120.1 53 71  041   13.60   13.70 7  9 -4VUUP54.94701813-1.8 4.4 2.6848410 2직전선행최근최상 1관 01111101010 9 9⑨1:59.44    2.415.741.514.7  2  3  .50 9 7  4 2.87880849224 4 4 3 50 9 2.06 2.09 3.2 7.4  4.7   14.2   30.4   17.710.52959 1 8 7 1    .641.00 -.0939.90118.612.0522.3732.99 71627 8.7621.6633.25 4
20240609일 7160010국540 4 45 9 3강 3331맑음다습101110정우포에버      테이크차마이티포 4334.00한거 41237 2 6 1065      33000국5박천서민규동  -313 3 5 329 6 2 416 37임다빈47955.581우입상86 88 881784.072.063.819381415 0 6 93313401410152324144343↘↗추13.836.639.012.3506436.138.4101.9101.3 50 69  038   14.30   13.60 7  0 -1HNDN54.84681813-1.2 4.0 2.8777710-2최고선전탄력호조 1관 1 2 2   2 2 2 1①1:41.9목    .013.638.813.7 -2  0 -.40 1 3 -4  .0 62419 785 3 2 4 11 8 3.02 2.10 2.5 3.8  4.9    7.2   14.3    4.212.24468 2 8 8 2☆ 1.539.00 -.5025.73102.827.5748.2963.8335536814.4932.3538.98 2
20240421일 81800 8국531 3 85 6혼전 4451흐림다습121110정우포에버      테이크차마이티포 6330.00한거 41340 2 7 1212      33000국5박희철민규동  -314 2 4 329 5 2 415 40임다빈47956.584우입보78 82 826870.061.047.928581014  10 9 01340 6 0152324173350→↘추13.840.140.212.3545540.039.4117.3117.6 47 67  040   13.90   13.70 4 -5  3HBUP54.54671813-2.0 4.8 2.8777710 2연대우수최근최상 1관 0 2 4 4 3 3 3 2③1:57.3½    .014.340.313.6 -4 -2 -.10 3 7  4  .31438261783 4 4 3 42 7 1.03 6.01 3.3 6.3  3.3    6.6   11.2   12.5  .03164 0 8 7 0    .740.70 -.4637.31118.714.5831.8847.9210233613.1933.5248.76 3
20240324일 6160010국450 6 55 7 1강 1131맑음양호 61110정우포에버      테이크차마이티포 4334.00한거 41435 2 7 1302      33000국4박희철민규동  -315 1 3 229 4 2 314 35임다빈48153.584우입상85 84 841786.057.036.728581014  10 9 01340 6 0152324173350→↘추13.836.839.112.3406436.639.0102.6102.2 43 64  043   14.40   13.70 4 -3  1NNDN54.54671813-2.0 5.2 3.2737310-2걸음불변연대우수 1기 0 7 4   4 5 5 2②1:42.66     .013.939.213.7 -1  3 -.40 2 3 -2 1.22553343479 4 6 2 53 6 1.03 2.07 2.4 4.7  2.4    9.6   16.1    9.5  .03846 0 7 7 0    .639.10  .0026.27103.011.6724.6136.71 6162817.6532.1443.64 3
20251122토11140011국2 1 1  1 6혼전 4423          1111대물            메니피  아이즈어 6142.00한거 61830   1    018:00 495002등안병기조근식  -4 016 21133 1 6 433 30권중석   53.562평추보50 58 585225.048.014.51699 42856171837 0 02013211513 03862↗→선13.737.138.912.63559                   37 41 1133   14.20   12.70 7  6  2VNUP54.64831812-2.0 5.8 3.8676710 2마방연대마방연대 1   011                            14.2    12.7                                10 4 710  1                                              .02859 0 5 6 0   -.338.90  .54     88.59 3.67 7.7314.49 1 4 8 2.88 9.8119.5311
20251004토11120011국123 1 71 7혼전 4441맑음다습101111대물            메니피  아이즈어 4325.00한거 61831 1 1  111      605001등안병기조근식  -4 115 11433 1 6 432 31문세영48252.073평추보89 81 817649.057.025.23644 9285617183738 02013283616 04258↘↗입13.737.437.812.6319537.538.1 73.5 75.7 38 42 1235   13.90   12.90 4  0 -5NUDN54.84831812-1.4 4.8 3.4686810-2마방연대마방연대54관 0 510    101110⑥1:13.51½   .614.237.012.7 -3  1 2.10 6 9  4  .8366425336411 4 6 63 4 1.05 6.01 3.2 7.0  3.2    8.5   12.1  292.8  .02881 1 7 8 1△  .638.10  .56  .5075.61 7.6416.0125.18 3 815 7.7515.0924.55 7
20250906토 6140011국222 2 71 7혼전 4441비  다습131111대물            메니피  아이즈어 6142.00한거 61932 1 1   79      825002등안병기조근식  -4 214231033 1 6 431 32씨씨웡48157.090평추상84 78 785969.068.036.7305310285617183728 02013202422 04258→↘선13.737.039.112.6435137.138.9 86.1 88.3 40 44 1236   14.10   13.00 9  1  1NBUP54.84831812-1.4 5.4 4.0606010 2연대우수마방연대 5   0 5 9    10 9 9④1:26.13    1.013.937.812.9 -1 -2 1.70 4 5  1 1.12856343649 9 5 5 43 3 1.07 1.10 1.6 3.0  1.6   30.6   37.0   25.3  .03174 1 8 8 1   1.138.80 -.1312.2088.6613.4325.8036.6510233611.8921.9030.88 4
20250705토 9120010국244 1 91 9혼전 4431맑음건조 31111대물            메니피  아이즈어 4325.00한거 61630 1 1  160      495002등안병기조근식  -4 313221333 2 5 430 30마이아48356.593기추상77 76 767781.076.046.1375220285617183746 020133631 9 04555↘→선13.737.337.912.6399136.937.5 73.4 74.8 33 42 1738   13.90   13.00 3 -5  3VB동54.64841812-1.4 6.2 4.8575710 0승부최상연대우수40기 0 410     9 8 4①1:13.4½    .014.137.113.0 -3 -2 1.00 1 4  1  .01134 9 578 8 4 4 13 2 4.05 4.05 2.6 5.6  7.2   32.1   54.8   22.712.73882 2 9 9 2☆ 1.537.90 -.04 -.3875.6120.7835.2246.0532526416.1028.4437.11 2
20250615일111200 9국213 1 61 9혼전 4441맑음건조 31111대물            메니피  아이즈어 4325.00한거 61727 2 1   41      495002등안병기조근식  -4 412211233 1 5 329 27마이아48553.593평추보27 40 407361.068.036.7375220285617183746 020133631 9 04060↘→선13.737.437.912.6269236.737.8 73.0 75.1 30 39 1739   14.40   13.30 4  7 -2VH동54.84831812-1.2 6.8 5.6545410 0마방연대승부최상44기 1 9 6     6 4 3②1:13.0¾    .013.937.113.0 -1  2 1.60 2 3 -5  .1192617 878 9 2 8 32 1 1.03 4.09 1.7 5.2  1.7    7.1    9.9   18.2  .04492 3 7 9 3☆ 1.037.90  .16 -.2075.6713.0525.6136.71183651 8.8921.9531.12 5
20250517토 7120011국253 3101 8혼전 4441맑음포화161111대물            메니피  아이즈어 4325.00한거 61728 2 1   95      495002등안병기조근식  -4 511201133 1 5 328 28씨씨웡48355.590평추보57 62 626563.073.041.2305310285617183728 02013202422 04060→↘선13.737.437.912.6329238.038.8 75.2 77.1 32 41 1841   14.20   13.60 5 -2  1HN동54.84831812-1.2 6.6 5.4555510 0마방연대마방연대64기 1 210    1111 8⑥1:15.23    1.014.437.913.3 -2  3 1.60 6 8  4 1.47884477049 8 2 5 13 2 9.04 9.01 4.0 9.7 17.5   80.3  251.9  486.110.63587 3 7 9 3☆ 1.638.50  .05 1.8275.6718.4931.2341.2018365110.1419.7629.52 5
20250412토10120011국223 2 71 8혼전 4441비  다습101111대물            메니피  아이즈어 4325.00한거 61829 2 1  197      495002등안병기조근식  -4 610191033 1 5 327 29해리카48055.073평입보42 35 356825.055.026.8195010285617183710 02013182612 04456↘↘입13.737.337.912.6379237.537.9 75.0 75.8 33 43 1938   14.40   14.50 4 -4  1VNDN54.74841812-2.8 7.6 4.8585810-4걸음불변마방연대 1기 0 410     9 8 6④1:15.01½   .414.237.913.6  0  0  .40 4 4 -4  .93866162566 7 1 7 73 6 3.08 1.02 2.3 3.5  8.8   85.5  154.4  243.2  .03573 3 5 8 3▲  .438.20  .50  .5775.61 6.9716.6126.77 3 817 4.4913.8322.06 8
20250315토10160010국210 3 61 7혼전 4431맑음양호 61111대물            메니피  아이즈어 6142.00한거 61930 2 2  281      495002등안병기조근식  -4 7 918 333 1 5 326 30임다빈48054.573평입보33 42 421743.052.022.82240162269 8183718 02013152324 04456↗↘추13.736.939.912.6333536.640.0102.4103.7 35 45 2040   14.30   13.10 5 -1  0LNUP54.74841812-2.4 7.8 5.4575710 4마방연대기수영향 1기 1 8 8   8 8 8 8⑦1:42.46    2.814.439.714.5 -1 -7  .80 7 8  0 3.2745765701310 8 9 80 1 1.02 3.06 1.5 4.1  1.5    5.7    7.7   17.2  .02846 1 6 9 1    .139.90 -.0726.93103.5 5.8713.6922.80 41118 6.1514.4625.41 8
20250208토11120011국254 1 51 7혼전 4441맑음건조 51111대물            메니피  아이즈어 4325.00한거 62032 1 2  388      495002등안병기조근식  -4 8 817 933 1 5 325 32푸르칸48754.571평입하84 74 746250.058.028.61836132269 81837 8 02013132419 05050→→추13.737.237.912.6509137.638.4 74.9 76.5 37 47 2142   14.30   13.10 9  1 -1BNDN54.84831812-2.0 7.2 5.2525210-2직전탐색마방연대 1기 0 911    1010 8⑤1:14.9½    .514.337.913.1 -3  4 1.10 5 8  6  .9627132466310 5 6 53 2 4.05 4.03 2.5 4.6  7.8   36.1   81.0   49.912.73371 2 7 8 2    .638.50  .50 1.3675.56 9.0518.6228.60 41118 8.0314.1823.74 7
20241207토10140010국252 2101 3 2강 2251맑음다습141111대물            메니피  아이즈어 6142.00한거 52033 2 3  565      495002등안병기조근식  -4 9 716 933 5 5 324 33해리카48355.072평입상75 64 643756.047.020.41021 7 911 8183710 02013182612 05050→↗입13.737.039.112.6495137.139.0 86.6 88.7 37 47 2142   14.40   12.60 6  2 -1BNUP54.84831812-1.4 7.0 5.6484810 2직전복병급하락세 1기 1 810     9 810⑦1:26.6목    .614.337.913.1  5 -9 1.39 7 2 -4  .74155373761 8 6 3 50 5 6.01 2.05 2.7 5.3 20.0   16.9   56.7  173.2  .02525 0 6 6 0   -.338.80  .3212.5688.66 4.8010.7820.42 8152610.7522.4636.99 4
20241026토11120011국244 1 41 3혼전 4441맑음다습141111대물            메니피  아이즈어 4325.00한거 52134 9 4  694      495002등안병기조근식  -410 615 833 4 5 323 34해리카49256.076평입보64 56 565227.043.013.81833 81867 4183710 02013182612 05743→→입13.737.237.912.6508937.536.8 72.7 74.9 39 44 2239   13.50   13.90 7  3  0LLDN54.64821814-1.4 6.8 5.4494910-2직전복병급하락세 1   0 611    111110⑥1:12.7머리  .314.436.212.6  0  0 1.60 6 6 -1  .51165 1 36811 3 6 93 4 1.07 4.01 1.8 3.6  1.8   21.3   28.9   72.0  .02526-1 4 4-1   -.538.00  .93 -.2075.56 2.48 6.9613.79 1 4 7 5.9815.0422.54 6
20240907토 3140011국251 1101 5 3강 3351맑음다습111111대물            메니피  아이즈어 6142.00한거 52236 2 5  830      825002등안병기조근식  -411 514 833 3 5 322 36해리카49256.071기입적74 62 624955.052.022.3164011264019183710 02013182612 05743↗→입13.737.039.212.6444737.039.2 86.8 89.0 41 47 2441   13.60   12.50 2  2  4VLUP54.64821812  .2 6.2 6.4373710 2뒷심문제단기승부 1   0 3 3     3 3 4⑤1:26.82½   .913.538.713.9 -2  7 1.50 5 7 -2 1.45249424050 9 9 6 72 3 3.02 2.05 3.4 6.9  4.6    7.7   16.6   19.0  .02947 0 6 6 0    .038.90  .2112.7788.73 5.6012.2822.34 41118 6.7414.9319.54 6
20240824토11120011국254 1101 8혼전 4431맑음다습121111대물            메니피  아이즈어 4325.00한거 51933 2 5  866      495002등안병기조근식  -412 413 733 2 4 321 33해리카48552.073기자하35 27 276228.051.019.8164011264019183710 02013182612 06733↗→입13.737.337.912.6419137.137.1 72.5 74.7 38 44 2538   14.40   14.20 4 -6  0UUDN55.04821812  .2 5.4 5.6494910-6마방선전배당마주 1관 1 1 7     6 6 3①1:12.5머리  .013.636.412.5 -8  2 1.70 1 9  0  .0 844 3 27810 111 73 2 9.01 1.11 4.013.6 23.4   30.4   76.2   70.612.73464 2 4 9 2    .137.90  .71 -.5075.61 4.7411.7019.78 3 814 5.2210.0017.0610
20240727토 9180011국241 1 91 7혼전 4451맑음불량201111대물            메니피  아이즈어 3940.00한거 52035 9 5  934      495002등안병기조근식  -413 312 233 1 4 320 35해리카48352.071평자보30 21 212528.047.013.6164011264019183710 02013182612 06733↗→입13.740.440.512.6293940.142.8118.1120.6 40 47 2740   14.30   13.20 6 -1  0LUUP55.04821812 -.4 5.6 5.2575710 2적임교체마방선전 1기 0 7 8 8 9101010⑩1:58.13    4.214.441.814.2  1 -7 2.0010 9  4 4.7864292911210 8 9 90 110.01 5.01 2.7 4.7 36.9   50.5  198.2  171.1  .03051 0 5 8 0   -.440.70  .1339.70118.9 3.25 7.0813.61 2 5 9 5.34 9.8918.23 9
20240615토111600 8국253 2101 9혼전 4431맑음건조 51111대물            메니피  아이즈어 6142.00한거 52136 2 6 1051      495002등안병기조근식  -414 211 233 1 4 319 36문세영49052.093우자보62 50 501761.070.049.045522012 0 9183738 02013283616 06733↗↗입13.736.939.912.6333536.139.3102.0102.9 43 50 2943   14.10   13.00 4  7 -1VUUP55.04821812-1.0 4.8 3.8676710 4승부최상적임교체 1관 2 8 7   7 7 8 6④1:42.04    1.214.338.613.2 -1  1  .50 4 5  0 1.74826432744 5 8 7 23 3 2.03 6.03 3.1 7.5  4.6   11.5   22.7   21.210.64386 3 7 9 3☆ 1.339.90 -.6926.05103.520.0436.1049.0332526413.0428.1341.49 4
20240518토 7120011국213 1 61 9혼전 4431맑음다습101111대물            메니피  아이즈어 4325.00한거 52238 2 6 1138      495002등안병기조근식  -415 110 633 1 4 318 38씨씨웡48952.592우자하71 77 778968.075.045.43357 712 0 9183728 02013202422 06733→↘선13.737.237.812.6489437.437.8 73.6 75.8 46 54 3138   14.10   13.60 6 -2 -1UUDN55.04821814 -.6 3.8 3.2757510-2직전탐색승부최상 1기 0 110    1010 9⑧1:13.6½   1.014.137.213.0  3  6 1.60 8 5  3 1.33960131845 8 4 7 10 1 3.06 3.09 1.9 6.7  8.6   47.5  107.2   25.110.64796 4 7 9 4★ 1.838.30  .10  .8075.5020.3334.8745.3632526410.2219.6427.14 6
