20251116일 1120011국6 0 6  5 1 1강 1111           1 1포트레이매치                            한수 2 0 0   1    010:35 24750국6임채덕간용기  99 0 1 1 1 0 1 0 0 0  0조한별   56.067평무보36 35 35 3 5.020.0 5.21340 915 012 8131317 8 0121918      ↘↗입13.937.639.813.040 2                                14.20   13.30        NN동       12 0         7.0     0 0거세출주탐색우려48기 0 1                            14.2    13.3                                 7 9 8 8  1                                              .013 2-4 1 2-4▼-2.239.80 -.09     76.84 1.03 1.99 5.22 0 2 4  .87 3.46 8.39 9
20251116일 1120011국6 0 6  5 7 1강 1111           1 2크리솔스텝      크리솔라로열스텝  532.00한수 2 050   1    010:35 24750국6안병기요시다가 2 0 3 2 2 2 2 0 1 2 50마이아   56.093우입보50 61 617996.070.061.8375320275415182443 020123530 9 099 0↘→선13.837.238.414.25785                   50 50 5050   14.00   13.10 4  0  0UN동56.04821312  .5 4.5 5.0696912 0적임교체주전기수 1   0 2                            14.0    13.1                                 5 3 4 2  2                                              .03168 0 9 8 0△ 1.138.40 -.72     75.8422.1142.7261.8019405732.1757.1473.60 1
20251018토 2120010국611 8 65 9 2강 2249흐림불량20 1 2크리솔스텝      크리솔라로열스텝  532.00한수 2 0 0 2 1   87      16500국6안병기요시다가 2 1 2 2 1 2 1 0 0 1  0마이아48256.093평무보37 25 2569  .069.078.9375320275415182443 020123530 9      ↘→선13.836.740.114.2931037.637.6 75.5 75.1  0  0100 0   13.60   14.50 8 -1  1HNDN       1313 1.0 7.0 8.0535313-1걸음불변적임교체69기 0 2 4     5 4 3②1:15.55     .014.038.013.1  0  8 -.30 2 2 -5  .81968132286 211 9 12 1 1.02 4.02 1.4 4.5  1.4    4.5    5.7   11.9  .04486 3 7 8 3☆ 1.538.60-1.88-1.6776.5138.5766.3778.8539597210.9821.5631.64 3
20250823토 3130011국642 6 95 5혼전 4411흐림건조 4 1 2크리솔스텝      크리솔라로열스텝 5425.00한수 2 0 0 2 1  146      16500국6안병기요시다가 2 2 1 2 1 2 1 0 0 0  0코지  47455.586평무보14 25 252717.042.025.3295217275415182428442012252619      →↘선13.836.940.614.299 137.139.7 83.0 83.4              14.00   14.40 4  0  0NL동       13 0         5.0     0 0거세출주거리속성 5   0 3 4     4 3 5⑧1:23.0목    .913.640.414.5  1  9 -.30 8 7  0 1.85627664952 41111 70 1 1.0310.01 2.1 5.4  2.1    7.0   11.7    8.2  .02027 0 4 6 0   -.440.30 -.29 5.8883.61 8.1715.9925.27 3 817 9.2617.3226.39 6
20251116일 1120011국6 0 6  5 5 1강 1111           1 3비트프레시                              한암 2 0 0   1    010:35 24750국6이신우양진영  -3 0 1 1 1 0 1 0 0 0  0정우주   54.071평무보74 77 776756.048.031.02042101654 8171618 01816173013      ↗↘입14.037.238.112.37299                                14.30   12.60        NN동       12 0         2.0     0 0거세출주강단마필50기 0 3                            14.3    12.6                                 4 1 1 4  1                                              .02847 1 7 6 1    .038.10  .33     75.67 8.5817.1131.04 8203110.4323.3833.54 4
20251116일 1120011국6 0 6  5 4 1강 1111           1 4골든매치                                한수 2 0 0   1    010:35 24750국6최용구간용기  99 0 1 1 1 0 1 0 0 0  0조재로   56.080평무보85 75 756646.044.025.827481327541318 0 0222014182422      ↗↘추13.336.639.913.299 1                                13.70   13.50        NN동       12 0         1.0     0 0거세출주신뢰마주52기 0 4                            13.7    13.5                                 110 2 5  1                                              .01844 0 6 7 0   -.439.90 -.19     76.34 6.3814.5925.81 71425 6.0916.4525.16 5
20251116일 1120011국6 0 6  5 1 1강 1111           1 5갑쟁이          말리부불글로벌천        한수 2 0 0   1    010:35 24750국6함완식안세희   0 0 2 1 1 1 2 0 0 1  0김정준   56.078하무보50 28 28 211.025.0 3.02648171654 812 0 0 015 7152124      →↘자13.537.939.513.4 518                    0  0  0 0   13.90   13.10 7 -5  1NNUP       1210 2.0 8.010.0151510 2교체실패부진마필62기 1 5                            13.9    13.1                                 9 710 9  2                                              .018 1-4 2 4-4▼-1.939.50 -.03     76.84  .19  .59 2.99 2 613 2.61 6.0612.11 7
20250927토 1100012국630 6 85 3 2강 2217맑음다습12 1 5갑쟁이          말리부불글로벌천        한수 2 0 0 9 1  131      24750국6함완식안세희   0 1 1 1 1 1 1 0 0 0  0김정준45655.578평무보47 51 516323.039.015.52648171654 812 0 0 015 7152124      →↘자13.536.938.313.497 138.238.4 63.5 63.6              13.80   13.60 4  0  0LL동       10 0         6.0     0 0신마적응탐색우려34기 010 5     51011⑩1:03.5머리 2.513.938.313.1  2 11  .1010 8  0 2.67579698015 1 5 2 60 1 1.06 9.11 2.7 6.2  2.7   19.7   26.5   20.2  .02534-1 4 4-1   -.738.30  .44-11.662.87 3.08 8.8215.50 51222 4.9218.0529.33 5
20251116일 1120011국6 0 6  5 4 1강 1111           1 6성은인트리그                            한수 2 0 0   1    010:35 24750국6이관호서홍배  -2 0 1 1 1 0 1 0 0 0  0김성현   54.066평무보66 72 725219.033.014.41022 6224713211410 02416162519      →↗입13.836.938.612.99779                                14.10   13.20        LN동       12 0         3.0     0 0거세출주감량기수50기 1 6                            14.1    13.2                                 2 4 3 7  1                                              .01934 0 4 4 0  -1.038.60  .71     75.78 3.42 8.1514.36 3 817 3.4810.3917.70 6
20251116일 1120011국6 0 6  5 1 1강 1111           1 7케렌시아        콩코드포슈룹     3923.00한수 2 0 0   1    010:35 24750국6정호익김경민  -1 0 3 2 2 2 1 0 0 2  0임다빈   56.080하무보50 30 30 2 5.022.0 1.22049 62144 7241919112419152324      ↘→추14.138.139.413.1 435                    0  0  0 0   14.30   13.60 3 -3  0NN동       1210 -.5 9.5 9.0191910 0가는대로부진마필56기 1 7                            14.3    13.6                                11 6 910  2                                              .0 6 2-4 1 1-4▼-2.139.40 -.03     76.90  .19  .34 1.17 2 5 7  .87 3.46 8.3910
20251026일 1120011국640 5 45 1 2강 2233흐림건조 5 1 7케렌시아        콩코드포슈룹     3923.00한수 2 0 0 9 1   55      24750국6정호익김경민  -1 1 2 2 1 2 1 0 0 1  0조인권47356.068하무보21 35 35 3 4.023.0 2.31635102144 7241922 02419232413      ↗↘선14.137.939.813.1151638.438.7 77.9 77.1  0  0  0 0   14.40   13.80 4  8  1BNUP       1210-1.010.0 9.0151510 2가는대로보통걸음34기 010 9     910 9⑨1:17.91    2.014.339.613.6  0 10 -.80 9 9 -1 2.2799347782411 8 4120 1 5.03 5.01 1.8 2.9 34.1   54.5  193.5   30.6  .0 8 6-2 1 2-2▽-1.938.00 -.17 -.5977.01  .11  .43 2.28 0 1 3  .79 1.69 5.1612
20250927토 1100012국630 4 85 3 2강 2217맑음다습12 1 7케렌시아        콩코드포슈룹     3923.00한수 2 0 0 9 1   65      24750국6정호익김경민  -1 2 1 2 1 2 1 0 0 0  0임다빈46355.580평무보44 45 451327.040.019.42049 62144 7241919112419152324      ↘→추14.137.738.313.150 637.738.5 63.5 63.7              14.40   13.30 4  0  0NL동       10 0         7.0     0 0거세출주보통걸음45기 1 210    10 8 8⑨1:03.51¾  2.514.438.413.8 -1 -1  .10 910  0 2.67465717215 5 8 3 50 1 1.06 9.11 2.7 6.2  2.7   19.7   26.5   20.2  .02026 0 4 4 0   -.637.50 -.07-12.363.31 3.7510.6619.36 61525 9.8422.5633.33 4
20251116일 1120011국6 0 6  5 1 1강 1111           1 8레드동백        카우보이더로열   4726.00한암 2 0 0   1    010:35 24750국6박윤규이방훈  99 0 2 1 2 1 1 0 0 1  0김태희   54.065하무보50 22 22 2 4.021.0 1.11029 51747 91827 9 01611152316      ↗↗입14.138.040.414.2 2 2                    0  0  0 0   14.20   15.50 3 -1  3NL동       1212-1.011.010.0 3 312 0가는대로보통걸음51관 0 8                            14.2    15.5                                10111111  1                                              .0 8 3-4 1 1-4▼-2.140.40 -.53     77.40  .15  .29 1.09 0 3 7  .87 1.73 5.5911
20251026일 1120011국640 5 45 1 2강 2233흐림건조 5 1 8레드동백        카우보이더로열   4726.00한암 2 0 0 9 1   55      24750국6박윤규이방훈  99 1 1 1 1 1 1 0 0 0  0이상규53151.056평무보12 25 25 8  .024.0 5.2 6 0 71747 91827 5 01611122314      ↗↘입14.137.340.114.272 138.141.5 80.4 79.6              14.40   14.40 4  0  0LN동       12 0         8.0     0 0거세출주감량기수23관 0 9 7     8 910⑩1:20.414   4.514.242.415.5 -1 27 -.801011  0 4.798879698 4 61011 80 1 5.03 5.01 1.8 2.9 34.1   54.5  193.5   30.6  .01310-2 1 3-2▽-1.739.40 -.09 2.2176.84  .65 1.69 5.21 0 1 5 7.0915.2524.93 6
20251116일 1120011국6 0 6  5 9 1강 1111           1 9최고골드        미스치비코리아넘 2326.00한수 2 050   1    010:35 24750국6리카디이강운   1 0 3 2 3 2 3 0 1 2 50김효정   56.070평입보50 53 538190.072.079.5183413375121323737713424162118      →↘입14.337.138.412.95275                   50  0 50 0   13.30   14.00 4  1  0BN동       1212-1.0 4.5 3.5575712 0승부기대승부기대50기 0 9                            13.3    14.0                                 3 2 5 1  3                                            12.06581 2 8 8 2☆ 1.538.40-1.16     75.7836.6964.5379.4536546922.6139.8354.97 2
20251019일 1120012국621 6 75 8혼전 4415맑음포화17 1 9최고골드        미스치비코리아넘 2326.00한수 2 0 0 2 1   77      24750국6리카디이강운   1 1 2 2 2 2 2 0 0 1  0김효정47456.070하입보51 28 284627.063.035.8183413375121323737713424162118      →↘입14.337.738.312.9138536.539.1 74.9 75.6  0  0  0 0   13.80   13.00 3  5  1BN동       1212 1.0 4.0 5.0282812 0마방습성승부기대80기 2 8 3     2 2 2②1:14.911    .013.339.414.0 -3 -5  .70 2 5  1 1.93513603384 8 4 6 41 2 1.05 5.08 1.6 4.0  1.6   10.6   12.1   21.9  .06560 0 6 7 0△ 1.037.70 -.20 -.3776.0611.0223.8135.76 92133 7.5915.8724.59 8
20250928일 1120012국651 3 55 7혼전 4421비  불량20 1 9최고골드        미스치비코리아넘 2326.00한수 2 0 0 9 1   33      24750국6리카디이강운   1 2 1 2 1 2 1 0 0 0  0김효정47955.570평무보26 25 25 817.043.014.8183413375121323737713424162118      →↘입14.338.239.612.9 71137.538.5 74.6 76.0              14.70   13.10 4  0  0NL동       12 0         8.0     0 0거세출주마방습성 5   0 3 7     5 5 5⑤1:14.63    1.813.837.913.0  1 -3 1.40 5 4  0 1.9506442492712 812 72 1 2.0110.12 2.0 4.7  4.2    4.7    9.0   16.8  .02330 0 4 5 0   -.637.40 -.60-1.7777.06 2.47 7.6314.77 41118 6.9413.9221.67 7
20251116일 1120011국6 0 6  5 4 1강 1111           110닌자타이거                              한암 2 0 0   1    010:35 24750국6최용건(주)메타 0 0 1 1 1 0 1 0 0 0  0임기원   54.081평무보58 46 461710.042.021.723431127671018 033 02111253216      →↘선14.337.739.712.940 6                                14.60   13.20        LN동       12 0         2.0     0 0거세출주보통걸음48기 010                            14.6    13.2                                 8 8 7 6  1                                              .01935 0 4 4 0   -.539.70 -.58     76.84 4.2511.0821.74 31020 2.61 6.0613.04 8
20251116일 1120011국6 0 6  5 9 1강 1111           111파워풀프라도    컬러즈플페이데이 2931.00한암 2 0 0   1    010:35 24750국6이준철지대섭   1 0 2 1 1 1 1 0 0 1  0최범현   54.091평무보50 49 493881.061.055.3336124456322314838383025193019      ↘↘입14.737.338.913.14855                    0  0  0 0   13.90   13.00 8  4  1NNUP       1210-1.0 8.0 7.0545410 2마방연대적임교체57기 111                            13.9    13.0                                 6 5 6 3  1                                            12.04463 2 7 9 2☆  .938.90 -.86     76.1716.9938.6555.3416334817.3932.0347.52 3
20250920토 1100011국621 1 75 8혼전 4431흐림불량20 111파워풀프라도    컬러즈플페이데이 2931.00한암 2 0 0 2 1  152      24750국6이준철지대섭   1 1 1 1 1 1 1 0 0 0  0문세영46153.573평무보 5  6  62817.058.032.73644 9456322314860603025283616      ↘↗입14.738.738.313.1 1 137.237.8 61.6 63.0              14.90   13.10 4  0  0LN동       10 0         7.0     0 0거세출주마방연대 5기 1 7 6     6 7 8⑦1:01.61¾   .913.937.213.0 -1  4 1.20 7 8  0 1.85743494150111111 50 1 1.04 2.01 1.5 2.7  1.5   13.0   14.7   34.0  .02558 1 5 7 1△  .636.30 -.98-14.063.8712.2722.3832.74 71425 7.4614.8622.27 7
20251116일 2130011국6 1 7  5 4 3강 3323           2 1라이징원        프로스펙라이징글 4423.00한거 3 0 0   1    011:00 16500국6이준철힐링팜조 0 0 3 2 1 2 2 0 0 2  0송재철   57.075하무보50 38 38 913.040.015.416241145632231 027 03025182621      ↗→입13.838.139.612.31139                    0  0  050   14.70   12.6010 -6  0HNUP       1312 -.5 9.5 9.0151512 1걸음불변거리늘어62기 1 1                            14.7    12.6                                 9 4 9 5  2                                            13.41415-2 3 5-2   -.739.60 -.13     83.74 2.76 8.2415.44 71425 2.5010.1318.37 6
20250907일 2120011국651 5105 1 2강 2249맑음포화16 2 1라이징원        프로스펙라이징글        한거 3 0 0 1 1  182      16500국6이준철힐링팜조 0 1 2 2 2 2 1 0 0 0  0송재철47657.076하무보 5  4  4 3 3.028.012.016241145632231 027 03025182621      ↗→입13.837.940.614.914 338.537.7 76.5 76.3  0  0  0 0   14.80   13.2046  5  2BB동       1212-2.012.010.0 5 512 0거세출주거리난점39기 0 710    1010 8⑧1:16.5½   1.914.737.912.6  1 10 -.30 8 7 -5 2.25994145526 510 9 60 1 1.0210.04 3.1 5.6  3.1    6.1   11.2    5.6  .01310-3 2 2-3▽-1.737.80 -.90-2.1877.45 2.47 4.9311.98 2 5 9 3.33 5.4813.14 9
20241013일 1120012국612 5 15 3 1강 1135맑음건조 3 2 1라이징원        프로스펙라이징글        한수 2 0 0 2 5  945      24750국6전승규힐링팜조 0 2 1 2 1 2 1 0 0 0  0이동진46655.058평무보   25 2540  .036.012.8 0 0 021501421 0 0 02117121417      ↘↗추    36.738.5        37.541.0 78.7 78.5              13.80   13.60 4  0  0NL동       12 0                 0 0거세출주보통걸음 1기 1 2 4     5 6 7⑩1:18.71½  3.713.841.315.2 -2 13 -.201012  0 5.39466939411 3 3 5 90 1 1.02 9.05 1.3 1.8  1.3    1.8    2.1    9.7  .01918 0 3 4 0   -.939.60  .91 3.3475.61 2.32 6.0712.77 1 3 7 6.6214.0624.69 3
20251116일 2130011국6 1 7  5 2 3강 3323           2 2아모스최강      섀클포드실버블로 4530.00한거 3 0 0   1    011:00 16500국6최용건홍애란   0 0 2 1 1 0 1 0 0 0  0빅투아   57.087하무보64 46 46 540.030.0 8.629501727671018 015362111202818      →↘입14.037.840.813.622 3                    0  0  0 0   13.80   13.3046  1  2NB동       1313  .011.011.0101013 0거세출주거리난점42기 0 2                            13.8    13.3                                 510 7 9  1                                            13.41314-2 4 4-2  -1.440.80 -.51     84.32  .74 2.66 8.61 2 613 8.7524.0537.96 4
20241221토 2130012국651 9 55 6혼전 4435맑음다습10 2 2아모스최강      섀클포드실버블로 4530.00한수 2 0 0 2 5  932      24750국6박병일홍애란   0 1 1 1 1 1 1 0 0 0  0김정준46555.083평무보   25 2540  .042.012.02467101160 3241025112214152124      ↘↗자    37.539.6        38.141.7 86.7 86.4              14.00   13.70 4  0  0NL동       13 0                 0 0거세출주기수신마 1기 3 1 6    101111⑪1:26.72    3.014.041.513.9  0-24 -.101111  0 3.19771959614 3 3 6100 1 3.0410.12 2.8 3.8  4.5   15.2   22.1  127.213.42542 1 5 6 1   -.540.30  .31 9.2583.35 2.35 5.9112.01 1 4 8 8.1115.3229.66 4
20251116일 2130011국6 1 7  5 9 3강 3323           2 3글로벌드림즈    지몰로지힐오브드 5334.00한수 2 050   1    011:00 16500국6정호익장재형   1 0 3 2 1 2 1 0 1 2 50마이아   56.093우입보50 61 619395.073.081.73753202144 72418482924193530 999 0 0↘→선13.836.839.814.29439                   50 50 50 0   13.60   13.9013 -3  1UVUP55.54791310-3.0 6.5 3.5646412 1적임교체전개최상66기 1 3                            13.6    13.9                                 1 5 3 1  1                                            12.24498 2 9 9 2☆ 1.639.80-1.31     83.0339.3166.0881.6736546943.7574.6890.61 1
20250816토 3120011국611 8 65 6혼전 4437맑음다습12 2 3글로벌드림즈    지몰로지힐오브드 49 8.00한수 2 0 0 2 2  254      16500국6정호익장재형   1 1 2 2 1 2 1 0 0 1  0코지  47955.584평입보53 23 235024.054.039.22053 62044122418 0 02419252619      ↗→선13.836.939.314.2753536.538.7 75.6 74.8  0  0  0 0   13.80   13.40 8  0  1NNUP       1210-3.0 8.0 5.0424210 2신마적응적임교체34기 0 6 2     2 2 2②1:15.62     .013.638.813.9 -3 17 -.40 2 5 -3  .41013472091 4 7 8 41 1 1.05 3.06 2.3 7.7  2.3    9.0   13.2   20.7  .04447 0 5 5 0    .438.30 -.40-1.4376.1712.4128.0939.18122539 9.3817.9322.73 6
20250621토 1100010국610 5 15 2 3강 3319흐림포화19 2 3글로벌드림즈    지몰로지힐오브드 49 8.00한수 2 0 0 2 1  146      24750국6정호익장재형   1 2 1 2 1 2 1 0 0 0  0임다빈46255.080평무보10  8  856 4.040.011.42049 62144 7241819 32419152324      ↘→추13.837.138.314.289 136.838.0 62.5 62.5              14.40   14.50 4  0  0LL동       10 0         7.0     0 0거세출주부진마필52기 1 6 3     3 3 3⑤1:02.51    1.313.838.013.4 -3  0  .00 5 8  0 1.54127563850 2 6 8 82 1 5.01 1.05 1.3 3.3 15.4    9.2   33.1   75.211.21327-1 2 3-1   -.837.80  .48-12.962.98 1.57 4.9211.38 3 817 2.22 3.45 8.91 9
20251116일 2130011국6 1 7  8 1 3강 3323           2 4와달비          다이나믹해피엔딩 4136.00한거 3 0 0   1    011:00 16500국6이동국(주)늘푸 0 0 4 4 2 3 2 0 0 3  0오수철   57.060하추상50 44 44 7 4.028.0 6.7 825 7 929 3 4 0 0 019 0122315      →→입14.437.840.014.03623                    0  0  0 0   14.20   14.00 6  1  0HL동       1312-3.311.0 7.7282813 0거세출주최적거리57기 1 4                            14.2    14.0                                 6 7 810  2                                            13.413 6-4 2 1-4▼-1.740.00  .03     83.80  .97 2.26 6.65 2 5 7 1.25 2.53 7.35 8
20251004토 2130011국640 9 98 1 2강 2225맑음다습10 2 4와달비          다이나믹해피엔딩 4136.00한수 3 0 0 1 1   98      16500국6이동국(주)늘푸 0 1 3 3 1 3 1 0 0 2  0오수철44757.060하추보18 13 13 2 1.026.0 6.3 825 7 929 3 4 0 0 019 0122315      →→입14.438.139.914.0 82837.540.6 84.2 84.0  0  0  0 0   14.20   13.70 2 -2  4HBUP       1312-3.011.0 8.0212112 1걸음불변부진마필54기 0 3 9    10 9 8⑦1:24.2머리 1.214.240.314.0 -4 -6 -.10 711  0 1.67344848147 9 7 7 80 1 9.08 2.11 1.8 4.4 50.3  785.4 2295.6 1471.913.414 3-4 1 1-4▼-1.739.20 -.07 5.9783.93  .97 2.19 6.26 0 2 6  .12  .13  .1411
20250920토 2120011국650 6 58 2 1강 1149맑음포화18 2 4와달비          다이나믹해피엔딩 7524.00한수 3 0 0 2 1   41      16500국6이동국(주)늘푸 0 2 2 2 2 3 1 0 0 1  0조성환45353.055하추상 5  4  414 2.029.011.5 850 5 929 3 4 0 0 019 017 021      ↘→자14.438.439.714.0 12037.539.4 76.4 77.0  0  0  0 0   15.00   14.0011 -3 -2NH동       1212-5.011.0 6.0 6 612 0걸음불변최적거리 5기 0 5 8     7 8 9⑩1:16.42    1.514.239.213.7 -1 -3  .501011  0 1.6776471753610 4 8 60 1 2.04 8.10 2.6 3.7  3.0    9.7   14.2   21.4  .01413-4 1 1-4▼-1.437.40 -.65-1.1377.23  .89 3.5411.46 51223  .12 2.72 7.23 9
20250706일 1120011국621 5 78 1혼전 4439맑음건조 3 2 4와달비          다이나믹해피엔딩 7524.00한수 3 0 0 1 2  201      16500국6이동국(주)늘푸 0 3 1 1 1 3 1 0 0 0  0김성현45655.069평무보 9 25 25 3 4.021.0 6.01550 5 4 0 4 4 0 0 019 0162519      →→입14.437.840.114.040 138.839.3 78.7 77.9              14.70   14.20 4  0  0LL동       12 0         8.0     0 0거세출주탐색우려44트 1 811    111110⑥1:18.71    3.615.039.814.0 -5  6 -.60 611  0 4.390976791 7101011103 1 1.07 3.07 2.1 2.4  2.1   18.3   27.2   10.5  .013 3-4 1 3-4▼-2.238.30 -.40  .0377.12 1.57 2.56 5.96 1 4 8 1.96 3.23 7.6910
20251116일 2130011국6 1 7  5 4 3강 3323           2 5플래시레이      플래시백레이첼   7633.00한수 3 0 0   1    011:00 16500국6성상현최상기   0 0 3 2 1 2 1 0 0 2  0권중석   53.055기입적50 56 5630 6.035.013.71399 429401122 0 0 05033221613      ↗→선13.737.140.212.27810                   50 50  0 0   14.10   15.10 2 -4 -4NHUP       1312 2.5 2.5 5.0565612 1전개최상거리늘어31기 0 5                            14.1    15.1                                 3 8 4 6  1                                              .03420-2 3 3-2  -1.040.20  .14     83.48 3.22 7.5513.69 31020 1.25 5.0612.24 7
20251101토 2120010국641 9 45 8 2강 2219맑음건조 5 2 5플래시레이      플래시백레이첼   9237.00한수 3 0 0 1 1   43      16500국6성상현최상기   0 1 2 2 2 2 2 0 0 1  0송재철46357.076강선보95 93 939481.065.076.616241129401122 0 0 85033182621      ↗→입13.736.939.412.2825137.040.4 79.3 77.3100100  0 0   13.90   14.20 4  2  0NH동       1212 2.0 1.0 3.0858512 0상대막강전개최상65트 0 9 3     4 4 4⑦1:19.31¼  1.914.141.515.1  3  7-1.90 7 4  3 2.98240888430 2 4 1 12 2 1.02 2.08 2.4 3.0  2.4    3.0    5.9   10.2  .04465-2 8 7-2△  .739.10-1.55 1.0076.2329.3656.9176.5732526425.3246.5460.00 1
20251003금 3120010국640 8 45 8 1강 1139흐림다습11 2 5플래시레이      플래시백레이첼   9237.00한수 3 0 0 1 1   64      16500국6성상현최상기   0 2 1 2 1 2 1 0 0 0  0송재철45657.076평무보88 25 2553  .052.036.916241129401122 0 0 85033182621      ↗→입13.736.838.212.2989936.738.8 76.8 75.1              14.00   12.70 4  0  0LL동       12 0         2.0     0 0거세출주잠재역량37기 1 7 4     2 2 2③1:16.8½    .013.939.714.2  2  4-1.30 3 1  0 1.51722513179 3 2 8 51 1 3.08 6.09 2.5 3.8  4.8   81.4  127.0   51.612.03337 2 6 8 2    .238.50  .33  .0875.5010.2424.1536.86 8223511.1121.5633.45 6
20251116일 2130011국6 1 7  5 4 3강 3323           2 6이안퍼스트      컬러즈플경연한질 5234.00한수 2 0 0   1    011:00 16500국6함완식안세희   0 0 3 1 1 0 2 0 0 0  0최범현   56.088하입적85 68 682557.042.019.83361241654 812 029 015 7193019 099 0↘↘입14.238.139.312.61159                    0  0  0 0   14.30   12.60 9 -5  1NVUP55.54781312  .5 6.5 7.0282812 1거세출주거리늘어38기 0 6                            14.3    12.6                                10 2 2 4  2                                            12.11425-1 6 6-1   -.639.30 -.09     83.55 3.4610.3319.75 8203113.7526.5839.18 2
20250914일 1120011국611 5 65 5혼전 4434맑음다습14 2 6이안퍼스트      컬러즈플경연한질 2931.00한수 2 0 0 2 1  163      24750국6함완식안세희   0 1 2 2 2 2 1 0 0 1  0최범현47955.591평입상59 59 595945.065.045.43361241654 812 029 015 7193019 099 0↘↘입14.237.938.212.8119238.543.0 80.3 81.5  0  0  0 0   14.20   13.10 6  3  0VU동55.54781212-6.010.0 4.0555512 0기수신마기수승부44기 111 9    101111⑩1:20.3대차 6.614.342.612.9  7  1 1.1010 3 -7 6.799949999 2 9 2 2 30 1 5.02 9.04 1.7 5.0 11.8   19.0   45.2   10.5  .02389 0 6 6 0    .939.30 -.51 5.3676.1215.5632.4445.4016334812.0725.5332.40 4
20250803일 1120012국651 5105 5 3강 3339흐림건조 3 2 6이안퍼스트      컬러즈플경연한질 2931.00한수 2 0 0 1 1   97      24750국6함완식안세희   0 2 1 2 1 2 1 0 0 0  0박태종47855.574평무보   25 2540  .040.020.211 0 81654 812 0 0 015 7202320      ↘↗선    36.738.5        37.538.3 76.6 75.9              13.80   13.60 4  0  0LL동       12 0                 0 0거세출주기수신마44기 1 8 8     6 5 5④1:16.6머리  .914.238.813.1 -6  0 -.80 410  0  .94462324060 1 1 7 72 1 8.0512.10 2.4 5.6 38.2  131.9  387.7  118.0  .01840 0 4 5 0   -.538.80  .71  .7275.61 5.4711.7520.23 3 81715.5226.2842.86 3
20251116일 2130011국6 1 7  5 9 3강 3323           2 7학산소드        사우스비스피릿티 8727.00한수 2 0     1    011:00 16500국6홍대유황봉기   2 0 2 1 1 1 2 0 1 1  0이동하   56.088강입보50 68 6896  .071.074.92949161838 7151720361814232619      →↘선14.837.338.813.56397                  100100  0**   14.00   12.70 4  4  0BHUP       1310 1.0 1.0 2.0858510 3적임교체전개최상48기 0 7                            14.0    12.7                                 4 1 1 2  2                                            12.24486 3 8 8 3☆ 1.438.80 -.81     82.7130.6856.0074.8519405711.2522.7833.06 5
20251018토 1100012국630 3 85 7 1강 1111흐림불량20 2 7학산소드        사우스비스피릿티 2822.00한수 2 0 0 2 1   88      24750국6홍대유황봉기   2 1 1 1 1 1 1 0 0 0  0이동하50956.089평무보25 16 165032.063.037.32949161838 7151720361814232619      →↘선14.838.538.313.5 9 437.236.8 61.4 61.7              15.10   13.70 4  0  0NL동       10 0         5.0     0 0거세출주적임교체48기 0 3 5     5 4 4②1:01.41½   .014.036.612.7  1  1  .30 2 1  0  .318411215821012 8 32 1 2.01 4.03 3.0 6.3  3.0    6.3   11.1   20.4  .04461 0 5 7 0   1.036.20 -.99-15.163.7612.7725.9737.31122539 5.3613.5021.25 9
20251116일 2130011국6 1 7  4 1 3강 3323           2 8두손라이프      자이언트프로폴리 5434.00한수 2 0 0   1    011:00 16500국6박재우이도명   2 0 4 4 1 3 1 0 0 3  0해리카   56.072하무보50 34 34 1 4.027.010.11950 91945 7241523 02620192512      ↘↘입14.138.140.313.9 9 5                    0  0  0 0   14.10   14.10 3 -3  0NNDN       1410  .710.711.3 8 814-1가는대로거리속성57트 1 8                            14.1    14.1                                 8 910 8  1                                              .013 6-2 1 1-2▽-1.540.30 -.42     84.19  .66 3.7110.06 0 3 7 1.25 2.53 7.35 9
20251025토 3140011국641 7 94 1 2강 2231맑음건조 5 2 8두손라이프      자이언트프로폴리 5434.00한수 2 0 0 9 1   64      16500국6박재우이도명   2 1 3 3 1 3 1 0 0 2  0조한별48756.066하무보 5  2  2 1 6.024.0 2.91340 91945 7241523 02620121918      ↘↗입14.137.840.413.9 1 137.640.3 91.9 90.5  0  0  0 0   14.20   13.90 4  2  1NNUP       1410 1.010.511.5 6 610 2가는대로거리부담58기 111 9    101111⑪1:31.93    2.914.140.914.1  0  1-1.101111  0 3.3867676851210 9 9100 1 2.04 4.06 3.1 5.5  3.5   13.0   22.1  141.7  .013 3-2 1 1-2▽-1.838.40 -.5312.2590.10  .10  .92 2.90 1 3 7  .72 3.08 8.7311
20250928일 1120012국651 2 54 1혼전 4421비  불량20 2 8두손라이프      자이언트프로폴리        한수 2 0 0 9 1   55      24750국6박재우이도명   2 2 2 2 1 3 1 0 0 1  0정우주48655.571하무보 5  4  4 1 5.021.0  .82042101945 7241514 02620173013      ↗↘입14.138.240.213.9 2 338.640.9 78.1 79.6  0  0  0 0   14.50   14.50 6  8  0BHUP       1210 1.010.011.0111110 2가는대로기수승부44기 0 912    121212⑫1:18.110   5.314.240.213.9  1  1 1.301211  1 5.498959297 1111110120 1 2.0110.12 2.0 4.7  4.2    4.7    9.0   16.8  .011 6-3 1 1-3▽-2.138.50 -.53 1.2077.40  .11  .22  .82 0 1 4 1.39 5.0610.2712
20250816토 1100011국630 6 34 1혼전 4419맑음다습12 2 8두손라이프      자이언트프로폴리        한수 2 0 0 2 1  104      24750국6박재우이도명   2 3 1 1 1 3 1 0 0 0  0조상범48555.558평무보12  9  917 3.030.0 9.11270 61945 7241514 02620132018      →→입14.138.038.313.931 138.739.8 65.6 65.6              14.40   14.20 4  0  0NL동       10 0         5.0     0 0거세출주부진마필44기 0 110    101011⑪1:05.63    2.914.539.814.5  1 23  .101110  0 3.89688949612 5 6 7 80 1 5.01 6.04 2.4 2.4 16.7   18.3   55.0   27.5  .013 8-3 2 1-3▽-1.537.60  .07-10.763.48  .77 3.55 9.06 2 5 9 1.85 3.03 7.8911
20251116일 2130011국6 1 7  5 1 3강 3323           2 9피엔에스러너    생일기쁨검향            한수 3 0 0   1    011:00 16500국6박윤규피엔에스 2 0 3 2 1 2 2 0 0 2  0김옥성   57.065하무보50 34 34 1 4.023.0 2.9 9 0 71747 918 9 8 71611151517      ↘↗추14.338.140.815.314 2                    0  0  0 0   14.30   15.60 2  6  0BLUP       1312 -.510.0 9.5 3 312 1걸음불변거리늘어 1   0 9                            14.3    15.6                                11111111  2                                            11.214 2-4 1 2-4▼-1.940.80 -.53     84.51  .16  .56 2.86 0 2 4 1.25 2.53 7.3510
20251101토 2120010국641 9 45 1 2강 2219맑음건조 5 2 9피엔에스러너    생일기쁨검향            한수 3 0 0 1 1   43      16500국6박윤규피엔에스 2 1 2 2 2 2 1 0 0 0  0김옥성47257.063하무보 5  4  4 0 4.020.0 7.9 9 0 71747 918 9 8 71611151517      ↘↗추14.538.041.216.4 4 137.641.9 81.4 79.4  0  0  0 0   14.20   14.50 4 -5  3HB동       1212  .010.010.0 1 112 0거세출주거리난점40기 0 3 5     5 5 9⑨1:21.46    4.014.343.015.6 -1  4-1.90 910  0 5.097719797 9 910 7 70 1 1.02 2.08 2.4 3.0  2.4    3.0    5.9   10.2  .013 3-4 1 1-4▼-2.238.60-1.18  .2077.84 2.04 3.40 7.91 1 4 8 1.27 2.52 7.06 9
20251003금 3120010국640 8 45 4 1강 1139흐림다습11 2 9피엔에스러너    생일기쁨검향            한수 3 0 0 1 1   64      16500국6박윤규피엔에스 2 2 1 2 1 2 1 0 0 0  0이상규46854.056평무보   25 2540  .034.012.5 6 0 71747 918 9 5 01611122314      ↗↘입    36.738.5        37.943.4 82.6 80.9              13.80   13.60 4  0  0LL동       12 0                 0 0거세출주작전마주 5   0 8 9     91010⑩1:22.615   5.914.544.316.7  0  3-1.301010  0 7.399819999 4 1 1 7 70 1 3.08 6.09 2.5 3.8  4.8   81.4  127.0   51.6  .01729 0 3 2 0  -1.140.30  .94 5.6875.61 1.47 5.3912.48 5122311.1121.5633.45 7
20251116일 2130011국6 1 7  5 4 3강 3323           210다정한          한센    다정이   6330.00한암 3 0 0   1    011:00 16500국6성상현최상일   1 0 3 2 1 2 1 0 0 2  0우인철   51.063평추보50 52 5211 4.033.012.61560 829401122 0 0 05033133125 0 099→→입14.037.939.813.82255                    0  0  0 0   14.00   14.10 3  3 -4LUUP54.04411312-2.0 7.0 5.0474712 1걸음불변거리늘어32기 010                            14.0    14.1                                 7 6 6 7  1                                              .01418-2 2 3-2  -1.139.80 -.08     83.74 1.41 5.3712.60 3 817 1.25 2.53 7.3511
20251026일 2120010국640 6 45 4 2강 2251흐림건조 5 210다정한          한센    다정이   6925.00한암 3 0 0 9 1   54      16500국6성상현최상일   1 1 2 2 2 2 1 0 0 0  0송재철45055.076평추상84 90 904062.051.024.016241129401122 0 0155033182621 0 099↗→입14.437.939.013.8136837.639.0 76.9 76.7  0  0  0 0   14.10   12.7036 -1  1NV동54.04411212-7.010.0 3.0717112 0거세출주작전마주38기 0 7 7     6 7 5⑦1:16.91    2.014.039.614.1  3  9 -.30 7 4 -6 2.37170576722 8 6 1 50 1 1.06 2.10 2.1 3.8  2.1   26.6   36.1   95.2  .01755-2 7 5-2   -.137.90 -.36 -.1876.56 5.6412.5424.02 81728 8.3917.9230.67 5
20250215토 1120012국650 9105 7혼전 4435흐림건조 4 210다정한          한센    다정이   6925.00한암 3 0 0 2 4  712      24750국6토니  최상일   1 2 1 2 1 2 1 0 0 0  0푸르칸44154.068평무보   25 2540  .046.028.91499 6335710192313 01918132420      ↘↗추    36.738.5        37.538.6 77.8 75.8              13.80   13.60 4  0  0LL동       12 0                 0 0거세출주기수신마 1   0 810    10 8 6③1:17.82½   .414.439.714.1 -7-14-1.70 310  0  .74366445372 2 2 2 43 1 4.03 2.01 3.4 8.6  7.6   12.2   25.0  142.012.73339 2 5 5 2   -.238.80  .45  .6275.61 9.9220.2428.85 51322 9.6818.9529.10 7
20251116일 2130011국6 1 7  5 8 3강 3323           211블리스스타      카우보이블리스터 6132.00한수 2 033   1    011:00 16500국6서인석송창오   0 0 4 4 1 3 1 0 1 3 33조재로   56.078기선보50 52 526557.063.053.92748131837 91931253018 918242299 0 0↗↘추13.737.039.613.17723                   33 33  0 0   13.70   14.90 4  0  0VVUP55.54981312-1.7 8.3 6.7474712 1승부최상신마혈통60기 111                            13.7    14.9                                 2 3 5 3  2                                            11.83467 2 6 7 2    .939.60 -.54     83.0316.6537.1853.8716334813.7526.5839.18 3
20251019일 7120012국614 4 65 8혼전 4421맑음포화17 211블리스스타      카우보이블리스터 4726.00한수 2 050 2 1   71     110000국O서인석송창오   0 1 3 3 2 3 1 0 1 2 50장추열50056.093우선적89 90 908386.076.033.13350111837 9193138 018 920262299 0 0↘↗입13.736.938.913.1705537.140.6 76.8 78.3 50 50  0 0   13.50   13.10 6  7  1BV동55.54981210-2.5 6.5 4.0656512 0마방습성승부최상 5   011 6     4 511⑫1:16.85    2.913.740.714.9  0  2  .901212  6 3.59343908811 810 6 30 1 1.02 9.04 1.4 4.1  1.4    4.1    5.0    6.510.54492 1 8 8 1▲ 1.739.40  .00 2.4775.9512.9123.5833.0514284213.3323.1432.88 2
20250907일 1120011국610 3 65 7혼전 4431맑음포화16 211블리스스타      카우보이블리스터 4726.00한수 2 0 0 1 1   95      24750국6서인석송창오   0 2 2 2 1 3 1 0 0 1  0조재로49855.580하무보29 60 602724.052.022.22748131837 91931253018 9182422      ↗↘추13.737.639.913.1321236.538.5 73.9 75.1  0  0  0 0   14.10   13.90 9 -4  0HHUP       1210-1.0 7.0 6.0444410 2마방연대마방습성39기 0 4 2     2 2 1②1:13.91     .013.537.913.1 -4 11 1.10 2 6 -1  .21913411684 711 4 51 110.0610.04 1.6 3.6 44.6  358.0  828.4 2667.0  .02853 0 5 6 0    .037.70 -.63-2.3776.90 6.3612.2222.19 81728 8.4516.7722.30 5
20250705토 1100010국640 8 95 6혼전 4439맑음건조 3 211블리스스타      카우보이블리스터 4726.00한수 2 0 0 1 1  168      24750국6서인석송창오   0 3 1 1 1 3 1 0 0 0  0이동하48755.589평무보60 72 726956.057.039.52949161837 91931 7 018 9232619      →↘선13.736.838.213.1991637.338.7 64.0 63.3              14.20   13.60 4  0  0LL동       10 0         8.0     0 0거세출주마방연대48트 0 8 7     7 6 7⑥1:04.01¾  1.214.139.013.9 -1  6 -.60 6 7  0 2.76549756848 3 6 2 30 1 1.06 1.05 3.2 5.3  3.2   42.0   62.6   36.5  .02260 1 6 8 1    .438.30 -.12-11.762.7612.6427.1239.4810223618.7536.9943.03 1
20251116일 3140011국6 0 9  5 5 1강 1149           3 1호라이즌스타    머스킷맨해광     7236.00한수 2 0 0   1    011:25 16500국6최영주김선식   5 0 3 2 1 2 1 0 0 2  0마이아   56.093기추보50 46 463035.048.029.53753201536 515 0 0 015 93530 9      ↘→선14.537.639.813.21247                    0  0  0 0   14.10   13.70 4-10  0HNUP       1410 1.0 5.0 6.0444410 2적임교체거리부담83기 3 1                            14.1    13.7                                10 4 2 4  1                                              .03145 0 5 4 0    .039.80 -.75     89.55 7.9016.1629.51 8223514.5523.0233.19 4
20251019일 1120012국621 6 75 7혼전 4415맑음포화17 3 1호라이즌스타    머스킷맨해광     7628.00한수 2 0 0 2 1   77      24750국6최영주김선식   5 1 2 2 1 2 1 0 0 1  0장추열50256.093평추보62 27 275339.066.038.93350111536 515 035 015 9202622      ↘↗입14.537.538.413.2398938.139.3 76.7 77.4  0  0  0 0   14.10   13.20 6  2  1NNUP       1210 1.0 4.0 5.0606010 2주행평범적임교체75관 111 8     9 9 9⑦1:16.73    1.814.139.613.7  1  1  .70 7 6  2 3.78586668329 6 5 8 30 1 1.05 5.08 1.6 4.0  1.6   10.6   12.1   21.9  .04473 0 6 8 0▲ 1.138.50 -.23 1.5376.0012.4625.3638.94122843 7.5916.9326.56 7
20250906토 1100010국611 5 65 1 1강 1119흐림다습12 3 1호라이즌스타    머스킷맨해광     7628.00한수 2 0 0 1 1  106      24750국6최영주김선식   5 2 1 2 1 2 1 0 0 0  0임다빈50155.580평무보17 11 1125 3.033.011.62049 61536 515 0241115 9152324      ↘→추14.538.238.313.222 137.337.4 62.6 62.3              14.70   13.20 4  0  0LL동       10 0         5.0     0 0거세출주부진마필31관 0 9 8     8 8 7⑤1:02.6목    .714.137.513.2  1  5 -.20 5 4  0  .73349333459 910 8103 1 9.07 5.07 1.5 5.7 29.7  113.4  352.4  282.9  .01312-3 2 2-3▽-1.336.70 -.12-14.263.59 2.27 5.0011.62 1 4 8 1.92 3.23 8.5310
20251116일 3140011국6 0 9  9 4 1강 1149           3 2또순이서울      오버애널로희     4041.00한암 3 0 0   1    011:25 16500국6강성오구리야마 0 01010 3 9 1 0 0 8  0이혁     55.087하무하50 41 411711.040.019.01529 62047 922 025 02519272119      ↘↗선13.937.639.612.92325                    0  0  0 0   15.20   14.30 3 -6  0HNDN       1717-1.4 6.8 5.4323214-3걸음불변거리탄력54기 0 2                            15.2    14.3                                 8 3 7 7  1                                              .01826 0 3 3 0   -.639.60 -.33     89.41 3.16 9.9318.98 3 815 5.4510.0716.60 9
20251026일 4170011국611 9 69 1혼전 4439흐림양호 6 3 2또순이서울      오버애널로희     4041.00한암 3 0 0 9 1   52      16500국6강성오구리야마 0 1 9 9 4 9 2 0 0 7  0푸르칸46155.070하무하32 22 22 9 6.030.0 7.42353182047 922 0 8 02519132420      →↘추13.940.041.512.9332340.841.2116.5114.7  0  0  0 0   13.90   13.20 4 -1  0LNUP       1717-1.0 6.6 5.6313114 3걸음불변거리난점67기 0 8 9 9 8 9 910⑧1:56.53    2.315.241.814.3  6 -3-1.25 8 2 -4 2.68086557721 8 6 7110 4 1.06 3.06 2.0 8.1  2.0   16.0   22.1  136.0  .014 4-4 2 2-4▼-1.441.30  .1433.18114.1  .58 2.30 7.44 0 1 5 1.92 6.6714.8611
20250928일 2140011국624 8 79 3 1강 1144비  불량20 3 2또순이서울      오버애널로희     4041.00한암 3 0 0 9 1   54      16500국6강성오구리야마 0 2 8 8 2 9 1 0 0 0  0푸르칸46455.070하입하33 29 2911 6.035.014.72353182047 922 0 8 02519132420      →↘추14.137.540.013.732 637.038.7 88.0 88.5  0  0  0 0   14.60   12.40 9  3  0BN동       1717-1.0 6.6 5.6313117 0걸음불변기수영향39기 0 9 7     9 8 6④1:28.02    1.013.938.913.2 -2 -3  .00 4 6    1.1365327264710 6 5 73 3 1.08 4.05 1.9 4.7  1.9   14.3   19.3   30.6  .01616-2 2 2-2   -.938.30 -.4110.9889.62 2.43 6.7514.67 1 612 1.03 4.1511.46 9
20250727일 31400 8국650 8 59 2 3강 3359맑음건조 3 3 2또순이서울      오버애널로희     4041.00한암 3 0 0 9 1  139      16500국6강성오구리야마 0 3 7 7 1 9 2 0 0 6  0장추열46555.093하무하 8  7  7 8 7.036.019.83350112047 922 027 02519202622      ↘↗입14.137.640.113.727 6                    0  0  0 0   15.10   14.20 4 -2  0NNDN       1717-1.5 7.3 5.8353512-3교체실패보통걸음92기 1 6                    경제    15.1    14.2    -2-1.67                      9 8 8 60 4 2.06 9.02 3.2 4.9  3.8   26.8   46.5   52.8  .01814-2 2 2-2  -1.040.10 -.67     89.76 5.8512.5319.82 31020 2.6310.6418.29 7
20250628토 31700 8국620 9 29 1 1강 1137흐림다습11 3 2또순이서울      오버애널로희     4041.00한암 3 0 0 9 1   78      16500국6강성오구리야마 0 4 6 6 3 9 1 0 0 5  0장추열46755.093하입하15 20 202113.041.020.63350112047 922 027 02519202622      ↘↗입14.139.841.813.7521040.641.2116.2114.9  0  0  0 0   14.80   15.00 6  5  0NN동       1712-1.5 7.3 5.8353517 0탄력저조조교부실34관 0 8 8 8 8 8 5 5⑤1:56.26    2.615.141.014.2  1  7 -.50 5 4  1 3.18582587622 3 6 5 40 3 2.03 4.06 1.6 2.2  3.9   14.3   21.8    4.8  .0 831-2 3 4-2   -.841.50 -.2333.27114.2 3.36 9.5720.60 82031 2.5610.8120.73 6
20250518일 3170011국610 9 69 3 1강 1129맑음다습14 3 2또순이서울      오버애널로희     4041.00한암 3 0 0 2 1  109      16500국6강성오구리야마 0 5 5 5 2 9 2 0 0 4  0푸르칸46055.070하입보25 22 2217 9.040.016.92353182047 922 0 8 02519132420      →↘추14.139.841.813.7511039.543.4115.3114.5  0  0  0 0   15.40   14.10 7  0  1HN동       1712  .0 6.7 6.7313117 0걸음불변기수영향93기 1 3 4 4 5 4 4 5⑩1:55.3¾    .814.843.115.0  7 -3 -.3510 3 -6  .97929939156 4 6 5100 211.01 1.11 1.5 4.2 85.3   75.9  368.4  264.6  .01617-3 3 4-3   -.641.50 -.1432.93114.2 3.38 9.6116.86 1 4 9 2.67 6.2916.22 9
20250330일 3170011국611 8 69 2 2강 2239맑음건조 3 3 2또순이서울      오버애널로희     4041.00한암 3 0 0 9 2  236      16500국6강성오구리야마 0 6 4 4 1 9 1 0 0 3  0푸르칸46354.069하무보19 26 26 5 6.034.015.21736122164 822 0 8 02519132420      →→추14.140.042.213.7351139.841.9113.9113.5  0  0  0 0   14.70   14.20 7 -1  0HHUP       1712  .0 6.5 6.5343412 3걸음불변거리속성 1관 0 3 9 9 6 5 4 4③1:53.96    1.115.441.914.1 -6  0 -.50 3 9  2 1.55643767448 510 4 92 1 4.02 2.06 1.9 6.9  9.9   26.2   73.6  118.0  .014 9-3 3 3-3▽-1.041.10 -.4131.28114.6 4.73 9.3915.16 1 3 8 1.75 6.9615.35 6
20250209일 3140011국650 9 59 4혼전 4459맑음건조 4 3 2또순이서울      오버애널로희     4041.00한암 3 0 0 1 2  385      16500국6강성오구리야마 0 7 3 3 1 9 1 0 0 2  0장추열46354.093하무보22 28 28 911.037.012.13759 02164 822 027 02519202622      →↘입14.137.440.513.7231437.540.5 91.8 89.8  0  0  0 0   14.10   14.60 5 -1  0HHUP       1412  .0 5.0 5.0444412 2걸음불변거리부담 1관 1 4 9     9 8 7⑦1:31.81¼  2.014.740.714.2  0  7-1.20 7 7 -1 2.27675808830 510 6 90 2 8.1010.05 2.7 3.8 19.3  462.5  819.2  849.6  .01422-1 3 2-1  -1.038.70 -.5811.9089.89 3.55 7.1312.05 2 5 9 4.7610.1417.36 9
20250104토 1120012국640 8 99 3혼전 4435맑음건조 3 3 2또순이서울      오버애널로희     1439.00한암 3 0 0 1 3  486      24750국6강성오구리야마 0 8 2 2 2 9 1 0 0 1  0이동하45654.087하무보29 36 362013.035.012.32133111650 422 017 02519232619      →↗선14.237.839.613.7173137.039.9 78.5 76.9  0  0  0 0   14.20   14.00 6  2  0NH동       1212         5.0    12 0기수신마거리난점 1기 0 5 8     6 7 9⑧1:18.51    1.914.140.714.6  0  0-1.60 8 8  3 2.272397973321112 2100 1 5.04 1.06 3.0 5.4 14.9   60.6  142.2  365.5  .02027-1 3 2-1  -1.138.00 -.29 -.5576.84 1.88 5.8512.31 1 4 8 2.00 7.6610.9212
20241123토 1120011국621 7 29 6 2강 2235맑음건조 4 3 2또순이서울      오버애널로희     1439.00한암 2 0 0 2 4  618      24750국6강성오구리야마 0 9 1 1 1 9 1 0 0 0  0장추열45654.090평무보   25 2540  .048.027.62447 818201222 027 02519202622      ↗→입    36.738.5        37.539.2 77.9 76.6              13.80   13.60 4  0  0NL동       12 0                 0 0걸음불변기수신마 1기 0 3 7     6 7 5⑤1:17.92½  1.214.240.014.0  0 -6-1.20 5 5  0 2.86664616747 1 1 4 30 1 2.04 4.05 2.1 1.7  2.3    7.2   10.9  230.2  .02857 2 5 5 2    .039.00  .48 1.4075.61 7.3215.0927.56122843 5.5612.5424.37 4
20251116일 3140011국6 0 9  9 1 1강 1149           3 3질주천하        언캡처드깊은탄력 6229.00한암 4 0 0   1    011:25 16500국6신삼영제일사료 0 01625 624 1 0 024  0조성환   51.054하무보50 36 36 1 3.023.0 2.7 850 5 625 6 9 4 0 010 217 021      ↘→자13.737.340.213.330 7                    0  0  4 0   14.10   13.60 8 -1 -4HH동       1713 -.2 8.6 8.4202014 0걸음불변부진저하45관 0 3                            14.1    13.6                                 4 71010  1                                              .014 1-4 1 1-4▼-1.940.20 -.10     89.62  .12  .41 2.74 1 3 7 1.82 2.88 7.6611
20250920토 3140011국621 9 79 1 1강 1159맑음포화18 3 3질주천하        언캡처드깊은탄력 6229.00한암 4 0 0 2 1  150      16500국6신삼영제일사료 0 11524 524 1 0 023  0김아현47755.059하무하 5  2  2 1 2.022.0 3.9 6 0 4 625 6 9 4 5 010 2162013      →→입13.737.240.313.335 637.339.7 90.1 89.3  0  0  5 0   14.00   14.50 3 -3  0HNUP       1713  .0 8.0 8.0161612 1능력한계부진마필 5기 0 4 5     7 8 9⑧1:30.11    2.014.140.013.6 -1  8 -.70 8 9  0 2.15966606828 6 6 8110 8 3.02 9.01 2.5 3.5  6.7    9.6   27.4   15.3  .0 6 1-4 1 1-4▼-1.938.80 -.1311.7889.62  .17  .61 3.85 1 3 5  .12 3.31 8.18 9
20250831일 1130011국641 8 99 1 1강 1149맑음다습13 3 3질주천하        언캡처드깊은탄력 6229.00한암 4 0 0 9 1   53      16500국6신삼영제일사료 0 21423 924 3 0 022  0해리카46955.072하무상23 21 21 3 3.026.0 4.61950 9 625 6 9 416 010 2192512      ↘↘입13.737.440.013.3551238.140.5 84.8 84.9  0  0 10 0   14.00   13.90 4  1  0NN동       1712 -.2 7.4 7.2151512 0걸음불변부진마필48기 0 7 6     7 810⑪1:24.82    2.614.040.614.5  2  9 -.2011 9 -1 3.58973859016 5 6 5100 3 1.03 8.04 2.3 5.0  2.3    6.6    9.1   20.6  .014 1-4 1 1-4▼-1.640.10  .32 7.5083.55  .38 1.32 4.64 1 4 9 1.11 2.13 5.6611
20250803일 3130011국641 8 99 1혼전 4421흐림건조 3 3 3질주천하        언캡처드깊은탄력 6229.00한암 4 0 0 1 1   53      16500국6신삼영제일사료 0 31322 824 2 0 021  0해리카46055.072하입상 5  7  7 4 5.024.0 2.71950 9 625 6 9 416 010 2192512      ↘↘입13.737.340.013.364 838.038.8 84.2 83.2  0  0  5 0   13.80   14.40 3  4  0NN동       1712  .0 7.4 7.4171710 0능력한계부진마필58관 0 6 3     8 6 8⑥1:24.22    1.414.039.613.9 -4 -5-1.20 610  1 1.84769334550 3 9 8110 2 2.04 8.11 2.7 6.0  3.0    6.4   11.9   26.8  .0 6 1-4 1 1-4▼-1.939.80  .45 5.8683.48  .12  .36 2.66 0 2 5 1.69 6.0212.11 9
20250713일 3130011국640 7 99 2 1강 1131흐림건조 4 3 3질주천하        언캡처드깊은탄력 6229.00한암 4 0 0 2 1   52      16500국6신삼영제일사료 0 41221 724 1 0 020  0해리카46555.072하입보 5  9  912 4.032.010.51950 9 625 6 9 416 010 2192512      ↘↘입13.737.340.013.361 838.139.7 84.8 84.4  0  0 11 0   13.90   14.70 3 -3  0HNUP       1712-1.2 7.6 6.4262610 1걸음불변거리속성28관 0 2 5     8 8 9⑧1:24.8코   2.713.840.814.4 -1 -5 -.90 8 9  3 2.88373677924 6 9 8 80 1 1.0210.01 2.4 4.0  2.4    4.0    6.9    7.2  .01414-3 2 1-3▽-1.440.10  .22 7.1383.48 1.12 3.5610.53 3 814 1.03 2.16 6.4510
20250621토 21200 9국650 8 59 1 2강 2239흐림포화19 3 3질주천하        언캡처드깊은탄력 4822.00한암 4 0 0 2 1   59      16500국6신삼영제일사료 0 51120 824 6 0 019  0김아현47055.059하입보 9 12 1213 3.034.013.4 6 0 4 625 6 9 4 5 010 2162013      →→입13.737.439.513.3371137.240.5 78.1 77.5  0  0  6 0   14.60   15.30 3  0  0NNDN       1712-1.6 8.2 6.6282810-5걸음불변조교부실32관 0 5 5     7 8 9⑨1:18.12½  2.813.940.914.7  3  3 -.30 9 6  0 3.28655898918 9 3 8 80 7 4.03 7.02 2.4 4.2  9.4   22.9   62.6   16.1  .014 9-3 2 2-3▽-1.138.60 -.04  .5976.56 1.88 6.2813.44 1 612 1.61 3.05 7.1110
20250601일 21700 7국640 7 49 1 1강 1119맑음건조 3 3 3질주천하        언캡처드깊은탄력 6229.00한암 4 0 0 1 1   48      16500국6신삼영제일사료 0 61019 124 5 0 018  0김아현46755.059하입하 7 20 20 4 3.026.0 5.3 6 0 4 625 6 9 4 5 010 2162013      →→입13.739.841.913.3491039.843.2118.0116.3  0  0 12 0   14.20   15.00 5  1  0NNUP       1712-1.2 8.0 6.8414112 3걸음불변탐색우려45기 0 5 3 3 3 2 3 5⑥1:58.08    4.114.643.315.3  0  7-1.10 6 6  0 4.29644929211 3 5 5 81 6 3.01 8.01 2.4 2.8  5.7    6.2   12.8    4.4  .014 2-4 1 1-4▼-1.641.70  .0934.58114.2  .49 1.60 5.30 1 512 1.41 2.94 7.73 8
20250426토 31400 9국620 9 79 1 2강 2259맑음양호 9 3 3질주천하        언캡처드깊은탄력 6229.00한암 4 0 0 9 1  162      16500국6신삼영제일사료 0 7 918 424 4 0 017  0김아현46055.059하입보 8 20 20 7 2.030.0 8.5 6 0 4 625 6 9 4 5 010 2162013      →→입13.737.140.213.338 737.441.5 93.3 91.3  0  0 13 0   13.80   14.70 4  1  1HN동       1412-2.4 8.8 6.4484814 0걸음불변급하락세 1기 0 4 5     8 9 9⑦1:33.38    3.214.242.415.0  1  5-1.60 7 6 -4 3.39469929416 4 7 5100 5 7.01 9.02 1.9 2.9 22.1   18.4   62.0   16.4  .014 5-4 1 2-4▼-1.439.30 -.1314.0089.48  .78 2.69 8.53 1 3 8  .12 3.15 7.76 8
20250329토 2140011국640 9 99 1혼전 4459흐림건조 3 3 3질주천하        언캡처드깊은탄력 6229.00한암 4 0 0 9 2  247      16500국6신삼영제일사료 0 8 817 324 3 0 016  0김아현45554.556하입상19 24 2417 5.033.010.3 699 31356 5 9 4 5 010 2162013      ↗→입13.737.340.213.3251036.540.9 92.1 90.1  0  0 13 0   14.20   14.20 6 -4  0HN동       1412-2.2 8.6 6.4454514 0걸음늘어급하락세 1기 0 3 4     4 6 6⑦1:32.1코   1.013.841.514.7 -3 -1-1.60 710  0 1.28122867853 310 6102 411.03 5.06 1.8 6.1 45.7  106.4  269.3  422.1  .01710-4 2 2-4▼-1.238.90 -.2812.6089.62 2.44 5.1710.32 0 2 6 2.27 7.5514.1410
20250216일 3140011국650 9109 1 1강 1159흐림건조 4 3 3질주천하        언캡처드깊은탄력 6229.00한암 4 0 0 2 2  363      16500국6신삼영제일사료 0 9 716 224 2 0 015  0김아현45654.556하입하 8  8  8 1 2.026.010.5 699 31356 5 9 4 5 010 2162013      ↗→입13.737.240.213.334 837.340.1 91.2 89.2  0  0 14 0   14.70   13.60 4  0  0NNUP       1412 -.8 8.2 7.4373712 1가는대로부진저하 1기 1 7 5     7 7 4③1:31.25     .814.240.214.2 -7 -8-1.10 310  1 1.05966717758 5 5 9 93 3 3.04 3.02 4.3 6.4  4.8   10.6   20.5  212.5  .0 6 3-4 1 2-4▼-1.738.80 -.2411.8089.55 2.16 4.1610.52 0 2 5  .12 3.67 8.7010
20250119일 2130011국621 8 79 1 3강 3315맑음건조 3 3 3질주천하        언캡처드깊은탄력 6229.00한암 4 0 0 2 3  430      16500국6신삼영제일사료 010 615 624 1 0 014  0김아현46454.556하입하13 27 2720 4.030.0 9.1 599 0149910 9 4 5 010 2162013      ↗↗입13.737.339.913.3611638.938.8 85.1 84.1  0  0 15 0   13.80   14.60 5  4 -1NN동       1412 -.6 8.0 7.4353512 0뒷심부족부진저하 1기 0 711    111111⑩1:25.12    2.214.739.513.6  1  2-1.2010 9  4 3.07894387630 3 9 8 90 2 3.02 6.03 2.1 3.6  8.8    7.8   23.7    6.1  .020 8-3 1 1-3▽-1.540.00  .34 6.9283.42  .56 3.35 9.06 0 3 7 1.92 3.48 8.7811
20241215일 2130010국642 9 99 4 2강 2239흐림양호 8 3 3질주천하        언캡처드깊은탄력 6229.00한암 3 0 0 2 3  541      16500국6신삼영제일사료 011 514 524 2 0 013  0조한별46255.069하무상21 22 222320.047.024.41240 5149910 9 4 8 010 2121918      ↗↗입13.737.239.913.3661437.639.9 85.5 83.8  0  0 17 0   14.00   13.90 5  2  1HNUP       1412 -.8 8.6 7.8232312 1걸음불변탄력호전 1기 0 3 5     5 5 6⑦1:25.5½    .513.841.014.6  2  6-1.50 7 5 -5 1.87152737266 5 7 4 62 8 4.06 9.10 2.4 4.6  7.2   38.1   64.2  925.7  .03316-3 4 5-3   -.240.10 -.02 6.7183.35 6.3114.9524.43 51222 4.8511.1719.17 6
20241109토 2120011국650 5 59 5 3강 3311맑음양호 6 3 3질주천하        언캡처드깊은탄력 4822.00한암 3 0 0 2 4  659      16500국6신삼영제일사료 012 413 724 1 0 012  0조한별45654.078하무상22 19 193411.046.015.5196712175011 9 4 8 010 2121918      ↘↗입13.737.139.413.356 437.438.7 76.1 76.1  0  0 18 0   13.90   13.60 3 -7  0HH동       1412  .0 8.2 8.2151510 0걸음불변탄력호조 1기 0 1 6     6 6 5⑤1:16.11½  1.214.038.713.9 -5  4  .00 510  1 1.95160455151 7 8 9 82 7 5.03 7.08 2.8 4.8 10.8   13.6   40.4   68.912.24325-3 3 5-3   -.438.50  .12 -.3876.34 3.23 7.8715.45 2 613 2.46 5.9312.35 7
20241019토 2120010국612 7 69 1 1강 1131맑음포화19 3 3질주천하        언캡처드깊은탄력 4822.00한암 3 0 0 2 4  725      16500국6신삼영제일사료 013 312 624 1 0 011  0오수철45254.063하무보14 11 11 5 2.024.0 2.6 5 0 5175011 9 4 5 010 2122315      ↘↗입13.737.039.513.661 337.839.0 77.3 76.7  0  0 20 0   13.80   14.60 5  2 -1NH동       1412  .4 8.4 8.8101010 0능력한계부진마필 1관 0 8 4     6 8 9⑦1:17.32    1.613.939.513.6 -2  1 -.50 7 9  1 1.76979547039 7 8 7100 1 5.02 2.10 1.6 3.9  9.8   47.5  126.0   73.4  .0 6 1-4 1 1-4▼-1.838.80  .47  .2276.34  .12  .68 2.61 1 3 7  .12 2.29 5.6110
20240914토 5120010국653 8109 1혼전 4441맑음포화16 3 3질주천하        언캡처드깊은탄력 4822.00한암 3 0 0 2 5  808      16500국6신삼영제일사료 014 211 524 1 0 010  0이철경45155.061하무보 5  5  5 3 4.023.0 1.61899111125 7 9 4 5 010 2 91923      →↘추13.737.039.513.661 237.440.0 78.0 77.0  0  0 22 0   14.20   14.80 3  5  1NN동       1412  .4 9.0 9.4 6 610 0능력한계부진마필 1기 0 6 4     6 7 7⑧1:18.02½  2.213.840.714.6  0-10 -.60 8 8  0 3.17558828225 4 910100 1 4.01 9.05 2.9 6.3  5.7    8.4   18.0   16.6  .0 6 1-4 1 1-4▼-2.038.80  .50  .4976.34  .12  .40 1.63 2 5 9 1.72 3.17 8.74 9
20240824토 2120011국641 7 99 1 3강 3339흐림다습11 3 3질주천하        언캡처드깊은탄력 4822.00한암 3 0 0 2 5  875      16500국6신삼영제일사료 015 110 424 2 0 0 9  0박태종46154.073하무보 5  4  4 8 4.027.0 2.72699131125 7 9 412 010 2202320      ↗↘선13.737.039.513.661 238.040.0 79.1 77.7  0  0 25 0   13.70   15.20 6 -2  0HNDN       1413  .0 9.6 9.6 6 610-1능력한계부진마필 1관 0 1 8     8 8 8⑩1:19.11¾  3.014.241.014.8  2  8-1.1010 8  0 3.28884819017 6 5 7110 2 3.06 5.07 3.0 5.0  5.2   25.9   42.2   18.311.2 6 1-4 1 2-4▼-1.939.10  .47 1.2176.34  .14  .40 2.67 0 3 7 1.61 2.92 6.8711
20251116일 3140011국6 0 9  9 4 1강 1149           3 4글로리조이      섀클포드조이풀룰 4530.00한거 3 0 0   1    011:25 16500국6박지헌김길리   2 0 7 7 2 6 2 0 0 6  0최범현   57.088하입보50 42 426755.057.043.333612421361118 840 02217193019      ↘↘입13.536.540.714.085 3                    0 17 50 0   13.50   14.70 6 -6  0HNUP       1412-1.0 7.4 6.4343413 1걸음불변기수영향65기 1 4                            13.5    14.7                                 111 6 3  2                                              .01659 0 6 6 0    .640.70 -.96     89.4113.6528.0643.2712253916.3633.0945.96 2
20251004토 2130011국640 9 99 6 2강 2225맑음다습10 3 4글로리조이      섀클포드조이풀룰 4530.00한거 3 0 0 1 1   98      16500국6박지헌김길리   2 1 6 6 2 6 1 0 0 5  0최범현45957.088하입적62 55 555882.070.069.733612421361118 840 02217193019      ↘↘입13.536.840.414.089 736.241.3 83.8 83.6  0 20 40 0   13.50   14.40 5  3  0NN동       1412 -.4 8.0 7.6232313 0걸음늘어탄력호전42기 010 2     2 2 1⑤1:23.83     .813.541.014.7  1  9 -.10 5 4 -5 1.262 1926760 2 9 3 21 1 9.08 2.11 1.8 4.4 50.3  785.4 2295.6 1471.913.43380 0 7 8 0△ 1.440.40-1.35 6.3783.4230.1053.8369.6939597221.4336.9050.75 2
20250831일 2130011국611 8 19 1 3강 3323맑음다습13 3 4글로리조이      섀클포드조이풀룰 4530.00한거 3 0 0 9 1   94      16500국6박지헌김길리   2 2 5 5 1 6 1 0 0 4  0조상범45057.056하입보18 15 1517 3.031.012.11270 621361118 8 6 02217132018      →→입13.836.940.414.085 536.740.2 82.3 82.9  0  0 25 0   13.80   14.70 4 -1  0NNUP       1412  .8 7.8 8.5141412 1걸음불변부진마필82기 0 7 4     3 3 5④1:22.33     .813.540.114.4 -5 -2  .20 4 9  2 1.040 8784958 211 8 72 1 3.1011.08 1.4 2.7 10.0  303.6  511.1   88.313.414 9-4 1 1-4▼-1.540.10  .19 5.6283.48  .99 4.9612.05 3 817 1.18 2.47 7.17 8
20250802토 2120011국611 6 19 1 1강 1153맑음건조 3 3 4글로리조이      섀클포드조이풀룰 3629.00한거 3 0 0 1 1   63      16500국6박지헌김길리   2 3 4 4 3 6 1 0 0 0  0임다빈45257.080하선보12 10 1027 8.033.014.92049 621361118 8 3 02217152324      ↘→추13.837.040.114.066 336.940.3 78.4 77.0  0  0 33 0   14.00   14.1010  0  2NLDN       1412 1.0 8.0 9.0 8 812-2거세출주부진마필34관 0 8 5     5 6 7⑦1:18.41¾  1.713.841.014.7  0-16-1.30 7 7 -1 2.17734867934 210 5 62 1 1.04 3.05 1.4 2.7  1.4    6.3    8.1    6.1  .01310-4 3 3-4▼-1.138.90 -.21 -.1076.67 1.99 6.9914.86 51223 2.47 7.3614.39 8
20250525일 21400 8국640 9 49 1 2강 2259맑음다습10 3 4글로리조이      섀클포드조이풀룰 4530.00한수 3 0 0 2 1  192      16500국6박지헌김길리   2 4 3 3 1 6 1 0 0 2  0김성현46855.066하무보22 12 12 4 2.026.0 5.91022 621361118 8 0 02217162519      →↗입14.137.340.914.032 336.244.7 94.0 92.9  0  0  0 0   14.10   14.3012 -1 -1HHUP       1412 1.5 8.0 9.5121212 2걸음불변거리부담24관 0 8 2     2 3 8⑧1:34.011   5.813.845.117.0  0 18 -.80 8 8 -1 6.09911999910 6 8 7 81 1 2.04 6.07 2.0 3.6  4.5    9.2   19.9    5.5  .014 3-4 1 1-4▼-1.639.50 -.6014.7290.10  .69 2.07 5.85 1 612  .12 2.78 8.04 8
20250302일 1120011국610 9 69 2 2강 2239흐림건조 4 3 4글로리조이      섀클포드조이풀룰 3629.00한수 3 0 0 1 2  322      16500국6박지헌박남성   0 5 2 2 2 6 1 0 0 0  0조인권45056.069하무하 5  4  410 8.030.010.3 940 21560 0181732 02217232413      →↗선14.137.740.315.524 137.539.5 78.5 76.9  0  0  0 0   14.10   15.8010 -1  1NN동       1212 4.0 7.011.0 2 212 0적임교체보통걸음 1기 0 9 6     7 8 8⑧1:18.5¾   2.114.140.314.3 -1 -3-1.50 8 9  2 2.67267707629101111 90 1 3.06 8.05 1.4 5.5 10.5   38.3   84.6   20.1  .03112-3 1 1-3▽-1.338.10 -.57-1.1577.17 1.59 4.1010.33 1 3 8 2.70 8.0016.32 7
20241222일 1120011국650 8109 9혼전 4439맑음양호 7 3 4글로리조이      섀클포드조이풀룰 3629.00한수 2 0 0 2 3  520      24750국6박지헌박남성   0 6 1 1 1 6 1 0 0 0  0문세영45355.093평무보   25 2540  .061.038.23847182133 0181737522217283616      ↗→입    36.738.5        37.443.1 81.8 80.2              13.80   13.60 4  0  0LL동       12 0                 0 0거세출주적임교체 1기 110 7     6 811⑪1:21.814   5.114.143.815.8  4-12-1.4011 7  0 5.499589999 9 1 1 5 30 1 6.0512.09 2.5 6.1 10.2   47.3  126.0   74.312.74466 2 6 8 2△  .740.10  .19 5.0175.6114.5027.4438.21142842 9.8918.7530.14 7
20251116일 3140011국6 0 9  5 5 1강 1149           3 5블루레인        언캡처드에코굿   6229.00한거 2 025   1    011:25 16500국6안병기조근식  -4 0 5 5 2 4 2 0 1 4 25임기원   56.078기입보50 43 435745.062.053.8234311275415183529 02012253216 099 0→↘선14.637.240.312.83314                   25 25  0 0   13.80   14.00 3 -2  0NV동55.05141412 -.8 7.5 6.8373710 0신마혈통배당마주38관 1 5                            13.8    14.0                                 3 9 5 2  2                                              .02653 1 4 7 1   1.040.30-1.44     89.6217.8937.7553.7520405612.7325.9034.47 3
20251025토 3140011국641 6 95 4 2강 2231맑음건조 5 3 5블루레인        언캡처드에코굿   6229.00한거 2 033 9 1   64      16500국6안병기조근식  -4 1 4 4 1 4 1 0 1 3 33임기원53156.078기입적16 10 103324.053.027.8234311275415183529 02012253216 099 0→↘선14.637.340.312.8261237.139.6 90.6 89.2 33 33  0 0   13.70   14.40 6  5  1BVUP55.05141412 -.7 7.3 6.7383810 2거세출주신마혈통45기 0 7 5     7 8 9⑦1:30.62    1.613.840.214.0 -1  3-1.10 7 8  2 2.05550585734 4 7 8 50 1 2.04 4.06 3.1 5.5  3.5   13.0   22.1  141.7  .02137-1 4 4-1    .338.70 -.8211.5589.69 7.3217.2327.78 61528 4.3510.0015.87 8
20250914일 1120011국611 4 65 6혼전 4434맑음다습14 3 5블루레인        언캡처드에코굿   4822.00한수 2 050 2 1   97      24750국6안병기조근식  -4 2 3 3 2 4 3 0 1 2 50정정희52855.578기입보 9  8  84739.058.037.22557112754151835 9532012182415 099 0→↘입14.637.839.312.8124336.840.3 75.9 77.1 50 50  0 0   14.10   14.50 4 -5  1VV동55.05141210-2.0 8.0 6.0474710 0걸음불변배당마주62기 0 2 5     5 5 8⑧1:15.93    2.213.739.714.4  2 -4 1.20 8 6 -4 2.38026877819 8 5 8 42 3 5.02 9.04 1.7 5.0 11.8   19.0   45.2   10.5  .02047 0 5 7 0    .538.10 -.84  .0176.6711.3224.0637.19 7142510.3422.7032.40 5
20250817일 8120010국614 2 65 4혼전 4411맑음양호 7 3 5블루레인        언캡처드에코굿   4822.00한수 2 0   2 1   67      82500국6안병기조근식  -4 3 2 2 1 4 2 0 1 1  0정정희53255.078강입상75 32 3265  .050.015.22557112754151835 9532012182415 099 0→↘입14.637.338.612.8488538.040.2 77.5 78.3100100  0 0   14.00   13.4011  6  0BUUP55.05141210-4.0 6.0 2.0868610 2마방기습배당마주 5   0 7 9     9 910⑩1:17.56    3.214.140.014.5  0 18  .701010  4 4.493858492 3 8 9 8 90 2 1.07 9.03 1.7 4.2  1.7   13.1   15.5  108.7  .02743 0 4 5 0   -.139.00  .46 2.4176.00 3.09 7.2615.22 2 5 9 9.3818.4629.48 7
20250531토 11000 7국610 9 15 4 1강 1139맑음건조 4 3 5블루레인        언캡처드에코굿   4822.00한수 2 0 0 9 2  205      24750국6안병기조근식  -4 4 1 1 1 4 1 0 0 0  0정정희51455.070평무보 6  6  632 7.051.030.91555 62169 81835 9532012182415      →→입14.638.838.312.8 1 137.237.5 63.4 61.8              14.80   13.00 4  0  0NL동       10 0         3.0     0 0거세출주마방기습48기 1 1 3     3 5 3②1:03.44     .014.038.213.4 -4 -1-1.40 2 6  0  .72046373589 8 8 7 62 1 1.06 5.01 1.4 2.4  1.4   11.9   15.7    9.6  .02348 0 4 5 0    .236.00 -.97-15.363.92 7.8219.4130.93 51223 1.79 7.8713.82 7
20251116일 3140011국6 0 9  7 2 1강 1149           3 6마천월드        테스타마노벨신화 5635.00한암 3 025   1    011:25 16500국6서범석노환영   0 0 6 6 1 5 1 0 1 4 25조상범   55.056기입적50 45 452621.043.024.11270 61850 920 0 9 02215132018      →→입14.737.439.312.92159                   25 25  025   14.10   13.00 3  1  0NHUP       1412-2.0 8.3 6.3434312 2걸음불변거리부담57기 0 6                            14.1    13.0                                 6 2 3 5  1                                              .01525 0 4 4 0   -.439.30 -.15     89.07 5.7113.4824.07 61528 5.4515.8329.36 5
20251026일 2120010국640 3 47 3 2강 2251흐림건조 5 3 6마천월드        테스타마노벨신화 2131.00한암 3 033 9 1   54      16500국6서범석노환영   0 1 5 5 5 5 4 0 1 3 33박태종46155.074기입적75 68 684151.047.020.411 0 81850 920 017 02215202320      ↘↗선14.737.638.812.9226437.737.9 75.9 75.7 33 33  0 0   14.00   13.80 3 -4  0NH동       1212-1.7 8.3 6.7404012 0신마혈통단기승부27관 0 5 8     8 8 7⑤1:15.93    1.014.138.513.0 -3 -7 -.30 5 8  0 1.33874193448 7 5 3 73 4 1.06 2.10 2.1 3.8  2.1   26.6   36.1   95.2  .02429-2 5 3-2   -.437.90  .04 -.6876.28 4.9611.4220.44 41118 7.6917.2027.68 6
20251003금 3120010국640 7 47 2 1강 1139흐림다습11 3 6마천월드        테스타마노벨신화 2131.00한암 3 0 0 1 1   42      16500국6서범석노환영   0 2 4 4 4 5 3 0 0 2  0박태종46855.074하무보18 12 12 8 5.034.012.711 0 81850 920 017 02215202320      ↘↗선14.738.039.412.9 72336.738.8 76.7 75.0  0  0  0 0   14.40   14.30 5  4  0BH동       1212  .5 8.5 9.0171712 0걸음불변신마혈통34관 0 9 6     4 4 3②1:16.78     .014.039.413.8 -6 -3-1.20 2 8  0 1.4162352327910 6 5 62 3 3.08 6.09 2.5 3.8  4.8   81.4  127.0   51.6  .02111-3 2 2-3▽-1.137.20 -.32-2.4176.84 1.59 5.6412.71 3 815 1.23 4.79 9.7110
20250830토 4120010국640 7 47 1 1강 1121맑음불량20 3 6마천월드        테스타마노벨신화 2131.00한암 3 0 0 9 1  102      16500국6서범석노환영   0 3 3 3 3 5 2 0 0 1  0박태종47155.074하무보11  7  7 3 4.023.0 3.111 0 81850 920 017 02215202320      ↘↗선14.738.539.212.9 13937.439.6 76.4 76.8  0  0  0 0   15.50   13.50 4  2  0NH동       1212 1.0 9.010.0 8 812 0가는대로부진마필51관 1 510     7 8 8⑧1:16.4½   1.814.439.514.3  0 -1  .60 8 8 -1 2.0726075772810 2 8 80 2 2.01 9.01 1.9 3.6  3.9    3.6    7.9    4.0  .0 6 1-4 1 1-4▼-1.937.30 -.20 -.9377.01  .19  .59 3.08 1 512 1.18 2.33 6.2910
20250803일 2120011국613 6 67 2혼전 4439흐림건조 3 3 6마천월드        테스타마노벨신화 2131.00한암 3 0 0 1 1   54      16500국6서범석노환영   0 4 2 2 2 5 1 0 0 0  0박태종47255.074평무보 7 25 2540  .035.0 9.911 0 81850 920 017 02215202320      ↘↗선14.739.739.312.9    38.939.0 79.2 77.3              15.10   13.20 6 -3  0NL동       12 0                 0 0출주제외보통걸음35기 0 311    111111⑩1:19.22    3.215.539.813.5  1-11-1.4010 9    3.3839855891411 411 90 1 7.04 6.09 2.1 7.3 15.0   40.2   37.6   56.2  .01823 0 2 2 0  -1.036.30-1.13-1.6777.73 2.46 5.56 9.92 1 3 811.5420.6934.77 3
20250621토 21200 9국650 8 57 4 2강 2239흐림포화19 3 6마천월드        테스타마노벨신화 2131.00한암 3 0 0 2 1  122      16500국6서범석노환영   0 5 1 1 1 5 1 0 0 0  0씨씨웡  055.090평무보 7 25 25 3  .035.018.83055101850 920 032 02215202422      →↘자14.738.539.712.9 1 1                                15.10   13.20 4  0  0LL동       12 0         7.0     0 0거세출주보통걸음47기 0 6                    경제    15.1    13.2     0 -.37      0              11 611 60 1 4.03 7.02 2.4 4.2  9.4   22.9   62.6   16.1  .01922 0 3 4 0   -.939.70 -.94     77.29 4.19 9.8318.76 2101714.5227.4845.06 2
20251116일 3140011국6 0 9  9 1 1강 1149           3 7다이나믹송      티즈원더다이나믹 6334.00한암 4 0 0   1    011:25 16500국6구자흥송암축산 2 014 1 1 0 1 0 0 0  0김성현   53.066하입보52 47 47 915.021.0 2.31022 61213 814 0 6 016 9162519 099 0→↗입14.437.440.213.849 6                    8  0 17 0   14.60   13.1013 -3 -2NU동55.04261717-1.6 9.0 7.4424217 0거세출주휴양불리45기 1 7                            14.6    13.1                                 5 8 111  1                                              .01312-3 3 2-3▽-2.040.20 -.13     89.69  .27  .91 2.30 1 3 5 5.4512.9520.43 6
20250817일 2140011국640 9 99 1 3강 3359맑음양호 8 3 7다이나믹송      티즈원더다이나믹 6334.00한암 4 0 0 2 2  246      16500국6구자흥송암축산 2 11313 313 6 0 011  0김아현42855.056하입보 6  6  614 2.032.013.9 699 31350 614 010 016 9162013 099 0↗→입14.437.340.213.854 637.643.3 95.1 93.1  9  0 18 0   15.30   14.70 5  5  0BN동55.04261717-1.8 8.8 7.0434317 0걸음불변보통걸음69기 010 9     6 5 8⑩1:35.113   5.214.444.017.0  0  5-1.801010 -1 5.898789899 6 3 7 9 90 6 1.03 8.09 2.1 5.2  2.1    7.7   11.6    9.0  .014 9-3 1 1-3▽-1.339.50 -.3915.6089.62 2.75 6.0113.86 2 613  .12 3.57 9.2811
20250712토 3140011국630 7 89 2혼전 4459맑음건조 5 3 7다이나믹송      티즈원더다이나믹 6334.00한암 4 0 0 2 1   84      16500국6구자흥송암축산 2 21212 213 5 0 010  0김아현42355.059하입보21 19 1910 5.030.0 8.4 6 0 41213 814 010 016 9162013 099 0→→입14.437.340.313.856 538.339.8 92.6 90.6  0  0 20 0   15.00   14.80 4 -4  0NNDN55.04261717 -.8 7.8 7.0414117-3걸음불변보통걸음44기 0 511    111111⑪1:32.62½  2.315.340.814.7  0 -3-2.001111  6 3.68995689023 511 9110 5 2.07 8.01 2.6 4.3  3.0   35.6   70.9   29.2  .01411-2 1 1-2  -1.339.00 -.2913.0089.69 1.20 3.12 8.42 0 1 5 1.79 5.9311.7410
20250614토 31700 9국630 7 39 3 3강 3338맑음건조 3 3 7다이나믹송      티즈원더다이나믹 6334.00한암 4 0 0 2 1   78      16500국6구자흥송암축산 2 31111 713 4 0 0 9  0김아현42655.059하입상18 34 34 9 6.032.013.9 6 0 41213 814 010 016 9162013 099 0→→입14.439.642.013.868 839.641.9114.7113.4  0  0 22 0   14.50   14.60 4  3  0VN동55.04261717-2.2 8.8 6.6434317 0뒷심부족보통걸음72기 1 9 5 5 5 3 3 3⑥1:54.7목    .815.042.014.8  1  0 -.90 6 5 -4 1.85533777058 3 8 5 82 4 1.08 3.06 1.6 2.6  1.6   21.3   25.8   97.4  .02018-1 2 1-1  -1.241.50 -.0731.81114.2 2.85 6.6413.92 2 613 1.54 6.2515.64 8
20250518일 3170011국610 9 69 5 1강 1129맑음다습14 3 7다이나믹송      티즈원더다이나믹 6334.00한암 4 0 0 2 1   89      16500국6구자흥송암축산 2 41010 613 3 0 0 8  0김아현42655.059하입상18 19 1931 8.048.025.7 6 0 41213 814 010 016 9162013      →→입14.439.742.113.8581039.142.9114.7114.0  0  0 13 0   14.70   14.90 3  4  0NN동       1717-1.4 8.6 7.2282817 0걸음늘어탄력호전50기 1 6 2 2 2 3 3 3⑤1:54.7목    .214.542.614.6 -4 -6 -.30 5 9 -1  .37016908272 3 9 9 52 311.01 1.11 1.5 4.2 85.3   75.9  368.4  264.6  .03340-1 3 4-1    .041.50 -.4532.22114.3 8.1815.2525.68 61528 2.67 7.5515.06 8
20250427일 3170010국642 9 99 1 1강 1149맑음양호 7 3 7다이나믹송      티즈원더다이나믹 6334.00한암 4 0 0 9 1  152      16500국6구자흥송암축산 2 5 9 9 513 2 0 0 7  0김아현43255.059하입보 6  2  2 8 2.034.017.4 6 0 41213 814 010 016 9162013      →→입14.440.142.113.8361438.642.9115.4113.4  0  0  0 0   15.00   14.90 6 -3  1HN동       1717 -.4 8.2 7.8222212 0걸음불변부진저하 1기 1 2 4 4 4 3 3 6⑤1:55.4¾    .814.743.814.9 -5  1-1.70 510  1 1.253 3907058 7 810 72 2 3.01 8.06 2.9 4.7  5.1    4.7   11.6   88.7  .014 9-4 1 1-4▼-1.141.00 -.4631.18114.6 2.64 8.4017.35 1 512  .12 4.3010.29 7
20250316일 3170011국650 9 59 2 1강 1149흐림양호 7 3 7다이나믹송      티즈원더다이나믹 6334.00한암 4 0 0 2 2  278      16500국6구자흥송암축산 2 6 8 8 413 1 0 0 6  0김아현43154.556하입하 5  1  1 8 2.033.014.0 699 31350 614 010 016 9162013      ↗→입14.440.242.113.8281639.742.9116.2114.8  0  0  0 0   15.20   15.30 3 -3  0NNUP       1712 -.2 8.4 8.2232317 3거리적응부진저하 1기 0 5 7 7 8 8 8 8⑧1:56.21½  3.015.043.514.9 -1 -8-1.20 8 9  3 3.68443898917 91111 80 1 1.04 4.08 2.2 4.3  2.2    8.8   13.4   35.5  .01714-3 1 1-3▽-1.141.10 -.4432.51114.6 2.06 7.0214.03 1 4 9  .12 4.12 9.63 8
20250223일 3140011국641 8 99 1 2강 2241맑음건조 3 3 7다이나믹송      티즈원더다이나믹 6334.00한암 4 0 0 9 2  341      16500국6구자흥송암축산 2 7 7 7 113 2 0 0 5  0오수철43954.558하입상50 27 27 8 3.030.0 8.71040 81350 614 0 01316 9122315      →→입14.437.840.313.8171838.441.6 93.9 91.9  0  0  0 0   15.10   14.10 4 -2  0NNDN       1712-2.2 9.4 7.2272717-3전력변화부진저하 1기 0 811    111111⑪1:33.95    4.015.241.915.3  5 -4-1.3011 6 -4 4.79696929810 9 9 5 70 2 1.03 6.07 2.5 4.4  2.5    4.7    9.0    3.4  .023 6-4 1 1-4▼-1.438.80 -.6213.8090.03  .50 2.42 8.73 21017  .99 2.11 6.32 9
20250125토 4170010국640 9 99 1혼전 4459맑음건조 3 3 7다이나믹송      티즈원더다이나믹 6334.00한암 4 0 0 9 3  417      16500국6구자흥송암축산 2 8 6 6 313 1 0 0 0  0오수철44354.557하입보 5  1  1 4 5.028.010.2 850 31675 314 0 01316 9122315      ↗→입14.440.442.113.8151839.640.9114.9113.1  0  0  0 0   15.40   15.20 8  9  1NN동       1712-1.3 9.3 8.0171712 0탄력저조부진마필 1기 010 6 6 5 6 6 6④1:54.92     .415.141.314.1 -6 -5-1.40 410  2 2.24435524274111010112 1 1.08 4.06 2.6 6.8  2.6   40.5   53.7  216.5  .0 6 4-4 1 1-4▼-1.640.60 -.4530.58114.8 1.69 4.3410.22 1 4 8 4.3512.5020.15 9
20241130토 41700 8국640 9 49 1 1강 1136맑음포화18 3 7다이나믹송      티즈원더다이나믹 6334.00한암 3 0 0 9 3  593      16500국6구자흥송암축산 2 9 5 5 213 3 0 0 3  0이동진44854.056하입보16  9  910 2.030.0 8.8 0 0 01675 314 0 0 016 9121417      →→추14.440.441.913.8142840.444.7118.1118.3  0  0  0 0   14.90   14.30 3 -7  0HH동       1712-1.7 9.7 8.0222217 0신마혈통보통걸음 1기 1 1 7 7 7 8 8 8⑧1:58.112   6.015.444.115.2  0 -2 -.20 8 8  0 6.09975979910 7 7 7 60 3 2.01 3.05 2.2 3.5  3.4    3.5    7.6    4.3  .024 7-4 1 1-4▼-1.641.40 -.3336.00114.6 1.13 2.97 8.82 51322  .12 3.64 9.89 6
20241109토 31700 8국620 6 29 1 1강 1159맑음양호 6 3 7다이나믹송      티즈원더다이나믹 6334.00한암 3 0 0 2 4  658      16500국6구자흥송암축산 210 4 4 113 2 0 0 2  0이동진45054.055하추보15 14 14 5 2.029.0 8.2 0 0 0 699 514 0 0 016 9121417      ↗→추14.440.542.013.8 63940.541.2115.0113.9  0  0  0 0   14.40   14.20 4 -3  0HHUP       1712-2.510.5 8.0202012 5가는대로신마혈통 1기 0 8 7 7 7 5 5 7⑧1:55.0목   1.914.941.514.3  0 -1 -.60 8 8 -2 2.46876617530 8 8 6 82 2 3.07 2.07 2.1 1.7  6.6   95.5  190.8  253.9  .021 4-4 1 2-4▼-1.440.70 -.4031.42114.8  .44 2.16 8.15 1 512  .12 3.25 9.14 8
20241013일 2120010국610 5 19 1 2강 2242맑음건조 3 3 7다이나믹송      티즈원더다이나믹 3435.00한암 3 0 0 2 4  736      16500국6구자흥송암축산 211 3 3 313 1 0 0 1  0이동진45154.055하추상33 25 25 9 1.029.0 7.1 0 0 0 699 514 0 0 016 9121417      ↗→추14.738.239.113.8 26438.239.2 77.8 77.3  0  0  0 0   14.70   14.10 7  2  0NH동       1212-5.011.0 6.0272712 0걸음불변최적거리 1기 01110     9 910⑩1:17.82½  2.614.439.514.2  0 15 -.501010 -1 3.8818961822011 6 4100 1 1.03 6.01 1.2 2.1  1.2    5.7    6.6   14.6  .014 9-4 1 1-4▼-1.437.70 -.09 -.0176.78  .42 1.99 7.09 0 2 6  .12  .13  .1411
20240824토 2120011국641 7 99 5 3강 3339흐림다습11 3 7다이나믹송      티즈원더다이나믹 3435.00한암 3 0 0 2 5  875      16500국6구자흥송암축산 212 2 2 213 1 0 0 0  0박현우43654.056평무보   35 3540  .038.015.3 0 0 0 925 714 0 01516 9171814      ↗→선    36.738.5        38.138.7 77.9 76.5              13.80   13.6042  7  1BL동       12 0                 0 0기수신마작전마주 1기 1 910     9 9 7⑥1:17.92½  1.814.739.714.1 -5  0-1.10 611    2.06387457134 1 1 8 73 1 3.06 5.07 3.0 5.0  5.2   25.9   42.2   18.3  .02026-3 3 2-3▽ -.839.00  .85 1.3175.61 2.64 7.4515.25 3 81714.5226.2854.96 5
20231028토 31200 8국621 7 29 5 2강 2239맑음양호 7 3 7다이나믹송      티즈원더다이나믹 3435.00한암 2 0 0 9 9 1755      22000국6휴양마송암축산 213 1 1 113 1 0 0 0  0임다빈  053.075평무보   35 3540  .042.025.1212018         0 0 0    152324      ↗↘추    36.738.5                                        13.80   13.60 4  0  0NN동       12 0                 0 0걸음불변기수신마 1기 1 2                    취소    13.8    13.6     0 -.97      0               1 1 5 40 1 1.02 8.03 1.5 1.6  1.5    1.6    2.6    8.1  .01843 0 4 5 0   -.438.50  .56     75.61 5.0713.1625.12 92133 6.7715.6536.14 3
20251116일 3140011국6 0 9  9 1 1강 1149           3 8로드투스피어    퍼지    매직로드 5236.00한암 3 0 0   1    011:25 16500국6이동국최종복   0 0 7 7 1 6 1 0 0 6  0송재철   55.075하무보50 39 39 4 6.029.0 8.2162411 929 3 4 0 0 019 0182621      ↗→입14.037.639.912.91125                    0  0  0 0   14.00   13.50 8 -3  0NNUP       1412-1.0 7.8 6.8282813 1걸음불변탐색우려 1   0 8                            14.0    13.5                                 9 5 9 9  1                                              .014 3-4 1 3-4▼-1.439.90 -.23     89.62  .61 2.51 8.20 1 4 9 1.82 5.7612.7710
20250921일 3130010국652 4109 3 1강 1141맑음다습14 3 8로드투스피어    퍼지    매직로드 5236.00한암 3 0 0 2 1  140      16500국6이동국최종복   0 1 6 6 3 6 1 0 0 5  0문세영43155.073하입보25 21 2131 8.043.021.03644 9 929 3 4 031 019 0283616      ↘↗입14.138.039.612.9163937.939.3 83.4 83.5  0  0  0 0   14.10   14.00 8  6  0BN동       1312-1.3 8.3 7.0292913 0걸음불변보통걸음 6기 011 7     8 8 8⑥1:23.43    2.014.039.313.5  0 -5  .00 6 6 -2 2.05965516023 7 7 9 70 1 5.04 7.06 3.2 6.8  7.0   17.8   39.8   23.1  .01434-2 3 2-2   -.639.20 -.24 5.8783.68 4.6412.5921.00 41118 2.33 7.0613.98 8
20250726토 1130011국612 7 69 1 2강 2231맑음건조 4 3 8로드투스피어    퍼지    매직로드 5236.00한암 3 0 0 9 1  150      16500국6이동국최종복   0 2 5 5 2 6 2 0 0 4  0정우주43655.070하입보58 49 49 9 6.030.0 7.4204210 929 3 4 0 0 019 0173013      ↗↘입14.138.039.712.9173538.538.6 84.1 83.8  0  0  0 0   14.10   14.00 4 -2  0NN동       1312-1.0 8.3 7.3292912 0걸음불변거리속성36관 0 5 7     8 8 7⑥1:24.12½  1.814.139.614.0 -2 -6-1.00 6 8  6 1.96984305730 8 7 6 90 2 1.02 2.04 1.7 4.2  1.7    5.6    8.1   22.3  .014 7-4 2 2-4▼-1.439.20  .09 6.0883.74  .59 2.23 7.37 1 612 1.22 4.4911.83 8
20250628토 2130010국611 9 69 4 1강 1149흐림다습11 3 8로드투스피어    퍼지    매직로드 5236.00한암 3 0 0 9 1   79      16500국6안해양최종복   0 3 4 4 1 6 1 0 0 0  0정우주44255.070하입상55 46 46 817.034.016.82042101357 015 0 0 019 7173013      ↗↘입14.138.039.712.9143137.938.6 83.7 82.8  0  0  0 0   14.60   13.00 7  3  0NNUP       1312-2.510.5 8.0323212 1거세출주거리늘어36관 0 7 7     7 7 4⑤1:23.7코    .314.139.714.0  3 -8-1.21 5 2 -2 1.03665303977 9 3 2 70 1 1.0810.06 1.3 4.9  1.3    7.8   10.8   27.2  .01416-1 4 3-1  -1.139.00 -.19 5.0783.74 2.26 8.1116.78 3 815 9.4319.8233.52 3
20250511일 11200 7국641 9 49 2 1강 1139흐림포화19 3 8로드투스피어    퍼지    매직로드 1133.00한암 3 0 0 2 1  132      16500국6안해양최종복   0 4 3 3 3 6 2 0 0 2  0김철호45055.069하추상23 36 362516.039.022.61238 81357 015 0 0 019 7152223      ↗↗자14.137.938.712.9 86437.839.8 78.7 77.2  0  0  0 0   14.10   13.2011 -7  1HN동       1212-2.510.5 8.0333312 0걸음늘어최적거리 1   0 4 6     6 5 5⑥1:18.71    2.114.640.514.6  2 12-1.10 6 4 -7 2.68078788628 5 2 3 42 2 3.01 2.05 2.2 2.9  4.4    4.6   11.1    3.5  .01716-4 4 2-4▽-1.038.00 -.16  .6076.39 6.7013.7022.6210223612.2022.9235.20 4
20250223일 1120011국640 9 49 1 1강 1139맑음건조 3 3 8로드투스피어    퍼지    매직로드 1133.00한암 3 0 0 9 2  343      16500국6안해양최종복   0 5 2 2 2 6 1 0 0 1  0김철호43854.073하무보 5  4  4 4 6.027.0 5.9177510 720 415 0 0 019 7152223      ↘↗자14.337.840.315.322 138.138.2 78.4 76.4  0  0  0 0   14.30   15.60 5  0 -1HH동       1212 1.010.011.0 2 212 0기수신마부진마필 1관 011 5     6 8 7⑤1:18.42     .614.139.313.2 -6 -7-2.10 511  1 1.66087275766 9 9 6113 1 2.05 8.05 2.0 3.2  3.8   28.2   48.2   72.1  .020 7-4 1 2-4▼-1.637.90 -.51-1.7077.23  .74 2.25 5.93 1 3 7 1.39 4.9710.3111
20250118토 1120011국610 9 19 4 1강 1139맑음건조 4 3 8로드투스피어    퍼지    매직로드 1133.00한암 3 0 0 2 3  442      16500국6안해양최종복   0 6 1 1 1 6 1 0 0 0  0해리카44554.571평무보   25 2540  .026.010.51021 714381115 0 0 019 7192512      →↗입    36.738.5        37.442.5 82.0 80.0              13.80   13.60 4  0  0NL동       12 0                 0 0거세출주기수신마 1관 011 4     4 810⑪1:22.0¾   4.714.343.615.6  1 -1-2.101110  0 5.09860989811 2 2 8 90 1 6.01 2.10 1.3 2.1 27.4   12.6   53.7   19.9  .01617 0 3 3 0  -1.740.10  .99 4.8075.61 2.26 4.3710.46 1 4 810.9820.5736.54 6
20251116일 3140011국6 0 9  3 7 1강 1149           3 9마스터플랜      콩코드포파울플레 7531.00한수 2 0 0   1    011:25 16500국6김동균박정배   1 0 4 4 1 3 1 0 0 3  0씨씨웡   56.089평입보50 44 445072.076.085.9305510193911182110 017 6202422 099 0→↘자14.037.538.913.41275                    0  0  0 0   14.10   12.70 7  7  1NVUP55.54671412  .7 4.3 5.0404010 2신마적응신마혈통65기 0 9                            14.1    12.7                                 7 1 4 1  1                                              .03678 3 7 8 3☆ 2.038.90-1.60     88.8644.8875.3985.9038597127.2746.0456.17 1
20250928일 1120012국651 3 53 5혼전 4421비  불량20 3 9마스터플랜      콩코드포파울플레 3923.00한수 2 0 0 9 1  121      24750국6김동균박정배   1 1 3 3 2 3 3 0 0 2  0유승완48455.578평입보60 54 545025.049.021.81444 51939111821211917 6162623 099 0→↗입14.037.738.313.4178738.137.9 74.7 76.2  0  0  0 0   13.80   13.20 8 -9  0UN동55.54671210 -.5 5.0 4.5474712 0걸음불변최적거리52기 0 211    1110 8⑥1:14.7¾   1.914.137.512.7  3 17 1.30 6 3 -1 2.05486214924 9 3 4 53 3 2.0110.12 2.0 4.7  4.2    4.7    9.0   16.8  .01938 0 5 4 0   -.137.90  .20  .1676.06 4.9311.1421.76 81728 8.3320.2527.38 5
20250803일 1120012국651 5103 3 3강 3339흐림건조 3 3 9마스터플랜      콩코드포파울플레 3923.00한수 2 0 0 1 1  118      24750국6김동균박정배   1 2 2 2 1 3 2 0 0 1  0유승완46755.578하무보49 22 222210.039.014.51444 51939111821211917 6162623      →↗입14.037.738.913.4195937.338.4 76.6 75.9  0  0  0 0   13.90   13.10 6  3  1LNUP       1210  .0 6.0 6.0393910 2신마적응보통걸음60관 311 3     4 4 4③1:16.65     .913.838.913.2 -1 -6 -.90 3 4 -2  .94256364054 5 4 5102 2 8.0512.10 2.4 5.6 38.2  131.9  387.7  118.0  .02522 0 3 3 0   -.737.80  .07 -.7476.39 3.51 8.9714.54 2 5 7 5.1710.2217.14 9
20250621토 1100010국610 5 13 4 3강 3319흐림포화19 3 9마스터플랜      콩코드포파울플레 3923.00한수 2 0 0 2 1  123      24750국6김동균박정배   1 3 1 1 1 3 1 0 0 0  0유승완47355.078평무보17 11 1147 7.045.018.51444 51939111821211917 6162623      →↗입14.037.638.313.460 137.637.7 62.6 62.6              14.60   13.70 4  0  0LL동       10 0         5.0     0 0거세출주보통걸음42기 0 8 6     6 8 7⑥1:02.6¾   1.413.937.713.1  0  8  .00 6 6  0 1.64462455145 3 7 6 60 1 5.01 1.05 1.3 3.3 15.4    9.2   33.1   75.211.82937 2 4 3 2   -.237.30 -.01-13.363.26 3.8710.3318.52 31020 2.22 8.6214.85 6
20251116일 3140011국6 0 9  8 4 1강 1149           310럭키조이        지몰로지캐어리에 5334.00한거 2 0 0   1    011:25 16500국6박재우럭키팜   3 0 4 4 2 3 3 0 0 3  0조한별   56.066하추보50 41 414018.042.020.61340 91945 7241823312620121918      ↘↗입14.536.640.612.87514                    0  0 67 0   14.10   15.50 4  7  0BN동       1410 1.7 7.3 9.0323210 0걸음불변보통걸음64기 210                            14.1    15.5                                 210 8 6  3                                              .01929 0 4 4 0   -.540.60 -.39     89.41 3.9010.4520.63 51223 5.4512.9524.26 7
20251018토 3140011국631 8 88 4 1강 1151흐림불량20 310럭키조이        지몰로지캐어리에 5334.00한거 2 0 0 2 1   86      16500국6박재우럭키팜   3 1 3 3 1 3 2 0 0 2  0조한별51156.066하추보14  7  713 4.031.013.51340 91945 7241823312620121918      ↘↗입14.536.840.512.8651836.341.8 91.9 90.4  0  0 50 0   13.70   15.00 4 -5  1HNUP       1410 2.0 6.5 8.5393910 2적임교체거리부담74기 1 3 3     3 4 8⑩1:31.9½   2.414.142.715.5  1  7-1.1010 9  2 2.78514948918 6 911 90 2 2.04 4.02 1.9 5.5  5.1   44.9   73.8  129.8  .03112-2 2 1-2  -1.239.40 -.2613.1289.48 3.59 7.4113.50 0 2 4 1.18 2.38 6.7910
20250921일 1120012국610 7 68 6혼전 4419맑음다습14 310럭키조이        지몰로지캐어리에 49 8.00한거 2 0 0 2 1   54      24750국6박재우럭키팜   3 2 2 2 1 3 1 0 0 1  0조한별50455.567하추보17  9  92212.043.016.41340 91945 7241823312620121918      ↘↗입14.538.339.012.8 16436.341.1 76.8 77.3  0  0  0 0   14.70   13.50 5  5  0BHUP       1210 2.0 6.0 8.0454510 2걸음불변적임교체27기 0 8 4     2 2 4⑨1:16.83    1.613.740.615.0  2 11  .50 9 7  1 2.283 7938235 9 3 8 61 1 5.02 3.09 1.9 6.3  8.6   35.1   95.0 1225.8  .04430-1 4 4-1   -.737.70 -.35  .0076.78 3.61 9.6016.36 51322 4.0011.0218.75 9
20250816토 1100011국630 6 38 1혼전 4419맑음다습12 310럭키조이        지몰로지캐어리에 49 8.00한거 2 0 0 2 1  104      24750국6박재우럭키팜   3 3 1 1 1 3 1 0 0 0  0정정희49355.578평무보 5  6  6 8 4.030.0 9.02557111945 7241816 02620182415      →↘입14.538.838.312.8 1 138.837.8 63.9 63.9              14.70   13.00 4  0  0NL동       10 0         6.0     0 0거세출주부진마필37기 0 311    1111 9⑧1:03.9¾   1.214.737.813.5  2  6  .10 8 6  0 2.17889457745 9 910 93 1 5.01 6.04 2.4 2.4 16.7   18.3   55.0   27.5  .013 7-3 2 3-3▽-1.536.40 -.34-13.263.92  .74 3.52 9.02 0 2 5 1.85 3.03 7.8912
20251116일 3140011국6 0 9  5 4 1강 1149           311피피짱          섀클포드메니피매 4530.00한수 2 0 0   1    011:25 16500국6박윤규간용기  99 0 3 2 1 2 1 0 0 2  0조재로   56.078하무하50 30 30 613.032.010.72748131747 918 0 9221611182422      ↗↘추13.937.940.013.2 423                    0  0  0 0   15.30   12.9012  3  1NNUP       1412 4.0 7.011.0111113 2거리적응거리부담57기 011                            15.3    12.9                                11 611 8  2                                              .01715-1 2 3-1  -1.240.00 -.55     89.89 1.91 5.0110.68 1 512 3.6411.5119.15 8
20250824일 1120012국622 4 25 3 1강 1129흐림건조 4 311피피짱          섀클포드메니피매 3629.00한수 2 0 0 2 2  226      24750국6박윤규간용기  99 1 2 2 1 2 1 0 0 1  0마이아48755.593하무보 9 25 2511  .045.019.4356322 933 218 035 016113530 9      ↗↘선13.938.039.813.2 71240.138.2 77.9 78.5  0  0  0 0   14.10   13.90 5 -1  0NHDN       1313 3.0 7.010.0131313-1교체실패조교부실39관 0 812    121212⑫1:17.91¼  3.215.338.412.9  5 -2  .4012 7  0 3.594993093 8 9 812 60 1 3.02 2.05 2.1 2.3  9.4    9.3   27.0    4.3  .01837 0 3 5 0   -.338.30 -.72  .6577.06 4.1710.0719.42 51223 8.4916.8226.68 7
20250719토 2130011국621 7 75 2혼전 4419비  불량20 311피피짱          섀클포드메니피매 4530.00한수 2 0 0 2 1   85      16500국6박윤규간용기  99 2 1 2 1 2 1 0 0 0  0조재로48955.578평무보28 25 25 6 9.035.015.72748131747 918 0 9221611182422      ↗↘추13.937.640.313.250 138.639.3 84.7 85.1              14.20   13.40 4  0  0LL동       13 0         6.0     0 0거세출주거리속성40관 0 9 9    101111⑩1:24.73    2.614.140.013.9  3  6 -.1010 7  0 3.29088537924 7 710 70 1 3.11 7.10 2.2 5.3  7.5  441.2  758.0  618.013.41313-1 3 4-1  -1.039.90 -.29 7.1583.87 4.8810.2115.69 3 817 4.00 8.4020.10 9
20251116일 4140011국5 1 7  8 8 1강 1144           4 1비상벨          티즈원더호루라기 6334.00한암 31133   1    012:45 24750국5홍대유박정웅   0 010 4 2 9 6 1 2 9 33이혁     54.587우추적50 62 627874.063.048.81529 61838 715 032 0181427211925 050↘↗선13.937.239.012.53464                   38 50  025   13.90   13.20 4 -2  1UNUP54.34821413  .2 2.2 2.4797914 1주행평범승군시기49기 0 1                            13.9    13.2                                 8 3 2 3  6                                              .03684 1 7 6 1△ 1.039.00 -.50     88.7317.6834.8648.7712253916.6732.1145.37 3
20251018토 4130011국554 4108 4혼전 4411흐림불량20 4 1비상벨          티즈원더호루라기 6334.00한암 31237 2 1   85      24750국5홍대유박정웅   0 1 9 3 6 9 5 1 2 8 37이혁  46254.087우추적80 86 866663.057.029.41529 61838 715 032 0181427211925 050↘↗선14.037.538.912.5517538.238.9 81.7 83.1 43 57  029   14.20   13.00 6  0  1HN동54.34821413  .4 3.0 3.4676714 0걸음불변보통걸음68기 0 3 8    1010 9④1:21.73     .613.938.513.2  2-17 1.10 4 2  1  .74574375560 8 3 3 53 5 3.0410.07 2.6 9.0  6.0   25.2   36.0  148.613.21855 0 7 7 0    .539.60  .28 6.6582.90 8.8418.8529.41 41118 8.6219.6930.00 4
20250907일 4130010국541 4 48 4혼전 4421맑음포화16 4 1비상벨          티즈원더호루라기 6334.00한암 31442 1 1   92      24750국5홍대유김종철   0 2 8 2 5 9 4 1 2 7 42이혁  47953.587우추보73 83 836970.057.043.91529 61838 7151732 0181427211925 050↘↗선14.037.339.212.5655538.338.4 80.6 82.2 50 50  017   14.20   13.40 6 -7  1HNDN54.34821413-1.4 4.8 3.4686814-1걸음불변보통걸음37기 0 3 9    1010 7③1:20.63     .514.237.713.0  2  0 1.40 3 1 -1  .81778234365 6 3 3 43 4 4.08 8.02 2.2 3.5  7.8   92.2  197.7   72.0  .02663 1 7 6 1    .539.60 -.20 5.7382.9713.7728.9343.9110223620.2533.9449.20 3
20250726토 3140010국521 6 78 6 1강 1151맑음건조 4 4 1비상벨          티즈원더호루라기 6334.00한암 31633 9 1  106      24750국5홍대유김종철   0 3 7 1 1 9 3 1 1 6 33이혁  47952.587기무보91 84 846787.054.043.91529 61838 7151732 0181427211933 033↘↗선14.037.239.212.5395937.039.3 88.5 88.2 40 40  020   14.00   12.80 8  6 -3VUUP54.84821413-1.4 6.6 5.2535313 1전력변화탄력호전48기 010 9     8 8 6②1:28.55     .014.239.113.4  0 -1 -.20 2 2  1  .92545504582 7 1 2 23 3 8.02 5.10 1.6 4.7 36.9   78.9  286.4   34.8  .03356 0 7 7 0    .438.60 -.5011.7988.8614.7532.3743.8620405623.8141.1552.66 2
20250601일 11300 9국641 6 98 6혼전 4424맑음건조 3 4 1비상벨          티즈원더호루라기 6334.00한암 3 020 1 1  149      16500국6홍대유김종철   0 4 6 6 4 9 2 0 1 5 20이혁  48055.087기무적64 73 736771.060.052.01529 61838 7151732 0181427211950 050↘↗선14.037.439.513.0565537.637.0 81.8 81.3 25 25  0 0   14.00   13.30 4 -3  0HVUP54.84841312-1.8 8.0 6.3424212 1적임교체거리속성63기 2 4 4     4 5 3①1:21.81    -.214.037.512.8  0 -4 -.60 1 1 -4  .0 247 1 196 7 3 2 10 2 1.03 4.06 2.3 4.0  2.3    4.3    7.3    4.613.23154 0 8 6 0    .639.30 -.67 4.3883.2322.2138.0652.0432526432.0051.6762.93 1
20250503토 1120011국641 8 98 7 2강 2259흐림포화18 4 1비상벨          티즈원더호루라기 3435.00한암 3 0 0 1 1  143      16500국6홍대유김종철   0 5 5 5 2 9 1 0 0 4  0이혁  48455.086하선적 7 12 125353.067.065.01529 61838 7151732 0181427211999 0 0↘↗선14.037.439.514.140 837.338.1 75.5 75.1  0  0  0 0   13.70   16.00 2 -3  0NVDN54.54831313-1.3 9.0 7.7282813-1신마혈통적임교체 1기 0 7 8     8 8 7②1:15.51¼   .014.038.413.3 -3  2 -.20 2 5  0  .21652232488 4 6 8 23 1 4.05 3.07 3.0 5.5  7.1   36.1   89.7   31.1  .04462 0 5 8 0▲ 1.237.90-1.53-1.8176.5626.3449.9765.0019395715.0030.8644.12 2
20250419토 2130011국611 9 68 3 1강 1149흐림양호 9 4 1비상벨          티즈원더호루라기 6334.00한암 3 0 0 2 1  184      16500국6홍대유김종철   0 6 4 4 3 9 4 0 0 3  0조상범48255.056하선적 8 12 1231 5.038.017.81270 61838 7151715 9181413201899 0 0→→입14.037.439.914.1591435.843.4 86.9 85.3  0  0  0 0   14.10   16.10 4  0  1LV동54.54831313-3.510.5 7.0404013 0직전조시신마혈통 1기 010 3     1 1 3⑩1:26.93    2.113.744.016.0  5 -2-1.0510 5 -1 2.693 0999428 3 6 8 61 4 4.01 1.03 1.7 5.4 10.9    7.4   21.0   12.9  .02120-2 2 2-2   -.840.20  .03 7.9583.48 2.89 8.6017.76 51223 1.61 6.0612.56 8
20250323일 2130010국653 8108 2 1강 1131맑음건조 4 4 1비상벨          티즈원더호루라기 6334.00한암 3 0 0 2 2  258      16500국6홍대유김종철   0 7 3 3 2 9 3 0 0 2  0조상범48454.058하선적40 45 452614.034.012.41040 81670 7151715 9181413201899 0 0→→입14.037.440.614.157 637.942.9 87.8 87.2  0  0  0 0   14.00   14.40 4  9 -1VU동54.54831312  .011.011.0111113 0선행무리보통걸음 1기 110 7     8 9 9⑨1:27.84    4.314.143.916.1  3  1-1.00 9 6 -4 5.19962989812 610 6 80 3 2.04 2.05 3.1 6.1  3.8   12.5   27.7   21.3  .01321-3 3 1-3▽-1.140.70 -.24 9.2383.93 1.49 5.4012.41 3 815 3.81 9.1415.10 7
20250223일 2130011국611 9 68 3 1강 1121맑음건조 3 4 1비상벨          티즈원더호루라기 6334.00한암 3 0 0 9 2  342      16500국6홍대유김종철   0 8 2 2 1 9 2 0 0 1  0조상범48354.558하무보10 25 25 5  .029.0 8.61040 81670 7151715 91814132018      →→입14.437.940.714.727 537.239.4 84.7 82.8  0  0  0 0   14.40   15.00 4-10  1HNUP       1312        11.0    12 1기수신마거리늘어 1기 1 1 2     2 2 2③1:24.72     .414.040.514.4 -7 -6-1.70 310 -1  .73932594574 71010 81 2 1.02 6.10 1.8 4.5  1.8    4.5    7.6  115.0  .02012-1 2 2-1  -1.439.10 -.51 4.2484.32  .71 2.69 8.58 1 512 7.6316.2930.29 4
20250125토 1120011국640 9 98 5 1강 1135맑음건조 3 4 1비상벨          티즈원더호루라기 3435.00한암 3 0 0 9 3  420      24750국6홍대유김종철   0 9 1 1 1 9 1 0 0 0  0조상범48954.060평무보   25 2540  .041.023.01250 81336 8151715 91814132018      →→입    36.738.5        37.540.4 79.8 77.8              13.80   13.60 4  0  0NL동       12 0                 0 0걸음불변기수신마 1기 011 8     6 7 9⑪1:19.8목   2.814.441.315.0  0  9-1.901111  0 2.98965878920 3 3 3 60 1 7.09 7.01 3.1 6.1 14.6  168.8  416.0  499.1  .02329 0 5 5 0   -.639.40  .62 2.6075.61 5.8714.4423.04 51322 8.3316.6725.0011
20251116일 4140011국5 1 7  7 1 1강 1144           4 2비트도깨비      파이널보수호천사 1634.00한암 3 7 7   1    012:45 24750국5이신우양진영  -3 014 9 513 1 1 013  7조한별   52.066평입보50 38 38 1 6.028.0 8.81340 91654 8171624 01816121918 099 0↘↗입13.737.240.112.93014                    8 17 1717   15.30   14.50 2 -9  0HHDN53.04291712-2.010.0 8.0252512-3가는대로부진마필19관 0 2                            15.3    14.5                                 9111110  1                                              .0 6 3-4 1 2-4▼-1.540.10 -.13     89.48  .57 3.19 8.77 1 3 5  .93 3.67 9.26 9
20251101토 5170011국550 7107 2 3강 3312맑음건조 5 4 2비트도깨비      파이널보수호천사 1634.00한암 3 8 8 1 1   40      24750국5이신우양진영  -3 113 8 213 1 1 012  8조상범42952.056평입상34 33 3317 7.038.015.51270 61654 81716 6 01816132018 099 0→→입13.739.742.012.9541640.443.4115.5115.8  9 18 1818   15.50   14.10 4  7  1VN동53.04291712-2.2 9.6 7.4313112 0걸음불변거리속성28관 111111111111111⑪1:55.52½  3.115.342.514.5  1 10  .601110 -1 3.29273929513 611 8 80 3 1.0510.07 2.6 6.8  2.6    9.3   14.8   58.7  .01422-2 2 2-2   -.941.70 -.1734.07114.2 3.07 7.7615.51 2 5 7 1.49 6.3711.6710
20251004토 5170011국552 7107 1혼전 4411맑음다습10 4 2비트도깨비      파이널보수호천사 1634.00한암 3 9 9 1 1   51      24750국5이신우양진영  -3 212 7 113 2 1 011  9정우주41951.070평입상25 13 13 4 6.035.0 9.22042101654 8171618 01816173013 099 0↗↘입13.740.041.712.9342539.942.2113.1113.5 10 20 2020   14.50   14.00 2 -2  0HUUP53.04291712-1.8 9.6 7.8292912 3가는대로거리속성39관 0 410101010 8 8⑥1:53.1목    .715.541.514.1 -5 -6  .70 611  1 1.15451798062 91011100 2 3.04 8.01 2.2 5.3  5.4   26.5   46.1   63.1  .013 8-4 1 3-4▼-1.141.10 -.0131.82114.2 1.03 3.82 9.15 1 4 8 1.16 4.3011.0711
20250921일 5140010국552 8107 2 1강 1131맑음다습14 4 2비트도깨비      파이널보수호천사 1634.00한암 31010 2 1   28      24750국5이신우양진영  -3 311 6 413 1 1 010 10정우주42551.070평입상 9  6  611 5.037.012.82042101654 8171618 01816173013 099 0↗↘입13.737.340.012.9251438.139.3 89.7 89.5 11 11 1111   14.00   14.60 2 -3 -1NU동53.04291412 -.8 8.8 8.0303012 0걸음불변단기승부 5관 2 6 9     9 9 8⑦1:29.71¼  2.214.539.414.0 -3  2 -.20 710  1 2.7699248782210 910 90 1 1.0210.04 2.6 6.8  2.6    7.7   11.6   10.5  .01520-2 1 2-2   -.838.70 -.2312.2189.48 1.85 5.6512.80 1 512 1.11 4.7110.27 9
20250906토 3140011국511 8 67 2 1강 1131맑음다습13 4 2비트도깨비      파이널보수호천사 1634.00한암 31111 1 1   40      24750국5이신우양진영  -3 410 5 313 1 1 0 9 11김용근42352.082평입보 5  4  4 9 6.036.017.22149101654 8171611 01816292517 099 0↗→선13.737.340.112.9212536.641.3 88.9 89.5 13 13 1313   14.70   14.40 6  8  0BU동53.04291412-1.4 8.2 6.8424212 0가는대로배당마주 5   0 9 6     5 5 6⑦1:28.91½  2.014.040.714.6 -2 -3  .80 7 9 -1 2.16724918626 91011 62 1 1.06 2.07 1.8 6.1  1.8    9.9   12.8   22.0  .01020-2 1 2-2   -.938.70 -.4112.0689.55 2.94 8.3517.20 3 815 1.35 5.4413.58 7
20250726토 3140010국521 6 77 2 1강 1151맑음건조 4 4 2비트도깨비      파이널보수호천사 1634.00한암 3 1   9 1  106      24750국5이신우양진영  -3 5 9 4 213 2 1 0 0  0조상범42652.056평입보 8  8  823  .033.013.11270 61654 81716 6 01816132018 099 0→→입13.737.339.812.9244737.441.0 91.2 90.9 14 29 2929   14.80   13.6017 -7 -1UU동53.04291412 -.8 6.6 5.8515112 0주행평범휴양불리 5   0 110    101010⑨1:31.2¾   2.714.740.814.4 -1 16 -.20 910  2 3.691678891 9 9 410100 2 8.02 5.10 1.6 4.7 36.9   78.9  286.4   34.8  .01610-4 1 1-4▼-1.139.00 -.1113.7989.34 1.89 6.2713.09 1 3 7 8.5717.2232.92 4
20250329토 3140010국511 9 67 3 1강 1142맑음건조 3 4 2비트도깨비      파이널보수호천사 1634.00한암 31414 9 2  346      24750국5이신우양진영  -3 6 8 3 113 1 1 0 7 14조상범41052.558평입상56 45 453715.043.023.91040 81520111716 6 01816132018 099 0→→입13.736.939.412.9526437.839.9 92.5 90.5 17 33 3333   14.90   13.40 7  5  1BNUP53.04291412 -.8 5.6 4.8555512 2주행평범거리부담 1기 0 8 8    1010 8⑧1:32.5¾   1.414.540.814.2  0  1-1.90 8 8 -3 1.78886698535 3 4 4 60 1 2.0110.02 1.4 3.5  8.0    5.9   19.3    8.0  .01629 0 4 3 0   -.439.40  .0914.2088.80 7.1514.9323.85 3 815 3.9011.1118.46 6
20250209일 5120011국544 8 97 4혼전 4441맑음건조 4 4 2비트도깨비      파이널보수호천사        한암 31616 1 2  383      24750국5이신우양진영  -3 7 7 2 513 3 1 0 6 16임다빈40952.075평입하54 42 424714.048.016.7224016152011171616 01816152324 099 0↗↘추13.737.038.612.9637538.237.8 77.6 75.8 20 40 4020   14.00   13.70 5  0  0HU동53.04291212 -.8 5.8 5.0535312 0주행평범기수영향 1기 1 310    101011⑧1:17.6목   1.014.938.613.4 -3-15-1.70 811  5 1.43889144450 5 811100 3 2.08 1.05 3.8 9.7  4.4   31.7   50.6  149.1  .01640-1 3 5-1   -.238.50  .57  .1775.84 4.0210.0116.72 0 3 7 5.0610.2314.3810
20250104토 6120011국532 4 87 4 3강 3341맑음건조 3 4 2비트도깨비      파이널보수호천사        한암 32020 1 3  481      24750국5이신우양진영  -3 8 6 1 413 2 1 0 5 20임다빈42452.077우입상90 90 908766.053.023.61455 71320 5171616 01816152324 099 0↘↗추13.736.838.512.9777937.638.8 76.7 76.4 25 50 5025   13.80   13.70 4 -3 -1HU동53.04291212-1.5 5.8 4.3616112 0뒷심문제선행유리 1   0 3 7     8 7 9⑧1:16.71¼  1.914.038.913.7  2 -5 -.40 8 6  0 2.16168475722 4 7 3 50 2 1.02 7.08 1.9 3.2  1.9    3.2    4.2   11.111.22965 0 7 5 0    .138.90  .54 1.1275.67 5.4014.1923.57 8203110.1921.8233.43 4
20241208일 2120011국652 9 57 5 2강 2229맑음다습13 4 2비트도깨비      파이널보수호천사        한암 2 0 0 2 3  562      16500국6이신우양진영  -3 9 5 5 313 1 0 0 4  0임다빈42953.077평입하74 65 657155.061.039.81455 71320 5171616 01816152324      ↘↗추13.737.038.512.9639536.339.3 76.0 75.2  0 33 3333   14.20   13.40 5  3 -1LN동       1210 -.3 5.7 5.3525212 0주행평범마주성향 1관 0 6 3     4 4 3①1:16.0½    .013.839.113.7 -5  0 -.40 1 6  3  .018 8653289 4 2 1 32 1 6.01 6.05 2.4 3.1 16.5   15.7   49.2   10.2  .02466 0 6 6 0    .838.30 -.04 -.3375.7812.2625.6839.77122843 9.3823.7132.05 3
20241102토 2120011국620 8 77 3 3강 3332맑음양호 7 4 2비트도깨비      파이널보수호천사        한암 2 0 0 1 4  681      16500국6이신우양진영  -310 4 4 213 1 0 0 3  0장추열42954.090평입보66 65 656747.061.037.82447 81320 7171629 01816202622      ↗→입13.737.038.412.9669737.238.5 77.1 75.5  0 33 3333   13.90   13.80 5  0  2HN동       1210-1.5 7.5 6.0515112 0신마적응보통걸음 1관 0 3 6     5 6 5⑤1:17.1코   1.314.239.113.4  2 -8-1.49 5 3  1 1.52748383552 6 5 3 42 1 1.02 2.09 1.4 3.3  1.4    3.3    4.8    7.211.22559-1 6 5-1    .738.40  .08  .0975.7212.0925.3737.75102236 8.5122.1126.59 3
20240928토 5120011국641 5 47 5 1강 1139맑음건조 5 4 2비트도깨비      파이널보수호천사        한암 2 0 0 9 4  787      16500국6이신우양진영  -311 3 3 113 1 0 0 2  0문세영43752.593하입보78 52 526572.057.051.53851 01320 7171626 01816283616      ↘↗입13.737.238.412.9449737.038.7 76.3 75.8  0 50 5050   13.70   13.20 5  1 -1HHUP       1210-3.012.0 9.0404010 2걸음불변마주성향 1기 0 3 2     2 2 4④1:16.33     .913.939.213.8  2  6 -.60 4 2 -1 1.74041453760 4 2 2 21 1 1.04 4.02 1.9 2.2  1.9    7.0   11.2   15.3  .02483 0 6 4 0    .638.30 -.41  .2275.8416.8235.0051.4720405615.9633.6838.37 2
20240825일 1100012국630 1 87 3 1강 1135맑음다습12 4 2비트도깨비      파이널보수호천사        한암 2 0 0 2 5  865      24750국6이신우양진영  -312 2 2 213 1 0 0 1  0마이아43153.081하무보28 31 315220.041.013.61725233067231716 0 018163530 9      →→선14.237.837.413.0319536.136.7 61.8 61.8  0  0  0 0   14.20   13.3010 -2  0HH동       1010         9.0    10 0기수신마거리난점 1관 1 2 4     4 3 3③1:01.84     .713.737.113.2  0 13 -.80 3 3 -9 1.017 410 2681212 1 92 1 5.02 8.06 2.1 3.7 23.5   32.7  119.5   53.8  .02045-1 4 3-1   -.536.90  .50-13.462.87 2.71 6.9013.62 1 3 5 4.8110.5310.9512
20240615토 1100012국620 1 27 5혼전 4435흐림건조 5 4 2비트도깨비      파이널보수호천사        한암 2 0 0 2 6 1061      24750국6이신우양진영  -313 1 1 113 1 0 0 0  0조재로41853.076평무보   35 3540  .044.011.81433 42133231716 0 01816182422      ↗↗추    37.137.8        37.637.4 63.7 63.6              13.80   13.80 4  0  0NN동       10 0                 0 0걸음불변기수신마 1기 0 4 8     8 8 8⑨1:03.7목   1.314.237.813.3 -3 -2 -.80 912  0 2.07259294046 4 4 4110 1 1.0412.10 1.5 2.1  1.5   17.6   20.6   60.5  .01839 0 4 4 0   -.538.10  .71-11.362.71 2.44 5.9311.83 1 4 8 8.3316.6725.00 4
20251116일 4140011국5 1 7  5 4 1강 1144           4 3동키플레이      연승대로투스텝삼 3032.00한암 4 927   1    012:45 24750국5최영주조현영   2 01310 412 2 1 211 27정우주   54.570평추상50 52 523330.046.023.42042101536 51530253815 9173013 03350↗↘입13.337.039.512.44831                   27 36 1836   13.30   14.50 6 -6 -1HNUP53.44991413-2.0 7.6 5.6585812 1마방연대보통걸음49관 1 3                            13.3    14.5                                 4 8 6 5  3                                              .02832-1 4 4-1   -.239.50  .00     88.93 5.9814.4423.39 61528 5.5612.8423.15 7
20251003금 6130011국553 5105 5혼전 4421흐림다습11 4 3동키플레이      연승대로투스텝삼 3032.00한암 41030 1 1  105      24750국5최영주조현영   2 112 9 612 1 1 210 30정우주49655.570평추상29 40 405033.059.028.12042101536 51530253815 9173013 02060↗↘입13.837.738.912.4386836.540.5 82.1 83.1 30 40 1040   14.20   13.50 6 -1  1LB동53.04991413-1.4 7.4 6.0595912 0마방기습마방연대27관 0 9 3     3 4 3④1:22.11¾   .813.339.814.5 -7 -2  .80 411  0  .945 583545610 4 7 62 2 6.04 5.07 3.7 9.5  8.7   32.1   69.9   33.213.22751 0 5 8 0    .539.40  .18 6.4683.03 8.1917.9528.06 51322 5.8816.6725.32 7
20250824일 5130011국552 2105 5혼전 4421맑음건조 4 4 3동키플레이      연승대로투스텝삼 3032.00한암 41133 2 1  112      24750국5최영주조현영   2 211 8 512 7 1 2 9 33조재로49854.578평추하30 43 435830.055.022.82748131536 51530252615 9182422 02060↗↘추13.837.738.712.4358538.438.6 81.6 83.7 33 44 1144   14.00   14.60 7  0  1LLDN53.04991413 -.8 7.2 6.4626212-1마방기습마방기습30관 11011    111010⑦1:21.63    1.114.238.613.5 -4  6 1.00 711  5 1.4658228534510 2 9 93 9 2.04 3.09 4.0 8.4  4.7   16.4   32.9  121.5  .02747 0 4 6 0    .539.50  .44 7.2882.90 5.5713.2622.75 1 4 9 5.4512.0720.3310
20250706일 2140011국532 7 85 7 3강 3341맑음건조 3 4 3동키플레이      연승대로투스텝삼 3032.00한암 41237 1 1  116      24750국5최영주조현영   2 310 7 312 6 1 2 8 37조재로49254.078평추보55 58 5852  .060.032.72748131536 51530252615 9182422 02060↗↘추13.837.638.812.4107536.240.6 90.5 89.2 38 38  038   13.80   12.70 7  2 -1BNUP53.04991413-1.4 7.0 5.6575712 1출주취소마방기습39기 010 5     4 6 8⑩1:30.51¼  1.114.040.814.6  4 -8-1.0010 6    1.660 982624511 1 5 40 8 2.09 2.08 1.7 5.1  4.8   79.0  144.8  583.6  .02356 0 5 7 0    .638.40 -.2112.7688.8611.9522.4432.74 82031 7.8316.2933.73 6
20250518일 4130010국554 8105 7혼전 4421맑음다습13 4 3동키플레이      연승대로투스텝삼 3032.00한암 41237 2 1  128      24750국5최영주조현영   2 4 9 6 412 5 1 2 8 37조재로  055.078평추보58 73 737976.068.044.82748131536 51530252615 9182422 02060↗↘추13.837.938.712.42287                   38 50  025   13.80   13.80 4  6  3LB동53.04991413 -.8 6.6 5.8555512 0뒷심문제작전마주54기 1 8                    취소    13.8    13.8     0 -.87                     11 1 2 10 7 2.03 1.06 3.4 6.9  4.1    3.5    7.7    8.8  .02971 1 8 9 1   1.338.70 -.29     83.0319.9534.3544.8419395722.8939.3352.13 1
20250419토 4130011국533 8 85 5혼전 4421흐림양호 8 4 3동키플레이      연승대로투스텝삼 3032.00한암 4 028 2 1  182      24750국5최영주조현영   2 5 8 5 412 4 0 2 7 28조재로50052.078기무보42 45 455828.056.031.12748131536 51530252615 9182422 02550↗↘추14.037.938.812.4238537.638.7 83.2 82.7 29 43  029   14.30   13.40 7 -3  0UHUP53.34991413  .6 5.8 6.4505012 1걸음불변기복전력 1기 2 2 6     5 5 1①1:23.21¼  -.213.839.813.8 -3 15 -.80 1 4 -2  .0364835318811 2 6 53 6 4.01 2.06 2.7 7.3 10.6   12.9   32.4   18.6  .01847 0 4 7 0    .439.10  .04 6.0483.10 9.8520.9531.12 81728 9.5917.9825.77 3
20250302일 4120011국552 5105 5 1강 1151흐림건조 4 4 3동키플레이      연승대로투스텝삼 30     한암 4 033 1 2  319      24750국5최영주조현영   2 6 7 4 212 3 0 2 6 33조재로48552.080기추적86 81 816376.060.030.01338 51755 61530252615 9182422 02550→↗추14.037.838.112.4139137.938.2 76.9 76.0 33 50  033   14.50   13.30 9 -1  0NHDN53.34991413  .2 5.4 5.6545412-2주행평범작전마주 1기 0 5 5     7 8 7⑥1:16.91¼  1.214.338.613.4  0  8 -.80 6 6 -4 1.9468028494111 2 2 50 5 2.01 9.07 3.9 8.5  4.0    8.5   16.1   14.1  .01871 0 6 6 0    .837.80  .03  .1076.00 8.3419.1730.02 6152812.8425.2736.21 5
20241229일 5140011국511 6 65 4혼전 4431맑음건조 4 4 3동키플레이      연승대로투스텝삼 3032.00한암 3 040 9 3  493      24750국5최영주조현영   2 7 6 3 212 2 0 2 5 40조재로47752.086기추상37 33 333338.053.026.62938201122101530252615 9182422 03367↘→추14.037.639.012.4126837.338.9 89.2 88.2 40 40  040   14.00   13.40 5  3  0NHUP53.75061413  .5 4.3 4.8535312 1적임기수기수영향 1기 1 610    10 8 8⑥1:29.2¾    .614.538.513.3 -4-19 -.60 610  0  .9256633416110 4 9 60 4 5.01 4.03 1.7 7.4 12.3    9.8   22.5   17.6  .02651 0 4 6 0    .238.20 -.1711.6289.00 6.7516.6626.56 61525 9.6418.3827.95 7
20241124일 5130011국512 2 65 8 3강 3311맑음건조 4 4 3동키플레이      연승대로투스텝삼 3032.00한암 3 050 2 4  603      24750국5최영주조현영   2 8 5 2 312 1 0 2 4 50조재로49652.082우추하23 28 286263.069.042.63058172471 81530252615 9182422 0 099↘↘추14.238.038.912.4197937.937.8 83.0 82.5 50 25  025   14.20   14.00 6 -5  1UNDN54.55121413  .3 4.0 4.3626212-1걸음불변적임기수 1기 0 3 6     6 6 9⑨1:23.01¼   .714.038.513.4 -1 -4-1.00 910  5  .72666 9165711 710 22 3 4.06 6.10 1.9 6.3 12.1   51.7  147.3  169.311.83287 2 5 9 2▲ 1.338.90 -.42 5.5783.2318.8632.1742.6418365111.7626.6036.34 3
20241013일 51400 9국542 3 95 6 2강 2221맑음건조 3 4 3동키플레이      연승대로투스텝삼 3032.00한암 3 066 2 4  733      24750국5최영주조현영   2 9 4 1 112 1 0 2 3 66정우주50051.063기추보64 58 583881.051.025.71464 62471 81530253815 9173013 0 099↘→입14.237.539.212.4155937.739.1 90.0 90.0 67 33  033   14.20   14.00 6  5 -4NUUP54.55121413  .5 5.0 5.5515112 1전개최상거리부담 1기 0 8 9     9 7 5⑥1:30.0목   2.014.239.414.0  1-12 -.20 6 5  3 2.07983426317 9 3 4 60 1 7.02 5.06 3.1 4.9 21.4   37.3  112.6   34.7  .03450 0 6 6 0    .038.60 -.2113.2789.07 6.6513.3725.74 3102016.2632.8947.08 3
20240831토 3130011국652 5105 9 1강 1119맑음건조 4 4 3동키플레이      연승대로투스텝삼 3032.00한암 3 050 9 5  851      16500국6최영주조현영   210 3 3 212 1 0 1 2 50조재로51255.072우추적39 46 469174.070.075.52267111950101530252615 9182422 0 099↗↘추14.338.138.712.4159737.439.1 83.1 82.6 50 50  050   14.70   14.1015 -6  1UV동54.05111312-6.0 8.0 2.0868612 0마방기습전개최상 1기 0 310     9 6 4②1:23.15     .014.239.914.0  0  7 -.40 2 2  0  .9303849398510 1 4 13 2 5.02 6.03 2.3 5.3  8.8   31.1   81.3   74.2  .04492 3 6 9 3☆ 1.438.90-1.24 5.8083.1635.6458.8275.4732526427.2746.6753.65 1
20240519일 2130010국640 4 95 5혼전 4431맑음양호 8 4 3동키플레이      연승대로투스텝삼 3032.00한암 3 0   2 6 1132      16500국6최영주조현영   211 2 2 112 1 0 1 1  0정도윤50554.066강추상86 35 3581  .061.038.1 0 0 02363 61530 0 015 9102714 0 099↘↗입14.338.238.712.4 79837.940.3 84.2 84.4100100  0**   14.30   12.70 9  1  0NUUP54.05111312         2.0    12 1기수신마마방기습 1기 0 9 9     7 6 7⑨1:24.2¾   2.414.740.114.1  7 -6  .30 9 2 -6 2.8846381842310 2 9 40 1 4.05 7.10 2.4 4.4  5.5   24.3   40.7   44.9  .02372 0 6 6 0    .639.20 -.28 7.5483.2315.4127.6038.1210223612.5022.5050.65 5
20240317일 2120011국644 9 95 8혼전 4439맑음건조 3 4 3동키플레이      연승대로투스텝삼        한암 3 0 0 2 7 1328      16500국6최영주조현영   212 1 1 112 1 0 0 0  0조재로51154.081평무보   35 3540  .054.033.01829 73669181530252615 9182422      ↘↗추    36.738.5        38.137.2 76.7 74.7              13.80   13.60 4  0  0LL동       12 0                 0 0걸음불변기수신마 1기 1 8 8     8 9 6②1:16.71     .014.338.012.7 -6  4-1.50 2 8  0  .1 887 42191 1 1 9 53 1 1.08 5.08 3.1 7.4  3.1   41.0   68.8   69.312.73270 2 5 7 2    .338.50  .33 -.5075.61 9.7122.9332.99 8172811.1120.8145.22 6
20251116일 4140011국5 1 7  7 2 1강 1144           4 4카라케이        인디밴드고치령   2938.00한암 3 0     1    012:45 24750국5송문길강경운   2 0 7 1 1 0 3 0 2 0  0유승완   52.079평추보44 54 5413  .031.0 9.51444 5283917282530242823162623 0 067→↗입14.337.139.412.44643                   33 33 1750   14.60   13.7028 -4  0HU동54.34691412  .0 3.8 3.8676713 0거세출주휴양불리53기 1 4                            14.6    13.7                                 7 7 5 9  6                                              .01314-3 4 4-3▽-1.339.40  .34     88.93 1.47 3.74 9.50 1 4 9 8.3316.5125.00 5
20250427일 5140011국540 7 97 5혼전 4441맑음양호 7 4 4카라케이        인디밴드고치령   2938.00한암 3 040 9 3  552      24750국5송문길강경운   2 1 6 1 2 6 2 0 2 5 40유승완46952.083우추하40 60 605250.050.021.32255 91940 9282530242823162623 0 067→→입14.337.139.412.4484337.139.8 90.4 89.2 40 40 2060   14.50   14.50 5  3 -2BU동54.34691412  .4 4.0 4.4727213 0추입무난보통걸음 1기 0 810     8 8 5⑥1:30.4코   1.414.440.514.1  1 -8 -.90 6 5  4 1.55852626340 9 4 5 70 5 2.0411.01 3.7 8.7  4.6    8.7   18.1   13.4  .03946-1 6 4-1    .038.90  .0512.7488.93 6.3812.1521.27 21017 8.9318.4227.97 6
20250322토 31400 9국610 9 67 7 2강 2259맑음건조 5 4 4카라케이        인디밴드고치령   2938.00한암 3 025 2 2  267      16500국6송문길강경운   2 2 5 5 1 6 1 0 1 4 25유승완47754.085우추보74 74 747491.066.075.82133 8294323282530242823162623 0 067→→입14.337.738.712.4139236.441.0 91.3 89.3 50 50  050   14.60   13.30 5 -5 -1NHUP54.34691412  .3 4.8 5.0696913 1신마혈통작전마주 1기 1 5 7     4 4 2②1:31.37     .014.541.414.5  1  2-1.40 2 1 -3 1.36318877778 9 1 1 12 4 7.01 2.05 1.6 4.1 22.4   10.9   39.0   18.6  .02590 1 7 7 1   1.138.30-1.3312.9088.8633.3057.9775.7519395744.7876.9282.98 1
20250216일 2130010국652 7 57 5혼전 4431흐림건조 4 4 4카라케이        인디밴드고치령   2938.00한암 3 033 2 2  364      16500국6송문길강경운   2 3 4 4 1 6 1 0 1 3 33이용호47554.580평추보81 84 847576.063.035.22362 9294323282518122823191620 0 099↘↗선14.337.938.712.4279538.337.8 83.2 82.3 33 33  033   14.70   13.50 5  7  0VNUP54.34671312  .3 5.0 5.3696912 1전력변화신마혈통 1기 010 9     7 6 5④1:23.22     .514.638.913.3  0  7-1.30 4 4  2  .72179 92575 6 1 1 20 1 1.06 6.01 2.2 4.1  2.2   22.0   29.7   18.4  .02364 0 8 8 0   1.039.00 -.01 5.7283.0312.2223.8735.1620405618.1032.5642.86 2
20250112일 1120011국640 8 97 4혼전 4439맑음건조 4 4 4카라케이        인디밴드고치령    731.00한암 3 0 0 2 3  453      16500국6송문길강경운   2 4 3 3 2 6 3 0 0 2  0유승완46854.584평추보56 65 656748.064.056.62255 91940 9282530242823162623 0 099→→입14.338.038.212.4 99837.238.0 76.8 75.0  0  0  050   14.60   12.7013  1  1VNUP54.04651210  .5 6.5 7.0616110 2신마적응작전마주 1기 1 310     910 8②1:16.83     .014.738.913.5  0  3-1.50 2 2 -5  .5135221218910 3 2 13 3 1.02 1.03 3.4 7.8  3.4    7.8   13.1   12.2  .02564 0 7 6 0    .937.20 -.91-1.2076.1721.7443.4256.5732526415.6329.3737.09 1
20241012토 1100011국622 1 77 3혼전 4431맑음건조 3 4 4카라케이        인디밴드고치령    731.00한암 2 0 0 2 4  748      24750국6송문길강경운   2 5 2 2 1 6 2 0 0 1  0유승완46554.084평무보43 59 593326.045.015.92240 8294317282530242823162623      ↗→입14.338.137.313.1119637.836.6 62.4 62.8  0  0  0 0   14.30   13.40 6  1  1NNDN       1212 3.0 6.0 9.0606012-2기수신마보통걸음 1기 1 2 9     9 9 9⑤1:02.43     .714.636.912.7 -2 -7 -.60 5 7  1  .74565 7226511 6 5 93 2 3.02 1.04 1.9 2.5  7.4   11.7   23.6   70.5  .02034 0 4 5 0   -.336.90  .34-12.762.98 3.92 8.8315.89 1 3 7 5.4312.0015.9811
20240831토 1120010국650 4107 6혼전 4435맑음건조 4 4 4카라케이        인디밴드고치령    731.00한암 2 0 0 9 5  853      24750국6송문길강경운   2 6 1 1 1 6 1 0 0 0  0유승완47253.088평무보   25 2540  .045.019.71950 7326515282530242823162623      ↘↗입    36.738.5        37.838.2 76.3 76.1              13.80   13.60 4  0  0NN동       12 0                 0 0거세출주기수신마 1기 0 1 9    10 9 9⑨1:16.3½    .714.338.513.4  3 20 -.30 9 6  0 1.45078264662 6 6 8 70 1 8.04 9.08 3.5 7.9 19.8   43.2  149.7  171.1  .02545 1 5 7 1   -.238.90  .71  .9175.61 5.4912.4419.69 3 817 8.0416.0027.32 2
20251116일 4140011국5 1 7  5 5 1강 1144           4 5에코월드        세이브더아켈레오 7630.00한암 31020   1    012:45 24750국5함완식이종원   3 011 6 510 2 1 110 20최범현   55.088평입보50 55 553360.052.032.03361241654 8122929 015 7193019 075 0↘↘입13.437.139.212.63764                   22 11 1133   14.20   13.70 3  0  0NL동53.94721414  .0 5.4 5.4636313 0주행평범단기승부29관 0 5                            14.2    13.7                                 6 5 4 4  2                                              .01640 0 6 5 0    .239.20 -.12     88.80 8.2720.5732.01 8223510.1923.8535.19 4
20251025토 4140011국551 5105 5 1강 1151맑음건조 5 4 5에코월드        세이브더아켈레오 7630.00한암 3 1   9 1   63      24750국5함완식이종원   3 110 5 410 1 1 1 0  0최범현47655.088평입보44 50 5037  .063.037.63361241654 8122929 015 7193019 099 0↘↘입13.437.039.312.6455937.538.9 89.5 88.9 25 13 1338   14.10   13.1024  3  1NB동53.54711412  .2 4.8 5.0636313 0주행평범탄력호전37기 1 5 9     9 6 6⑥1:29.5½    .414.239.313.7 -1  7 -.70 6 7  6  .64574334868 7 4 7 30 1 3.0510.01 3.710.7  5.4   14.0   29.9   31.8  .03352 0 6 8 0   1.038.90 -.2812.5688.8013.0025.7037.56204056 7.5614.5224.65 7
20250504일 4140011국550 9105 3 3강 3358맑음포화15 4 5에코월드        세이브더아켈레오 7630.00한암 31225 1 3  466      24750국5함완식이종원   3 2 9 4 310 6 1 1 8 25해리카46954.071평입하50 54 543646.043.020.61021 71125 4122913 015 7192512 099 0→↗입13.437.039.312.6415537.039.0 88.8 88.4 25 25 1338   13.80   14.5010 -3  2HN동53.54711412 1.0 6.0 7.0515113 0걸음불변보통걸음 1기 0 2 7     7 6 4④1:28.8¾    .314.139.313.8  3  0 -.49 4 1 -5  .83450383675 4 3 3 70 6 6.03 5.10 3.3 8.3 13.3   34.8   86.1   61.1  .01426 0 6 3 0   -.538.80  .1712.1288.80 4.9911.3120.56 3 81715.2233.0441.54 2
20250222토 6140011국511 9 65 3 1강 1153맑음건조 3 4 5에코월드        세이브더아켈레오 7630.00한암 31414 9 2  349      24750국5함완식이종원   3 3 8 3 210 5 1 0 7 14해리카46952.567평입하20 14 1425 4.033.011.21538 81550 3122913 015 7192512 099 0↗↘입13.437.239.212.6296836.540.1 90.5 88.5 29 14 1443   14.40   14.20 4 -4  0NH동54.04721412 1.2 5.0 6.2585810 0걸음불변보통걸음 1기 1 5 3     4 3 2②1:30.51½   .013.840.714.5 -4 -8-1.60 2 6 -1  .3352270548110 611 92 5 1.06 3.05 1.3 6.2  1.3    9.2   12.6   37.5  .01422-1 2 1-1  -1.138.60  .3812.1088.86 1.34 4.9111.21 1 3 7 1.89 3.28 7.0610
20250126일 3140011국511 7 65 4 2강 2251맑음건조 3 4 5에코월드        세이브더아켈레오 7630.00한암 31616 9 3  407      24750국5함완식이종원   3 4 7 2 110 4 1 0 6 16해리카47752.571평입하29 56 563424.040.014.71021 71125 4122913 015 7192512 099 0→↗입13.437.038.912.6478537.640.4 92.2 90.2 33 17 1750   14.30   13.70 4  3  1LNUP54.04721412 1.2 4.2 5.4646410 1주행평범거리부담 1기 0 9 6     91111⑪1:32.23    2.414.440.614.2  4 -1-1.2011 7  1 2.78380778714 7 4 4 80 410.01 4.06 2.0 5.4 35.5   46.6  185.9   70.8  .01622-1 5 4-1   -.639.20  .5814.3088.52 2.58 7.7014.70 1 612 6.0013.2719.29 6
20241229일 4130011국534 3 85 5 3강 3311맑음건조 4 4 5에코월드        세이브더아켈레오 7630.00한암 22020 9 3  494      24750국5함완식이종원   3 5 6 1 210 3 1 0 5 20해리카47852.071평입보78 91 917557.045.015.51021 71125 4122913 015 7192512 099 0→↗입13.437.038.812.6769138.538.1 82.6 83.6 40 20 2040   13.80   13.60 6  0 -2NU동54.04721312 1.5 5.0 6.5575713 0뒷심문제최적거리 1기 0 611    10 9 7⑦1:22.61¾  1.114.338.513.7  1  6  .10 7 6  5 1.26486154340 5 2 2 80 3 9.05 7.02 2.7 5.1 31.4  181.3  503.7  158.9  .02960 0 6 4 0   -.240.20 1.00 7.7682.52 3.22 8.7315.51 2 5 7 6.2513.1321.72 6
20241117일 2130010국651 6 55 4 1강 1136흐림양호 7 4 5에코월드        세이브더아켈레오 7630.00한암 2 0 0 2 4  628      16500국6함완식이종원   3 6 5 5 110 2 0 0 4  0해리카47254.076평입보64 57 574141.047.033.21833 81327 5122913 015 7192512 099 0→→입13.437.538.912.6408536.837.9 82.7 81.4 25  0  025   13.90   13.30 5 -5  0NNUP54.04721312 2.0 5.3 7.3535310 1신마혈통거리늘어 1기 1 6 5     3 3 1①1:22.72    -.413.839.013.6  0  0-1.10 1 1 -3  .0 31211 196 5 1 3 42 2 1.04 6.03 2.0 4.0  2.0    6.7   11.2    6.6  .02433 0 5 4 0   -.239.20  .16 4.9782.90 9.5922.1433.23 8203114.2929.7946.26 4
20241012토 3120011국652 4105 4혼전 4442맑음건조 3 4 5에코월드        세이브더아켈레오 9036.00한암 2 0 0 2 4  746      16500국6함완식이종원   3 7 4 4 310 1 0 0 3  0해리카47254.076평추보35 33 334910.052.028.81833 81327 5122913 015 7192512      →→입13.437.538.312.6209637.138.4 75.1 75.6 33  0  033   13.40   14.30 7  6  1NN동       1212 3.0 2.0 5.0666610 0주행평범신마혈통 1기 011 7     6 6 4④1:15.1½    .513.938.413.3  0 -3  .40 4 4 -8  .73046332970 6 210 62 1 1.03 7.03 2.4 7.8  2.4    9.2   18.9   23.4  .02157-1 3 3-1    .237.90  .11 -.2175.95 6.8417.9828.81 51222 4.48 9.7219.15 7
20240825일 8120013국654 3105 3혼전 4411맑음다습12 4 5에코월드        세이브더아켈레오 9036.00한암 2 0 0 2 5  858      82500국6함완식이종원   3 8 3 3 210 1 0 0 2  0박을운47553.079우추하65 69 695922.052.010.814 0 92050 8122918 015 7282113      ↘↗선13.937.738.212.6229837.339.5 76.2 77.1 50  0  050   13.90   13.70 4  4  0NH동       1210 1.0 2.0 3.0787810 0주행평범보통걸음 1   0 5 6     7 611⑫1:16.22½  1.813.439.414.3  0 -3  .601212 10 2.3775669702313 5 7120 1 8.01 3.07 3.0 7.4 15.3   25.4   67.6   69.2  .02464 0 5 4 0    .138.20  .57 1.1976.00 1.79 5.6410.81 0 1 4 6.0211.4112.7712
20240728일 1120010국630 4 85 6혼전 4435맑음다습12 4 5에코월드        세이브더아켈레오 9036.00한암 2 0 0 9 5  933      24750국6함완식이종원   3 9 2 2 110 2 0 0 1  0이혁  47853.091우추보61 35 357743.068.044.52646102050 81229211115 7272119      ↗↗선14.437.838.212.6249837.538.4 75.7 76.0100  0  0**   14.40   12.90 5 -6  0HHUP       1210         3.0    10 2뒷심문제추입유리 1기 1 1 8     8 7 5⑦1:15.7¾    .913.938.613.7  5  9  .20 7 2  0 1.04566334357101010 20 2 1.04 5.09 2.0 3.4  2.0    8.8   11.6   41.6  .02976 0 6 6 0   1.237.70 -.46 -.0376.0618.5833.5244.5239597210.9921.9821.16 1
20240622토 1100010국650 2105 5 3강 3335비  다습10 4 5에코월드        세이브더아켈레오 9036.00한암 2 0 0 2 6 1039      24750국6함완식이종원   310 1 1 110 1 0 0 0  0이혁  46953.093평무보   35 3540  .050.023.63148142360 61229211115 7272119      ↘↗선    37.137.8        37.636.8 63.2 62.4              13.80   13.80 4  0  0LN동       10 0                 0 0걸음불변보통걸음 1기 2 7 9     9 9 8③1:03.2½    .114.437.412.9  1 13-1.30 3 2  0  .13358112179 7 7 7 53 1 5.0110.01 2.6 5.5  8.2   10.8   26.4   12.7  .02550 1 5 5 1    .137.80  .37-12.662.71 5.6614.9323.61 7142510.0020.0030.00 7
20251116일 4140011국5 1 7  5 9 1강 1144           4 6명드림          머스킷맨꿈의실현 7236.00한암 25050   1    012:45 24750국5문병기(주)자성 0 0 3 2 1 2 1 1 0 2 50빅투아   52.587우입보50 60 608391.071.071.6295017325317252524282830202818 099 0→↘입16.337.038.712.74695                   50 50 50**   13.60   13.30 6 -3 -2NUUP54.04581412 1.0 3.0 4.0757512 2승부최상승부최상46기 0 6                            13.6    13.3                                 5 1 3 1  1                                              .04993 4 8 9 4★ 1.638.70 -.80     88.3836.0059.3071.5638597127.7850.4660.19 1
20251004토 11200 9국650 7 55 9 2강 2229맑음다습10 4 6명드림          머스킷맨꿈의실현 7628.00한암 2 0 0 1 1   99      24750국6문병기(주)자성 0 1 2 2 2 2 1 0 0 1  0마이아45854.093평추보53 47 477285.068.093.0375320325317252543 028303530 9      ↘→선16.338.238.012.7 29836.536.9 74.3 72.8  0  0  0**   15.00   12.70 4  3  1NN동       1212 2.0 5.0 7.0515112 0걸음불변승부최상57기 0 9 6     5 4 1①1:14.35    -.913.638.013.3  0  5 -.90 1 1 -4  .0 115 2 097 8 1 1 12 1 1.03 9.04 2.8 4.8  2.8    6.2    9.5   12.4  .04491 2 8 8 2▲ 1.136.40-1.95-3.3676.1743.6874.8293.0132526436.7663.6478.80 1
20250907일 1120011국610 3 65 6혼전 4431맑음포화16 4 6명드림          머스킷맨꿈의실현 7628.00한암 2 0 0 1 1   73      24750국6문병기(주)자성 0 2 1 2 1 2 1 0 0 0  0김효정45353.570평무보 6 25 2511 8.043.016.1183413325317252519 02830162118      →↘입16.339.038.312.7 18737.938.1 74.9 76.1              16.50   12.90 4  0  0LN동       12 0         6.0     0 0거세출주보통걸음35기 0 611    1110 9⑦1:14.91¼  1.015.037.512.7  2-12 1.10 7 5  0 1.2548026484811 411 83 110.0610.04 1.6 3.6 44.6  358.0  828.4 2667.012.72825 2 3 6 2   -.536.60 -.35-1.1776.78 3.36 8.3016.06 2 5 9 2.82 7.7414.5011
20251116일 4140011국5 1 7  9 4 1강 1144           4 7남촌서브        투아너앤바이스댄 4731.00한암 31010   1    012:45 24750국5우창구남승현   2 011 2 310 4 1 010 10송재철   53.575평추하50 47 4726 9.035.012.0162411244410191310 019 8182621 0 099↗→입14.037.539.312.71747                   10 10  020   14.10   14.50 4  5  1NNUP55.04331412-1.4 7.4 6.0454514 1탄력늘어최적거리42기 0 7                            14.1    14.5                                11 6 8 7  4                                              .01930-1 2 1-1  -1.039.30  .10     89.14 2.95 6.7912.00 3 815 1.85 4.5912.96 8
20251018토 4130011국554 7109 4혼전 4411흐림불량20 4 7남촌서브        투아너앤바이스댄 4731.00한암 31111 2 1   85      24750국5우창구남승현   2 110 1 410 3 1 0 9 11송재철43953.075기추적62 73 735833.047.016.4162411244410191310 019 8182621 0 099↗→입14.037.739.112.7365938.540.4 83.3 84.7 11 11  022   14.40   13.00 5 -2 -2UUDN55.04331412-2.2 7.0 4.8464614-1뒷심문제거리속성84기 2 211    111111⑪1:23.31¼  2.214.140.014.5  4  6 1.1011 7  4 2.3858481911911 7 6 90 3 3.0410.07 2.6 9.0  6.0   25.2   36.0  148.613.22952 0 5 5 0   -.339.70  .39 7.8583.16 4.20 9.1416.36 1 4 8 4.3112.6020.00 9
20250913토 5140010국621 8 79 5혼전 4458맑음포화19 4 7남촌서브        투아너앤바이스댄 4731.00한암 3 0 0 2 1   81      16500국6우창구남승현   2 2 9 9 210 2 0 0 8  0송재철43355.075하입상34 33 333416.053.051.6162411244410191310 019 8182621      ↗→입14.037.539.813.0133136.638.3 87.6 86.6  0  0  013   14.40   13.30 4 -1  0HN동       1412-2.2 8.2 6.0363614 0최고선전탄력호전25관 1 4 6     6 6 1①1:27.64    -.814.437.913.0 -2  8 -.60 1 3 -6  .0 12715 596 6 5 5 23 2 3.07 4.03 2.2 4.1  8.6   45.2   89.4  171.6  .03346 0 4 4 0    .137.90-1.26 9.3189.4819.3238.0451.5614284215.6325.0039.38 4
20250817일 2140011국640 9 99 2 3강 3359맑음양호 8 4 7남촌서브        투아너앤바이스댄 4731.00한암 3 0 0 2 1   73      16500국6우창구남승현   2 3 8 8 110 1 0 0 7  0송재철42555.075하입보18 14 1411 5.035.016.5162411244410191310 019 8182621      ↗→입14.037.440.613.8271238.338.4 90.9 88.9  0  0  0 0   14.00   14.10 6  1  0NNUP       1412-1.0 8.4 7.4272713 1걸음불변부진저하43기 1 5 8    10 9 5④1:30.94    1.014.439.113.3 -5 10-1.70 4 9  0 1.64995216256 5 9 7 73 1 1.03 8.09 2.1 5.2  2.1    7.7   11.6    9.011.21418-2 2 2-2  -1.138.50 -.7510.9089.96 2.58 8.0016.46 3 817 2.33 7.1413.92 8
20250705토 2130010국652 6109 1혼전 4431맑음건조 3 4 7남촌서브        투아너앤바이스댄 4731.00한암 3 0 0 1 1  105      16500국6우창구남승현   2 4 7 7 310 2 0 0 6  0정우주41555.070하입상10 13 13 9 9.035.0 8.8204210244410191320 019 8173013      ↗↘입14.037.640.414.1461438.539.3 84.1 84.2  0  0  0 0   14.20   14.40 5 -5  0HN동       1312 -.8 8.6 7.8222213 0걸음불변부진저하62기 1 4 7    1010 8⑦1:24.1½   1.414.039.714.1 -2 -1 -.10 7 9  0 1.57886557842 71010103 2 5.02 1.03 3.2 7.1 10.2   15.4   41.9   20.0  .01410-3 2 3-3▽-1.239.70 -.15 6.1683.93 1.61 4.01 8.81 2 5 9 2.70 6.2115.4410
20250601일 11300 9국641 6 99 1혼전 4424맑음건조 3 4 7남촌서브        투아너앤바이스댄 4731.00한암 3 0 0 1 1   89      16500국6우창구남승현   2 5 6 6 210 1 0 0 5  0정우주41655.070하입보 8 13 13 9 7.034.012.4204210244410191320 019 8173013      ↗↘입14.037.340.514.261 838.039.4 84.3 83.8  0  0  0 0   14.20   14.50 4  6  0NNUP       1312 -.6 9.0 8.4202012 1걸음불변지울마필43기 1 9 6     6 6 6⑦1:24.32½  2.314.239.814.4 -2 -5 -.60 7 9  4 2.56969586830 610 6 82 1 1.03 4.06 2.3 4.0  2.3    4.3    7.3    4.6  .01411-3 2 2-3▽-1.239.90 -.11 5.9583.80 2.88 6.3712.41 3 814 2.00 8.3314.63 8
20250504일 21200 8국610 9 19 1 1강 1159맑음포화15 4 7남촌서브        투아너앤바이스댄 4926.00한암 3 0 0 1 1  132      16500국6우창구남승현   2 6 5 5 410 1 0 0 4  0임다빈42155.080하무상 5 13 1311 7.031.011.52049 6244410191318 019 8152324      ↘→추14.037.440.114.639 337.039.7 77.5 76.5  0  0  0 0   14.00   15.00 5 -1  1HNDN       1312 -.810.0 9.3181813-1걸음불변부진마필 1기 0 3 4     4 3 5⑤1:17.55    1.914.240.214.5  0 -1 -.80 5 5 -4 2.46341756935 2 9 6 72 2 1.02 5.08 1.3 2.7  1.3    3.0    3.8    7.7  .014 8-4 2 2-4▼-1.338.30 -.32 -.9976.90 1.41 4.0811.49 3 815 1.23 6.4111.58 8
20250330일 2130011국650 8109 1 3강 3329맑음건조 3 4 7남촌서브        투아너앤바이스댄 4731.00한암 3 0 0 9 2  237      16500국6우창구남승현   2 7 4 4 110 1 0 0 3  0최범현42254.078하무하 7  7  7 3 5.028.0 5.42140101531 6191338 019 8193019      ↗↘입14.037.840.614.628 437.241.4 86.5 84.9  0  0  0 0   14.60   15.30 4 -6  0HNUP       1312 -.310.310.0 8 812 1가는대로부진마필 1기 1 4 5     5 7 7⑦1:26.51¼  1.114.042.415.0 -2 -2-1.50 7 9 -1 2.49031949049 510 9100 1 6.01 3.02 3.2 7.0 10.8   14.2   42.4   57.211.2 6 5-4 1 2-4▼-1.639.70 -.29 6.5084.19  .67 1.86 5.41 1 4 8 1.75 5.7611.1610
20250302일 1120011국610 8 69 1 2강 2239흐림건조 4 4 7남촌서브        투아너앤바이스댄 4926.00한암 3 0 0 1 2  322      16500국6우창구남승현   2 8 3 3 310 1 0 0 2  0김효정42454.068하무보 5  6  6 3 3.028.0 4.61533 81531 61913 6 019 8162118      ↗→입14.037.640.314.627 337.840.8 80.1 78.5  0  0  0 0   14.50   14.90 5  6  0BN동       1212-1.010.5 9.5101012 0걸음불변부진마필 1기 01010    101011⑪1:20.16    3.714.641.615.3  1 -9-1.501110  0 4.29479919412 910 9100 1 3.06 8.05 1.4 5.5 10.5   38.3   84.6   20.1  .014 2-4 1 1-4▼-1.638.70 -.37  .5577.12  .39 1.39 4.64 0 2 6 1.35 2.67 7.5311
20250125토 3120011국611 9 69 1 2강 2239맑음건조 3 4 7남촌서브        투아너앤바이스댄 4926.00한암 3 0 0 9 3  418      16500국6우창구남승현   2 9 2 2 210 1 0 0 1  0임다빈43354.077하무보 5  4  4 8 5.026.0 7.41455 71640 7191318 019 8152324      ↘↗추14.037.440.114.643 237.540.2 79.8 77.8  0  0  0 0   14.00   14.90 7 -3  1HN동       1212-1.011.010.0 8 812 0기수신마부진마필 1관 0 4 6     7 6 8⑨1:19.83    2.814.541.314.9 -1-16-2.10 910 -1 3.58965858721 5 8 6110 1 1.03 3.07 1.8 4.9  1.8    9.8   12.7   28.2  .020 6-4 1 1-4▼-1.838.70 -.20  .3076.90  .37 2.82 7.40 0 2 5 2.17 7.7711.54 9
20241208일 1120011국651 8109 6 3강 3338맑음다습13 4 7남촌서브        투아너앤바이스댄 4926.00한암 2 0 0 2 3  563      24750국6우창구남승현   210 1 1 110 1 0 0 0  0조상범44953.060평무보   35 3540  .035.011.51250 81640 7191313 019 8132018      →→입    36.738.5        37.141.8 78.6 78.6              13.80   13.60 4  0  0LN동       12 0                 0 0걸음불변기수신마 1기 0 7 7     8 810⑩1:18.63    3.214.041.314.9 -1  6  .301011  0 3.39546979614 2 2 7110 1 7.0310.09 4.0 7.0 30.0   52.9  150.7   73.411.22534 1 4 3 1   -.739.70  .96 3.4375.61 2.18 6.3211.47 0 2 4 9.4718.1831.93 7
20251116일 4140011국5 1 7  7 2 1강 1144           4 8내추럴사운드    파이널보부산의별 1634.00한암 4 4 4   1    012:45 24750국5심승태김선식   5 01613 625 1 1 025  4우인철   51.063평무보50 45 4520 4.034.010.81560 81129 7 8 7 0 012 8133125 05025→→입13.837.339.112.24639                    4 16  424   14.20   14.60 2  6  0LU동53.34461817 -.6 8.2 7.6414113 0걸음불변조교부실30관 0 8                            14.2    14.6                                10 4 9 8  1                                              .01411-3 1 1-3▽-1.139.10  .38     88.86 1.18 4.5810.83 1 512  .93 1.83 5.5610
20251102일 5140011국520 9 77 3 1강 1151맑음양호 6 4 8내추럴사운드    파이널보부산의별 1634.00한암 4 4 4 1 1   29      24750국5심승태김선식   5 11512 525 1 1 024  4임기원45351.078평무상40 31 313110.043.016.92343111129 7 8 717 012 8253216 05025→↘선13.837.339.112.2463937.039.8 91.2 89.2  4 17  425   14.80   12.60 6 -6 -1HUUP53.34461817-1.0 8.0 7.0404013 2걸음불변보통걸음49관 0 2 4     6 5 6⑩1:31.2¾   1.214.240.714.6  2 -9-1.8010 8  1 1.65749646348 7 4 7 60 1 1.1011.03 1.9 3.4  1.9   31.9   50.9   29.6  .01436-1 2 3-1   -.438.70  .2212.8088.86 3.94 9.0016.89 51223 2.65 6.2512.92 7
20250921일 21200 8국524 4 77 5 1강 1141맑음다습14 4 8내추럴사운드    파이널보부산의별 16     한암 4 4 4 2 1   97      24750국5심승태김선식   5 21411 425 2 1 023  4김정준46252.078평추상64 56 565425.060.031.82648171129 7 8 7 91112 8152124 05025→↘자13.837.638.312.2395538.237.3 74.2 75.7  4 17  426   14.10   13.30 2 -1  0VHDN53.34461817-1.8 8.8 7.0424213-1걸음늘어탄력호전 5관 0 8 8     8 7 7⑥1:14.21½   .814.836.812.6 -1 -5 1.30 6 7 -2 1.03789 73156 8 2 6 50 4 2.06 7.06 2.4 3.2  2.8   13.5   16.7   20.2  .03356-1 3 5-1    .837.90 -.03 -.2176.00 9.9120.6531.82 61528 4.5112.7020.57 7
20250907일 4130010국541 4 47 3혼전 4421맑음포화16 4 8내추럴사운드    파이널보부산의별 1634.00한암 4 4 4 1 1   28      24750국5심승태김선식   5 31310 525 1 1 022  4김정준46752.076하무하 5  9  926 5.034.010.62648171129 7 8 7 91112 8152124 067 0→↘자13.837.538.912.2615137.838.7 80.7 82.3  5 14  518   14.80   14.80 2 -1  1LNDN53.74391817-1.0 8.6 7.6424213-4걸음불변조교부실23관 0 9 8     8 8 5④1:20.7½    .614.138.013.3 -5  2 1.30 4 9  0  .91860323961 8 2 8 83 3 4.08 8.02 2.2 3.5  7.8   92.2  197.7   72.0  .01422-2 1 2-2  -1.239.40  .77 5.8582.90 2.15 5.0410.55 3 814 1.27 4.8510.8010
20250823토 5170011국550 1107 1혼전 4421흐림건조 4 4 8내추럴사운드    파이널보부산의별 1634.00한암 4 4 4 2 1   38      24750국5심승태김선식   5 412 9 925 2 1 021  4정우주46551.070평입보26 17 1711 5.033.0 8.52042101129 7 8 713 912 8173013 067 0↗↘입13.839.741.112.2542839.942.1114.0115.3 10 14  519   14.30   15.10 4  4  0BUDN53.74391817-1.2 8.6 7.4414117-1선행무리보통걸음53관 010 6 6 4 6 8 9⑩1:54.0목   2.714.842.314.8  1  6 -.2010 9  1 2.889467877 6 5 610110 2 7.08 8.11 3.5 8.9 14.3   95.2  190.1  187.6  .01312-3 1 2-3▽-1.341.70  .4734.54113.6 1.36 3.38 8.54 0 2 5 1.82 5.9311.4911
20250727일 7180010국550 7 57 2 2강 2259맑음건조 3 4 8내추럴사운드    파이널보부산의별 16     한암 4 5 5 9 1   51      24750국5심승태김선식   5 511 8 225 1 1 020  5정우주45951.069평입보30 14 1411 3.032.014.22042101129 7 8 713 912 8173013 067 0↗↘입13.840.640.312.2213138.942.0121.3120.2  5 10  020   14.40   13.8012  0 -1NUUP53.74391817 -.8 8.6 7.8464617 1걸음불변거리속성24관 0 6 2 2 2 2 1 3⑧2:01.3코   1.914.342.215.1  0 12 -.80 8 8  1 2.980 7855823 4 3 5 81 1 2.01 8.07 2.2 4.6  4.5    4.6   11.4   47.6  .01410-4 1 1-4▼-1.540.50  .1339.32118.9 1.14 5.9014.18 3 814 1.92 3.48 8.70 9
20250503토 41700 9국550 5 57 3 1강 1121흐림포화18 4 8내추럴사운드    파이널보부산의별 1634.00한암 4 5 5 1 2  240      24750국5심승태김선식   5 610 7 825 1 1 019  5이혁  44752.087평무상65 59 593338.048.023.127571110 012 8 7121312 8272119 067 0↗↘선13.840.240.712.2214739.940.8112.3113.6 11 16  021   14.50   13.60 4  1  0NU동53.74391817-1.6 8.8 7.2505017 0걸음늘어거리난점 1기 0 6 3 3 3 3 4 4⑦1:52.32    1.314.439.913.8  0  3  .90 7 7 -4 1.56153484938 8 1 4 52 3 4.01 9.01 2.4 4.3  6.6    8.1   20.4   13.6  .01751 0 5 4 0    .040.90  .0932.73113.7 5.8011.9023.14 61528 9.6420.3634.62 5
20250405토 4170011국551 6107 5혼전 4421비  다습13 4 8내추럴사운드    파이널보부산의별 1634.00한암 4 5 5 1 2  224      24750국5심승태김선식   5 7 9 6 725 1 1 018  5김동수44452.066평추상26 33 3346 9.052.026.71660 710 012 8 720 812 8 92027 099 0→→추13.840.240.612.2215539.740.4109.8112.3 11 11  628   13.80   14.00 4  1  0NUUP54.54371817 -.4 7.8 7.4515117 4걸음불변탄력호전 1관 0 5 6 6 6 7 6 4⑥1:49.8½    .514.539.213.6 -5  0 1.70 611  3  .81942372963 9 3 7 60 1 5.08 3.07 3.810.9  7.6  113.7  203.3  165.3  .03348 0 2 4 0    .240.70  .0531.50113.6 6.9116.8526.67 51222 3.08 7.1917.57 7
20250308토 3130010국544 6 97 1혼전 4431맑음다습11 4 8내추럴사운드    파이널보부산의별 1634.00한암 4 5 5 2 2  309      24750국5심승태김선식   5 8 8 5 425 2 1 017  5해리카44452.067평추보 5 11 1127 5.031.0 8.51538 810 012 8 7 0 012 8192512 099 0↗↘입13.838.038.512.2177936.940.3 81.6 83.3 12 12  029   14.90   14.90 4  2 -1VUDN54.54371817 -.6 6.8 6.2555517-1가는대로거리속성 1기 0 4 7     7 7 7⑦1:21.6목    .613.839.214.0 -1 10 1.40 7 8 -1 1.2571881645811 1 8110 2 5.01 7.01 3.9 6.5  9.7   20.5   47.6   27.5  .01310-3 1 1-3▽-1.339.10  .77 6.8282.97 1.40 3.34 8.53 0 1 5 1.64 5.4410.71 9
20250208토 5140011국512 6 67 1 1강 1151맑음건조 5 4 8내추럴사운드    파이널보부산의별 1634.00한암 4 6 6 1 2  394      24750국5심승태김선식   5 9 7 4 425 1 1 016  6해리카43452.567평추하16 27 2728 4.035.0 9.61538 810 012 8 7 0 012 8192512 099 0↗↘입13.837.738.512.2107237.641.5 92.6 90.9 13 13  031   15.50   13.80 3 -9  1HNDN54.54371817-1.0 6.4 5.4646417-4주행평범보통걸음 1기 1 211    101010⑨1:32.6¾   4.114.941.414.9  0 -2 -.90 9 9  1 4.591809295 411 1 9 90 1 1.03 7.11 1.6 4.7  1.6    4.7    6.1   28.8  .01617-3 1 1-3▽-1.238.60  .5214.7388.73 1.75 4.37 9.56 1 4 8  .94 1.88 5.9010
20250119일 6180011국551 8107 1혼전 4459맑음건조 3 4 8내추럴사운드    파이널보부산의별 16     한암 4 6 6 2 3  426      24750국5심승태김선식   510 6 3 125 2 1 015  6조상범43652.058평추상36 41 414510.035.014.61250 8 7 0 6 8 7 5 012 8132018 099 0→→입13.840.639.512.2277541.839.3122.2120.0 13 13  033   15.00   13.90 4  3 -1VUUP54.54371817-1.2 5.4 4.2666617 1주행평범탐색우려 1기 011101010111111⑩2:02.21¼   .915.540.413.8  2  4-2.1010 8  0 2.27693226549 6 1 3110 3 9.06 5.10 3.2 9.1 15.9   84.9  261.0  426.8  .01612-4 4 3-4▼-1.340.50  .3439.90118.6 3.10 6.8214.58 0 2 5 5.2611.9719.72 7
20241221토 6170011국521 7 77 4 3강 3322흐림양호 8 4 8내추럴사운드    파이널보부산의별 1634.00한암 3 7 7 2 3  526      24750국5심승태김선식   511 5 2 625 1 1 014  7조상범43252.559평입하54 63 635813.044.023.91250 8 7 0 6 8 7 5 012 8132018 099 0→→입13.839.940.212.2427540.140.1114.6113.5 14 14  036   14.80   13.50 5  1  0LU동54.54371717  .0 4.8 4.8575717 0주행평범작전마주 1기 0 8 7 7 8 8 8 5④1:54.6¾    .715.040.713.9 -4 -1-1.20 4 8  2 1.05661293358 7 1 2 53 2 6.07 2.03 3.6 7.6  9.5   57.5   95.0  156.7  .01755-1 4 3-1   -.441.20  .4933.40113.1 7.6015.1823.86 3 817 3.2311.1920.40 9
20241117일 4170011국511 7 67 6혼전 4411흐림양호 6 4 8내추럴사운드    파이널보부산의별 1634.00한암 3 7 7 2 4  626      24750국5심승태김선식   512 4 1 525 1 1 013  7이동하43352.590평입상59 76 768059.061.037.4253514 9 0 8 8 733 012 8232619 099 0↘→선13.839.840.312.2477240.439.6113.5113.1 15 15  031   13.80   12.40 4  3 -2LU동54.54371717-1.0 5.0 4.0575717 0전력변화탄력호전 1관 1 7 8 8 8 7 7 4⑦1:53.5목    .414.839.613.5  1 -4 -.10 7 6  3  .64473162564 5 1 3 40 1 2.01 5.02 1.5 5.8  9.4    5.8   16.5   20.5  .03378 0 7 7 0    .641.20  .1933.00113.113.3125.1037.4010223610.8726.0439.39 3
20241019토 31700 8국650 3 57 6 1강 1148맑음포화19 4 8내추럴사운드    파이널보부산의별 1634.00한암 3 0 0 2 4  724      16500국6심승태김선식   513 313 425 1 0 012  0최범현43754.093평추상34 37 377242.062.064.14199 8 9 0 8 8 722 012 8193019 099 0↘↘입14.240.040.812.8366439.738.4112.1112.7  8  8  025   14.80   13.40 2  0 -1VHUP55.04371712 -.4 6.0 5.6464613 4걸음불변탄력호전 1기 1 4 1 1 3 3 2 1①1:52.1코    .013.837.312.4 -2 -8 1.40 1 3 -4  .02938 2 090 4 4 4 32 1 3.01 4.05 2.4 3.3  5.6    6.8   17.3    4.3  .03370 0 5 5 0    .741.00 -.8031.85113.622.0045.0764.0816334818.1836.3647.87 3
20241005토 3130011국611 2 67 1 3강 3311맑음건조 3 4 8내추럴사운드    파이널보부산의별 1634.00한암 3 0 0 1 4  768      16500국6심승태김선식   514 212 325 1 0 011  0이현종44555.059평입하40 53 5331 4.035.0 9.3 3 0 4 9 0 8 8 7 0 012 8111925 099 0→→추14.237.839.012.8416439.437.0 82.6 83.1  9  9  018   14.40   13.50 3  2  1VNDN55.04371712 -.4 6.0 5.6464613-4걸음불변급하락세 1기 0 411    11 9 7⑤1:22.64    1.114.837.513.4 -2 -1 -.10 5 7  4 1.64998 1375610 4 5 93 1 1.0210.06 1.8 4.2  1.8    4.8    7.6    6.2  .01415-3 2 1-3▽-1.239.30  .58 6.2883.16 1.68 4.20 9.32 2 5 7 1.67 2.99 7.4410
20240915일 3170010국620 6 77 2 1강 1119맑음다습13 4 8내추럴사운드    파이널보부산의별 1634.00한암 3 0 0 2 4  799      16500국6심승태김선식   515 111 325 1 0 010  0김정준44654.076평추하24 22 2232 3.035.016.61222 9 9 0 8 8 7 91112 8152124 099 0↗↗자14.240.041.112.8384339.940.0114.8113.8 10 10  020   14.70   15.00 7 -7  0HH동55.04371712-1.0 6.6 5.6474717 0걸음불변최적거리 1기 0 2 4 4 4 4 3 2④1:54.8목    .614.440.413.5  1 -9 -.70 4 3 -2 2.46452252471 7 5 5 72 2 1.0211.09 1.5 3.3  1.5    3.3    4.3   41.5  .01417-3 1 1-3▽-1.241.10  .1232.66113.8 3.97 8.6016.59 41118 3.03 5.1310.23 9
20251116일 4140011국5 1 7  7 8 1강 1144           4 9문학대세        사우스비질풍대세 8727.00한암 23333   1    012:45 24750국5정호익권경자   2 0 4 1 1 3 1 1 0 3 33씨씨웡   52.589강입보50 67 679083.064.052.93055102144 7241916 02419202422 099 0→↘자14.636.939.012.86387                  100100  050   14.70   13.10 7  4 -1BUUP53.54671412  .0 2.0 2.0898912 2전개최상작전마주47기 0 9                            14.7    13.1                                 3 2 1 2  1                                              .03487 3 8 6 3▲ 1.139.00 -.42     88.5219.9037.0552.9320405619.4438.5355.56 2
20250927토 3120010국612 8 17 8 2강 2229맑음다습11 4 9문학대세        사우스비질풍대세 2822.00한암 2 0 0 9 1  129      16500국6정호익권경자   2 1 3 3 2 3 3 0 0 2  0장추열47053.593강입보96 92 929286.068.071.93350112144 7241928172419202622 099 0↘↗입14.636.938.512.8798537.136.9 75.4 73.8100100  0 0   13.90   13.60 4  3  0LU동53.54641212  .0 3.0 3.0787812 0걸음불변전개최상47기 1 5 9     6 4 1①1:15.46   -1.214.737.813.1  0  6-1.40 1 1 -2  .0 145 2 297 4 1 1 12 3 1.07 5.08 1.6 3.0  1.6   15.3   18.9   36.9  .04478 2 8 7 2▲ 1.338.00 -.90-1.5875.7236.1157.8371.9439597230.5949.7058.74 1
20250830토 4120010국640 6 47 6 1강 1121맑음불량20 4 9문학대세        사우스비질풍대세 2822.00한암 2 0 0 9 1   60      16500국6정호익권경자   2 2 2 2 1 3 2 0 0 1  0장추열46453.593평무하58 81 818285.060.053.23350112144 7241928172419202622      ↘↗입14.636.739.712.8983136.938.6 74.7 75.1              14.00   13.90 5 -2  0NNUP       12 0         7.0     0 2적임교체작전마주48기 1 2 5     4 4 3③1:14.71     .113.938.513.6  0  7  .70 3 3  1  .31830422876 1 7 2 22 2 2.01 9.01 1.9 3.6  3.9    3.6    7.9    4.0  .03166 1 7 7 1    .838.60 -.91-1.2776.2816.3735.9853.2320405629.4148.8459.79 1
20250727일 1100011국620 4 77 9 3강 3331맑음건조 3 4 9문학대세        사우스비질풍대세 2822.00한암 2 0 0 9 1   78      24750국6정호익권경자   2 3 1 1 1 3 1 0 0 0  0장추열45753.593평무보70 84 848580.067.035.73350112144 7241928172419202622      ↘↗입14.637.537.412.8729936.738.0 62.4 62.4              15.10   13.30 4  0  0NN동       10 0         7.0     0 0거세출주적임교체58기 2 4 6     6 3 3⑦1:02.4목    .914.037.913.9  5  1  .21 7 2  0  .93622533260 5 2 2 40 1 7.08 8.07 1.5 2.5 36.2  342.4  716.6  153.112.24480 2 7 8 2▲ 1.137.40  .02-12.562.7111.2022.8835.6710223620.4538.9550.81 1
20251116일 4140011국5 1 7  8 4 1강 1144           410혜원용마        한센    퀸크릭캣 6330.00한암 4 0 8   1    012:45 24750국5서인석이혜섭   0 013 2 112 1 0 112  8김태희   52.065기선보50 50 506222.043.021.61029 51837 9191515 018 91523166733 0↗↗입13.336.539.913.08535                   13 25 6313   13.60   13.40 7 -1  0LUUP54.04481412 -.4 4.8 4.4545413 1걸음불변거리부담75기 210                            13.6    13.4                                 110 7 6  3                                              .01448-1 5 4-1   -.439.90  .08     88.86 5.5512.3121.56 51223 7.4113.7622.22 6
20250927토 5130010국542 4 98 6혼전 4421맑음다습11 410혜원용마        한센    퀸크릭캣 6330.00한암 4 0 9 9 1  127      24750국5서인석이혜섭   0 112 1 612 1 0 111  9조재로46352.078기도보61 66 667733.058.030.52748131837 91915252518 91824225050 0↗↘추13.336.839.413.0915536.739.9 81.9 82.9 14 29 5714   13.90   13.30 8  6 -3BUUP55.04411312-1.2 5.2 4.0595912 1걸음불변탄력호전40기 011 2     2 3 3④1:21.91     .713.639.113.4 -1 12  .80 4 5  3  .84010714058 1 7 5 61 5 2.03 1.03 2.4 4.6  4.3    9.1   18.1   41.8  .03371 0 5 6 0    .540.20  .34 6.7182.78 8.7519.4830.52 51322 6.8518.5027.37 7
20250803일 2120011국613 7 68 7혼전 4439흐림건조 3 410혜원용마        한센    퀸크릭캣 6925.00한암 4 010 1 1  117      16500국6서인석이혜섭   0 21111 612 2 0 110 10김용근45155.083하도상44 48 487953.070.052.52149101837 9191517 018 92925175050 0↗→선13.336.739.413.7813937.138.0 76.6 74.6 17  0 50 0   14.50   14.00 4 -2  0NNDN55.04411313 -.4 5.6 5.2484813-1전력변화탄력호조44기 0 5 5     6 8 4③1:16.63     .613.938.913.3  1  4-1.50 3 2 -5  .7 845221964 4 5 3 23 3 7.04 6.09 2.1 7.3 15.0   40.2   37.6   56.210.64367 0 7 7 0   1.438.40 -.74-1.4676.1222.0939.2652.5019395715.3828.7439.74 1
20250705토 2130010국652 7108 4혼전 4431맑음건조 3 410혜원용마        한센    퀸크릭캣 6330.00한암 4 011 1 1   82      16500국6서인석이혜섭   0 31010 512 1 0 1 9 11김용근44755.082하선하16 18 186617.051.024.22149101837 9191517 018 929251799 0 0↗→선13.336.840.213.7911237.538.9 83.0 82.8 20  0 20 0   14.70   15.40 6 -3  0NNUP55.04341313  .2 5.6 5.8414113 1교체실패최적거리72기 0 710     6 4 2④1:23.01     .314.539.414.0 -3 -1 -.40 4 7  2  .43742403277 3 9 9 52 2 5.02 1.03 3.2 7.1 10.2   15.4   41.9   20.013.21854 0 4 5 0    .040.20  .05 5.7883.29 6.6813.1624.18 81728 6.7613.6620.96 7
20250525일 1120011국633 5 88 2 1강 1141맑음다습10 410혜원용마        한센    퀸크릭캣 6925.00한암 4 012 2 1  110      16500국6서인석이혜섭   0 4 9 9 512 1 0 1 8 12정정희44855.078평선보24 21 2150 9.038.015.02557111837 9191514 018 918241599 0 0→↘입13.336.739.313.7802037.740.0 78.6 77.4 20 20 20 0   13.50   16.10 4  7  0BN동55.04341313 -.5 5.8 5.3494913 0걸음불변마번불리48트 01011     9 8 7⑨1:18.61½  2.814.740.815.4  4  5 -.99 9 5  3 4.18575838817 2 2 7 60 2 1.02 1.02 2.2 3.4  2.2    3.4    5.6   12.5  .01422-3 2 2-3▽-1.039.30  .40 1.3776.06 3.18 8.0514.96 71425 2.17 5.4615.00 8
20250427일 1120010국611 9 18 4 1강 1139맑음양호 7 410혜원용마        한센    퀸크릭캣 6925.00한암 4 014 9 1  154      16500국6서인석이혜섭   0 5 8 8 412 1 0 1 7 14조재로44355.080기선적14 16 167538.056.059.92748131837 91915252518 918242299 0 0↗↘추13.336.839.013.7762335.742.1 79.1 77.1 20 20 40 0   13.60   16.70 5 -3  1HNDN55.04341313  .0 6.0 6.0434313-1탄력늘어기복전력 1트 0 3 2     3 3 3⑤1:19.14    2.813.543.016.1  3-11-1.35 5 2 -3 2.877 1978820 4 2 3 22 4 4.05 9.01 1.3 2.8 13.3   37.9   86.6   82.7  .01962 0 5 3 0    .339.10 -.78 1.3075.9520.5943.7559.9218365112.3125.1938.63 4
20250323일 2130010국653 8108 5 1강 1131맑음건조 4 410혜원용마        한센    퀸크릭캣 6330.00한암 4 016 2 2  258      16500국6서인석이혜섭   0 6 7 7 412 1 0 1 6 16김용근45454.589평선상39 47 475949.054.042.21832 61438 6191517 018 929251799 0 0→↗선13.336.940.413.784 736.343.7 87.1 86.5 25 25 25 0   13.80   14.80 6  5  0NH동55.04341312 2.5 5.5 8.0222213 0뒷심부족최적거리 1기 0 6 2     1 1 8⑧1:27.110   3.613.644.716.7  3  6-1.00 8 5  0 4.498 2999715 1 9 5 41 1 2.04 2.05 3.1 6.1  3.8   12.5   27.7   21.3  .02066-2 5 3-2    .441.00 -.64 9.2383.4812.6928.3942.21 82235 9.5220.3031.21 5
20250209일 2130011국651 8108 4 1강 1131맑음건조 4 410혜원용마        한센    퀸크릭캣 6330.00한암 4 020 1 2  386      16500국6서인석이혜섭   0 7 6 6 312 3 0 1 5 20조재로44854.581기선적29 27 278534.051.027.31338 51438 61915252518 918242299 0 0→↗추13.336.839.713.7861237.039.8 83.8 83.3 33 33 33 0   13.60   16.2012 -3 -1UH동55.04341312  .0 7.0 7.0353513 0걸음불변최적거리 1기 1 1 1     1 1 2③1:23.82½   .513.840.914.8 -2 18 -.90 3 5  2 1.25420704970 1 4 5 41 3 1.1011.04 3.4 9.6  3.4   61.2   78.8  179.3  .01466 0 4 3 0    .040.30  .27 6.7582.97 8.0715.6627.32 8203110.8420.2227.27 4
20241117일 2130010국651 6 58 4 1강 1136흐림양호 7 410혜원용마        한센    퀸크릭캣 6330.00한암 3 025 2 4  628      16500국6서인석이혜섭   0 8 5 5 212 2 0 1 4 25조재로43055.082기선적56 63 638779.061.056.03058172148 61915252518 918242299 0 0↘↘추13.336.939.213.7798936.543.2 87.8 86.5 33 33 33 0   13.50   14.00 4 -4  0UN동55.04341312         2.0    13 0신마혈통최적거리 1기 0 4 1     1 410⑩1:27.87    4.713.644.316.2  7 -4-1.1910 3 -4 5.197 5999612 2 4 1 30 2 1.04 6.03 2.0 4.0  2.0    6.7   11.2    6.6  .02465 0 7 6 0    .641.00 -.2910.3782.7121.7539.8655.9516334826.9849.6567.40 2
20241019토 4130011국653 6108 4 1강 1131흐림포화19 410혜원용마        한센    퀸크릭캣 6330.00한암 3 0 0 2 4  723      16500국6서인석이혜섭   0 9 4 4 112 1 0 0 3  0조재로43455.082하도하10 20 204128.049.019.13058172148 61915252518 9182422      ↘↘추13.336.940.714.876 437.338.5 82.8 82.5  0  0 50 0   13.80   15.40 6  0  1NNUP       1312         9.0    12 1교체실패신마혈통 1기 2 8 2     1 1 1②1:22.81     .013.538.914.0 -5 -9 -.20 2 7  3  .12633271691 21110 71 1 6.07 2.08 2.4 5.7 12.1   99.5  270.9   71.6  .02147-2 4 5-2   -.340.00 -.18 4.8983.68 4.9510.6919.12 41118 6.1414.3520.44 8
20240908일 2120010국612 7 68 4 1강 1139맑음다습11 410혜원용마        한센    퀸크릭캣 6925.00한암 3 0 0 2 5  820      16500국6서인석이혜섭   010 3 3 312 1 0 0 2  0정정희44354.084평도보42 36 366342.055.051.8315026204314191514 018 9182415      ↘↘입13.336.640.414.885 837.041.0 79.1 77.8  0  0100 0   13.30   15.10 7  3 -1LH동       1212         7.0    12 0걸음불변기수영향 1기 0 8 4     4 4 8⑨1:19.15    3.113.842.015.4  5 -5-1.10 9 4 -3 3.18941939016 511 3 20 1 2.01 9.11 1.9 4.3  5.4    4.3   11.3    8.4  .01664-1 5 5-1    .539.50-1.22  .8376.6215.6434.7251.7920405612.3526.8327.36 2
20240721일 1120011국611 8 68 2 1강 1139흐림불량20 410혜원용마        한센    퀸크릭캣 6925.00한암 3 0 0 2 5  952      16500국6서인석이혜섭   011 2 2 212 2 0 0 1  0김태희44855.060평무보12 35 3510  .032.0 9.8 2 0 3204314191515 018 9152316      →↗입13.837.140.414.962 136.639.9 77.0 76.3              13.80   15.20 6 -3  1LB동       12 0        10.0     0 0기수신마보통걸음 1   0 5 2     2 2 4⑦1:17.0¾   1.513.340.515.1  0  6 -.40 7 7  0 2.35720806442 51111111 2 5.01 4.08 1.4 6.8 13.8   11.3   37.8   82.8  .02014-2 2 1-2  -1.438.50 -.29-1.2076.90 1.02 3.37 9.76 1 4 811.6921.9546.71 5
20240608토 1120011국611 5 68 5 2강 2231비  다습11 410혜원용마        한센    퀸크릭캣 6925.00한암 3 0 0 2 6 1082      16500국6서인석이혜섭   012 1 1 112 1 0 0 0  0김태희44254.062평무보   35 3540  .033.010.21050 6193112191515 018 9152316      →→입    36.738.5        37.140.6 78.4 77.5              13.80   13.60 4  0  0LL동       12 0                 0 0걸음불변기수신마 1기 0 8 4     4 4 8⑩1:18.45    3.213.841.315.2  3 -7 -.7110 7  0 3.68543898615 6 611100 1 3.01 4.05 1.4 3.9  8.5    3.9   12.9    8.4  .01925 0 3 3 0  -1.039.30  .99 2.3475.61 2.29 5.5110.22 0 2 6 6.9814.5729.71 8
20251116일 4140011외4 1 7  4 1 1강 1144           411럭키하눌        WILL TAKTOUGH N   838.00미암 4 0 6   1    012:45 24750국5박재우럭키팜   3 01618 517 1 0 116  6권중석   52.555하입보50 38 3813 4.028.0 8.61399 41945 7241814 02620221613 099 0↗→선13.436.739.612.566 6                    7  7 29 0   14.80   14.0012  2  1VN동51.04981814  .2 8.2 8.4252510 0가는대로부진저하 5기 011                            14.8    14.0                                 2 91011  1                                              .0 6 8-3 1 1-3▽-1.539.60  .49     88.80  .49 3.12 8.61 1 3 7  .93 1.83 5.5611
20250823토 6140011외451 4104 1혼전 4451맑음건조 4 411럭키하눌        WILL TAKTOUGH N   838.00미암 4 0 6 2 2  231      33000혼4박재우럭키팜   3 11517 417 5 0 115  6김효정49252.068하입보12 11 1137 9.038.012.51533 8215010241819 02620162118 099 0↗→입13.436.739.712.571 537.940.1 89.8 90.3  8  8 31 0   14.70   14.10 6  0  0NV동51.04981812  .8 7.6 8.4232310 0걸음불변급하락세34기 0 910    101010⑩1:29.85    2.614.839.514.0 -1  9  .201011  3 3.18388728715 1 810100 6 5.0811.05 2.7 7.1 10.0  158.6  239.4  188.3  .01414-3 3 4-3▽-1.039.50  .3513.9188.86 3.81 7.5812.47 1 4 8 2.41 5.9214.5811
20250712토 7140011외454 4104 2혼전 4431맑음건조 5 411럭키하눌        WILL TAKTOUGH N   838.00미암 4 0 7 2 1  100      33000혼4박재우럭키팜   3 21416 317 4 0 114  7김효정48352.068하입상22 19 1924 9.039.010.51834131945 7241819 02620162118 099 0→↘입13.436.839.712.565 837.140.3 90.5 89.6  8  8 33 0   14.20   14.80 2  4  0NVDN51.04981812  .0 8.0 8.0262610-4걸음불변단기승부34기 0 911    111111⑪1:30.5½   1.614.740.814.1  3 -7 -.9011 8 -1 2.07252787931 6 6 8100 5 5.04 6.01 2.0 5.7 10.6   34.7   66.1  478.1  .01516-3 2 3-3▽ -.939.30  .3213.0988.93 1.61 4.5710.53 1 4 8 2.00 5.0313.2910
20250628토 8180011외410 9 64 3 1강 1149흐림다습11 411럭키하눌        WILL TAKTOUGH N   8     미암 4 0 7 9 1   33      33000혼4박재우럭키팜   3 31315 117 3 0 113  7김효정49052.067하입하 5  1  110 8.039.013.31834131945 7241819 02620162118 099 0→↘입13.440.040.912.551 739.141.8120.6119.5  9  9 18 0   13.90   16.10 8 -5  0NVUP51.04981812 -.8 7.8 7.0343410 2탄력저조거리늘어49기 0 5 1 1 1 1 1 4⑦2:00.62    1.314.243.014.8 -2  0-1.20 7 9  3 1.467 9845842 3 810 91 410.0211.01 2.0 6.3 44.9  133.8  386.1  380.3  .01421-1 2 4-1   -.741.00  .1638.64118.9 2.77 7.4613.28 3 815 3.03 7.8915.73 7
20250503토 7160010외451 9 54 2 3강 3333흐림포화18 411럭키하눌        WILL TAKTOUGH N   838.00미암 4 0 8 1 1  157      33000혼4박재우럭키팜   3 41214 217 2 0 112  8김효정49052.068평입상14 11 111710.038.016.91834131945 7241819 02620162118 099 0→↘입13.436.940.512.5311135.743.4106.3106.1 10 10 10 0   14.10   14.10 7  1 -1VVUP51.04981712-1.6 8.2 6.6393910 4걸음불변조교부실 1관 010 5   5 4 6 9⑧1:46.314   4.413.943.816.1  2  3 -.10 8 6 -1 5.097119797 8 6 8 7 62 3 1.04 3.09 2.4 4.9  2.4    6.7   11.6   18.6  .01414-2 3 4-2   -.940.50 -.2128.71103.8 2.87 7.6416.85 3 817 4.48 9.4017.72 7
20250316일 6120010외454 5104 4 1강 1149맑음양호 7 411럭키하눌        WILL TAKTOUGH N   8     미암 4 0 9 2 2  275      33000혼4박재우럭키팜   3 51113 317 1 0 111  9김효정48753.068평입하17 14 1431 7.043.025.61533 8215010241819 02620162118 099 0↗→입13.436.939.112.5661437.439.0 77.1 76.3 11 11 22 0   14.10   15.20 2  2  1LNDN51.04981713-1.0 8.4 7.4343410-4걸음불변단기승부 1관 1 9 5     5 5 5⑥1:17.1목   1.714.139.414.1 -1  1 -.70 6 7 -1 2.45860556033 4 5 9 52 2 1.05 8.02 2.8 5.9  2.8   15.4   30.4   24.9  .01531-1 2 2-1   -.438.80  .09  .3476.06 6.4714.8525.56 61528 1.67 7.8714.85 7
20250302일 8160010외451 7 54 3혼전 4433흐림건조 4 411럭키하눌        WILL TAKTOUGH N   838.00미암 4 010 1 2  315      33000혼4박재우럭키팜   3 61012 117 1 0 110 10푸르칸48652.069평입상 9 14 141713.044.019.9173612215010241818 02620132420 099 0→→추13.436.240.212.574 736.842.1107.0105.3 13 13 25 0   14.30   13.60 6 -1  0NVUP51.04981713-1.2 8.2 7.0414110 4걸음불변안장교체 1관 0 7 5   5 5 810⑩1:47.02½  3.814.143.315.2  2  0-1.1010 8 -2 4.893679496 7 3 8 9 60 1 5.01 1.08 2.1 4.8  9.2    9.1   22.9   33.1  .01528 0 3 4 0   -.540.20  .1828.88103.3 4.2410.3919.90 51322 2.9410.8120.48 8
20250119일 8120011외414 3 64 3혼전 4441맑음건조 3 411럭키하눌        WILL TAKTOUGH N   8     미암 4 011 2 3  424      41250혼4박재우럭키팜   3 7 911 217 3 0 1 9 11박태종48652.067평입하16 13 1357 9.042.011.2 820 8224320241814 02620202320 099 0↗↗선13.436.739.112.5861437.638.7 76.1 76.6 14 14 29 0   14.60   14.80 3  5  0NVDN51.04981713 -.6 7.2 6.6383810-5걸음불변급하락세 1기 0 8 8     7 9 9⑨1:16.11    1.114.338.613.6 -1  1  .20 910  7 1.56571455843 3 811 90 3 2.04 2.06 1.6 5.2  7.1   38.9   72.1   57.2  .01425-2 2 3-2   -.739.00  .63  .7675.95 2.13 6.0411.15 2 5 9 2.38 5.7113.1710
20241228토11170011외423 6 74 7혼전 4412맑음건조 4 411럭키하눌        WILL TAKTOUGH N   838.00미암 3 012 9 3  499      41250혼4박재우럭키팜   3 8 810 117 2 0 1 8 12박태종48552.067평입상73 42 425645.065.037.9 820 8224320241814 02620202320 099 0↗↗선13.439.141.612.5901139.342.0114.4114.5 14 14 29 0   14.00   13.80 5 -2  1UVUP51.04981713  .4 6.8 7.2353510 3적임교체탄력호전 1기 1 3 7 7 4 5 4 5⑦1:54.42½   .914.642.614.8  4-13 -.61 7 3 -5 1.98022776647 3 8 6 32 2 1.0610.06 2.3 4.7  2.3   12.4   18.6   16.0  .03358 0 6 8 0    .942.20 -.1533.84113.613.2826.7437.88142842 8.8620.3429.78 4
20241124일 8140011외451 4104 7혼전 4459맑음건조 4 411럭키하눌        WILL TAKTOUGH N   838.00미암 3 0 0 2 3  600      33000혼4박재우럭키팜   3 9 7 9 217 1 0 0 7  0박태종49851.067하무보 5  4  44210.051.036.6 820 8224320241814 02620202320      ↗↗선13.436.639.812.575 836.040.0 87.9 88.1  0  0 17 0   13.80   14.40 6 -1 -1NH동       1413  .0 7.0 7.0404010 0걸음불변적임교체 1기 1 5 7     3 2 1②1:27.91¼   .014.039.213.8 -6  0  .50 2 8  0  .322 5693281 2 9 7 32 1 1.0811.05 2.7 5.5  2.7   29.3   52.5  264.4  .04446 0 4 5 0   -.139.10 -.3111.7388.8613.4724.0036.64142842 6.2512.6119.35 8
20241012토 7140011외412 2 14 2 2강 2248맑음건조 3 411럭키하눌        WILL TAKTOUGH N   838.00미암 3 0 0 2 4  742      33000혼4박재우럭키팜   310 6 8 117 1 0 0 6  0김효정49852.064평입하10 14 1430 2.034.010.12199 52746 9241819 02620162118      →↘입13.436.539.812.5821036.840.4 89.2 90.4  0  0 20 0   13.60   14.8010 -3  0NHUP       1413 -.5 6.8 6.3494910 1탄력저조거리부담 1기 0 6 7     6 7 6⑥1:29.26    1.813.840.414.4 -2  7  .60 6 8  0 4.18639777323 210 8 80 1 1.04 7.05 1.5 3.3  1.5    6.1    7.6   22.8  .01325-1 2 2-1  -1.039.70  .4614.0888.80 2.07 5.2110.08 1 612  .12 2.33 6.0410
20240804일 8130010외453 1104 3혼전 4421맑음건조 3 411럭키하눌        WILL TAKTOUGH N   838.00미암 3 0 0 1 5  903      33000혼4박재우럭키팜   311 5 7 317 2 0 0 5  0해리카49152.071평입보17 21 2145 6.040.011.81640112141 3241823 02620192512      ↗→입13.436.839.512.5902537.040.4 83.2 84.9  0  0 25 0   13.40   14.30 4 -1  0LH동       1310-1.0 6.7 5.7535310 0주행평범거리속성 1관 0 9 7     6 610⑩1:23.25    3.513.640.514.8  2 -3  .9010 8  1 3.689218267 4 2 9 8 80 2 1.03 2.03 3.8 7.3  3.8    8.0   14.7   14.5  .01627-2 2 4-2   -.940.70  .81 8.5882.84 1.92 5.3211.77 3 814 1.30 4.7312.09 9
20240706토 6130010외443 3 44 4 2강 2231흐림포화16 411럭키하눌        WILL TAKTOUGH N   838.00미암 3 0 0 1 5  994      33000혼4박재우럭키팜   312 4 6 217 1 0 0 0  0해리카49452.071평입보18 23 2326  .038.010.61640112141 3241823 02620192512      ↗→입13.837.039.512.5862836.840.9 82.8 84.0  0  0  0 0   13.80   12.8023 -1  0NH동       1310-2.5 7.5 5.0626210 0출주제외거리속성 1기 010 5     5 3 8⑧1:22.82½  1.513.440.914.3  1 16  .90 8 7    1.97514907729 4 9 8 80 1 1.05 1.08 3.1 3.4  3.1   16.3   24.2   11.3  .01826-2 3 3-2  -1.040.30  .71 7.4782.97 2.07 5.4410.58 41118 6.2113.9538.24 6
20240128일 7130010외441 4 94 4혼전 4431맑음양호 9 411럭키하눌        WILL TAKTOUGH N   838.00미암 3 0 0 9 8 1455      33000혼4박재우럭키팜   313 3 5 117 1 0 0 4  0김동수49152.060평입보18 21 2137 5.041.0 9.11099 61753 52418 0562620 92027      ↗→추13.837.039.412.58231                    0  0  0 0   14.10   14.00 9  4  0BHUP       1310-4.0 9.0 5.0545410 1주행평범거리늘어 1기 011                    경제    14.1    14.0    13  .57                      310 9 90 1 1.03 8.06 3.3 6.2  3.3    7.4   14.7   14.1  .01635-1 3 3-1   -.839.40  .83     82.90 1.26 3.95 9.05 1 4 8  .81 3.20 6.7211
20231125토 6120010외442 6 94 6 1강 1156맑음양호 8 411럭키하눌        WILL TAKTOUGH N   8     미암 2 0 0 9 9 1665      33000혼4박재우럭키팜   314 2 4 117 1 0 0 3  0이혁  47852.092평입보39 45 455070.067.049.3364228243818241814 02620272119      ↘↘선13.836.939.112.5831837.739.7 77.3 77.4  0  0  0 0   13.80   13.90 6  2  0NHDN       1310         7.0    10-1걸음불변기수영향 1기 0 7 6     6 5 7⑧1:17.3¾   1.914.140.014.0  6  2  .11 8 2 -3 2.18374748225 4 6 4 32 1 8.04 2.05 2.3 6.3 39.3   98.8  271.7  293.7  .02675 1 7 8 1   1.239.10 -.57 1.3876.0619.0635.6249.2914284216.0028.5738.32 2
20231014토 9130011외452 6104 4혼전 4431맑음다습12 411럭키하눌        WILL TAKTOUGH N   838.00미암 2 0 0 2 9 1793      33000혼4박재우럭키팜   315 1 3 117 2 0 0 2  0김철호47652.068평무보38 46 462310.037.0 8.91463 5243818241815 02620152223      →→자13.937.039.512.5835137.039.7 82.7 83.2  0  0  0 0   13.90   12.80 6  2 -1NHUP       1310         5.0    10 3걸음불변거리늘어 1기 1 5 7     4 4 6⑦1:22.7머리 1.513.839.713.9  2-14  .40 7 5 -1 1.85422694936 6 9 7112 2 4.01 2.10 4.0 8.9  6.2   18.4   30.2   29.6  .01421-1 3 4-1   -.840.10  .77 6.7482.97 1.29 3.96 8.93 1 3 5 3.19 6.6712.4711
20251116일 5120011국5 3 7  6 3혼전 4432           5 1퀸아비게일      카우보이하버걸   4726.00한암 4 4 4   1    013:35 24750국5최봉주이수행   0 01616 624 1 1 024  4정우주   51.071평무보50 44 4430 9.041.016.020421017431113 3 0 017 7173013204020↗↘입13.937.738.712.63151                   10 20  015   14.10   14.00 4 -5 -1UUDN53.44501813-1.6 8.2 6.6424213-1걸음불변조교부실44관 0 1                            14.1    14.0                                10 4 8 9  4                                              .01429-1 2 3-1   -.738.70  .15     76.28 4.04 9.8916.00 3 814 4.00 8.7020.79 8
20251019일 4130010국513 3 66 2혼전 4421맑음포화17 5 1퀸아비게일      카우보이하버걸   6132.00한암 4 4 4 2 1   74      24750국5최봉주이수행   0 115151324 7 1 023  4조상범45752.056평무보40 39 3912 5.032.0 5.21270 617431113 313 717 7132018204020→→입13.937.439.412.6614337.739.9 82.2 84.0 11 21  016   14.00   13.30 4  3  0NU동53.44501813-1.4 8.4 7.0343413 0걸음불변보통걸음59조 0 6 7     7 6 6⑦1:22.2½   1.014.139.014.0 -2  3 1.50 7 9  1 2.37455707148 8 7 911013 1.02 7.03 2.1 7.5  2.1    7.5   12.2   17.8  .01410-2 1 3-2  -1.339.90  .69 7.2183.16  .54 1.64 5.16 0 2 5  .87 3.51 7.6510
20250920토 4130011국531 2 86 2혼전 4411맑음포화18 5 1퀸아비게일      카우보이하버걸   6132.00한암 4 1   2 1   61      24750국5최봉주이수행   0 214141224 6 1 0 0  0조상범45452.056평무하53 59 5920  .033.0 9.71270 617431113 313 717 7132018204020→→입13.937.439.512.6653538.039.0 80.7 82.9 11 22  017   14.30   12.7014 -2  0HU동53.44501813-1.4 9.0 7.6272713 0전력변화거리난점 5관 0 3 7     9 9 9⑧1:20.7목   1.014.037.913.3  0  1 2.00 8 8  4 1.1406944564710 9 610012 3.07 9.04 1.8 4.6  6.7   46.7  100.6   48.1  .02313-2 2 1-2  -1.339.60  .49 6.0083.23 1.73 3.94 9.68 1 4 810.3419.5733.33 6
20250615일 2130011국521 6 76 1 1강 1111맑음건조 3 5 1퀸아비게일      카우보이하버걸   6132.00한암 4 4 4 2 2  260      24750국5최봉주이수행   0 313131124 5 1 021  4조상범45352.058기무상21 21 21 5 3.025.0 5.91040 82067 313 313 717 7132018204020→→입13.937.439.512.6613537.440.8 83.9 84.6 11 22  017   13.90   14.30 4  1  0NU동53.44501813 -.4 9.4 9.0181813 0걸음불변부진마필39관 0 5 5     5 5 6⑩1:23.9머리 2.514.041.114.8  6  4  .1910 4 -3 3.38540888417 9 4 911011 1.10 6.03 2.5 4.2  2.5   47.6   46.2  179.1  .014 1-4 1 1-4▼-1.740.00  .61 7.6783.23  .93 2.00 5.89 1 3 5 1.30 2.42 6.7211
20250517토 3130010국543 8 96 5 1강 1121맑음포화17 5 1퀸아비게일      카우보이하버걸   6132.00한암 4 5 5 2 1   99      24750국5최봉주이수행   0 412121024 4 1 020  5조상범44952.056평입상15 15 1534 7.049.021.91270 617431113 313 717 7132018204020→→입14.037.439.512.6674337.440.1 81.8 83.1 12 24  618   14.00   13.60 2 -2  0HUUP53.44501813 -.8 9.2 8.4232313 1걸음불변탄력호전49관 0 4 7     8 7 3③1:21.85     .913.939.314.3 -4 -5 1.30 3 7 -1 2.25138766952 8 5 6 7310 1.03 9.01 2.4 4.6  2.4    4.7    7.1   32.9  .03332-2 2 4-2    .039.70  .16 6.2483.23 5.9211.6821.93 3 815  .76 4.15 8.88 8
20250504일 3120011국513 5 16 1 2강 2241맑음포화15 5 1퀸아비게일      카우보이하버걸   4726.00한암 4 5 5 1 1  131      24750국5최봉주이수행   0 51111 524 3 1 019  5조상범45452.058기입보20 18 18 9 2.034.011.91270 617431113 313 717 7132018204020→→입14.037.838.512.6236437.738.8 75.9 76.5 13 25  619   14.40   14.90 3 -2  0NUDN53.44501813 -.6 8.6 8.0323213-6걸음불변기복전력 1조 0 6 6     8 8 7⑦1:15.91¾  1.314.038.613.6 -1  0  .60 7 8 -1 1.5637348623611 4 9 90 9 1.10 2.04 1.5 2.7  1.5  146.3  177.5  294.2  .01410-3 1 1-3▽-1.137.90  .32  .2176.23 1.36 5.1411.87 1 3 8  .12 1.83 5.81 9
20250412토 41800 9국541 6 46 2 3강 3338흐림양호 7 5 1퀸아비게일      카우보이하버걸   6039.00한암 4 5 5 2 2  203      24750국5최봉주이수행   0 61010 124 2 1 018  5조상범45452.058기입상14  1  1 8 3.034.013.01040 82067 313 313 717 7132018204020→→입14.040.441.012.6382039.642.7120.7120.2 13 27  720   15.30   14.80 3  1  0NUUP53.44501813 -.4 8.6 8.2333313 1걸음불변거리늘어 1기 0 8 3 2 2 2 3 6⑧2:00.75    2.514.442.914.9 -1 -2 -.20 8 9 -1 3.18022918512 3 8 6 71 8 1.03 5.02 1.8 3.8  1.8    4.1    7.1    9.0  .01413-3 1 1-3▽-1.240.70  .0138.82119.1 2.66 6.3013.04 3 817 1.30 2.53 7.59 9
20250323일 5170011국511 5 66 2혼전 4429맑음건조 4 5 1퀸아비게일      카우보이하버걸   6132.00한암 4 5 5 2 2  255      24750국5최봉주이수행   0 7 9 9 324 1 1 017  5조상범45652.058기입보15  9  925 4.040.017.91040 82067 313 313 717 7132018204020→→입14.039.741.112.6555140.441.8114.4114.7 14 29  721   14.20   14.00 2 -1  0NUUP53.44501713-1.0 7.6 6.6474713 3걸음불변거리속성 1기 0 7 9 910 9 8 9⑨1:54.41    2.815.342.414.8 -1 -6 -.70 910 -1 2.982727484 7 8 4 7 70 7 4.01 6.03 1.5 3.7  8.9    4.2   14.2    5.6  .01426-2 1 2-2   -.841.60  .2633.87113.6 3.68 9.3817.91 41118 2.22 3.81 9.3810
20250309일 4140011국523 7 76 2 1강 1155맑음다습10 5 1퀸아비게일      카우보이하버걸   6132.00한암 4 6 6 2 2  298      24750국5최봉주이수행   0 8 8 8 224 1 1 016  6김정준46252.068기입하27 21 2131 4.039.013.91843152067 313 3 7 017 7152124204020↘→자14.037.339.212.6395937.540.1 89.8 90.0 15 31  823   14.30   15.10 7  0 -2NUUP53.44501713-2.8 8.0 5.2606014 1걸음불변급하락세 1관 0 8 6     8 7 8⑪1:29.81    2.514.239.514.0  0  2  .201111  2 2.97974708013 7 310 90 1 2.01 1.04 2.4 2.5  2.8    2.5    5.1    8.5  .01422-2 1 2-2   -.738.80  .2313.4788.93 2.72 7.8113.85 1 512 1.27 2.52 6.8211
20250119일 4130011국531 4 86 3혼전 4411맑음건조 3 5 1퀸아비게일      카우보이하버걸   6132.00한암 4 6 6 2 3  428      24750국5최봉주이수행   0 9 7 7 924 2 1 015  6조상범46053.559평입상61 69 695624.049.019.71250 823451513 313 717 7132018204020→→입14.037.538.712.6528737.541.2 84.6 85.3 17 33  825   14.20   14.00 4  3  0NV동53.44501713-3.2 7.8 4.6646414 0주행평범보통걸음 1기 0 8 8     6 6 8⑩1:24.64    3.214.341.215.1  1  4  .2010 9  2 3.993459290 4 9 2 4 70 6 4.0111.05 2.0 5.6 14.3   16.7   42.2   26.1  .01641 0 6 5 0   -.140.10  .65 9.0982.78 4.7310.1719.74 21017 8.7016.5620.48 6
20241222일 5130011국511 9 66 4 3강 3321맑음양호 7 5 1퀸아비게일      카우보이하버걸   6132.00한암 3 7 7 2 3  516      24750국5최봉주이수행   010 6 6 824 1 1 014  7조상범45653.559평입보57 61 615916.051.021.61250 823451513 313 717 7132018204020→→입14.037.638.712.6518737.538.8 83.5 82.4 18 27  927   14.10   13.90 7 -2  1NVDN53.44501713-3.6 7.6 4.0595914-1주행평범보통걸음 1기 1 5 6     6 5 3④1:23.5½    .514.239.914.0 -3 -1-1.50 4 7  1 1.02446383369 7 1 5 82 511.08 7.11 1.6 5.7 32.5  164.7  412.0  537.913.21952 0 4 5 0    .039.30  .53 6.1382.84 6.4512.2421.60 3 817 5.1511.0620.13 7
20241103일 41400 9국511 4 16 4 1강 1153맑음양호 7 5 1퀸아비게일      카우보이하버걸   6132.00한암 3 7 7 1 4  668      24750국5최봉주이수행   011 5 5 124 1 1 013  7박태종45753.081기무보21 38 383011.046.022.81550 323671913 322 017 7202320252525↘↗선14.037.339.212.6405937.139.0 88.5 88.5 20 30 1030   14.20   14.10 4 -2 -1NHUP53.54481713-2.6 6.8 4.2575713 1걸음불변기수승부 1관 0 7 6     4 3 3⑥1:28.5목    .714.139.313.9  0  4 -.30 6 6 -4  .73354373757 7 5 6 52 3 3.05 3.06 1.2 2.2 15.0   62.4  171.7  572.6  .01442 0 2 4 0   -.238.50  .0011.9588.93 4.9713.1222.83 61528 3.30 7.6916.15 6
20241006일 6130011국511 1 66 3혼전 4421비  건조 3 5 1퀸아비게일      카우보이하버걸   6132.00한암 3 8 8 1 4  754      24750국5최봉주이수행   012 4 4 724 1 1 012  8이철경45353.563기무적55 64 6436 9.039.0 8.420991623671913 324 017 7 91923252525↘→추14.037.538.912.6587937.838.9 82.5 83.9 22 33 1133   14.90   13.70 5  6 -1LH동53.54481713-2.6 7.0 4.4515113 0걸음불변거리난점 1기 1 9 7     6 6 9⑩1:22.5½   2.514.239.114.1  0  6  .501010  8 2.673604046 9 9 5 7100 1 1.09 2.08 1.8 6.2  1.8   29.1   39.7  122.1  .01426-1 3 3-1   -.739.80  .86 7.4882.90 1.29 4.29 8.38 0 2 6 1.98 4.6711.8611
20240831토 5130011국553 2106 5 1강 1111맑음건조 4 5 1퀸아비게일      카우보이하버걸   6132.00한암 3 9 9 9 5  849      24750국5최봉주이수행   013 3 3 624 1 1 011  9이동하44754.587기무적58 71 714760.054.031.72753132464 613 3 0 017 7232619252525↗↘선14.037.539.012.6557238.738.0 82.4 82.9 22 33 1133   14.40   13.20 4  1  2HN동53.54481713 -.8 6.2 5.4424213 0주행불만기수승부 1기 0 311    10 7 4⑤1:22.42     .514.938.313.7  3 -1  .19 5 2 -4  .8418914466111 3 4 50 1 1.03 1.04 3.8 7.8  3.8    9.2   15.2   40.6  .01965 0 6 6 0    .439.50  .13 6.3782.97 8.9220.8631.67 61528 9.6522.8134.55 3
20240804일 3130011국550 1106 3혼전 4431맑음건조 3 5 1퀸아비게일      카우보이하버걸   6132.00한암 31010 1 5  908      24750국5최봉주이수행   014 2 2 524 4 1 010 10조상범44852.563평자상40 53 534216.039.010.41017 92464 613 313 717 713201833 033→↗입14.037.539.212.6585538.037.1 80.7 81.9 13 25 1325   14.00   13.40 4 -7 -1UU동53.84481713 -.2 6.2 6.0393913 0최고선전급하락세 1기 0 2 7     5 4 2③1:20.7목    .014.437.313.2 -3 -3  .40 3 6 -5  .31069 1 482 7 8 4112 4 2.03 3.09 2.9 6.4  4.1   13.8   26.1   57.3  .01640-1 4 2-1   -.739.30  .62 5.1883.10 1.85 5.4110.39 0 2 6 6.4113.5023.77 5
20240707일 3130011국551 2106 4혼전 4441흐림다습14 5 1퀸아비게일      카우보이하버걸   6132.00한암 31111 1 5  987      24750국5최봉주이수행   015 1 1 424 3 1 0 9 11조상범45153.563평자상46 64 644218.040.014.41017 92464 613 313 717 713201850 050→↗입14.037.539.212.6565537.638.0 81.7 82.6 14 14 1414   14.90   12.90 4  1 -1LH동54.04471712 -.6 7.2 6.6404013 0걸음불변최적거리 1기 0 9 9     7 4 2③1:21.71¾   .314.037.813.4 -8  6  .60 311  5  .42851141468 7 7 6 90 3 9.01 4.05 3.2 9.2 18.1   29.2   69.9  339.2  .01444-1 4 3-1   -.639.50  .50 5.8583.10 2.74 7.8114.36 1 3 8 3.33 9.3818.57 8
20251116일 5120011국5 3 7  9 6혼전 4432           5 2슬링스타        투아너앤디그리   4926.00한거 3       1    013:35 24750국5김동균강현철   1 0 4 1 1 0 4 1 1 0  0조상범   54.558강선보70 82 8298  .054.033.11270 6193911183215 017 613201899 0 0→→입13.436.539.312.79643                  100 6710033   14.40   12.3021 -8 -1HUDN57.04681312 -.3 2.3 2.0888812-1신마적응전개최상36기 0 2                            14.4    12.3                                 110 1 4  4                                              .04475 0 6 5 0    .139.30  .00     75.9510.6123.3733.1110223618.0031.3040.10 2
20250622일 3130011국533 8 89 8 1강 1121맑음포화15 5 2슬링스타        투아너앤디그리   4731.00한거 3     2 2  391      24750국5강성오강현철   1 1 3 1 1 3 3 1 1 2  0조상범47355.558강도보93 99 9992  .055.029.11040 82164 8222414 0251913201899 0 0→→입13.536.739.212.7987536.740.2 82.2 82.810010010050   13.80   13.00 4 -1 -2LUUP57.04681312-1.5 3.0 1.5929212 1전개최상전개최상47기 010 1     1 1 2③1:22.2목    .113.440.014.4  2  4  .40 3 1  0 1.03510785077 2 3 1 51 3 2.0411.09 2.1 4.5  4.3   17.1   33.8   10.4  .04468 0 8 6 0△  .240.30  .58 6.8982.58 7.6418.4129.11 81728 7.9616.3634.44 6
20250524토 1120011국631 9 39 8 2강 2231흐림다습13 5 2슬링스타        투아너앤디그리   4926.00한거 3 0   2 1   80      16500국6강성오강현철   1 2 2 2 2 3 2 0 1 1  0조상범46957.058강도보99 98 9891  .065.063.21270 62047 9222414 0251913201899 0 0→→입13.536.439.914.0992036.437.8 75.2 73.7100100100 0   13.50   14.30 4 10  0VU동57.04661212-3.0 5.0 2.0868612 0기수신마전개최상50기 011 1     1 1 1①1:15.28   -1.313.837.913.0  0  3-1.00 1 1 -4  .0 11214 398 3 8 1 11 2 1.0211.02 1.5 2.8  1.5    4.5    6.7    3.8  .04478 1 8 9 1▲ 1.138.40-1.14-2.5776.2328.8148.1863.2439597211.5422.0941.05 6
20250427일 1120010국611 9 19 5 1강 1139맑음양호 7 5 2슬링스타        투아너앤디그리   4926.00한거 3 0 0 9 1  154      16500국6강성오강현철   1 3 1 1 1 3 1 0 0 0  0조상범46657.058평무보   25 2540  .034.020.41270 62047 9222414 02519132018      →→입    36.738.5        35.639.4 76.3 74.3              13.80   13.60 4  0  0NL동       12 0                 0 0거세출주기수신마 1기 0 1 1     2 1 2②1:16.3½    .013.540.314.3 -3 -3-1.30 2 5  0  .0 3 1671492 1 110 51 1 4.05 9.01 1.3 2.8 13.3   37.9   86.6   82.7  .02034 0 4 4 0  -1.138.30  .71 -.9075.61 3.3810.0920.41 4111813.8526.6750.21 2
20251116일 5120011국5 3 7  5 3혼전 4432           5 3싹다나은        콩코드포사사     3923.00한암 32020   1    013:35 24750국5함완식이진경  99 0 6 4 4 5 1 1 0 5 20해리카   52.073기자적50 55 555719.050.030.91950 91654 8122213 015 71925125050 0↘↘입13.436.839.113.07643                   50 25 50 0   13.60   14.3012 -2 -2UUDN53.84761312  .5 4.5 5.0606013-1주행평범조교부실31관 0 3                            13.6    14.3                                 4 8 3 5  2                                              .01650 0 4 5 0    .039.10  .00     76.0012.0619.4130.85 81728 8.0020.8728.22 4
20250824일 5130011국552 1105 6혼전 4421맑음건조 4 5 3싹다나은        콩코드포사사     7531.00한암 32525 2 2  222      24750국5함완식이진경  99 1 5 3 2 5 1 1 0 4 25코지  46853.584기자보48 60 607541.060.025.82053 61550 3122212 015 72526195050 0↗→선13.436.739.813.0943537.440.1 82.0 83.9 50 25 50 0   13.70   13.30 6 -2  1NNUP53.84761312  .0 5.0 5.0575713 1적임교체최적거리37기 0 5 4     6 7 9⑨1:22.02    1.513.639.414.3  6 -1 1.49 9 3  0 1.87038756732 2 9 6 70 1 2.04 3.09 4.0 8.4  4.7   16.4   32.9  121.5  .03180 1 5 6 1    .840.60  .29 7.3582.97 7.4716.6625.84 3 815 8.1818.1028.46 5
20250713일 4120011국553 3105 9혼전 4421흐림건조 4 5 3싹다나은        콩코드포사사     3923.00한암 33333 2 1   94      24750국5함완식이진경  99 2 4 2 3 5 1 1 0 3 33송재철46952.576기입보58 65 658260.068.041.81624111654 81222143215 71826215050 0↗→입13.436.739.714.0802837.338.4 75.6 75.8 67 33 67 0   13.40   14.30 7  4  0NUDN53.84761312  .0 5.0 5.0575713-1뒷심부족적임교체49기 1 7 6     8 8 7⑤1:15.62     .513.738.613.3  2-11  .10 5 3 -1 1.04154373862 210 5 23 1 2.01 2.10 2.6 6.1  6.0    6.1   18.2   17.8  .04486 3 7 8 3▲ 1.238.80 -.60 -.6376.2817.5231.4041.8018365113.7528.8938.64 2
20250525일 51300 9국551 6 55 5 1강 1141맑음양호 8 5 3싹다나은        콩코드포사사     7531.00한암 35050 2 1  126      24750국5함완식이진경  99 3 3 1 1 5 2 1 0 2 50이동하48052.588기입적90 66 668488.055.033.22949161654 81222 0 015 7232619 099 0→↘선13.736.940.414.1792336.939.2 82.0 82.9 50 50 50 0   13.70   14.40 4 -6 -3UUUP55.04711312  .5 5.5 6.0434312 1교체성공선행유리49기 0 3 2     2 2 2③1:22.0¾    .013.439.614.3 -1  9  .30 3 4  0  .64118522776 1 9 5 51 2 2.03 9.07 2.7 4.6  3.7   12.6   25.3   33.2  .02971 0 7 6 0    .340.10 -.39 5.5783.48 8.3820.6233.24 8172819.7035.7750.76 3
20250427일 1120010국611 9 15 2 1강 1139맑음양호 7 5 3싹다나은        콩코드포사사     3923.00한암 3 0 0 9 1  154      16500국6함완식이진경  99 4 2 2 2 5 1 0 0 0  0이동하47155.089하무하19 16 16 737.036.019.62949161654 81222 0 015 7232619      →↘선14.238.040.914.812 136.039.0 76.3 74.3  0  0  0 0   14.40   12.6022  3  1LN동       1212 4.0 7.011.0 1 112 0거세출주거리난점 1기 1 9 5     4 4 1①1:16.3½    .013.739.914.4 -3  7-1.30 1 4 -3  .0 3 3551492 710 4 72 1 4.05 9.01 1.3 2.8 13.3   37.9   86.6   82.7  .01314-3 4 4-3▽-1.137.00-1.36-4.6077.68 2.82 9.3519.58 5132210.7726.6739.91 3
20241123토 1120011국621 7 25 4 2강 2235맑음건조 4 5 3싹다나은        콩코드포사사     3923.00한암 2 0 0 2 4  618      24750국6함완식이진경  99 5 1 1 1 5 1 0 0 0  0해리카46454.076평무보   25 2540  .030.010.21833 81327 5122213 015 7192512      →→입    36.738.5        37.643.4 82.2 80.9              13.80   13.60 4  0  0LL동       12 0                 0 0거세출주기수신마 1기 0 6 8     8 911⑪1:22.26    5.514.244.215.1  4  6-1.2011 7  0 7.199699999 9 7 710 80 1 2.04 4.05 2.1 1.7  2.3    7.2   10.9  230.2  .01620 0 3 4 0  -1.240.40  .99 5.7075.61 1.83 4.7810.16 1 612 5.5612.5424.37 6
20251116일 5120011국5 3 7  6 2혼전 4432           5 4새로운가이      선더모카새로운가 2824.00한수 4 020   1    013:35 24750국5우창구김종근  -1 016111015 1 0 315 20조한별   53.067평입보50 52 523711.043.022.01340 92444101914 0 019 8121918 02575↘↗입13.737.038.812.66347                   29 29 2121   13.80   14.30 4 -3  2HNDN53.95031412-1.0 5.8 4.8555512-2주행평범보통걸음57기 0 4                            13.8    14.3                                 5 5 5 6  1                                              .01629-1 3 4-1   -.538.80  .31     75.95 6.1712.8622.04 41118 6.0012.1719.31 6
20251018토 5140011국521 7 76 3혼전 4451흐림포화19 5 4새로운가이      선더모카새로운가 3232.00한수 4 021 2 1   84      24750국5우창구김종근  -1 11510 315 1 0 314 21우인철51251.063평입하34 32 324212.046.016.81560 82444101914 0 019 8133125 02575→→입13.736.839.712.6652836.640.3 89.4 89.1 31 31 2323   13.90   14.10 8 -2 -4NUUP53.95031412 -.6 5.0 4.4616112 2주행평범보통걸음40기 0 7 3     2 2 5⑧1:29.4½   1.813.839.814.3 -1 -5 -.10 8 9  6 2.05225756329 2 710 81 1 4.03 3.09 2.4 5.3  9.1   23.0   46.6   18.7  .01638-1 3 3-1   -.439.10  .1512.5588.93 4.32 9.4416.82 3 814 2.25 6.9013.4610
20250824일 6120010국524 2 76 3혼전 4441맑음건조 4 5 4새로운가이      선더모카새로운가 2824.00한수 4 023 2 1  133      24750국5우창구김종근  -1 214 9 915 3 0 313 23조상범51755.058평입하77 66 663713.044.014.41270 6244410191413 019 8132018 02575→→입13.737.138.612.6595537.039.1 75.0 76.3 33 33 2525   13.90   13.50 5  8  1BN동53.95031412-1.4 6.4 5.0565612 0주행평범보통걸음52기 1 9 7     7 7 6④1:15.04    1.413.938.814.1  1 12 1.10 4 3  0 1.65939625436 7 5 5 93 4 4.02 7.03 2.2 3.7  9.3   14.8   34.4   45.4  .01631 0 4 3 0   -.538.50  .60  .5975.89 3.11 7.4514.39 2 5 9 2.9010.0618.55 9
20250720일 4120011국544 2 96 5 1강 1132맑음포화17 5 4새로운가이      선더모카새로운가 2824.00한수 4 025 2 1   74      24750국5우창구김종근  -1 313 8 815 2 0 312 25조상범50554.058평입보85 78 786576.059.034.81270 6244410191413 019 8132018 02575→→입13.736.938.912.6703937.138.5 74.4 75.7 33 42 1725   14.10   12.90 5 -7  2UN동53.95031412 -.4 6.8 6.4474712 0뒷심문제최적거리52기 1 1 6     6 7 8⑧1:14.4머리  .813.938.113.5  5  1 1.29 8 3 -4  .93946393651 5 4 2 30 3 9.10 8.10 1.8 4.4 38.2  463.6  900.9 1495.0  .02957 0 8 7 0    .838.60 -.06 -.0775.9511.1923.8234.82 8223524.0540.9451.94 1
20250614토 5120011국554 3106 3 1강 1141맑음건조 3 5 4새로운가이      선더모카새로운가 2824.00한수 4 018 2 1   96      24750국5우창구김종근  -1 412 7 715 1 0 211 18조상범50452.058평입하64 58 583610.044.018.91270 6244410191413 019 8132018 03367→→입13.736.939.012.7723937.337.8 74.8 75.2 27 36 1827   13.70   13.90 5  6 -1LHDN54.55031412 -.4 6.8 6.4464612-1걸음불변보통걸음56기 1 8 8     9 8 6②1:14.83     .014.137.812.9 -5 -1  .20 2 7  1  .62456161979 8 5 9 83 2 1.07 2.08 2.3 7.0  2.3   17.6   32.7  145.7  .01643 0 2 2 0   -.438.40  .34 -.6676.00 4.9810.8718.89 2 613 2.00 5.0010.4210
20250511일 4130011국511 9 16 6 1강 1121맑음포화19 5 4새로운가이      선더모카새로운가 3232.00한수 4 020 2 1  109      24750국5우창구김종근  -1 511 6 315 2 0 210 20박태종50553.076기입상41 42 426555.062.040.611 0 8244410191414 019 8202320 03367↘↗선13.736.939.312.7845136.940.2 82.9 83.1 30 40 1030   14.20   13.50 4  0  2UNUP54.55031412 -.4 6.6 6.2464612 1걸음불변탄력호전 1   0 2 4     6 6 4⑦1:22.9½    .713.739.813.9  1 -3  .30 7 6  2 1.24816795859 3 7 8 42 2 8.01 8.01 1.4 3.4 49.3   21.6   97.0   34.113.23353 0 5 7 0    .740.20  .07 6.8582.7813.2327.8440.55142842 8.5721.5032.53 3
20250412토 5120011국513 5 16 6혼전 4441흐림양호 7 5 4새로운가이      선더모카새로운가 2824.00한수 4 022 2 2  202      24750국5우창구김종근  -1 610 5 615 1 0 2 9 22박태종50851.567기입보65 61 616718.054.028.41786 51531 6191414 019 8202320 05050↗↘선13.736.938.712.7745537.338.3 76.1 75.5 33 33 1133   13.90   14.20 5 -7 -2UU동56.05011412 -.2 6.2 6.0515112 0걸음불변탄력호전 1기 2 2 7     7 7 7③1:16.14     .714.238.713.5 -1 -1 -.50 3 4 -1  .82752313160 4 7 8 63 1 1.02 7.06 1.5 2.6  1.5    2.6    3.4    7.5  .03364 0 4 3 0    .438.50  .25 -.1175.84 7.8618.1628.36 51223 3.8010.7120.07 7
20250309일 5120011국513 3 66 3 1강 1149맑음다습10 5 4새로운가이      선더모카새로운가 2824.00한수 4 025 2 2  297      24750국5우창구김종근  -1 7 9 4 515 1 0 2 8 25송재철50953.074기자적45 44 444730.050.037.61367 31531 6191410 019 8182621 05050→↗입13.737.038.512.7686836.939.0 76.5 75.8 38 38 1338   14.40   14.10 6 -1  0LUDN56.05011412 -.4 5.6 5.2565612-1걸음불변기복전력 1기 0 9 3     5 4 5⑥1:16.52     .813.939.514.2  1 10 -.60 6 5 -5 2.14032564352 5 5 2 22 2 1.06 2.11 1.5 6.3  1.5   13.2   17.1   62.7  .01549 0 4 4 0    .138.50  .02  .3275.7810.9425.9937.6212253917.6535.9045.45 2
20250125토 6130011국522 7 76 5 3강 3321맑음건조 3 5 4새로운가이      선더모카새로운가 3232.00한수 4 028 9 3  415      24750국5우창구김종근  -1 8 8 3 215 1 0 2 7 28이동하49953.088우입보21 33 336726.054.021.32133111640 7191429 019 8232619 05050→↗선13.736.939.012.7867537.839.6 84.6 84.1 43 43 1443   13.80   14.50 5  8 -1BUDN56.05011412  .2 4.2 4.4717112-1주행평범거리속성 1관 11010     91010⑦1:24.65    2.614.440.014.1 -3-13 -.90 710  1 2.97961636812 4 4 9 53 3 6.05 9.02 3.0 6.1 16.0   52.9  136.3  916.3  .02367 0 4 5 0    .240.40  .80 8.2482.58 4.1711.9521.25 71425 5.8813.5621.71 6
20241222일 4140011국550 9 56 4혼전 4451맑음양호 7 5 4새로운가이      선더모카새로운가 3232.00한수 3 033 2 3  517      24750국5우창구김종근  -1 9 7 2 215 1 0 2 6 33송재철51253.579우자하63 62 626637.054.020.71738 91640 7191410 019 8182621 05050↗→입13.736.739.312.7705936.340.6 91.3 89.7 50 50  050   13.80   14.10 5 -7  1UN동56.05011412  .0 3.6 3.6707012 0주행평범안장교체 1기 1 2 3     4 5 9⑨1:31.3코   1.413.841.214.5  0 -1-1.30 9 9  4 1.67415816537 2 8 6 70 1 1.06 7.04 1.9 4.6  1.9    9.0   12.1   16.7  .02076 0 5 4 0    .339.40  .3613.7388.59 4.1911.7820.67 41118 5.4714.2924.87 8
20241116토 4140011국551 6106 4 3강 3341맑음건조 3 5 4새로운가이      선더모카새로운가 3232.00한수 3 040 2 4  637      24750국5우창구김종근  -110 6 1 115 1 0 2 5 40조상범51353.062우자보90 94 944666.041.014.212 012326410191413 019 8132018 05050↗→입13.736.839.512.7654736.539.3 89.7 88.8 60 60  060   13.80   13.10 6  6 -3BUUP56.05011412  .4 3.8 4.2636312 2전개최상보통걸음 1기 1 9 5     4 4 5⑥1:29.7머리  .813.840.014.1  1  5-1.00 6 5  3 1.14720482654 4 5 1 82 1 2.06 2.05 2.4 6.1  4.6   26.9   56.1   81.4  .03444 0 6 5 0   -.539.10  .3612.5388.80 2.54 6.8314.18 2 613 8.4019.4329.68 4
20241006일 11200 8국621 8 26 8 2강 2248흐림건조 3 5 4새로운가이      선더모카새로운가 2824.00한수 3 025 1 4  759      16500국6우창구김종근  -111 5 5 415 2 0 1 4 25이동하50856.090우입보98 96 969596.072.099.0253514326410191429 019 8232619 05050↘→선13.737.138.512.7617236.837.8 75.9 74.4 50 50  050   14.10   13.0012 -2  0HU동56.05011312  .5 4.3 4.8575712 0뒷심문제전개최상 1기 0 3 1     1 1 2②1:15.97     .013.838.513.1  0  3-1.30 2 2  0 1.2 42814 692 2 2 1 21 2 1.02 5.03 1.6 1.4  1.6    1.4    2.4    3.1  .04486 1 8 6 1▲ 1.537.90-1.79-1.2375.8445.0885.0799.0039597261.6795.0099.00 1
20240713토 3120010국621 7 26 6 2강 2237맑음양호 9 5 4새로운가이      선더모카새로운가 2824.00한수 3 0 0 2 5  979      16500국6우창구김종근  -112 4 4 315 1 0 0 3  0이동하50556.088기입보91 87 876889.070.065.82753132699 6191429 019 8232619 099 0↗↘선13.737.039.113.2684737.437.2 75.2 74.5 33 33  033   13.90   13.50 4  3  0NU동56.04961312  .7 5.0 5.7474712 0전력변화신마혈통 1기 2 5 9     6 5 3②1:15.24     .014.137.513.0  0  9 -.60 2 2 -1  .6 558 4 692 6 7 2 23 1 1.02 6.05 1.4 1.6  1.4    1.6    2.1    4.0  .02687 1 7 7 1   1.338.10-1.12-1.6576.1226.8350.4465.8119395730.9352.4639.42 1
20240616일 1120011국640 8 46 2 2강 2239맑음건조 5 5 4새로운가이      선더모카새로운가 2824.00한수 3 0 0 2 6 1050      16500국6우창구김종근  -113 3 3 215 1 0 0 2  0김효정49656.067하입보43 35 351710.038.016.81643101956 01914 6 019 8162118      ↘↘입13.737.040.014.2701237.037.8 76.5 74.5  0  0  0 0   13.90   14.50 4 -8  0HH동       1312 1.0 6.0 7.0282812 0걸음불변보통걸음 1기 1 2 2     3 3 3③1:16.5목    .013.938.913.5  0  2-1.70 3 3 -3  .3 538141091 8 9 3 52 2 1.04 5.03 2.2 3.5  2.2    7.6   10.5    9.1  .01417-2 4 2-2   -.838.10 -.21-2.5076.62 2.33 7.4416.75 92133 4.11 9.2712.26 8
20240518토 1120011국641 6 46 2 1강 1139맑음다습10 5 4새로운가이      선더모카새로운가 2824.00한수 3 0 0 2 6 1144      16500국6우창구김종근  -114 2 2 115 1 0 0 1  0임다빈49456.081하무보23 35 3525  .039.012.91938141956 0191418 019 8152324      ↘↗추13.737.040.214.774 536.939.5 76.6 76.2  0  0  0 0   13.70   15.00 4  3  0LHDN       1313 3.0 6.0 9.0212113-1걸음불변보통걸음 1기 310 7     5 4 3⑤1:16.65    1.513.940.114.5 -1 -2 -.30 5 6  0 2.05333695842 71011 82 1 1.02 5.04 2.7 3.9  2.7    3.9    7.6    5.6  .01635 0 3 3 0   -.738.60 -.21-1.0076.73 2.34 7.0712.91 1 61210.9821.5635.70 8
20240420토 21300 9국640 7 46 4 1강 1139비  다습11 5 4새로운가이      선더모카새로운가 3232.00한수 3 0 0 2 7 1229      16500국6우창구김종근  -115 1 1 115 1 0 0 0  0김효정49656.057평무보   35 3540  .036.019.21399 6 720 01914 6 019 8162118      →↘입    37.539.6        37.240.8 84.7 83.8              14.00   13.70 4  0  0LL동       13 0                 0 0걸음불변거리속성 1기 1 7 3     4 4 6⑨1:24.75    2.113.741.415.0  3 -2 -.80 9 6  0 2.97128888030 1 1 8 60 1 4.03 4.01 1.6 2.2  8.2   23.1   43.1  323.9  .01429 0 3 2 0   -.939.80  .12 6.7383.35 3.66 9.4319.20 3 81518.0033.3367.24 2
20251116일 5120011국5 3 7  7 3혼전 4432           5 5굿프렌드        미스터크새로운리 4426.00한암 3 014   1    013:35 24750국5안병기말사모   0 015 7 714 1 0 214 14조인권   52.068평입보50 53 534324.054.037.8163510275415182018222012232413 05050↗↘선13.537.139.313.25131                   15 15 15 0   14.20   13.80 3 -1  0NUDN53.44661412-2.0 7.2 5.2575713-2주행평범급하락세 1   0 5                            14.2    13.8                                 611 4 3  2                                              .01637 0 5 6 0    .239.30 -.48     76.2813.1227.4337.7514284212.0022.6129.70 3
20251025토 4140011국551 7107 4 1강 1151맑음건조 5 5 5굿프렌드        미스터크새로운리 3728.00한암 3 015 9 1   63      24750국5안병기말사모   0 114 6 414 1 0 213 15이동하46352.088평입상50 49 495356.060.034.0294916275415182011 02012232619 05050→↘선13.536.740.213.2681237.638.9 89.8 89.2 17 17 17 0   14.20   13.50 3 -5  0NUUP53.44661412-2.6 7.2 4.6545413 1걸음늘어조교부실19관 0 610    10 9 7⑦1:29.81¼   .714.239.313.8  1 -2 -.70 7 6 -2  .95578335259 210 9 40 1 3.0510.01 3.710.7  5.4   14.0   29.9   31.8  .01971 0 5 6 0    .839.30 -.5412.2689.2110.9422.9834.01 8223510.0821.7730.59 5
20251004토 4130010국551 8107 5 1강 1121맑음다습10 5 5굿프렌드        미스터크새로운리 3728.00한암 3 016 1 1   30      24750국5안병기말사모   0 213 5 414 1 0 212 16조인권46552.065평입상36 42 425822.059.031.4163510275415182018222012232413 06733↗↘선13.536.840.113.7882838.139.2 82.7 82.9 18 18  9 0   13.70   14.50 4  7  0BUDN53.84661412-2.2 6.6 4.4595913-1주행평범최적거리81기 111 9     9 8 8③1:22.73     .614.238.713.5 -5 -2  .40 3 8  2  .93971496363 211 8 53 1 2.0110.08 2.1 5.9  4.7    6.7   16.0   30.4  .02065 0 4 6 0    .740.20 -.09 6.0183.23 8.3519.3931.41 61525 7.0813.5722.15 7
20250906토 9140010국511 4 67 3 1강 1145흐림포화16 5 5굿프렌드        미스터크새로운리 3728.00한암 3 018 1 1   76      24750국5안병기말사모   0 312 4 314 4 0 211 18씨씨웡46752.089평입상35 42 425246.052.035.0305510275415182028 02012202422 06733→↘자13.536.740.513.7701436.240.4 87.9 88.9 20 20  0 0   13.50   14.10 2  3  0VUUP53.84661412-2.6 6.4 3.8676713 1주행평범조교부실 5관 0 4 4     2 2 4⑤1:27.95    1.113.740.014.5 -1 -2  .80 5 6 -4 1.85011785645 311 3 31 4 1.09 1.08 1.4 4.4  1.4   17.7   21.4  189.8  .01643 0 6 5 0    .239.20 -.7611.7289.41 9.3822.9835.0012253910.4526.0335.22 2
20250824일 5130011국552 1107 4혼전 4421맑음건조 4 5 5굿프렌드        미스터크새로운리 3728.00한암 3 020 2 1   28      24750국5안병기말사모   0 411 3 314 3 0 210 20씨씨웡46952.089평입보38 47 475632.059.025.8305510275415182028 02012202422 05050→↘자13.837.040.113.7792337.139.0 81.1 83.2 33 11  0 0   14.20   14.80 4 -7  0UUDN54.84651412-1.6 5.6 4.0585813-1주행평범최적거리46기 0 1 1     3 3 2⑥1:21.12½   .613.539.114.1 -4  9  .90 610  4  .94824412156 511 8 82 3 2.04 3.09 4.0 8.4  4.7   16.4   32.9  121.513.21658 0 5 5 0    .840.10 -.07 6.1483.35 7.4316.5525.75 1 512 5.4513.7921.14 8
20250726토 3140010국521 5 77 3 1강 1151맑음건조 4 5 5굿프렌드        미스터크새로운리 3728.00한암 3 022 9 1   64      24750국5안병기황혜정   0 510 2 214 2 0 2 9 22씨씨웡46052.089평입보38 59 594150.050.032.8305510275415181428 02012202422 05050→↘자13.836.940.413.7591836.740.5 89.4 89.0 38 25  0 0   13.80   14.00 3  7  0LUUP54.84651412-2.0 6.4 4.4585813 1주행평범보통걸음50기 1 8 8     7 6 3⑤1:29.43     .914.240.414.8 -1 -3 -.30 5 6  0 1.85430827549 410 4 30 2 8.02 5.10 1.6 4.7 36.9   78.9  286.4   34.8  .01641 0 6 4 0    .139.00 -.7711.6989.48 9.6423.0832.81122539 9.5220.1031.03 3
20250706일 31300 9국551 6107 5혼전 4421맑음건조 3 5 5굿프렌드        미스터크새로운리 3728.00한암 3 025 1 1   49      24750국5안병기황혜정   0 6 9 1 214 1 0 2 8 25씨씨웡46352.089평입상67 82 826569.057.030.1305510275415181428 02012202422 05050→↘자13.937.240.213.9702537.539.3 82.7 83.3 43 14  0 0   14.00   14.30 4 -6 -3UUUP54.84651412 -.8 6.0 5.2575713 1적임교체최적거리66기 0 1 5     6 5 7④1:22.76    1.213.839.414.0 -2  4  .20 4 6  1 1.45545534740 4 9 3 52 1 1.08 6.04 2.2 5.4  2.2   28.3   40.0   43.7  .03165 0 7 7 0    .339.90 -.36 5.9183.55 7.5718.9430.11 8172817.5034.4841.10 1
20250607토 11200 8국631 7 37 8혼전 4453흐림건조 3 5 5굿프렌드        미스터크새로운리 4426.00한암 3 014 2 1   78      16500국6안병기황혜정   0 7 8 8 614 1 0 1 7 14마이아45955.093평입하23 23 236352.072.056.3375320275415181443 020123530 9 05050↘→선13.937.239.613.9542836.639.2 76.4 75.4 33 17  0 0   14.50   15.50 2 -1  0NNDN54.84651412 -.2 5.6 5.4545413-2걸음불변적임교체42기 0 7 6     6 3 4②1:16.47     .014.039.714.3 -3  5 -.60 2 5  4 1.22921644485 4 4 5 32 1 3.05 6.07 1.8 2.4  4.3   21.2   39.6  145.610.64474 0 6 8 0▲ 1.338.20-1.22-1.3976.5121.5340.9156.2514284214.4927.0346.26 4
20250524토 2140010국650 9107 4혼전 4456흐림다습13 5 5굿프렌드        미스터크새로운리 3728.00한암 3 016 2 1   79      16500국6안병기황혜정   0 8 7 7 114 2 0 1 6 16코지  45455.086평입보80 70 703468.055.044.0295217275415181428152012252619 05050→↘선13.937.040.613.9531437.741.5 92.6 91.1 33 17  0 0   14.50   14.30 4  5  0NNUP54.84651412  .4 5.8 6.2494913 1걸음불변거리부담42관 2 8 9    10 9 8⑧1:32.64    3.214.541.615.5  7-10-1.01 8 1 -4 4.49382929516 5 5 1 30 3 2.08 1.03 3.7 8.7  4.2   18.1   26.6  123.8  .01540 0 7 7 0    .339.40-1.2313.4989.6913.9530.4744.0110223628.0740.6354.66 1
20250426토 2130011국651 9107 5혼전 4424맑음양호 9 5 5굿프렌드        미스터크새로운리 3728.00한암 3 0 0 9 1  163      16500국6안병기황혜정   0 9 6 6 114 1 0 0 5  0코지  46455.086평입하25 38 384726.056.027.4295217275415181428152012252619 099 0→↘선13.937.340.213.9602537.439.5 83.8 82.1 20  0  0 0   13.90   14.50 3 -7  3UNUP54.54661312  .3 5.8 6.0555512 1걸음불변거리늘어 1기 1 310     9 6 4②1:23.8목    .014.540.114.3 -3 -8-1.20 2 5 -1  .11541615385 3 6 5 73 2 6.0511.03 2.6 6.1 10.6   54.3  133.8 1086.713.21956 0 5 5 0    .339.60 -.34 4.6083.61 7.0017.2527.39 41118 8.2016.1125.48 6
20250405토 1120011국640 9 97 2 2강 2237비  다습12 5 5굿프렌드        미스터크새로운리 4426.00한암 3 0 0 1 2  227      16500국6안병기황혜정   010 5 5 514 1 0 0 4  0김성현47252.069평입보41 48 483115.047.029.21550 52169 8181418 02012162519 099 0→→입14.237.439.413.9425136.840.2 76.8 76.7 25  0  0 0   14.20   14.20 3  2 -3BU동54.54661212 1.3 4.3 5.7555512 0주행평범감량기수 1관 010 6     5 5 6⑦1:16.82½  2.013.939.914.5  1  1  .20 7 6 -4 2.46929847430 5 7 3 52 1 1.02 3.05 2.7 4.5  2.7    4.5    7.3    6.1  .01629-1 4 3-1   -.238.40 -.44 -.1076.51 8.8419.2729.15 92133 4.8412.5917.27 8
20250315토 2120011국653 7107 4 2강 2231맑음양호 7 5 5굿프렌드        미스터크새로운리 4426.00한암 3 0 0 2 2  289      16500국6안병기황혜정   011 4 4 414 1 0 0 3  0유승완47154.584평입하38 46 464012.050.022.12133 82169 8181415 02012162623 099 0→→입14.437.439.213.9465937.139.4 77.2 76.2 33  0  0 0   14.40   14.90 4  0  0LN동54.54661212  .0 4.5 4.5666612 0적임교체보통걸음 1기 0 810     8 7 7⑦1:17.21     .914.239.914.2 -3  3 -.70 710  6 2.3544666625510 5 7 80 3 2.07 2.10 3.0 8.4  4.3   19.6   29.8   58.5  .03149-1 4 3-1   -.138.20 -.13 -.3776.39 5.3911.5222.10 3 817 1.89 6.7613.08 9
20250215토 2120010국641 9 47 7혼전 4411흐림건조 4 5 5굿프렌드        미스터크새로운리 4426.00한암 3 0 0 2 2  375      16500국6안병기황혜정   012 3 3 314 1 0 0 2  0코지  46854.584하입보55 69 694656.065.052.92053 62169 8181428152012252619 099 0↗→선14.437.539.513.9434337.339.9 78.5 76.8 50  0  0 0   14.50   14.20 4  3  0BN동54.54661212  .0 6.0 6.0575712 0걸음불변적임교체 1기 0 8 9     9 8 8⑧1:18.53    1.514.440.714.9  4  2-1.30 8 4  1 2.57056787839 8 3 4 10 1 2.01 1.06 1.9 3.0  3.8    3.0    6.5    5.8  .04464 0 7 7 0    .938.30-1.25 -.2176.6220.7240.3652.8932526418.4638.3045.00 1
20250118토 1120011국610 9 17 2 1강 1139맑음건조 4 5 5굿프렌드        미스터크새로운리 4426.00한암 3 0 0 2 3  442      16500국6안병기황혜정   013 2 2 214 2 0 0 1  0유승완46654.584하무보23 45 452126.040.024.62255 9 911 9181415 02012162623      →→입14.437.640.014.2381237.038.5 77.6 75.6  0  0  0 0   14.40   14.50 4  1  1NN동       1212         6.0    12 0기수신마보통걸음 1기 1 5 7     5 3 3③1:17.61¾   .314.539.614.2  0  4-2.10 3 3 -3  .63139372878 5 5 3 52 2 6.01 2.10 1.3 2.1 27.4   12.6   53.7   19.9  .02024-1 4 3-1   -.737.80 -.78-2.0076.95 6.7616.1924.58 81728 6.1013.7118.70 7
20241221토 1120010국610 9 17 6 1강 1131맑음다습10 5 5굿프렌드        미스터크새로운리 4426.00한암 2 0 0 2 3  531      24750국6안병기황혜정   014 1 1 114 1 0 0 0  0유승완46254.084평무보   35 3540  .043.021.82255 9 911 9181415 02012162623      →→입    36.738.5        37.239.7 78.8 76.8              13.80   13.60 4  0  0NL동       12 0                 0 0걸음불변기수신마 1관 1 4 9     8 6 5⑥1:18.81¼   .814.440.814.5  0 -1-1.90 6 6  0 1.47149757359 1 1 6 50 1 1.02 6.11 1.5 2.9  1.5    2.9    3.8   28.0  .02654 1 4 4 1   -.439.10  .65 1.6075.61 4.7611.5021.81 61528 7.6315.9329.38 5
20251116일 5120011국5 3 7  4 4혼전 4432           5 6올포유어드림    맘보트레스마트체 2445.00한수 6 510   1    013:35 24750국5신삼영서창식   3 01623 239 1 2 237 10조성환   51.055평입보50 42 4240 6.045.022.0 850 5 625 6 910 0 010 217 021251363↘→자13.637.638.213.51775                    6 26  031   14.10   13.00 9  2 -1NUDN54.14751814-1.4 7.6 6.2383810-1걸음불변작전마주70기 1 6                            14.1    13.0                                 9 1 9 7  1                                              .01734-2 2 3-2   -.538.20  .31     75.95 6.1312.8321.99 51322 2.00 6.9614.8510
20250914일 31300 9국511 1 64 4 3강 3311맑음다습14 5 6올포유어드림    맘보트레스마트체 8824.00한수 6 511 2 1  161      24750국5신삼영서창식   3 11522 439 1 2 236 11이상규49451.555평입하32 31 3130  .038.015.3 6 0 7 625 6 910 0 010 2122314251363↗↘입13.637.539.113.5445538.738.3 81.7 83.1  6 26  029   13.50   12.70 6  1 -3HH동54.14751814-1.0 7.4 6.4434310 0출주제외거리속성23관 0 4 7     9 9 8⑦1:21.74    1.914.137.813.0 -1  3  .90 7 8    1.94691185423 6 3 6 70 1 3.02 1.05 1.5 3.9  7.5   16.0   30.7   51.0  .01822-2 2 2-2   -.839.60  .54 6.4883.03 2.43 7.0915.30 3 817 8.1817.3132.25 5
20250803일 41300 9국550 4104 3혼전 4421흐림건조 3 5 6올포유어드림    맘보트레스마트체 8824.00한수 6 511 1 1   94      24750국5신삼영서창식   3 21421 339 1 2 236 11해리카48554.572평입하29 28 2830 8.040.0 9.31950 9 625 6 91016 010 2192512251363↘↘입13.637.539.213.54251                   12 18  324   13.80   13.80 4  0 -1HNDN54.14751814 -.6 7.2 6.6474710-1걸음불변거리속성59관 0 3                    경제    13.8    13.8    -6 -.57                      7 6 9 90 1 7.01 9.10 3.2 6.2 15.2   22.1   58.5   31.2  .01427-1 2 2-1   -.839.20  .65     83.10 1.22 3.93 9.25 2 5 9 1.90 5.4311.82 9
20250705토 4140010국550 6104 3 1강 1151맑음건조 3 5 6올포유어드림    맘보트레스마트체 8824.00한수 6 511 1 1   80      24750국5신삼영서창식   3 313201739 5 2 235 11김태희49155.065평입하16 13 1321 3.035.011.31029 5 625 6 91011 710 2152316251363↗↗입13.637.339.413.5263537.239.1 89.8 88.7 12 18  324   14.40   14.00 3  1 -1HNDN54.14751814 -.6 7.2 6.6474710-4걸음불변조교부실33관 0 3 3     8 8 7⑥1:29.82    1.513.839.313.8 -3  4-1.00 6 9  6 1.64860455035 7 310 9015 1.03 5.02 2.8 5.1  2.8    8.0   13.7   19.4  .01413-2 1 1-2  -1.038.60  .1912.0389.07 2.54 6.2211.28 1 4 9  .90 1.90 5.81 9
20250615일 5180011국510 9 64 4 1강 1159맑음건조 3 5 6올포유어드림    맘보트레스마트체 88     한수 6 511 2 1   47      24750국5신삼영서창식   3 41219 239 4 2 234 11김태희48755.563평입보 8  1  121 5.035.015.01029 5 625 6 91011 710 2152316251363↗↗입13.640.340.713.5342840.041.1122.8121.0  9 24  024   14.50   13.70 2 -5 -1UN동54.14751814-1.0 7.6 6.6484810 0걸음불변거리속성48기 1 2 4 5 5 81011⑨2:02.81    2.514.442.114.0  6  2-1.75 9 3 -6 2.88940736514 2 3 6 7014 2.0811.04 1.9 7.7  6.5   66.7  109.4  229.9  .01419-2 3 1-2  -1.240.90  .0839.96118.9 4.15 8.2014.98 3 814 2.33 7.5514.5210
20250531토 51800 9국521 5 74 1 3강 3331흐림건조 4 5 6올포유어드림    맘보트레스마트체 88     한수 6 612 9 1   55      24750국5신삼영서창식   3 51118 139 3 2 233 12김태희48556.063평입상37 17 17 7 5.030.0 6.51029 5 625 6 91011 710 2152316251363↗↗입13.640.140.813.5482340.940.1121.1120.3  9 25  325   14.00   14.10 2  0 -1NNUP54.14751814 -.8 7.6 6.8505010 4걸음불변탐색우려64기 1 7 4 6 6 6 6 5⑥2:01.11    1.414.540.713.7 -3  3 -.50 6 9  2 2.28173476133 2 4 6 8213 1.02 5.09 1.5 2.6  1.5    2.6    3.4    5.311.214 4-4 2 1-4▼-1.641.00  .2939.38118.9  .67 2.09 6.52 2 613 1.49 5.3711.30 9
20250518일 51400 8국542 8 44 5 2강 2241맑음다습13 5 6올포유어드림    맘보트레스마트체 8824.00한수 6 612 2 1   87      24750국5신삼영서창식   3 610171639 2 2 232 12김태희48256.565평입보42 40 4038 9.043.026.01029 5 625 6 91011 710 2152316251363↗↗입13.636.939.413.5513937.239.4 89.6 89.1 10 26  326   14.10   13.90 3 -3 -1NN동54.14751714-1.6 8.2 6.6515110 0걸음불변단기승부65관 1 7 4     5 5 6⑥1:29.61    1.714.039.114.1 -1 -2 -.30 6 7  2 1.75562495531 3 4 5 5212 1.0610.01 2.2 3.5  2.2   26.9   34.6   26.9  .01528 0 3 2 0   -.439.00  .0512.7888.80 7.3715.3826.03 31020 1.55 4.4213.00 7
20250426토 4140010국511 8 64 2 1강 1151맑음양호 8 5 6올포유어드림    맘보트레스마트체 8824.00한수 6 612 9 1  161      24750국5신삼영서창식   3 7 9161539 1 2 231 12김태희48457.065평입하34 31 3126 8.036.012.11029 5 625 6 91011 710 2152316251363↗↗입13.637.039.313.5454337.439.6 90.8 88.9 10 27  327   14.70   14.80 5  4  6VBDN54.14751714-2.4 8.6 6.2515110-3걸음불변급하락세 1관 010 7     9 9 9⑥1:30.82     .814.140.013.9  1 -8-1.30 6 5 -2 3.54969576754 6 4 9 9311 6.02 2.08 2.7 9.4  9.1   27.0   56.6   27.4  .01413-2 2 2-2  -1.138.90  .4112.5988.80 1.54 5.4712.10 2 5 9 2.27 6.6312.75 9
20250322토 6170011국551 7104 2혼전 4449맑음건조 4 5 6올포유어드림    맘보트레스마트체 8824.00한수 6 613 2 2  264      33000국5신삼영서창식   3 8 815 339 1 2 230 13박태종49251.564평입보27 21 2130 8.038.012.71786 51356 5 91012 010 2202320251363↗↘선13.639.641.313.5573939.741.2114.2114.2 10 28  328   13.80   13.5015  0 -1NHUP54.14751714-2.4 8.4 6.0484810 3걸음불변거리속성 1기 0 6 3 3 3 5 6 8⑧1:54.21¾  1.014.742.114.8  1 -2-1.20 8 7 -1 1.57440615547 4 5 6 72 4 4.05 5.07 3.3 6.1  8.8   33.7   72.8   78.6  .01419-3 2 1-3▽-1.141.60  .3233.32113.7 1.76 5.9112.66 41118 4.2610.6219.40 7
20241207토 8140011국441 5 94 3혼전 4441맑음다습14 5 6올포유어드림    맘보트레스마트체 8824.00한수 5 613 2 3  567      33000국4신삼영서창식   3 9 7141439 1 2 229 13씨씨웡49452.075평추상51 39 393012.050.017.3235010149910 910 0 010 2202422251363↗↘자13.637.039.413.5444336.739.7 88.0 88.9 11 29  429   13.80   14.00 3 -3  0NH동54.14751714-1.2 6.8 5.6545410 0주행평범선추겸비 1기 0 6 5     5 5 4⑦1:28.0코    .813.838.613.5 -1  2  .80 7 8 -3 1.75132604954 7 9 8 82 1 4.0510.05 2.1 5.4  7.7   34.3   69.7  240.3  .01634-1 3 4-1   -.138.90  .2212.5488.86 3.93 8.6617.29 3 814 2.11 7.0713.13 9
20241117일 9140011국452 3104 3혼전 4441맑음양호 6 5 6올포유어드림    맘보트레스마트체 8824.00한수 5 714 2 4  621      33000국4신삼영서창식   310 6131339 1 2 228 14김태희49252.059평추보53 44 4428 6.038.011.8 8 0 7175011 91011 710 2152316251363↗↘입13.637.139.313.5374736.839.2 88.7 89.0 11 30  430   13.50   14.00 4  2  0BH동54.14751714-2.0 7.0 5.0595910 0주행평범선추겸비 1관 0 9 2     2 2 3⑥1:28.7머리 1.313.839.014.0 -5  4  .20 611  4 1.45239443538 9 4 8 9110 2.07 5.08 2.4 7.5  5.1   23.3   48.8   34.2  .01631 0 2 2 0   -.938.80  .3512.5888.86 2.09 5.4911.77 1 4 8 1.23 4.2610.5411
20241019토 7140011국411 4 64 3 3강 3351흐림포화16 5 6올포유어드림    맘보트레스마트체 8824.00한수 5 714 2 4  720      33000국4신삼영서창식   311 5121239 1 2 227 14조상범48852.062평추상49 46 4624 9.038.011.612 012175011 910 0 010 2132018251363↗→입13.637.139.313.5424737.138.8 89.0 88.6 12 31  431   14.10   14.30 8  4  1NN동54.14751714-2.2 7.2 5.0606010 0주행평범보통걸음 1관 0 7 5     3 3 5⑦1:29.01    1.213.539.014.0  0  6 -.30 7 7 -1 1.23754303042 7 7 6 90 1 1.05 2.03 1.8 3.7  1.8   11.7   17.2   26.1  .01623-1 3 3-1   -.838.70  .3512.1788.86 1.84 5.3011.57 2 613 1.56 4.3512.65 8
20240825일10140010국453 2104 3 2강 2251맑음다습12 5 6올포유어드림    맘보트레스마트체 8824.00한수 5 715 2 5  856      33000국4신삼영서창식   312 4111139 1 2 226 15박태종48251.067평추상58 53 534016.048.027.12699131125 7 91012 010 2202320251363↗↘선13.637.139.213.5395137.039.5 88.9 88.9 12 32  432   14.10   13.60 3 -2  0HU동54.14751714-2.4 6.8 4.4646410 0걸음관심보통걸음 1관 0 3 5     5 6 5⑤1:28.91¾   .714.139.814.3 -3  0  .00 5 8 -1 2.24949555354 4 7 4 62 3 3.01 2.01 2.5 5.2  5.9    6.8   15.3    9.7  .02746 0 5 3 0   -.238.80  .0212.6088.80 7.5416.8327.09 51322 4.7210.9521.21 7
20240804일 7140010국452 2104 3 1강 1151맑음건조 3 5 6올포유어드림    맘보트레스마트체 8824.00한수 5 816 1 5  904      33000국4신삼영서창식   313 3101039 1 2 225 16김태희48251.061평추보41 43 4330 4.038.013.1 2 0 31125 7 91011 710 2152316251363→↗입13.637.339.113.5265937.438.4 87.7 88.6 13 33  429   13.80   14.40 4  3 -1NUDN54.14751714-3.4 7.6 4.2707010-2주행평범선추겸비 1관 0 5 6     7 8 7⑥1:27.71    1.014.138.513.6 -3  2  .40 6 9  2 1.23871172747 8 3 8 90 9 4.0310.03 2.8 7.4  6.3   14.2   24.3   13.9  .01631-1 2 1-1   -.838.50  .3212.1988.86 2.05 5.9913.09 1 4 9 1.09 2.17 5.6110
20240706토 71600 9국453 2104 5혼전 4431흐림포화15 5 6올포유어드림    맘보트레스마트체 8824.00한수 5 816 1 5  993      33000국4신삼영서창식   314 2 9 239 1 2 224 16박태종48051.567평추보64 61 611720.044.019.72699131125 7 91012 010 2202320251363↗↘선13.637.140.113.5223535.840.9102.7104.1 13 35  030   14.00   13.60 3 -4  1UNUP54.14751714-3.8 9.2 5.4575710 2주행평범단기승부 1관 0 2 2   2 3 6 7⑥1:42.7½   1.313.840.114.4 -1  4 1.30 6 7  4 1.880158272361010 6 82 2 5.0210.05 3.5 8.3  8.4   20.1   50.8   34.7  .01633-1 4 3-1   -.640.10 -.1826.89103.7 4.2911.2419.67 3 814 5.6812.6419.93 8
20240615토 71400 9국410 5 64 5 1강 1152흐림건조 5 5 6올포유어드림    맘보트레스마트체 8824.00한수 5 817 2 6 1055      33000국4신삼영서창식   315 1 8 939 1 2 223 17김태희47651.060평추상69 60 603723.045.023.11050 6 4 0 5 91011 710 2152316251363→→입13.637.239.313.5304737.038.6 89.0 88.2 14 32  032   14.10   13.40 2 -2 -1NUUP54.14751714-3.2 9.2 6.0464610 1최고선전단기승부 1기 0 6 3     3 4 6④1:29.01¼   .314.039.213.6  1  2-1.00 4 3 -5 1.02550232071 6 6 2 52 8 1.09 1.07 1.6 4.7  1.6   27.5   33.0   48.7  .01651 0 5 2 0   -.338.60  .0011.7188.93 5.3012.5823.10 61528 3.5714.2025.38 6
20251116일 5120011국5 3 7  8 2혼전 4432           5 7브리도킹스타    언캡처드패션트렌 4822.00한거 4 0 6   1    013:35 24750국5정하백조수영   3 016 8 715 2 0 115  6이용호   52.068평입보50 46 4625 8.037.012.81064 21943 91714 0 018141916206733 0↗↗선13.537.338.612.64059                   31 31  823   13.60   13.70 4  0  0NH동53.55311412 -.4 7.0 6.6464610 0걸음불변보통걸음45조 0 7                            13.6    13.7                                 8 3 710  2                                              .01413-3 2 2-3▽-1.138.60  .52     76.00 1.89 6.1212.79 1 4 8 4.0010.4319.31 7
20251019일 3120011국541 6 98 2혼전 4421맑음포화17 5 7브리도킹스타    언캡처드패션트렌 4822.00한거 4 0 7 2 1   75      24750국5정하백조수영   3 115 7 615 1 0 114  7이용호53452.068평자하27 30 3026 6.037.0 7.41064 21943 91714 0 018141916206733 0↗↗선13.537.338.412.6386837.438.9 76.0 76.4 33 33  825   14.00   13.40 4 -3  1NNDN53.55311412 -.2 6.6 6.4565610-1걸음불변보통걸음76기 1 7 5     6 7 7⑤1:16.0¾   1.513.639.313.7 -3  1  .30 5 8  1 1.86058535737 9 3 9110 1 4.0210.01 3.4 6.1  4.9    8.6   19.8    9.7  .01418-2 1 1-2  -1.138.40  .80  .6675.89  .63 2.76 7.38 1 4 8  .93 3.57 9.8210
20250921일 4130011국553 5108 3혼전 4411맑음다습14 5 7브리도킹스타    언캡처드패션트렌 6229.00한거 4 0 7 2 1   51      24750국5정하백조수영   3 214 6 315 2 0 113  7김용근53351.582평입보34 40 403814.046.014.22149101943 91714 02518142925176733 0↗→선13.537.339.312.6555138.039.0 82.7 83.8 27 36  927   14.10   13.20 3  5 -1LHUP53.55311412 -.6 7.0 6.4575710 1걸음불변거리속성36조 010 8    1011 9⑧1:22.71    1.514.038.513.4  1 -6  .60 8 7  1 1.96966455535 8 5 7 83 3 3.06 3.08 2.6 5.4  6.1   25.4   42.0   56.5  .01430-2 3 4-2   -.539.90  .57 7.1983.03 2.74 6.9814.24 3 814 4.40 9.5714.95 8
20250831일 5120011국551 4108 4혼전 4441맑음다습13 5 7브리도킹스타    언캡처드패션트렌 4822.00한거 4 0 8 9 1   49      24750국5정하백조수영   3 313 5 515 1 0 112  8김용근53952.083평입하38 36 365311.050.021.22149101943 91714 02518142925176733 0↗→선13.537.138.712.6555137.638.3 75.0 75.9 30 40 1030   13.50   14.50 2 -4  1NN동53.55311414-1.0 6.4 5.4646412 0주행평범단기승부65조 0 5 9     9 8 9⑦1:15.0머리  .914.137.913.2  1 -8  .90 7 6 -1  .94571334651 7 5 9 80 2 1.02 2.07 3.4 9.4  3.4   10.5   15.0   25.1  .01649 0 3 3 0   -.138.40  .34  .1375.95 5.8111.5621.18 2 613 3.26 7.3313.4611
20250816토 4120011국552 6108 3혼전 4441맑음다습12 5 7브리도킹스타    언캡처드패션트렌 4822.00한거 4 0 9 2 1   38      24750국5정하백조수영   3 412 4 415 1 0 111  9김성현54751.066우입상84 83 836126.048.021.11022 61943 91714 0 018141625196733 0→↗입13.537.238.512.6455936.940.2 77.3 77.1 44 44 1122   13.50   14.40 6 -2 -3NU동53.55311414 -.8 6.2 5.4646412 0주행평범감량기수 5   0 9 3     4 4 8⑨1:17.3¾   1.913.540.114.5  2 13 -.10 9 7  0 1.97936867923 9 1 3 70 2 3.02 6.08 2.3 7.6  9.0   24.9   60.5   67.1  .01650-1 5 4-1   -.238.70  .40 1.3975.89 6.2413.4521.10 41118 6.4113.2622.07 8
20250705토 3120011국510 4 68 5혼전 4441맑음건조 3 5 7브리도킹스타    언캡처드패션트렌 4822.00한거 4 010 1 1  104      24750국5정하백조수영   3 511 3 315 2 0 110 10조상범53453.558평입상90 90 904735.051.021.11270 61943 91714 0 018141320185050 0→→입13.737.538.512.6336436.039.3 75.6 75.3 38 38  038   13.90   13.30 5  5  0VH동53.55291414  .2 5.0 5.2656512 0연대우수작전마주57조 011 3     2 3 3④1:15.6¾    .213.539.514.4 -3  3 -.30 4 7  1  .225 3662572 8 5 1 61 2 9.04 9.05 2.0 6.9 43.8   94.9  288.5  218.210.53142-1 7 5-1    .037.80  .23 -.6976.06 5.5311.4221.12 3102010.8118.2928.62 8
20250601일 31200 8국541 4 48 4 3강 3331맑음건조 3 5 7브리도킹스타    언캡처드패션트렌 4822.00한거 4 011 1 1   87      24750국5유재길조수영   3 610 2 215 1 0 1 9 11조상범53153.558우입보57 64 645323.053.028.01270 6 8 0 4 73614 0 8 013201899 0 0→→입13.737.438.512.6325937.437.7 75.6 75.1 43 29  029   13.90   15.00 5 -3  1NNDN53.55271414 1.2 4.0 5.2626212-2주행평범연대우수35관 0 6 3     3 4 3④1:15.6½    .013.937.913.3 -2  3 -.60 4 6 -3  .61861131881 7 2 3 52 1 1.04 2.04 1.9 3.3  1.9    7.5   10.7    6.911.23751 0 5 5 0    .337.90  .09 -.8576.00 5.8616.0728.04 61528 5.0817.7829.60 5
20250426토 4140010국511 8 68 2 1강 1151맑음양호 8 5 7브리도킹스타    언캡처드패션트렌 6229.00한거 4 012 9 1  161      24750국5유재길조수영   3 7 9 1 515 1 0 1 8 12정정희52852.576우자상77 84 843746.037.012.5255711 8 0 4 736 0 0 8 018241599 0 0→↘입13.737.339.412.6264336.740.7 91.2 89.3 50 33  033   14.10   13.80 5  2 -1LUUP53.55271414  .8 3.4 4.2676712 2걸음불변탐색우려 1관 0 9 5     5 5 4⑧1:31.21½  1.213.941.115.0 -1  1-1.30 8 9  6 3.96231837741 8 5 1 72 1 6.02 2.08 2.7 9.4  9.1   27.0   56.6   27.4  .01438-3 5 3-3▽-1.138.70  .1312.5989.07 1.71 5.7612.50 41118 7.9520.9926.47 5
20250323일 1120010국632 9 88 2 2강 2257맑음건조 4 5 7브리도킹스타    언캡처드패션트렌 4822.00한거 4 0 0 2 2  259      16500국6유재길조수영   3 8 8 8 115 1 0 0 7  0김성현52753.569우입적23 47 474011.045.032.21550 511 0 7 73615 0 8 0162519      →→입13.737.638.412.6236836.938.3 77.1 75.1 40 20  040   14.30   13.80 9 -2 -3NHDN       1414 1.6 3.4 5.0616110-1주행평범탐색우려 1관 0 7 4     2 2 2②1:17.14     .014.139.413.8 -1 20-1.90 2 3 -3  .71632311991 5 1 4 41 1 1.03 6.07 1.6 3.3  1.6    4.5    7.0   33.7  .01619-3 3 4-3▽ -.437.70 -.08 -.9076.06 8.1318.9232.15 92133 4.05 9.7219.27 5
20250119일 2130011국621 8 78 4 3강 3315맑음건조 3 5 7브리도킹스타    언캡처드패션트렌 6229.00한거 4 0 0 2 3  430      16500국6김동철조수영   3 9 7 7 215 1 0 0 6  0빅투아50756.583우입적 8 32 3262 7.050.026.52271 41525 3151513 01711202818      →→입13.737.639.012.6376838.039.4 84.8 83.8 50 25  050   14.10   14.50 4  8  1BNDN       1414 1.3 2.8 4.0707010-1주행평범거리속성 1기 0 9 5     4 6 7⑨1:24.8목   1.914.340.113.8  3  2-1.20 9 6  5 2.77170586936 6 2 7 42 1 3.02 6.03 2.1 3.6  8.8    7.8   23.7    6.113.21654-1 3 2-1   -.139.70  .24 7.2283.03 6.8114.4226.46 82031 1.92 8.7014.63 8
20241221토 3140011국650 9108 4 1강 1131맑음다습10 5 7브리도킹스타    언캡처드패션트렌 6229.00한거 3 0 0 2 3  529      16500국6김동철조수영   310 6 6 415 1 0 0 0  0김용근50556.088우입적42 52 524949.062.040.52647211525 3151518251711292517      ↘→선13.737.339.412.6284336.741.5 92.4 91.1 50 25  050   13.80   13.4030 -5  0HNUP       1414 1.0 3.3 4.3646410 1주행평범기수영향 1기 1 1 2     2 3 6⑨1:32.4½   1.914.141.414.5  8  5 -.83 9 1  0 1.99234928931 2 7 5 21 1 2.0511.04 2.9 8.3  4.6   18.9   37.6   80.5  .01665 0 5 7 0   1.039.10 -.5814.3589.0714.0128.3840.4820405612.2021.9826.05 2
20240519일 2130010국640 4 98 4혼전 4431맑음양호 8 5 7브리도킹스타    언캡처드패션트렌 6229.00한거 3 0 0 2 6 1132      16500국6김동철조수영   311 5 5 115 4 0 0 4  0조재로50056.077기입적88 88 885449.061.042.11433 4205013151521221711182422      ↗↗추13.737.539.412.6454337.539.3 82.9 83.1 50 25  050   14.00   12.90 4 -3  0NNDN       1414  .0 4.5 4.5626210-1뒷심문제거리속성 1기 1 6 4     5 5 5⑤1:22.9½   1.113.839.113.4  4  1  .31 5 1  0 1.55144554854 4 7 3 32 4 4.05 7.10 2.4 4.4  5.5   24.3   40.7   44.910.52954 0 7 6 0    .739.60 -.39 6.2483.2315.3130.9542.1214284213.8925.0030.19 3
20240421일 21400 8국641 7 48 4 1강 1159맑음다습12 5 7브리도킹스타    언캡처드패션트렌 6229.00한거 3 0 0 2 7 1218      16500국6김동철조수영   312 4 4 315 3 0 0 3  0조재로49956.082평입보50 59 593656.053.037.51829 712 910151521221711182422      ↘↗추13.737.140.013.1472537.138.1 88.3 87.5 33  0  033   14.20   13.40 4  5  0BN동       1414 3.0 3.0 6.0545410 0걸음불변신마혈통 1기 0 9 5     5 5 4③1:28.3목    .014.038.312.9  2  7 -.40 3 1  0  .1 654111091 4 7 2 42 3 4.02 6.01 2.3 2.6  9.7   13.6   31.3    6.6  .02142 0 6 4 0    .138.50 -.7410.3689.34 9.6624.4437.4710223620.3440.3049.77 2
20240324일 3140010국630 9 38 4 2강 2259맑음양호 6 5 7브리도킹스타    언캡처드패션트렌 6229.00한거 3 0 0 2 7 1305      16500국6김동철조수영   313 3 3 215 2 0 0 2  0조재로49256.082하입적 5 29 294931.055.067.31829 712 910151521221711182422      ↘↗추13.737.140.313.138 637.638.3 90.7 88.7  0  0  0 0   13.70   14.30 4  0  0HN동       1410         3.0    10 0최선삼착작전마주 1기 0 4 3     5 4 5④1:30.7¾    .414.239.213.4  3  3-1.90 4 1 -5  .64280142976 1 9 2 22 2 8.02 3.05 1.9 2.5 49.4   63.8  274.8  244.7  .02357 0 6 4 0    .238.80-1.7211.3089.5525.0350.8667.3018365111.8631.4043.44 2
20240224토 1140012국610 9 68 6혼전 4435맑음포화15 5 7브리도킹스타    언캡처드패션트렌 6229.00한거 3 0 0 9 8 1406      24750국6김동철조수영   314 2 2 115 1 0 0 0  0조재로48956.079평입보61 35 352320.044.025.72360 72356 7151521221711182422      ↘↘추13.736.840.313.1641837.140.6 90.7 90.2  0  0  0 0   13.70   13.4034 -1  1HNUP       1410         6.0    10 4기수신마거리부담 1기 1 4 4     7 6 4③1:30.72½   .413.740.914.3 -3-14 -.40 3 6  3 1.28353818267 91110 83 1 1.05 7.08 1.4 3.9  1.4    4.9    6.2   23.1  .02042 0 4 4 0   -.339.40 -.4513.0989.34 7.8616.4625.68 2 613 5.8811.8313.4210
20230624토 1100011국650 8 58 7혼전 4435맑음양호 9 5 7브리도킹스타    언캡처드패션트렌 4822.00한수 2 0 0 911 2106      41250국6최용건조수영   315 1 1 115 1 0 0 0  0문세영50355.093평무보   35 3540  .051.017.43651141127 318 042 02111283616      ↗↗입    37.137.8        37.038.2 63.3 62.4              13.80   13.80 4  0  0LL동       10 0                 0 0걸음불변기수신마 1기 2 5 4     4 3 5⑥1:03.32½   .913.738.513.4  3  7 -.90 6 3  0 1.13334604559 6 6 6 82 1 1.02 8.03 1.6 4.3  1.6    4.3    6.1   15.0  .02353 0 6 7 0    .037.80  .56-12.562.71 4.53 9.2517.44 3 814 9.0918.1827.27 5
20251116일 5120011국5 3 7  5 9혼전 4432           5 8영광의스카이    미스터크프리마퀸 4426.00한수 31030   1    013:35 24750국5박재우변창덕  99 011 6 810 2 1 210 30권중석   52.558우선보50 65 659454.063.052.01399 41945 7244314 0262022161399 0 0↗→선13.336.639.012.99235                   38 50 6313   13.70   13.60 4  5  1NNDN56.24961412 -.8 3.0 2.2797914-1전개최상전개최상45기 0 8                            13.7    13.6                                 2 6 2 1  2                                            12.74484 2 8 7 2    .839.00 -.44     75.8423.5241.5251.9532526430.0050.4360.89 1
20251019일 4130010국513 3 65 9혼전 4421맑음포화17 5 8영광의스카이    미스터크프리마퀸 3728.00한수 31122 2 1   74      24750국5박재우변창덕  99 110 5 210 1 1 1 9 22권중석49552.055우도상75 76 769458.073.040.21399 41945 7244314 0262022161399 0 0↗→선13.336.739.612.9952837.039.6 81.2 83.0 29 57 7114   13.70   13.20 4 -3 -3HUUP56.24961412 -.2 3.6 3.4727214 1전개최상전개최상73기 1 3 2     2 2 2②1:21.28     .013.738.713.6  0  3 1.50 2 2 -4 1.34322613978 1 9 5 31 1 1.02 7.03 2.1 7.5  2.1    7.5   12.2   17.810.65297 4 8 8 4★ 1.640.40  .03 6.7182.8414.7628.1440.1914284211.3021.9330.59 6
20250921일 21200 8국524 3 75 9 1강 1141맑음다습14 5 8영광의스카이    미스터크프리마퀸 4426.00한수 31212 2 1   53      24750국5박재우변창덕  99 2 9 4 710 3 1 0 8 12장추열49254.593우도하79 70 709489.082.067.03350111945 724433255262020262299 0 0↘↗입13.336.639.413.4902336.538.6 73.4 75.2 17 50 5017   13.50   14.60 4  1 -2NU동57.04991412  .8 3.6 4.4666614 0전개최상전개최상 5기 0 6 2     2 1 1②1:13.41     .013.737.613.2 -4 -2 1.70 2 6  5  .22016431983 3 8 5 11 7 2.06 7.06 2.4 3.2  2.8   13.5   16.7   20.2  .07098 4 9 9 4★ 2.438.70-1.09 -.8476.0621.5349.9067.0438597122.5638.1050.57 2
20250824일 6120010국524 2 75 9혼전 4441맑음건조 4 5 8영광의스카이    미스터크프리마퀸 4426.00한수 31414 2 1   69      24750국5박재우변창덕  99 3 8 3 610 2 1 0 7 14장추열49456.093평도하94 81 819668.065.037.73350111945 724433255262020262299 0 0↘↗입13.336.539.513.4911836.040.0 75.0 76.2 17 50 50 0   13.50   13.70 5 -1  2NNDN57.04991412 1.0 3.8 4.8606014-2전개최상전개최상48기 1 5 3     3 3 3⑤1:15.0½   1.413.539.614.6  4  8 1.09 5 1 -2 1.654 3814836 110 2 32 6 4.02 7.03 2.2 3.7  9.3   14.8   34.4   45.412.74482 2 8 8 2▲ 1.039.10 -.26  .1976.0614.3527.0737.6914284223.1932.7046.91 1
20250719토 41400 9국551 4105 9혼전 4441흐림불량20 5 8영광의스카이    미스터크프리마퀸 3728.00한수 31616 2 1   83      24750국5박재우변창덕  99 4 7 2 110 1 1 0 6 16장추열48654.593평도하41 54 549465.079.057.33350111945 724433255262020262299 0 0↘↗입13.336.340.413.492 636.538.6 87.1 87.7 20 40 60 0   13.90   13.80 3 -1  0NUUP57.04991412 1.0 3.8 4.8606012 1승부최상전개최상69관 2 6 1     1 1 2③1:27.15     .913.538.913.7  0 -5  .30 3 3  1 1.01324261154 1 9 6 11 5 1.02 9.07 2.8 5.5  2.8    5.5   10.5    7.610.64498 4 8 9 4★ 2.039.40-1.0211.0489.0726.6245.4257.2532526414.2927.3739.26 3
20250629일 31300 9국542 5 95 9 1강 1121흐림양호 8 5 8영광의스카이    미스터크프리마퀸 3728.00한수 32020 9 1   49      24750국5박재우변창덕  99 5 6 1 110 1 1 0 5 20최범현49154.588평선보92 91 919094.070.055.53361241945 7244324 0262019301999 0 0↘↘입13.336.640.113.4951137.538.8 82.1 83.2 20 40 60 0   13.50   13.70 5  6 -3NUUP57.04991312 1.3 4.5 5.8505012 1전개최상승부최상33관 1 7 5     3 4 6⑥1:22.11    1.713.939.013.8  4 -6  .31 6 2  1 1.95146373230 1 9 2 22 1 4.01 3.02 2.0 4.5  6.7    7.3   18.9   16.6  .04495 3 9 9 3☆ 1.540.50 -.66 6.4883.1021.4941.0655.5316334826.6745.6460.00 1
20250525일 1120011국633 5 85 9 1강 1141맑음다습10 5 8영광의스카이    미스터크프리마퀸 4426.00한수 3 0 0 2 1   90      16500국6박재우변창덕  99 6 5 5 510 4 0 0 4  0장추열49757.093평도보68 71 719891.077.099.03350111945 724433255262020262299 0 0↘↗입13.336.539.914.0911036.137.5 74.5 73.4  0 25 50 0   13.40   14.80 6-10  0UN동57.05001212 1.3 4.5 5.8505012 0연대우수전개최상60기 0 1 1     1 1 1①1:14.57   -1.313.538.313.7  0 -3 -.90 1 1 -2  .0 1 5 9 196 1 7 3 11 4 1.02 1.02 2.2 3.4  2.2    3.4    5.6   12.512.04891 2 9 9 2☆ 1.838.20-2.00-3.0576.2850.9485.5899.0036546932.6160.1169.64 1
20250413일 1120011국631 9 35 4 3강 3344비  포화16 5 8영광의스카이    미스터크프리마퀸 4426.00한수 3 0 0 2 1  196      16500국6박재우변창덕  99 7 4 4 410 3 0 0 3  0장추열50057.093하입하31 40 407762.063.049.43350111945 7244332552620202622      ↘↗입13.336.639.914.0851035.740.1 76.5 75.5  0  0 33 0   14.10   14.3014  3  1NL동       1212 1.7 5.0 6.7444412 0걸음불변연대우수 1관 011 1     1 1 2③1:16.52     .413.440.414.8  0 11 -.70 3 3 -2  .427 1833974 110 4 31 3 1.07 2.06 2.0 2.8  2.0   17.8   24.8   32.1  .03749-1 7 6-1    .738.80 -.85-1.0176.3416.7634.6649.4014284217.1434.4849.40 4
20250104토 2120011국653 6105 6혼전 4431맑음건조 3 5 8영광의스카이    미스터크프리마퀸 4426.00한수 3 0 0 1 3  485      16500국6박재우변창덕  99 8 3 3 310 2 0 0 2  0장추열48956.089평입보43 46 467443.064.040.7253816224320244332552620202622      →→입13.336.540.114.394 837.139.7 77.1 76.7  0  0 50 0   13.30   14.70 4 -3  1NN동       1212 1.0 5.0 6.0404012 0부중효과기수영향 1기 1 8 7     6 7 9⑧1:17.11¼  1.014.140.114.3  3 -1 -.30 8 5 -1 1.66942767051 310 6 40 2 1.0710.03 3.7 7.0  3.7   40.5   63.7   52.2  .02863 0 6 7 0    .939.30 -.68  .1176.3913.2528.1140.7310223610.5319.7030.63 6
20241208일 1120011국651 8105 8 3강 3338맑음다습13 5 8영광의스카이    미스터크프리마퀸 4426.00한수 2 0 0 2 3  563      24750국6박재우변창덕  99 9 2 2 210 1 0 0 1  0장추열49055.089하입보39 27 276857.070.049.2253816224320244332552620202622      →→입13.836.840.014.3831135.940.6 76.2 76.2  0  0  0 0   13.80   14.60 5  4  0NH동       1212 1.0 4.0 5.0232312 0기수신마부중효과 1기 011 5     1 1 1⑦1:16.21¼   .813.340.114.7  1  4  .30 7 6  2  .954 2896358 811 4 21 1 7.0310.09 4.0 7.0 30.0   52.9  150.7   73.411.83081 2 7 8 2▲ 1.338.80-1.02 -.5776.5122.8738.8549.1536546911.5821.2123.76 2
20241102토 1120011국630 7 35 8 1강 1139맑음양호 7 5 8영광의스카이    미스터크프리마퀸 4426.00한수 2 0 0 1 4  682      24750국6박재우변창덕  9910 1 1 110 1 0 0 0  0문세영48655.093평무보   35 3540  .055.040.33851 02746 9244346 02620283616      ↘↗입    36.738.5        36.739.8 77.0 76.4              13.80   13.60 4  0  0LL동       12 0                 0 0걸음불변기수신마 1기 2 7 5     4 4 4⑤1:17.0목   2.013.840.114.6  1 11 -.50 5 4  0 2.05922776133 3 3 7 22 1 1.02 1.03 1.8 2.4  1.8    2.4    3.7    6.712.03060 2 7 6 2△  .539.00  .13 1.1775.6112.8627.0740.25204056 9.8919.3533.09 5
20251116일 5120011국5 3 7  6 1혼전 4432           5 9배다리쾌검      카우보이쾌검     4726.00한암 5 420   1    013:35 24750국5김동균송태형   2 016182124 1 1 424 20우인철   51.065기입보50 38 3822 9.039.017.61560 8193911181233 017 61331256325 0→→입13.337.239.013.13747                   35 35 2520   14.30   14.3010  4 -2BU동54.44471312 -.2 7.8 7.6333313 0가는대로기복전력46관 0 9                            14.3    14.3                                 7 710 8  1                                              .0 714-3 2 3-3▽ -.939.00  .21     76.17 4.06 9.2917.59 2 5 9 4.00 8.7020.79 9
20250907일 6120011국553 4106 3혼전 4441맑음다습14 5 9배다리쾌검      카우보이쾌검     4726.00한암 5 421 1 1  178      24750국5김동균송태형   2 115172024 4 1 423 21김동수44353.074기입보24 15 1530 8.040.015.41420 61939111812171917 6 920276325 0→→추13.337.239.113.1404338.439.1 76.2 77.5 37 37 2621   14.30   14.10 5  4 -1NH동54.44471312  .0 7.4 7.4303012 0걸음불변조교부실25관 0 510    111111⑩1:16.27    2.214.338.614.3  0 -4 1.201010  4 3.08693598420 8 711 9010 2.07 6.07 2.2 5.3  4.2   24.6   41.7  275.9  .01521-1 1 1-1   -.838.80  .24 1.2176.23 3.11 7.8015.35 2 5 9 3.13 8.8216.67 9
20250803일 51200 8국551 4106 4 2강 2231흐림건조 3 5 9배다리쾌검      카우보이쾌검     4726.00한암 5 422 1 1   72      24750국5김동균송태형   2 214161924 3 1 422 22김동수44754.074기선적17 13 1366 5.045.026.81420 61939111812171917 6 920276325 0→→추13.337.139.113.1474337.539.0 77.3 76.6 39 33 3322   14.00   15.40 5 -5  0UH동54.44471312 -.8 7.4 6.6424212 0걸음불변최적거리31관 0 1 5     5 4 6⑥1:17.34    2.014.339.414.1  0 -1 -.80 6 6 -3 2.36766566420 6 6 7 52 9 2.04 8.07 3.1 5.5  3.2    8.3   14.3    8.7  .01446 0 2 1 0   -.438.60 -.05  .3976.17 7.0415.1126.76 31020 1.16 4.8210.67 7
20250628토 4120011국554 6106 3 1강 1141흐림다습11 5 9배다리쾌검      카우보이쾌검     4726.00한암 5 423 9 1  100      24750국5김동균송태형   2 313151824 2 1 421 23김동수44854.074기선적58 52 524314.044.013.51420 61939111812171917 6 920276325 0→→추13.337.138.913.1485537.541.0 78.0 78.4 41 35 3524   13.90   14.50 3  1 -1NH동54.44471312-1.6 6.6 5.0575712 0걸음불변기복전력31관 1 610    111011⑪1:18.05    2.814.040.915.4  2  0  .4011 9  2 3.294659394 8 9 5 8 90 8 1.02 4.11 2.7 6.2  2.7    6.2   12.8   23.4  .01441 0 3 2 0   -.339.20  .46 2.3876.06 2.60 6.6613.45 1 4 9 2.63 6.2110.87 9
20250607토 4120010국551 4106 8혼전 4451흐림건조 3 5 9배다리쾌검      카우보이쾌검     4726.00한암 5 525 2 1   55      24750국5김동균송태형   2 412141724 1 1 420 25김동수44854.574기선상61 49 496939.065.041.41420 61939111812171917 6 920276325 0→→추13.337.138.813.1515936.539.4 75.9 75.9 44 38 3125   14.00   13.90 7  4 -1NN동54.44471312 -.6 6.0 5.4555512 0선행강공탄력호전48기 0 5 2     3 2 4⑤1:15.9½    .913.939.414.5 -2  9  .00 5 7  0 1.24417674349 4 5 8 42 7 5.09 7.02 2.7 7.5 11.3  115.9  216.6  204.512.73373 2 6 6 2   1.038.40 -.29  .0076.0015.0128.8941.44142842 9.2320.1330.92 6
20250420일 5120011국534 5 86 5 3강 3341맑음양호 9 5 9배다리쾌검      카우보이쾌검     4726.00한암 5 526 2 1  171      24750국5김동균송태형   2 511131624 1 1 419 26김용근43955.083기선하28 21 218014.050.019.42149101939111812201317 62925176325 0↗→선13.337.038.913.1565537.338.6 76.6 75.6 47 40 3327   14.50   15.00 5-10 -1UN동54.44471312 -.4 5.8 5.4575712 0걸음불변선행강공 1관 0 1 2     4 4 3⑥1:16.62     .914.039.113.9 -1 -7 -.80 6 7 -1 2.23253404053 5 610 62 1 1.02 4.08 1.7 3.8  1.7    3.8    5.4    6.410.91970 0 3 2 0    .038.40  .34 -.2876.00 4.69 9.9519.39 3 817 4.21 9.3314.11 8
20250316일 5120010국533 4 86 2 1강 1141맑음양호 7 5 9배다리쾌검      카우보이쾌검     4726.00한암 5 527 2 2  276      24750국5김동균송태형   2 610121524 1 1 418 27조상범44656.059우선하39 35 354511.044.014.31040 81344 4181215 017 61320186325 0→→입13.336.838.813.1745938.040.9 79.2 78.8 50 43 3629   13.90   16.00 7  4  1BL동54.44471312 -.8 4.8 4.0737312 0직전탐색마번불리 1기 011 8    10 8 9⑨1:19.25    3.614.541.115.0  1 -1 -.30 9 8  7 4.095859296 3 3 7 7 80 1 1.02 1.04 2.7 4.4  2.7    4.4    8.0   22.5  .03325-3 3 2-3▽ -.639.60  .66 3.2375.84 2.31 7.3214.31 2 613 2.38 6.0612.92 8
20250126일 4120011국554 7106 5혼전 4441맑음건조 3 5 9배다리쾌검      카우보이쾌검     4726.00한암 5 529 9 3  406      24750국5김동균송태형   2 7 9111424 3 1 417 29김동수44755.068우선상88 86 868856.062.036.31325172350161812171917 6 920276325 0→→추13.336.739.113.1814336.542.1 79.4 78.6 50 43 3629   14.00   13.70 9 -3  0NNDN54.44471312 -.6 4.6 4.0737312-1뒷심문제기수영향 1관 3 7 5     3 3 9⑩1:19.42½  3.013.942.616.0  9 -3 -.8910 1 -5 3.194159894 7 3 9 2 50 6 6.0310.04 3.4 8.5  9.5   33.4   74.4  149.5  .02974 1 7 6 1    .839.60 -.09 2.7675.9512.5725.6636.25 8172813.9529.0336.00 3
20241124일 5130011국512 2 66 5 3강 3311맑음건조 4 5 9배다리쾌검      카우보이쾌검     6132.00한암 4 625 2 4  603      24750국5김동균송태형   2 8 810 324 2 1 316 25김동수45055.065우선상58 72 727461.058.028.61675 91840121812171917 6 920277114 0→→추13.336.740.013.1962037.537.6 82.3 81.8 46 38 3823   13.90   13.70 5  3  1BNUP54.44471312 -.2 4.6 4.4666612 1뒷심문제거리탄력 1기 010 7     5 4 2②1:22.3코    .014.038.313.7 -4  4-1.00 2 6  1  .0 847 6 583 211 3 52 5 4.06 6.10 1.9 6.3 12.1   51.7  147.3  169.312.12966 0 7 5 0    .540.10  .10 5.0783.10 7.9917.5928.60 8172810.5921.2830.75 5
20241020일 41200 9국524 5 76 5 2강 2241맑음다습14 5 9배다리쾌검      카우보이쾌검     4726.00한암 4 626 2 4  712      24750국5김동균송태형   2 9 7 91324 1 1 315 26김동수44654.568우선하49 49 498414.054.028.51675 91840121812171917 6 920277114 0→→추13.336.639.413.1891837.737.3 75.7 74.9 42 33 4217   13.30   15.40 6  2  0NN동54.44471312 -.8 4.0 3.2757512 0최적전개최적전개 1기 1 7 7     6 6 3③1:15.7½    .013.937.913.7 -2 -1 -.70 3 5  1 1.11172 51383 1 8 5 53 4 1.03 4.05 1.8 2.9  1.8    6.6   10.6   24.0  .02671 1 4 4 1    .338.60  .03-1.1476.06 7.5117.6928.46 61525 4.6010.3415.20 7
20240908일 5120010국514 6 16 6 1강 1141맑음다습10 5 9배다리쾌검      카우보이쾌검     4726.00한암 4 728 2 5  817      24750국5김동균송태형   210 6 81224 1 1 314 28조인권44754.583우선보68 74 748662.058.037.2336014114010181212 017 62324137114 0↗↘선13.336.639.313.1892335.740.7 76.6 76.4 45 36 3618   13.50   14.10 6  3 -1NN동54.44471312-1.6 4.0 2.4797912 0뒷심부족최적전개 1관 0 5 2     2 2 2⑦1:16.6½   1.313.341.215.4  3 -4 -.20 7 4 -2 2.261 1905938 1 7 4 31 4 1.07 7.09 1.6 3.1  1.6   12.3   16.8   22.1  .02087 0 7 5 0    .739.10 -.17  .5376.0011.7924.7837.15122539 8.8919.3831.95 5
20240727토 5120011국514 3 66 4혼전 4441비  포화18 5 9배다리쾌검      카우보이쾌검     4726.00한암 4 730 9 5  938      24750국5김동균송태형   211 5 71124 1 1 313 30씨씨웡45155.581우선적65 66 667215.051.019.81025 8114010181210 017 62024228317 0↘↗자13.336.739.213.1872836.839.0 74.8 76.0 50 40 4020   13.30   14.50 5 -6  4HL동54.24461312-2.0 4.8 2.8797912 0걸음불변보통걸음 1관 0 2 4     3 2 3⑥1:14.81¼   .613.538.814.1  0 -3 1.00 6 6  3  .74529543858 3 8 6 70 1 3.01 3.09 2.1 6.8  7.6    9.3   22.0   14.6  .01959 0 3 2 0    .038.80  .32  .0776.00 5.2910.4719.83 41118 3.6610.0617.53 8
20240623일 5120011국543 3 96 3혼전 4451맑음포화17 5 9배다리쾌검      카우보이쾌검     4726.00한암 4 833 2 6 1024      24750국5김동균송태형   212 4 61024 1 1 312 33김성현45452.068우선적66 63 637421.052.019.01857 71633 81812 0 017 61625198317 0↘↘입13.336.739.213.1823136.439.7 75.2 76.3 50 40 4020   13.30   15.30 6  3 -3LU동54.24461312-1.0 5.4 4.4686812 0전개선전감량기수 1기 0 8 3     3 3 4⑦1:15.2코   1.113.339.614.5  4  4  .99 7 3  1 1.85610765140 2 7 5 90 1 5.0611.05 2.8 7.0 10.4   62.7  140.9   75.2  .02556 0 4 5 0    .238.90  .34  .3876.00 4.1911.1018.97 1 4 9 3.7511.8323.3010
20240511토 41200 8국541 6 96 5 1강 1121맑음양호 8 5 9배다리쾌검      카우보이쾌검     4726.00한암 4 936 2 6 1162      24750국5김동균송태형   213 3 5 924 3 1 311 36김동수45055.077우선적92 88 888286.059.035.11740 61633 81812171917 6 920278317 0↘↗추13.336.839.213.1782836.040.6 76.5 76.4 50 40 4020   13.40   14.60 5 -6 -1NN동54.24461312 -.8 6.0 5.2626212 0전개선전보통걸음 1기 0 5 1     1 1 3⑦1:16.51    1.313.340.615.3  5  5  .09 7 2 -1 1.861 2896338 2 7 3 51 3 4.03 6.07 2.5 5.5  4.7    8.7   16.4   45.0  .02568 1 8 6 1    .638.90 -.17  .4476.0610.8721.7935.08 8203120.8036.0544.80 1
20240406토 5120011국554 8106 6혼전 4442맑음양호 6 5 9배다리쾌검      카우보이쾌검     4726.00한암 41030 1 7 1270      24750국5김동균송태형   214 2 4 824 2 1 210 30김동수44556.067기선적81 80 807359.064.042.92167172782131812171917 6 9202799 0 0→↘추13.336.839.413.1792035.839.9 76.1 75.4 44 33 3322   13.30   15.00 5  3  4VBDN53.84461312 -.8 7.2 6.4494912-1마방강공탄력호전 1기 011 3     3 2 1②1:16.13     .013.440.214.6 -1  0 -.50 2 3 -2  .525 1783483 5 9 1 32 2 4.03 8.11 2.6 5.8  8.3   20.6   38.6  142.3  .03369 0 7 6 0    .838.60 -.51 -.7776.1716.0031.5642.9214284215.1534.4843.98 3
20240302토 6130011국541 8 96 5혼전 4439맑음다습10 5 9배다리쾌검      카우보이쾌검     6132.00한암 41122 1 7 1379      24750국5김동균송태형   215 1 3 224 1 1 1 9 22김동수44552.563기선보31 35 356142.054.025.72167172782131812171917 6 9202799 0 0→↘추13.436.940.013.1801636.540.6 83.0 82.9 38 38 2525   13.40   14.10 9  7 -2BUUP54.14471312  .2 7.2 7.4363612 1걸음불변마방강공 1관 0 8 1     1 1 1②1:23.05     .013.341.115.0 -3  3  .00 2 5  0  .942 4865977 111 4 61 1 3.05 7.08 3.2 6.2  5.0   18.2   34.7   25.7  .02872 0 7 5 0    .240.10  .05 6.0083.23 5.9815.5525.70 5132213.1626.3526.55 3
20251116일 5120011국5 3 7  6 1혼전 4432           510강철여걸        카우보이원신다임 4726.00한암 5 3 6   1    013:35 24750국5최봉주허건호   4 016 2 531 1 1 131  6문정균   55.068평추보50 29 29 8 5.029.010.11956 7174311132217 017 7131823 01090→↘추13.637.838.312.4 279                   21 43  036   15.00   12.90 9  2  3LLDN54.14471413 -.2 9.4 9.2181812-2가는대로부진마필24관 010                            15.0    12.9                                11 21111  1                                              .0 612-3 1 1-3▽-1.538.30  .49     76.12  .77 4.1510.14 0 2 5 2.00 6.9613.3711
20250913토 31400 8국430 6 86 1혼전 4451맑음포화19 510강철여걸        카우보이원신다임 6132.00한암 5 3 6 2 1  171      33000국4최봉주허건호   4 115 11131 2 1 130  6조상범44152.056평추보 9  3  3 3 4.019.0 4.71270 6174311132213 017 7132018 01090→→입13.637.639.212.4 35938.439.4 88.7 90.2 22 44  037   14.80   13.70 3  5  0NH동54.14471413 -.810.0 9.2212112 0가는대로부진마필19관 0 8 8     8 8 8⑧1:28.79    2.815.038.312.9  0  8 1.10 8 8 -3 2.88196508312 8 4 8 80 2 4.02 2.01 2.2 4.3  9.8   17.5   48.6    8.8  .0 6 2-4 1 1-4▼-2.338.60  .2913.3789.14  .12 2.39 4.65 3 814 1.56 2.84 8.04 8
20250823토 7140011국534 5 86 1혼전 4441맑음건조 4 510강철여걸        카우보이원신다임 6132.00한암 5 3 6 2 1   57      33000국5최봉주허건호   4 214 21031 1 1 129  6조상범43352.056평추보 5  2  2 2 4.026.0 4.51270 6174311132213 017 7132018 01090→→입13.637.639.312.4 65538.339.1 89.0 90.0 27 50  038   14.60   14.70 4 -5  1HN동54.14471413-2.010.0 8.0242412 0가는대로부진마필62기 1 310    111111⑪1:29.04    2.014.838.413.7  0  2  .601111  1 2.1799544792011 511100 1 6.03 8.10 3.1 5.8 11.2   16.5   40.9  233.1  .0 6 5-4 1 1-4▼-1.738.50  .2513.0889.21  .65 1.42 4.45 0 2 5 1.09 1.99 5.6411
20250727일 9140011국423 5 76 1 1강 1131맑음건조 3 510강철여걸        카우보이원신다임 6132.00한암 5 3 7 9 1   49      33000국4최봉주허건호   4 313 1 931 2 1 128  7박태종43151.076평추보14 10 10 9 4.030.0 7.311 0 8174311132222 017 7202320 01090↘↗선13.637.539.112.4 96437.940.8 90.2 91.0 28 52  040   15.00   14.20 2  2  0NU동54.14471413-3.2 9.6 6.4404012 0가는대로단기승부25기 0 811    111110⑩1:30.2½   4.014.640.314.7  0  3  .401010  0 4.692898694 311 210110 2 1.03 7.05 2.4 3.7  2.4    7.2   11.8    6.4  .01510-4 1 2-4▼-1.538.90  .3514.3889.00  .40 2.58 7.26 0 2 4  .54 1.25 4.2111
20250712토 8140010국541 4 96 5혼전 4431맑음건조 5 510강철여걸        카우보이원신다임 6132.00한암 5 3 7 2 1   33      33000국5최봉주허건호   4 412 2 831 1 1 127  7박태종42851.076평추보14 10 1037 9.049.018.911 0 8174311132222 017 7202320 01090↘↗선13.637.539.012.4 97238.139.6 90.3 89.8 25 54  042   14.80   14.00 5  5 -1NU동54.14471413-3.6 9.0 5.4505013 0걸음불변부중유리68조 1 610    101010⑩1:30.32    1.815.039.614.2  0-15 -.401010  2 2.0779361852511 311 70 1 1.06 9.10 3.3 5.3  3.3   20.3   25.3   18.7  .01966 0 2 4 0   -.138.60  .1013.3188.93 4.09 9.4018.93 41118 2.50 5.7814.9511
20250607토 81400 8국412 3 66 1 3강 3331맑음건조 3 510강철여걸        카우보이원신다임 6132.00한암 5 3 7 2 1   91      33000국4유재길허건호   4 511 1 731 1 1 126  7조한별44352.066평추하34 27 2724 3.026.0 2.71340 9 8 0 4 7 7 4 0 8 0121918 01090↘↗입13.637.538.912.4 97538.339.7 89.9 90.1 30 57  043   14.10   14.20 2 -3  1UN동54.14471413-3.4 8.6 5.2555512 0주행평범탐색우려22관 0 1 8     8 8 8⑦1:29.91    2.114.839.214.0 -1 -6  .30 7 8  3 2.38396628816 8 1 6 80 1 7.04 6.08 1.8 4.0 17.7   58.3  184.6   37.9  .016 8-4 1 1-4▼-1.838.70  .5913.7488.86  .12  .68 2.69 2 613 1.00 2.08 6.50 8
20250524토 61400 7국512 6 16 4 1강 1149맑음다습12 510강철여걸        카우보이원신다임 6132.00한암 5 4 8 2 1   75      33000혼4유재길허건호   4 610 3 631 1 1 125  8김성현44951.066우추상40 31 3162 7.045.027.91022 6 8 0 4 7 715 8 8 0162519 01090→↗입13.637.538.812.4108237.540.0 90.1 89.4 30 61  043   14.80   14.1010  2 -1HU동54.14471413-2.6 7.0 4.4606012 0주행평범추입유리25관 0 4 5     7 7 7⑦1:30.11    1.714.139.814.2  2  9 -.45 7 5 -6 2.06675677834 8 1 4 50 4 6.01 1.08 1.2 2.9 20.0    6.2   26.2   14.4  .01857-1 3 3-1   -.338.50 -.0113.1088.80 6.4115.3227.89 82235 1.35 7.7515.87 7
20250316일10140011국452 3106 3혼전 4441맑음양호 6 510강철여걸        카우보이원신다임 6132.00한암 5     2 2  271      33000국4유재길허건호   4 7 9 2 531 1     2  0오수철44052.058우추상61 50 5041  .038.013.71040 811 0 7 7 7 6 0 8 0122315 01090→→입13.637.538.712.4 88737.939.6 90.2 89.9 32 64  045   14.10   13.90 3 -1  1UN동54.14471413-1.6 5.8 4.2666612 0주행평범조교부실 1관 0 210     8 9 9⑧1:30.21    1.814.839.814.1 -3-11 -.30 811  0 1.8798956802611 2 5 70 2 4.0611.09 2.9 6.3  7.7   47.9   96.4   51.8  .01643-1 2 2-1   -.838.60  .4113.7488.73 2.48 6.5813.74 3 81711.5422.6444.73 5
20250222토 7140011국424 3 26 5 1강 1131맑음건조 3 510강철여걸        카우보이원신다임 6132.00한암 5 4 8 9 2  348      33000국4유재길허건호   4 8 8 1 431 3 1 123  8김성현45151.069우추상88 81 815644.046.019.21550 511 0 7 7 715 8 8 0162519 01090→→입13.637.538.712.4 89137.139.8 90.1 89.1 33 67  048   14.20   13.60 9 -8 -2HUUP54.14471413 -.4 5.0 4.6626212 1선전만회기수승부 1관 1 3 7     9 8 6⑤1:30.1¾   1.414.139.913.9 -6 -3 -.90 511  3 1.6555763663810 3 3 63 3 1.02 1.04 1.5 2.0  1.5    2.0    3.0    8.2  .01971 0 6 4 0   -.338.40  .2912.8588.73 4.9611.0119.22 51322 7.0413.5220.90 7
20241222일 5130011국511 6 66 3 3강 3321맑음양호 7 510강철여걸        카우보이원신다임 6132.00한암 4 4 4 2 3  516      24750국5유재길허건호   4 9 7 91431 2 1 022  4김성현45452.563우추상78 83 837729.054.022.8165711 9 010 7 715 8 8 0162519 01189↘→입13.637.938.712.4169537.937.8 83.0 81.9 30 65  045   14.60   12.90 4  0  0VH동54.24461413 -.6 4.8 4.2626212 0주행평범감량기수 1관 111 7     7 6 2②1:23.02½   .014.238.913.6 -6  4-1.50 2 8  1  .51165 9158811 2 3 53 211.08 7.11 1.6 5.7 32.5  164.7  412.0  537.913.21655 0 5 6 0    .138.90  .31 5.3383.03 5.5214.4922.79 71425 8.2517.0926.84 5
20241124일 5130011국512 5 66 3 3강 3311맑음건조 4 510강철여걸        카우보이원신다임 6132.00한암 4 4 4 2 4  603      24750국5유재길허건호   410 6 81331 1 1 021  4김성현45052.557우추보63 67 6767 4.049.018.7146710 5   3 7 715 8 8 0162519 01388↗↘입13.637.938.612.4169638.836.3 82.5 82.0 32 63  042   14.60   13.80 4  0 -3VHDN54.44461413-2.0 5.2 3.2717112-1주행평범감량기수 1관 11110    101110⑤1:22.5목    .214.637.012.9 -2  2-1.00 5 7  1  .21292 0 57210 3 6 93 1 4.06 6.10 1.9 6.3 12.1   51.7  147.3  169.312.11646 0 2 4 0   -.138.90  .48 5.4782.97 4.58 9.6018.68 2 5 9 1.18 2.13 5.5911
20241027일 6140011국552 7106 5 3강 3351흐림다습12 510강철여걸        카우보이원신다임 6132.00한암 4 5 5 9 4  688      24750국5유재길허건호   411 5 7 331 1 1 020  5김용근44855.589우추보85 76 767239.060.045.3294020 5   3 7 72011 8 0292517 01388↗↘선13.637.538.612.4129137.638.8 88.5 88.7 33 67  044   14.50   13.20 4  9  1VN동54.44461413-3.0 6.4 3.4787812 0주행평범기수영향 1   01110    10 7 7⑥1:28.51    1.114.638.913.8  0  2  .20 6 6  3 1.34081284843 9 1 5 30 2 5.04 4.07 3.7 8.2  9.1   30.6   74.6  377.510.91977 0 6 6 0    .538.30 -.3312.5588.6616.3031.9645.32163348 8.4520.7831.89 6
20240929일 4140011국521 6 26 4 1강 1141맑음건조 4 510강철여걸        카우보이원신다임 6132.00한암 4 5 5 9 4  778      24750국5유재길허건호   412 4 6 231 5 1 019  5유승완44655.084우추보86 81 816639.047.022.42240 8 5   3 7 7 9 0 8 0162623 01388↗→입13.637.438.712.4198738.337.6 88.0 88.1 35 65  041   14.00   13.40 4 -6  0UNUP54.44461413-2.8 6.0 3.2797912 1주행평범작전마주 1관 0 210    10 9 5④1:28.01     .914.537.913.2  1  5 -.10 4 3 -2 2.02195 43151 8 2 2 53 6 2.01 7.03 1.8 1.8  2.9    1.8    4.7   13.4  .01747-1 6 3-1   -.138.30  .2712.0288.66 4.9711.3622.42 61528 4.6912.6521.37 6
20240901일 5130011국550 1 56 4혼전 4421맑음건조 4 510강철여걸        카우보이원신다임 6132.00한암 4 5 5 1 5  838      24750국5유재길허건호   413 3 51231 4 1 018  5유승완44155.089우추보77 87 876737.052.019.41950 710 0 6 7 7 9 0 8 0162623 01486↘↗입13.637.738.712.4329338.237.4 81.8 82.4 38 63  038   13.90   13.60 6  5  0NNDN54.44461413-3.6 6.8 3.2787812-1주행평범작전마주 1관 0 8 8     9 9 6④1:21.82½   .514.037.613.4 -1  1  .10 4 5  1  .82478 41363 9 4 2 83 5 4.07 4.01 2.2 4.4  9.1   75.1  149.4   71.5  .01742-1 6 5-1    .039.20  .55 6.0382.90 5.1810.2319.36 41118 6.4216.9828.44 6
20240721일 41400 8국550 5106 4 2강 2241흐림포화19 510강철여걸        카우보이원신다임 6132.00한암 4 5 5 2 5  949      24750국5유재길허건호   414 2 4 131 3 1 017  5유승완44055.089우추상79 88 886149.049.025.91950 710 0 6 7 7 9 0 8 0162623 01783↘↗입13.637.338.912.4257937.238.7 87.8 88.3 40 60  040   14.30   12.80 5 -6 -1UNUP54.34471413-2.4 6.6 4.2747412 1걸음불변작전마주 1   0 3 5     6 7 5④1:27.81¼   .513.938.713.6  0 -9  .30 4 4 -2  .52658242764 6 3 1 53 4 3.01 7.09 2.6 6.2  5.0    7.1   13.3   10.3  .01744-1 6 4-1    .038.50  .1012.0588.73 6.2313.4425.90 6152510.3121.0533.21 4
20240616일 3130010국553 6106 6혼전 4421맑음건조 5 510강철여걸        카우보이원신다임 6132.00한암 4 6 6 2 6 1048      24750국5유재길허건호   415 1 31131 2 1 016  6유승완44956.091우추상82 95 958160.060.040.53742191699 7 7 7 9 0 8 0162623 02080→↘입13.637.638.712.4408938.336.5 82.9 82.1 43 57  036   14.00   12.70 4  2  4NB동53.94471313-1.0 5.8 4.8696912 0승부최상기수영향 1관 1 9 8    1010 7③1:22.91     .214.337.112.8 -3  0 -.90 3 6 -2  .31681 0 272 8 1 1 43 3 1.03 7.03 2.9 8.9  2.9    9.7   16.0   22.410.53466 0 7 7 0    .639.20  .03 5.8282.8415.7727.8740.4510223611.0025.2431.84 5
20251116일 5120011국5 3 7  5 4혼전 4432           511로열베스트      한센    로열스텝 6925.00한수 4 418   1    013:35 24750국5박재우박민지   1 016191022 1 1 322 18김태희   55.565평선보50 50 508426.058.045.71029 51945 72411 0 026201523168020 0↗↗입13.336.739.212.88728                   33 60 33 7   13.90   13.10 8  2  2VNDN54.94771813-1.2 5.6 4.4535312-1부중효과가격혈통49기 011                            13.9    13.1                                 3 9 6 2  1                                              .02858 0 5 6 0    .539.20 -.43     76.0017.6133.1345.7418365110.0020.8732.67 5
20250921일 4130011국553 7105 4혼전 4411맑음다습14 511로열베스트      한센    로열스텝 6330.00한수 4 419 2 1  139      24750국5박재우박민지   1 11518 922 1 1 321 19김성현48254.066평선하17 19 196116.053.021.21022 61945 72411 0 026201625198020 0→↗입13.336.739.812.8962037.838.6 82.0 82.8 36 64 36 7   14.00   14.60 5  4 -3BH동54.94771812 -.2 4.6 4.4464612 0걸음불변부중효과27기 0 9 5     8 9 8⑥1:22.02½   .813.938.313.1 -3  6  .40 6 9  4 1.23459273155 1 910 73 1 3.06 3.08 2.6 5.4  6.1   25.4   42.0   56.513.22353 0 4 5 0    .140.30  .44 6.2682.97 4.6712.5921.21 41118 5.4911.7020.93 7
20250817일 4130010국534 8 35 5혼전 4421맑음양호 8 511로열베스트      한센    로열스텝 6330.00한수 4 520 2 1   92      24750국5박재우박민지   1 21417 822 2 1 320 20장추열47656.593평선보18 17 177138.063.039.93350111945 72411321526202026228020 0↘↗입13.336.739.712.8943137.840.1 84.3 84.9 36 64 50 7   13.70   14.60 6  0 -1NN동54.94771812  .8 3.8 4.6444414 0걸음불변가격혈통43기 0 5 7     8 910⑨1:24.32½  2.114.040.714.6  4 -3 -.29 9 5  2 2.48959777924 1 810 40 2 1.08 2.06 2.0 2.9  2.0   54.6   77.8   33.313.21958 0 5 7 0    .940.80 -.03 8.5082.9013.0927.9539.91122843 8.2516.3528.21 6
20250706일 31300 9국551 4105 6혼전 4421맑음건조 3 511로열베스트      한센    로열스텝 6330.00한수 4 521 1 1   95      24750국5박재우박민지   1 31316 722 1 1 319 21장추열47957.093평도보51 47 478457.070.052.63350111945 72411321526202026228020 0↘↗입13.336.739.512.8934337.540.5 84.0 84.8 43 57 43 7   14.00   13.70 5 -2  0NLDN54.94771812  .8 3.8 4.6444414-1걸음불변가격혈통76기 1 5 4     5 6 8⑧1:24.06    2.513.740.614.6  5 -9  .39 8 3  1 2.787418480 9 1 6 8 12 1 1.08 6.04 2.2 5.4  2.2   28.3   40.0   43.710.62079 0 7 8 0   1.340.80 -.27 8.5582.7823.2140.1752.5832526413.7524.1432.88 3
20250601일 5140011국551 4105 4혼전 4441맑음건조 3 511로열베스트      한센    로열스텝 6330.00한수 4 522 1 1   85      24750국5박재우박민지   1 41215 222 1 1 318 22해리카48857.072평선보71 67 675741.054.024.21950 91945 7241123 026201925128020 0↘↘입13.336.640.012.8782336.639.6 89.0 88.4 36 64 1414   13.60   14.00 5  4  0NLUP54.94771812  .8 3.8 4.6444414 1전력변화가격혈통45기 0 7 2     3 3 6⑥1:29.02½  1.014.039.413.7  4 -7 -.59 6 2 -4 1.43226614548 2 9 6 62 1 4.05 9.05 3.4 9.7  7.6   24.2   48.1  151.6  .02347-1 6 6-1    .439.20 -.0911.7589.00 5.7614.5024.17 51223 9.7820.0031.91 5
20250427일 6130011국552 3105 4혼전 4421맑음양호 7 511로열베스트      한센    로열스텝 6330.00한수 4 523 9 1  149      24750국5박재우박민지   1 51114 622 3 1 317 23조한별49557.066평선보45 54 546535.045.011.01340 91945 7241123 026201219188020 0↘↗입13.336.739.512.8913937.239.0 82.0 82.8 38 69 23 8   13.80   14.30 5  2  1HLDN54.94771812 1.0 3.6 4.6444414-1걸음불변가격혈통 1기 0 3 3     2 3 2③1:22.01     .213.639.414.0 -3  5  .30 3 6  4 1.43830452969 3 6 8 91 3 2.01 5.07 2.9 6.7  4.7    8.3   16.5   24.6  .01725-2 5 4-2   -.540.30  .89 6.5982.78 1.78 4.9710.97 2 5 9 8.0814.6123.21 8
20250322토 4140011국512 9 65 6 1강 1157맑음건조 5 511로열베스트      한센    로열스텝 6330.00한수 4 618 2 2  266      24750국5박재우박민지   1 61013 122 2 1 216 18조한별49056.062우입적50 58 587558.059.040.91782 6215010241123 026201219187525 0↗↘입13.336.739.712.8653135.440.8 89.5 87.5 33 67 17 8   13.70   13.60 3 -2  0UNUP54.64741812  .4 3.2 3.6595912 2트립손실가격혈통 1기 0 1 2     1 1 2②1:29.5코    .013.840.814.3  0 -3-1.00 2 2  0  .0 7 1844088 3 4 3 41 2 1.02 7.01 1.7 4.1  1.7    4.1    7.2   35.6  .03556 0 7 6 0    .638.90 -.4111.1088.8614.7627.3340.8910223617.3331.4541.54 2
20250301토 5120011국553 3105 5혼전 4431흐림건조 3 511로열베스트      한센    로열스텝 6925.00한수 4 620 1 2  328      24750국5박재우박민지   1 7 912 922 1 1 215 20조한별49356.065우입적57 64 646135.062.032.91782 6215010241123 026201219187525 0↗↘입13.337.038.512.8616837.138.7 75.6 75.9 33 67 17 8   14.50   14.10 6  2  0HNDN54.64741812 1.2 2.4 3.6676712-6주행평범가격혈통 1기 1 3 3     4 4 5⑤1:15.61½   .613.738.713.6  3  8  .29 5 2 -1  .64344454059 7 4 2 42 1 3.01 6.05 2.2 5.1  6.2    5.1   12.7   10.0  .01960 0 6 7 0    .738.50  .17  .4375.78 9.7521.2432.8910223610.2618.7127.00 5
20250119일 6180011국551 9105 5혼전 4459맑음건조 3 511로열베스트      한센    로열스텝 4831.00한수 4 721 2 3  426      24750국5박재우박민지   1 8 811 122 1 1 214 21푸르칸48556.062강입적 9 20 2053 9.046.034.81686 6224320241118 026201324207525 0↗→추13.339.740.612.8704339.840.3122.0119.8 33 67 17 8   13.30   15.00 2 -4  0UNUP54.64741812  .6 2.6 3.2777712 5강단마필거리속성 1관 0 1 1 1 1 2 2 4⑨2:02.0½    .714.541.414.1  6 -3-2.11 9 3 -1 2.07232533756 1 8 6 41 2 9.06 5.10 3.2 9.1 15.9   84.9  261.0  426.8  .03243-1 3 3-1   -.441.30 -.1639.50118.713.7724.7534.82142842 3.51 8.5519.72 8
20250105일 31300 8국551 5105 6 1강 1131눈  건조 5 511로열베스트      한센    로열스텝 6330.00한수 4 723 1 3  473      24750국5박재우박민지   1 9 710 522 2 1 213 23박태종48856.067강입상59 61 618449.062.045.1 820 8224320241114 026202023207525 0↗↗선13.436.839.112.8886437.240.9 84.4 85.0 36 73 18 9   13.40   13.60 5 -6  0NN동54.64741312  .2 2.4 2.6838312 0마방선전강단마필 1기 0 5 3     4 7 7⑦1:24.44    2.813.341.515.0  3 14  .00 7 4 -3 3.391298982 6 1 5 5 20 2 2.01 6.02 3.3 6.4  4.0    6.4   14.1    9.6  .02870 0 6 6 0   1.040.70  .14 9.1482.5815.4430.7545.0920405613.1625.6435.23 4
20241130토 6130011국514 5 15 7혼전 4421흐림포화18 511로열베스트      한센    로열스텝 6330.00한수 3 825 9 3  591      24750국5박재우박민지   110 6 9 422 1 1 212 25박태종47456.067강선하41 44 448324.067.035.5 820 8224320241114 026202023207525 0↗↗선13.436.939.112.8856836.840.2 81.1 83.2 40 80 1010   13.80   14.00 6  2 -1VN동54.64741312 -.2 3.0 2.8828212 0전개최상마방선전 1관 111 4     3 3 4④1:21.1½   1.513.439.113.6 -3  3 1.90 4 7  3 1.75312795534 4 6 8 32 1 2.01 4.08 1.5 2.9  5.4    2.9    8.9   41.5  .03475 1 5 7 1   1.240.20  .32 7.2082.6512.4324.7335.52122843 6.7413.8320.13 7
20241019토 5130010국524 3 75 9 3강 3321흐림포화16 511로열베스트      한센    로열스텝 6330.00한수 3 927 2 4  722      24750국5박재우박민지   111 5 8 322 1 1 211 27코지  47156.591강선하69 74 749371.072.044.42648112746 9241125 026202526197525 0↘→선13.436.839.112.8927238.039.6 83.8 84.3 44 89 1111   13.90   13.0011 -1 -1LNUP54.64741312  .0 3.2 3.2787813 1전개최상전개최상 1관 2 9 6     7 9 7⑥1:23.83    2.013.839.614.0  2 -3  .30 6 4  3 3.08168637216 2 5 6 33 1 2.01 3.10 2.4 3.2  2.6    3.2    6.6   25.412.24487 2 7 8 2☆ 1.540.60  .16 8.3782.5817.0832.1644.3616334814.1628.0535.34 4
20240803토 5120010국553 2105 8혼전 4451맑음건조 3 511로열베스트      한센    로열스텝 6925.00한수 31030 1 5  915      24750국5박재우박민지   112 4 7 822 1 1 210 30김효정47457.066우선보96 86 869454.067.052.31580 42141 32411192526201621187525 0↘→입13.436.738.512.8847238.038.0 75.8 76.2 44 89 1111   13.50   13.30 3  8  0VL동54.64741312  .6 3.0 3.6747413 0전개최상전개최상 1기 010 7     7 810⑩1:15.83    1.413.938.013.0  9 -1  .2910 1 -1 1.85384204534 2 4 4 20 2 7.02 1.02 3.1 8.7 13.8   27.7   53.7   56.8  .04475 0 8 7 0▲ 1.238.90 -.21  .9975.6122.4940.1952.2719395718.7533.7243.77 3
20240714일 41200 8국554 3 55 8혼전 4431맑음양호 6 511로열베스트      한센    로열스텝 6925.00한수 31133 2 5  968      24750국5박재우박민지   113 3 6 722 4 1 2 9 33씨씨웡47557.081우선하89 82 829765.067.047.61025 82141 3241131 026202024227525 0↘↗자13.436.738.712.8845937.337.7 74.7 75.1 50 88 13 0   13.60   13.30 3 -5  0UL동54.64741312 1.0 2.5 3.5747413 0직전탐색전개최상 1기 1 2 4     3 4 4④1:14.71½   .613.537.513.3  2  2  .30 4 2  1 1.41755121561 2 3 2 42 4 4.01 6.04 2.0 3.9  7.3    6.1   18.2   10.0  .04476 1 8 8 1▲ 1.138.60 -.21 -.2775.7214.9230.2847.5710223618.3135.8639.53 3
20240622토 6120010국542 4 95 5혼전 4451비  포화17 511로열베스트      한센    로열스텝 6925.00한수 31237 2 6 1034      24750국5박재우박민지   114 2 5 622 3 1 2 8 37씨씨웡47357.092우선보95 93 938581.061.045.43357 72765 3241131 026202024227525 0↗↘자13.436.838.812.8795537.238.5 75.3 75.8 50 88 13 0   13.50   13.30 5 -1  2NB동54.64741312 1.3 3.0 4.3676713 0걸음불변가격혈통 1기 1 7 3     5 5 5④1:15.32    1.013.638.613.3  3 -3  .49 4 1  0 1.03747393548 2 6 1 32 3 4.02 6.08 2.0 4.0  7.2    8.4   23.2   59.210.51755 0 8 8 0    .738.70 -.24  .1675.8416.2631.6145.3614284227.4046.8449.84 1
20240518토 31200 8국543 4 95 7혼전 4431맑음다습10 511로열베스트      한센    로열스텝 6925.00한수 31428 2 6 1142      24750국5박재우박민지   115 1 4 522 2 1 1 7 28씨씨웡47655.592우선보93 90 908072.066.032.63357 72765 3241131 026202024227525 0↗↘자13.436.739.012.8834336.938.0 74.6 75.0 43 86 14 0   13.60   13.10 4  5  2VN동54.64741312 2.5 2.5 5.0626213 0승부최상가격혈통 1기 0 8 2     2 3 3②1:14.6목    .013.538.313.3  1 -2  .30 2 1 -1  .11332211282 4 9 4 41 2 7.01 4.08 2.6 4.4 14.5   22.6   69.1   66.410.53459 0 8 7 0    .938.50  .05 -.7175.89 9.9421.7632.6110223615.7931.3740.49 1
20251116일 6130011외4 2 5  3 9혼전 4422           6 1박차라          CARAVAGGOH CAROL 2115.00미수 3 011   1    014:25 33000혼4최용건우태율   1 01010 2 9 2 0 1 9 11해리카   54.072기선적50 56 569547.065.037.01950 92767101831333121111925123367 0↘↘입13.536.739.812.99520                   25 25 75 0   13.50   15.70 2 -8  0UUDN55.25231612  .2 5.6 5.8555512-3마방연대전개최상50기 0 1                            13.5    15.7                                 110 7 4  2                                              .04479 3 7 7 3△ 1.039.80 -.01     82.9712.5725.5836.9810223610.1322.9531.27 2
20251101토 8160010외413 9 63 8 2강 2233맑음건조 5 6 1박차라          CARAVAGGOH CAROL 2115.00미수 3 012 1 1   37      33000혼4최용건우태율   1 1 9 9 1 9 1 0 1 8 12해리카53054.072기입적41 32 321748.066.057.91950 92767101831333121111925123367 0↘↘입13.535.940.612.9891035.542.0104.2103.0 14 29 71 0   13.50   13.50 6  5 -1BUUP55.25231612 -.4 5.6 5.2575712 2직전탐색마방연대74기 1 9 2   2 2 2 1⑤1:44.2½    .213.542.115.7  2 10 -.60 5 3  1  .353 6918478 3 9 6 21 1 1.07 2.03 2.2 6.3  2.2   15.0   20.4   25.1  .03778 3 6 8 3▲ 1.240.60 -.7726.54103.326.2844.6057.8919395712.0524.1435.48 4
20250920토 6140011외452 1103 5혼전 4431맑음포화16 6 1박차라          CARAVAGGOH CAROL 2115.00미수 3 014 2 1  103      33000혼4최용건우태율   1 2 8 8 3 9 4 0 1 7 14김철호52054.568기입보57 52 527732.056.031.61238 82767101831172921111522233367 0↗↗자13.536.440.012.9941236.839.8 87.0 89.0 14 29 86 0   13.50   13.20 3  1  0VUUP55.25231412  .4 6.0 6.4434312 2뒷심부족기복전력 5기 1 4 4     7 7 7⑥1:27.03    1.713.539.113.5  4 -8 1.49 6 2 -4 2.15337635628 1 9 7 70 4 6.0311.10 3.1 6.5 10.5   21.0   61.5   55.7  .02358 0 5 6 0    .439.50 -.1812.5588.86 8.3519.8331.62 41118 6.1216.7525.32 7
20250830토 7120010외433 1 33 6혼전 4431맑음포화18 6 1박차라          CARAVAGGOH CAROL 21     미수 3 016 9 1   57      33000혼4최용건우태율   1 3 7 7 4 9 3 0 1 6 16김철호52854.569기도하39 31 318515.054.023.41238 82767101831172921111522235050 0↗↗자13.636.639.613.6951136.838.2 72.9 75.1 17 17100 0   13.70   14.50 4  2  0VUDN55.55201412  .4 6.0 6.4434312-2전개최상선행강점89기 1 3 2     3 3 3④1:12.9½    .113.537.113.2 -2  1 2.10 4 6  0  .71728281673 210 7 72 3 1.03 1.04 1.7 2.9  1.7    2.2    2.9   20.4  .03466 0 4 6 0    .238.70  .06-1.1076.17 4.9513.3923.39 41118 3.8011.0417.91 7
20250802토 51400 9외454 3103 8 3강 3331맑음건조 3 6 1박차라          CARAVAGGOH CAROL 2115.00미수 3 020 1 1   60      33000혼4최용건우태율   1 4 6 6 2 9 2 0 1 5 20김철호52754.568기도적69 66 669655.062.028.81238 82767101831172921111522235050 0↗↗자13.636.340.413.696 736.240.9 89.7 89.4 20 40100 0   13.60   14.40 3 -2 -1UU동55.55201412  .4 6.4 6.8494914 0마방연대전개최상24관 0 1 3     3 5 6⑦1:29.74    2.213.740.614.5  1 -2 -.30 7 6 -1 2.46710877220 1 9 5 62 2 3.01 7.08 3.4 7.7  4.9    7.9   17.9  105.110.94478 2 6 6 2△  .839.70 -.2912.7389.07 6.9917.3128.78 51322 6.2917.3628.72 5
20250712토 7140011외454 5103 6혼전 4431맑음건조 5 6 1박차라          CARAVAGGOH CAROL 2115.00미수 3 0   2 1   57      33000혼4최용건우태율   1 5 5 5 1 9 1 0 1 0  0김철호52955.068기도적14 16 1667  .056.023.41238 827671018311729211115222399 0 0↗↗자13.636.441.113.694 635.840.4 89.2 88.4 25 25100 0   15.40   12.4022 -6  0VUUP56.05111412 1.3 6.3 7.5424212 2걸음불변마방연대36기 0 3 3     4 5 3④1:29.2목    .313.640.514.4 -3 13 -.60 4 7  1  .734 3794570 411 9 72 1 5.04 6.01 2.0 5.7 10.6   34.7   66.1  478.1  .02069 0 5 7 0    .339.40 -.6210.8589.62 5.3914.0623.37 41118 9.0018.0933.23 5
20250209일 8120011외452 5103 6혼전 4441맑음건조 4 6 1박차라          CARAVAGGOH CAROL 21     미수 3 033 1 3  440      33000혼4최용건우태율   1 6 4 4 3 9 4 0 1 3 33마이아51655.093기도상86 80 809380.063.042.22740151425 81831323321113530 999 0 0↘↗선13.636.739.913.6892036.440.6 77.3 77.1 33 33 67 0   13.60   13.90 4  8 -1LU동56.05111312  .7 6.3 7.0474712 0전력변화전개최상 1관 0 9 2     2 2 5⑨1:17.3½   1.713.840.815.0  3  5 -.30 9 6  3 2.27914907827 110 3 41 4 5.01 3.04 3.1 7.7  7.6    8.2   19.4   17.2  .04469 0 8 6 0△  .839.20 -.71  .4776.3914.9030.3442.2010223625.0045.6859.09 1
20250111토 21200 9외411 4 13 5 1강 1139맑음건조 5 6 1박차라          CARAVAGGOH CAROL 21     미수 3 0 0 2 3  463      41250혼4최용건우태율   1 7 3 3 2 9 3 0 0 2  0마이아51156.093하도적17 12 127656.054.049.22740151425 81831323321113530 9      ↘↗선13.636.839.713.981 736.438.3 75.0 74.8  0  0 50 0   13.60   15.10 4 -6  1HNDN       1312 1.5 8.0 9.5272712-1걸음불변기수영향 1기 1 1 1     1 1 1②1:15.01¼   .013.638.513.9 -1  1 -.30 2 3 -5  .2 91129 885 3 6 3 21 3 1.03 2.01 1.3 2.9  1.3    3.5    4.5    4.9  .01954 0 6 6 0    .438.40 -.85-1.7276.3415.3933.5049.1820405612.2428.8832.63 2
20241214토 3130012외411 5 13 5혼전 4435맑음양호 8 6 1박차라          CARAVAGGOH CAROL 2115.00미수 2 0 0 2 3  551      41250혼4최용건우태율   1 8 2 2 1 9 2 0 0 1  0마이아51055.093평도보40 25 255739.057.026.92740151425 81831323321113530 9      ↘↗선13.736.840.313.9962037.341.6 85.1 85.6  0  0100 0   13.70   14.20 5 -3  0NHUP       1312 1.0 8.0 9.0464612 1마방기습거리늘어 1기 0 7 2     4 5 5⑩1:25.11¾  3.213.642.415.1  2  6 -.1010 8  0 3.395339491 6 61211 40 2 3.04 6.08 1.6 3.1  6.4   31.5   55.5   10.213.22750 0 6 7 0    .640.90 -.10 8.4783.35 8.8717.2926.88 82235 6.9817.4920.77 8
20241110일 2120011외450 4103 9 1강 1135흐림건조 5 6 1박차라          CARAVAGGOH CAROL        미수 2 0 0 2 4  648      41250혼4최용건우태율   1 9 1 1 1 9 1 0 0 0  0마이아50455.093평무보   25 2540  .063.062.43650211363 21831323321113530 9      →↘선    36.738.5        36.539.4 76.2 76.2              13.80   13.60 4  0  0LL동       12 0                 0 0걸음불변마방기습 1기 110 4     2 2 2⑨1:16.2코   1.113.739.814.2  1 -7 -.30 9 8  0 1.25214684445 4 4 7 11 1 3.02 7.01 3.4 7.6  5.6   12.3   20.8   24.0  .03975 3 6 9 3☆ 1.038.90 -.50  .9775.6131.0150.8062.3932526410.2320.1130.67 7
20251116일 6130011외4 2 5  2 8혼전 4422           6 2프리더원        OLE KIRKREADY FO        호수 33333   1    014:25 33000혼4문병기김호진   4 0 5 5 1 4 1 1 0 3 33빅투아   56.087평자보50 56 565445.064.036.2295017325317251324 02830202818 0 099→↘입15.237.339.112.85572                   33 33  033   13.30   14.10 7 -8  1UNUP52.54981412-1.3 5.7 4.3555512 1승부호기거리늘어45관 0 2                            13.3    14.1                                 9 7 6 6  1                                            12.73379 2 6 7 2    .939.10  .09     82.9010.9924.7336.20 51322 8.8619.6726.38 6
20250928일 9120010외441 1 42 8혼전 4431흐림포화18 6 2프리더원        OLE KIRKREADY FO        호수 35050 9 1  113      33000혼4문병기김호진   4 1 4 4 3 4 1 1 0 2 50이용호50255.568우입상81 75 7562  .061.027.41064 2325317251329252830191620 0 099↗↗선15.237.738.312.8208736.739.3 74.3 76.5 50 50  050   14.10   13.2011  2  0VNDN52.54981412-2.0 5.0 3.0727212-2승부호기승부호기16관 010 1     1 1 3⑦1:14.3¾   2.213.338.614.1  0  7 1.70 7 7    2.46522664719 9 3 2 71 1 2.04 3.09 1.8 2.9  4.4   21.1   33.5    7.7  .02868 0 8 7 0    .638.00  .06  .5076.06 8.9217.5927.43 51322 9.8918.9530.57 5
20250712토 8140010외441 2 92 8혼전 4431맑음건조 5 6 2프리더원        OLE KIRKREADY FO        호수 35050 2 1  183      33000혼4문병기김호진   4 2 3 3 1 4 3 1 0 2 50김효정  055.568우입적62 79 796865.068.042.9183413325317251319 02830162118 0 099→↘입15.237.040.112.85816                   50 50  0 0   14.10   13.20 6 -1 -1NNUP52.54981412-6.0 7.0 1.0979712 2승부호기승부호기82기 1 8                    취소    14.1    13.2     0 -.77                      711 3 30 3 1.06 9.10 3.3 5.3  3.3   20.3   25.3   18.7  .03780 3 8 8 3▲ 1.340.10 -.90     89.3416.6331.2842.8914284216.2530.0641.64 3
20250531토 7120011외452 3102 7 1강 1131맑음건조 4 6 2프리더원        OLE KIRKREADY FO        호수 3     9 1  113      33000혼4문병기김호진   4 3 2 2 2 4 2 1 0 1  0김효정49556.070강추상76 89 8977  .069.045.4183413325317251319 02830162118 0 099→↘입15.237.239.612.8623537.538.0 75.6 75.5100  0  0 0   14.20   14.40 6  5  4BB동52.54981212-6.0 7.0 1.0979712 0적임교체승부호기47기 0 9 6     5 6 6⑤1:15.6목   1.114.138.113.2  2 -3 -.10 5 3 -4 1.13368223348 7 8 2 22 2 5.0110.07 2.510.6 10.6   12.4   30.7   37.8  .03182 1 8 9 1   1.238.20 -.90-1.2876.5117.9333.3445.38183651 8.0416.7432.14 6
20250419토 8120011외451 8102 9혼전 4423비  다습10 6 2프리더원        OLE KIRKREADY FO        호수 3 0 0 2 1  178      33000혼4문병기김호진   4 4 1 1 1 4 1 0 0 0  0김효정49852.570평무보14 25 252222.056.037.9183413325317251319 02830162118      →↘입15.238.739.112.8 15136.939.1 76.7 75.7              15.50   13.30 4  0  0NN동       12 0         7.0     0 0거세출주적임교체 1트 0 4 8     8 8 4①1:16.72½  -.514.239.914.4 -6 -7 -.80 1 7  0  .0333257449111 311 43 1 7.08 4.10 3.5 6.8 44.2  848.8 1353.9  968.6  .04451 3 5 9 3☆  .736.70-1.26-2.1577.0611.4424.6937.94 8203110.9618.2925.26 5
20251116일 6130011국4 2 5  4 9혼전 4422           6 3골드퀸즈        콩코드포스캣대디 7531.00한암 32550   1    014:25 33000혼4이관호명마조합-2 0 9 2 3 8 1 2 2 8 50정우주   52.070우입보50 66 669167.069.044.4204210224713213820 02416173013 06733↗↘입13.737.038.712.68191                   71 86 1471   14.80   13.00 8  1  1NNUP53.34791412  .4 2.6 3.0787813 1강단마필전개최상60기 1 3                            14.8    13.0                                 5 1 1 1  1                                            12.74486 2 8 9 2☆ 1.338.70  .29     82.4518.8533.7344.4218365115.1926.2338.11 1
20250920토 7120011국434 2 84 9혼전 4421맑음포화16 6 3골드퀸즈        콩코드포스캣대디 3923.00한암 32857 2 1  146      33000국4이관호명마조합-2 1 8 1 5 8 1 2 2 7 57김성현48351.066강입보97 97 979078.066.039.91022 6224713213810332416162519 06733→↗입13.737.038.112.6719338.337.5 74.0 76.2 83100 1767   13.90   13.00 9  0 -4HUDN53.34791412  .2 2.2 2.4848413-1전개최상강단마필 5기 1 211    11 9 8⑦1:14.0½   1.414.836.713.0  2  9 1.80 7 5  4 1.55591104237 8 3 1 40 1 1.02 1.11 2.4 3.2  2.4    3.2    5.5   16.910.54090 3 9 8 3☆ 1.138.60  .19 1.1075.5613.8626.5439.8810223618.9233.3340.58 2
20250719토 3130011국522 6 74 9 2강 2221비  불량20 6 3골드퀸즈        콩코드포스캣대디 7531.00한암 31650 2 1  168      24750국5이관호명마조합-2 2 7 6 2 8 6 1 2 6 50문세영47455.073강입하65 71 719689.073.055.73644 9224713213845462416283616 05050↘↗입13.736.938.812.6858937.637.6 80.8 81.9 80100 2040   14.30   14.10 5  1  0HLDN52.54821412 -.8 3.2 2.4848412-1전개최상전개최상54기 1 2 6     5 3 1①1:20.8¾   -.213.937.913.0  0 -5  .60 1 1 -1  .01048 6 589 2 1 1 22 6 1.02 2.11 2.2 3.7  2.2    3.7    5.7   21.1  .05787 2 9 8 2☆ 1.739.90 -.05 6.2082.4525.4743.4955.7019395725.8645.2856.55 1
20250615일 31400 8국530 5 34 9 3강 3351맑음건조 3 6 3골드퀸즈        콩코드포스캣대디 7531.00한암 32060 2 1   89      24750국5이관호명마조합-2 3 6 5 1 8 5 1 2 5 60문세영47955.073강입하73 83 839294.073.071.33644 9224713213845462416283616 05050↘↗입13.736.839.012.6657536.739.8 89.5 89.1 80100 2060   13.70   13.60 5  0  0ULUP52.54821412-1.3 3.8 2.5838312 1전개최상전개최상60기 1 1 6     6 6 7⑧1:29.51¼  1.614.339.714.1  6 -8 -.41 8 2  1 1.65733675730 2 2 1 12 5 3.01 8.02 2.0 2.9  4.9    3.3    9.0   20.612.24489 2 9 9 2☆ 1.539.10 -.8413.2688.4530.8255.1571.2732526434.4156.9971.83 1
20250511일 4130011국511 6 14 9 1강 1121맑음포화19 6 3골드퀸즈        콩코드포스캣대디 7531.00한암 32550 2 1  109      24750국5이관호명마조합-2 4 5 4 1 8 4 1 1 4 50문세영48755.073강입하80 92 929494.071.062.13644 9224713213845462416283616 05050↘↗입13.937.338.712.6609536.639.7 82.2 82.4 75100  050   13.90   12.90 5 -1  3UBUP52.54821312-2.0 4.7 2.7838312 1연대우수전개최상 1   0 1 3     5 3 2②1:22.22½   .013.739.313.6  1  5  .30 2 1  0  .522 7673185 7 2 1 12 4 8.01 8.01 1.4 3.4 49.3   21.6   97.0   34.112.04490 2 9 9 2☆ 1.439.60 -.39 6.3582.6528.1048.6762.0832526430.4851.4061.45 1
20250405토 5120010국523 7 74 7 1강 1151비  다습13 6 3골드퀸즈        콩코드포스캣대디 3923.00한암 33333 1 2  223      24750국5이관호명마조합-2 5 4 3 4 8 3 1 0 3 33문세영48252.573강입보96 94 948991.067.055.94253 01850 8213845462416283616 05050→↘입14.037.438.212.9389736.938.2 74.1 75.1 67100  067   14.10   13.20 6 -1  1HN동52.54821212-2.0 4.5 2.5818112 0적정체중연대우수 1트 1 2 5     3 3 3②1:14.14     .013.937.312.9  1  0 1.00 2 1 -4  .61531281683 6 1 1 22 3 2.01 8.02 1.8 2.6  3.4    2.6    5.8   27.4  .03780 1 9 8 1△ 1.237.90 -.55 -.5575.8420.5640.7655.8919395725.0050.2363.52 2
20250223일 4120011국524 5 74 9혼전 4431맑음건조 3 6 3골드퀸즈        콩코드포스캣대디 3923.00한암 35050 9 2  340      24750국5이관호명마조합-2 6 3 2 3 8 2 1 0 2 50문세영48252.093강입보97 94 948081.067.034.94253 01850 8213845462416283616 0 099→↘입14.037.538.413.2309737.038.0 75.6 75.1 50100  0**   14.00   13.50 6  2  0HU동53.04811212-5.0 6.0 1.0959512 0전개최상연대우수 1관 0 3 5     5 3 4③1:15.6½    .014.138.313.2 -2  3 -.60 3 5  2  .2163821158111 5 2 12 2 2.04 5.08 3.5 7.4  3.5   25.6   40.6   59.110.55686 1 9 8 1☆ 1.037.80 -.12 -.7876.0013.7924.9934.9432526416.1329.6036.43 2
20250111토 5120011국554 2104 9 2강 2211맑음건조 5 6 3골드퀸즈        콩코드포스캣대디 3923.00한암 3     2 3  460      24750국5이관호명마조합-2 7 2 1 2 8 1 1 0 1  0문세영47952.093강추상97 98 9896  .073.055.2384718346122213845462416283616 0 099↗→입14.037.638.513.6269737.137.7 75.2 75.0100100  0**   14.00   13.90 8 -4 -1UU동53.04811212         1.0    12 0기수신마전개최상 1기 1 1 7     5 4 3④1:15.21¾   .514.037.913.5  1 -2 -.30 4 3 -3 1.2134613116511 5 1 22 1 1.07 3.02 3.1 6.4  3.1   28.7   41.4   81.4  .04499 4 9 8 4★ 1.837.60 -.80-1.1176.1225.7342.9655.2019395712.5022.3642.86 5
20241116토 1120012국641 9 94 7혼전 4435맑음건조 3 6 3골드퀸즈        콩코드포스캣대디 3923.00한암 2 0 0 2 4  640      24750국6이관호명마조합-2 8 1 1 1 8 1 0 0 0  0장추열48153.090평무보   25 2540  .057.030.22447 82041 6213824 02416202622      ↗→입    36.738.5        37.337.9 76.8 75.0              13.80   13.60 4  0  0LN동       12 0                 0 0걸음불변기수신마 1기 0 5 5     8 8 3①1:16.81¾  -.314.039.013.9 -5 11-1.50 1 6  0  .01257182196 2 2 3 53 1 6.02 5.06 3.1 6.2 19.0   28.8   72.1   46.1  .03771 3 6 6 3    .638.50  .42 -.2575.61 9.2518.7730.16 92133 9.1817.7327.16 5
20251116일 6130011외4 2 5  5 4혼전 4422           6 4용비히어로      GOLDENCEMOCHI    7232.00미수 3 0 0   1    014:25 33000혼4홍대유정성진   4 0 6 1 1 0 1 0 0 0  0이혁     52.587평입하61 64 644552.052.020.11529 61838 7151732121814272119 0 0 0↘↗선13.637.339.613.46043                    0  0  025   14.10   12.7039  0 -1HVUP51.55041414 -.3 6.0 5.8565614 1주행평범거리늘어50기 0 4                            14.1    12.7                                 8 8 3 7  1                                            13.21650 0 6 8 0    .039.60  .22     83.23 5.5110.9120.13 4111812.6621.8634.20 4
20250216일 7120011외432 4 85 5혼전 4449흐림건조 4 6 4용비히어로      GOLDENCEMOCHI    72     미수 3 0 0 2 4  761      33000혼4함완식정성진   4 1 5 5 2 5 2 0 0 4  0조인권50453.582평입상51 53 534535.052.033.31846 71327 512 014 015 7232413 0 0 0↘↗선13.637.239.113.4464736.839.8 77.1 76.7  0  0  025   13.80   14.00 4  3  2HNDN51.55041414  .0 6.7 6.7515114-2전력변화작전마주 1기 0 4 6     6 6 4⑥1:17.12    2.014.040.314.7  4  0 -.49 6 2 -2 2.17029796924 6 5 2 52 3 1.10 9.11 2.3 6.1  2.3   65.6   79.3  153.2  .02341-1 6 4-1    .238.60 -.28  .4176.2310.6522.8733.32 6152817.3929.0942.19 2
20250118토 9140010외451 7 55 6 1강 1145맑음건조 4 6 4용비히어로      GOLDENCEMOCHI    7232.00미수 3 0 0 2 3  434      33000혼4함완식정성진   4 2 4 4 3 5 1 0 0 3  0조인권50452.072하입적47 44 445734.056.040.91843131125 412 014 015 7232413 0 0 0↗→선13.636.940.313.4571136.540.0 89.3 88.5  0 33  0 0   14.30   13.70 5 -7  1UV동51.55041414 1.0 6.0 7.0434314 0걸음불변탄력호전 1기 0 1 3     6 4 3③1:29.32½   .413.839.714.0 -1  0 -.60 3 4 -4 2.23424685371 3 9 3 32 2 1.03 3.08 2.0 3.1  2.0    5.6    8.2   12.6  .03369 0 6 4 0    .538.90 -.9111.2889.4111.2225.9840.90122539 7.8318.0025.23 3
20241214토 6140010외431 8 85 2 1강 1147맑음양호 8 6 4용비히어로      GOLDENCEMOCHI    7232.00미수 2 0 0 2 3  548      33000혼4함완식정성진   4 3 3 3 2 5 2 0 0 2  0문정균50451.562하입보12 14 1420 3.030.0 8.61350101125 412 0151515 7131823      →→추13.637.040.613.748 837.139.1 89.8 88.2  0  0  0 0   13.60   14.10 5 -1 -1NH동       1412  .0 8.0 8.0393914 0걸음불변보통걸음 1기 1 8 8     6 7 4⑥1:29.8½    .514.339.413.7 -2  3-1.20 6 8  4  .62356384069 710 8100 2 1.05 9.10 2.2 3.9  2.2   11.9   17.1   56.9  .01413-3 2 1-3▽-1.338.80 -.3210.5789.69 1.23 3.26 8.58 1 3 7 1.28 2.41 7.0910
20241109토101400 9외452 4 55 4 2강 2259맑음양호 6 6 4용비히어로      GOLDENCEMOCHI    7232.00미수 2 0 0 2 4  651      33000혼4함완식정성진   4 4 2 2 1 5 1 0 0 1  0문정균50152.070하입보18 25 2510  .032.014.11538 71327 512 0151515 7131823      ↗→추13.637.240.613.736 836.539.8 89.2 89.6  0  0  0 0   13.60   14.00 6  6 -3NHUP       1412         8.0    12 2기수신마거리부담 1기 1 9 4     6 7 8⑥1:29.2¾   1.113.639.614.1  2  9  .40 6 4 -4 2.17020634442 6 8 9 80 1 1.02 2.01 2.6 5.0  2.6    5.0    8.1   19.1  .02020-1 3 2-1  -1.138.80 -.5711.7989.83 1.89 6.5614.11 1 3 815.5230.0063.89 3
20240928토 3120012외451 2105 6혼전 4435맑음건조 5 6 4용비히어로      GOLDENCEMOCHI           미수 2 0 0 9 4  789      41250혼4함완식정성진   4 5 1 1 1 5 1 0 0 0  0조인권49255.082평무보   25 2540  .042.015.21846 71327 512 014 015 7232413      ↘↗선    36.738.5        37.239.5 76.3 77.1              13.80   13.60 4  0  0NL동       12 0                 0 0거세출주기수신마 1기 2 3 5     6 6 7⑧1:16.32    1.413.639.614.0  0 -9  .50 8 8  0 3.67752717034 3 3 4 82 1 2.03 4.07 4.4 8.0  4.6   12.2   24.0   30.7  .02251 1 5 6 1   -.639.20  .85 1.8675.61 3.27 8.4915.18 3 814 8.7416.8226.64 3
20251116일 6130011외4 2 5  3 4혼전 4422           6 5정성팩터        THE FACTDILLINGH 7831.00미수 4 0 0   1    014:25 33000혼4서인석전성열   5 016 3 619 2 0 019  0루이스   52.054하입상50 53 5322  .032.0 5.5 0 0 01837 91915 0 018 9 0 033204020→→추13.437.139.713.07025                    6  0 12 0   13.40   13.30 2  4  0NHDN52.04651714-1.4 8.4 7.0494913-4주행중지단기승부40기 0 5                            13.4    13.3                                 7 9 911  2                                              .01621-2 2 2-2  -1.439.70  .67     83.16  .37 1.56 5.52 0 2 511.3919.6726.38 7
20251102일 7170011외454 5103 1혼전 4411맑음양호 6 6 5정성팩터        THE FACTDILLINGH 7831.00미수 4 0 0 1 1   27      33000혼4서인석전성열   5 115 2 119 1 0 018  0루이스46452.054평입상 8 24 2428 3.032.0 8.1 0 0 01837 91915 0 018 9 0 033204020→→추13.439.641.813.05716                    6  0 12 0   13.40   15.40 4 -9  0UHUP52.04651714-1.4 7.2 5.8575713 3선행무리급하락세66트 1 1          99        중지    13.4    15.4   -10  .07   8 -3              10 9 6110 1 3.01 4.05 2.8 5.3  4.0    8.1   15.6    6.4  .01319-3 2 1-3▽-1.441.80  .17     114.0  .80 2.61 8.05 0 2 5 1.15 2.17 6.3611
20251004토 8140011외344 8 43 2혼전 4421맑음다습10 6 5정성팩터        THE FACTDILLINGH 7831.00미수 4 0 0 1 1   48      41250혼3서인석전성열   5 214 11019 2 0 017  0김용근47452.082평입상23 33 332312.031.0 7.52149101837 9191517 018 9292517204020↗→선13.636.940.013.0511435.843.0 90.6 91.0  6  6  6 6   13.80   14.0010  2  0BHUP52.04651614-1.4 7.2 5.8575713 1걸음불변급하락세42트 110 2     2 2 9⑪1:30.6코   2.613.443.115.4  0 16  .201111  1 3.292 3989418 610 7101 3 3.05 5.11 2.8 3.7  6.1   28.4   45.9   19.3  .01413-3 3 3-3▽-1.539.50  .1414.1389.21  .41 2.74 7.54 0 2 5 2.44 7.9114.3310
20250726토 6130011외454 6103 4혼전 4421맑음건조 4 6 5정성팩터        THE FACTDILLINGH 7831.00미수 4 0 0 9 1  187      33000혼4서인석전성열   5 31317 519 1 0 016  0김용근45852.082하입보25 32 324113.049.018.02149101837 9191517 018 9292517252525↗→선13.637.339.713.0582836.939.7 82.4 83.5  7  0  7 0   14.00   13.50 4 -1  0NH동52.04661614 -.6 7.0 6.4474713 0걸음불변보통걸음82기 1 8 3     3 3 6⑥1:22.4½    .713.840.214.0 -4-14  .20 610  3  .85915674160 8 8 8 72 2 5.02 3.11 3.0 7.2  8.8   13.2   41.9   22.9  .01962 0 3 4 0    .039.90  .21 6.4883.29 4.64 9.5218.00 21017 2.22 8.0415.1310
20250629일 71300 9외434 4 83 4혼전 4421맑음양호 8 6 5정성팩터        THE FACTDILLINGH 7831.00미수 4 0 0 9 1   65      33000혼4서인석전성열   5 41216 419 3 0 015  0조재로47252.078하입하27 31 3132 8.040.012.92748131837 9191525 018 9182422333333↗↘추13.637.339.813.0582538.138.9 81.9 83.9  0  0  0 0   14.50   14.10 2  2  0VHDN52.04641614 -.2 6.8 6.6434313-1걸음불변단기승부40트 0 9 8     8 8 6⑦1:21.9코    .914.038.913.5  0  3 1.00 7 7  2  .97272415544 9 9 6110 6 1.04 6.11 2.5 5.0  2.5    9.2   13.4   13.4  .01532-1 2 3-1   -.640.00  .29 6.7783.35 2.22 6.7312.87 0 1 5 2.38 6.2812.3411
20250615일 7140011외440 4 93 3혼전 4457맑음건조 3 6 5정성팩터        THE FACTDILLINGH 7831.00미수 4 0 0 2 1   25      33000혼4서인석전성열   5 51115 919 2 0 014  0조재로46952.078하입상43 41 412718.045.019.42748131837 9191525 018 9182422333333↗↘추13.637.140.113.0421236.940.1 89.5 89.5  8  0  0 0   14.20   13.80 5  3  0NH동52.04641614 -.2 6.8 6.6363613 0최고선전보통걸음45기 0 711     9 9 8⑧1:29.51¼  1.114.539.714.1  3 -1  .10 8 5 -4 2.16942726843 510 5 60 5 9.07 6.08 2.9 5.0 42.8  308.3  836.9  425.2  .01638 0 4 3 0   -.438.90 -.3312.3189.41 4.7110.8019.41 51322 4.1710.8420.00 6
20250510토 5140011외423 6 73 3혼전 4441흐림불량20 6 5정성팩터        THE FACTDILLINGH 7831.00미수 4 0 0 2 1  118      33000혼4서인석전성열   5 61014 819 1 0 013  0조재로47052.078하입보31 28 282511.042.016.92748131837 9191525 018 91824225050 0↗↘추13.636.940.113.0531037.438.7 88.3 88.5  8  8  0 8   14.10   13.90 5  2  0HH동52.04621614  .8 5.8 6.6393913 0걸음불변보통걸음 1   0 410    1010 8③1:28.33     .514.239.813.8 -6 -2 -.10 3 9  4  .53371263766 810 8 93 410.07 9.01 1.8 4.0 43.3  414.7  707.0 1444.4  .01439 0 3 3 0   -.538.90 -.1511.4689.28 4.15 9.3416.85 1 4 9 3.70 7.6113.55 9
20250405토 6140011외421 5 73 1 1강 1132비  포화17 6 5정성팩터        THE FACTDILLINGH 7831.00미수 4 0 0 1 2  222      33000혼4서인석전성열   5 7 913 719 1 0 012  0김용근47252.089하입보 5  2  221 5.034.012.11832 61438 6191517 018 92925175050 0→↗선13.637.040.113.0451236.640.1 88.3 88.6  9  9  0 9   14.00   15.20 5 -4  0HHDN52.04621614  .0 6.6 6.6363613-2탄력저조보통걸음 1기 1 2 8     4 3 4⑤1:28.3¾    .814.139.413.9  0  9  .60 5 5 -4 1.14025715757 71111 92 1 1.08 1.07 2.3 4.0  2.3   22.2   30.4   43.8  .0 931-1 2 2-1  -1.138.80 -.0811.5489.34 1.65 5.5412.06 1 3 7 1.52 5.1610.07 8
20250302일 8160010외451 7 53 3혼전 4433흐림건조 4 6 5정성팩터        THE FACTDILLINGH 7831.00미수 4 0 0 1 2  315      33000혼4서인석전성열   5 8 812 119 1 0 0 0  0조재로46352.081평입하41 43 431718.040.014.91338 51438 6191525 018 91824225050 0→↗추13.636.540.613.0551636.942.0106.6104.9 10 10  010   14.50   13.10 7  4  0NHUP52.04621614 -.6 6.4 5.8505013 2걸음불변보통걸음 1기 0 6 4   4 4 5 8⑨1:46.64    3.414.043.215.2  0  3-1.10 9 9  3 4.490739396 8 5 9 5 70 3 5.01 1.08 2.1 4.8  9.2    9.1   22.9   33.1  .01427-1 4 4-1   -.840.60 -.0227.78103.7 2.47 7.0814.94 41118 4.4112.1622.89 7
20250111토 7140011외432 3 83 3 2강 2249맑음건조 5 6 5정성팩터        THE FACTDILLINGH 7831.00미수 4 0 0 2 3  458      33000혼4서인석전성열   5 9 711 619 3 0 010  0조인권46052.072평입하 6  7  736 3.041.014.8184313315815191522 018 92324135050 0↗→선13.637.039.713.0473936.740.9 89.6 89.6 11 11  011   14.10   14.70 4 -8  0HH동52.04621414-1.6 7.4 5.8515113 0걸음불변보통걸음 1관 1 2 9     6 6 6⑧1:29.61¼  1.514.440.414.4  2  6  .20 8 6  1 1.97131868132 5 7 8 82 3 3.01 6.05 2.7 7.2  4.9    7.2   16.4   20.4  .01429 0 2 3 0   -.639.10  .0812.9189.07 2.33 7.4114.78 1 612  .89 1.97 5.9010
20241215일 9140010외450 7 53 4 1강 1157맑음양호 8 6 5정성팩터        THE FACTDILLINGH 7831.00미수 3 0 0 2 3  534      33000혼4서인석전성열   510 610 519 2 0 0 9  0조인권45452.072평입상34 40 403021.046.019.7184313315815191522 018 92324135050 0↗→선13.637.239.713.0304336.541.9 91.9 90.6 13 13  013   13.60   14.10 5  3  0VH동52.04621414-2.6 8.6 6.0515113 0선행무리보통걸음 1기 210 7     7 8 9⑧1:31.91¾  2.814.142.014.7  3-11 -.70 8 5  1 2.88921949111 7 7 5 70 2 1.04 7.09 2.4 3.8  2.4    7.8   11.9   24.8  .01536 0 5 4 0   -.339.10 -.1713.7289.21 4.3210.4019.73 31020 2.9111.1724.16 6
20241109토 81400 9외451 4 53 3 2강 2259맑음양호 6 6 5정성팩터        THE FACTDILLINGH 7831.00미수 3 0 0 2 4  653      33000혼4서인석전성열   511 5 9 419 1 0 0 8  0조인권46552.083하입상17 13 1323 8.042.028.51846 72148 6191522 018 9232413 099 0↘↗선13.737.439.813.0163536.539.2 88.5 88.9  0 14  014   13.90   14.10 4 -3  0NH동52.04581414-2.2 9.6 7.4343413 0걸음불변보통걸음 1기 2 7 5     2 2 2③1:28.5½    .013.639.014.1 -1 -4  .40 3 4 -5  .54823422275 6 7 6 41 1 3.05 2.09 3.0 4.5  5.1   20.6   34.6   38.0  .01543 0 4 3 0   -.638.50 -.5711.6789.41 6.2816.5728.47102236 4.4411.5422.29 6
20241013일 9140011외411 1 63 3 2강 2259맑음건조 3 6 5정성팩터        THE FACTDILLINGH 7831.00미수 3 0 0 2 4  729      33000혼4서인석전성열   512 4 8 319 1 0 0 7  0빅투아46952.080하무하10  6  611 3.033.011.82031152148 6191526 018 9202818 099 0↗→입13.737.539.713.0125137.239.4 88.3 89.5  0 17  017   13.80   14.4010  6  0BHUP52.04581412-1.2 9.6 8.4303013 1걸음불변지울마필 1기 010 6     3 3 4⑤1:28.31½  1.313.939.314.1 -4  7  .60 5 9  5 2.06959525636 9 8 8 82 1 1.03 2.09 1.5 3.5  1.5    5.6    7.0   17.4  .01416-1 2 2-1  -1.138.50 -.1412.3389.41 1.20 4.8011.77 1 612 1.61 3.10 7.59 9
20240804일 6130010외423 1 73 5 1강 1121맑음건조 3 6 5정성팩터        THE FACTDILLINGH 7831.00미수 3 0 0 1 5  905      33000혼4서인석전성열   513 3 7 319 2 0 0 6  0조재로46252.072하무상61 56 563146.048.018.8226711204314191525 018 9182422 099 0↗↘추13.737.939.313.0156837.140.1 82.4 84.0  0 17  017   13.70   13.30 5 -5  0HH동52.04581412 -.6 9.6 9.0212113 0전력변화거리탄력 1기 1 4 6     5 3 8⑨1:22.4½   1.413.840.214.4  5  4  .89 9 4 -4 3.17625776229 9 6 4 60 2 2.01 1.05 2.0 2.8  2.9    2.8    6.0   12.5  .02331 0 5 6 0    .039.40  .07 6.8183.42 4.71 9.3818.83 51223 5.7916.2421.83 5
20240630일 51300 8외432 1 83 2 3강 3321흐림포화17 6 5정성팩터        THE FACTDILLINGH 7831.00미수 3 0 0 9 6 1003      33000혼4서인석전성열   514 2 6 219 1 0 0 5  0조재로45852.077하무상22 18 18 6 5.031.0 7.81433 4193112191525 018 9182422      ↗↗추13.838.140.013.0 81837.438.1 80.7 82.5  0  0  0 0   13.80   13.40 7 -1  1LN동       1412  .0 9.3 9.3161613 0걸음불변부진마필 1기 1 9 4     3 3 3⑤1:20.7½    .113.737.813.3 -3  4 1.30 5 8 -3  .42839171170 9 8 8 92 1 1.04 8.07 2.2 3.2  2.2    8.2   12.8   13.5  .01410-3 2 2-3▽-1.338.90 -.18 4.4384.00  .89 2.62 7.82 2 5 7 1.08 4.37 9.75 9
20240512일 6130011외453 1 53 1 1강 1111맑음다습14 6 5정성팩터        THE FACTDILLINGH 7831.00미수 3 0 0 2 6 1149      33000혼4서인석전성열   515 1 5 119 1 0 0 4  0김태희45451.560하무보10  8  8 1 2.022.0 1.51050 6193112191515 018 9152316      →→입14.038.139.713.0 92337.939.0 82.2 83.6  0  0  0 0   15.00   14.10 6  7 -1BHDN       1412  .7 8.7 9.3191912-1가는대로부진마필 1조 110 8     9 9 8⑧1:22.21¼  1.313.838.613.4 -3 -5  .90 811  0 1.56566445435111011110 1 2.08 7.09 2.7 4.4  3.2   29.0   46.7   70.6  .0 6 2-3 1 1-3▽-1.939.10  .19 5.8083.80  .12  .14 1.48 0 1 5  .12 1.40 4.2111
20251116일 6130011국4 2 5  6 5혼전 4422           6 6한강판타스틱    사이먼퓨달빛질주 5134.00한수 31133   1    014:25 33000혼4임채덕조금제   2 010 1 4 9 3 1 2 9 33김철호   52.068우입보50 65 656631.048.016.71238 815 012 8101520 8 01522235050 0↗↗자13.536.939.012.88472                   67 50 3350   14.60   13.90 3  2  0NUDN53.65311813-1.2 4.4 3.2757512-5주행평범작전마주 1   0 6                            14.6    13.9                                 4 4 2 8  3                                              .01749 0 5 4 0   -.339.00  .91     82.58 3.86 9.0716.74 3 814 8.8620.7731.27 5
20251026일 7180011국521 6 76 6 2강 2241흐림양호 7 6 6한강판타스틱    사이먼퓨달빛질주 9526.00한수 31237 9 1   49      33000혼4임채덕조금제   2 1 9 7 1 9 2 1 2 8 37김철호51452.068강입하 9 42 428321.047.028.51238 815 012 8101520 8 01522235050 0↗↗자13.539.640.412.8786839.741.2119.5119.6 80 60 4060   14.20   15.50 3 -4  0HUUP53.65311813-2.0 4.8 2.8828212 1걸음불변선행유리46기 0 4 7 6 6 3 3 3④1:59.5코   1.014.640.413.9  0  0  .10 4 4  0 1.76634705951 2 2 5 42 2 1.02 7.05 1.5 2.6  1.5    2.6    3.3   11.2  .02352 0 5 4 0   -.141.40  .0639.61118.5 6.0614.4328.50 92133 2.7811.2223.84 6
20251004토 6170011국542 5 96 8혼전 4411맑음다습10 6 6한강판타스틱    사이먼퓨달빛질주 5134.00한수 31442 1 1   28      33000국5임채덕조금제   2 2 8 6 2 9 1 1 2 7 42김철호51452.068강선하79 89 898260.062.034.11238 815 012 8101520 8 01522235050 0↗↗자13.539.141.012.8887538.544.4114.2115.5 80 60 2060   13.70   13.10 3  5  0LUUP53.65311713-2.3 5.0 2.8828212 5전개최상거리속성68기 1 8 4 4 3 3 4 8⑨1:54.22    2.714.243.715.5  5-10  .89 9 4  0 2.991 3969115 3 4 4 40 110.06 1.11 2.4 5.0 51.2  299.5  852.5  617.910.53474 2 7 6 2    .842.30  .2635.39113.112.5924.6134.0910223610.0022.9133.14 4
20250913토 8120011국524 1 76 8 1강 1131맑음포화17 6 6한강판타스틱    사이먼퓨달빛질주 3437.00한수 3 1   2 1   56      33000국5임채덕조금제   2 3 7 5 2 9 1 1 2 0  0임다빈52452.080강도하89 90 9091  .066.042.42049 615 012 81017 0 8 01523246733 0↘→추13.536.838.513.2829336.838.1 72.8 75.0 75 50 5025   14.50   12.7021 -3  0HUDN54.25331713-2.3 5.0 2.8828212-2걸음불변전개최상47기 1 3 6     6 5 6③1:12.8머리  .013.737.013.1 -1 -8 2.10 3 4  2  .11528261477 6 2 1 32 1 2.07 2.08 2.2 2.6  3.2   32.7   53.5  102.8  .04484 1 8 7 1▲ 1.038.40  .02 -.3075.6714.5229.4242.38142842 7.3816.2230.65 4
20250419토 5140011국532 6 86 9혼전 4441흐림양호 8 6 6한강판타스틱    사이먼퓨달빛질주 5134.00한수 32060 2 3  410      33000국5곽영효조금제   2 4 6 4 1 9 3 1 2 5 60문세영53252.073우도하88 83 839885.073.052.338471823461624 037 025172836166733 0↗→입13.536.539.413.2848236.641.1 90.4 89.8 75 75 5025   13.50   13.70 5  4 -1NUUP54.25331713-2.7 6.0 3.3767612 1전개최상전개최상 1관 1 6 4     5 4 6⑥1:30.43    2.113.941.014.6  4  0 -.21 6 2  0 2.77626898421 2 4 2 12 3 1.05 2.01 3.1 5.7  3.1   15.1   23.3   66.710.64491 0 9 9 0☆ 1.439.60 -.4013.9288.5220.6338.2552.3132526426.8843.5253.94 1
20250315토 4130011국544 7 96 9혼전 4411맑음양호 7 6 6한강판타스틱    사이먼퓨달빛질주 5134.00한수 3 050 2 2  287      24750국5곽영효나기두   1 5 5 3 3 9 2 0 2 4 50문세영53252.593강선하38 55 559674.068.039.04253 02565 02432374725172836165050 0→↘입13.636.839.213.2928737.338.1 81.7 81.6 67 33 3333   14.20   15.50 4 -4 -1UUDN55.05341713-3.0 5.0 2.0868612-4승부최상전개최상 1기 1 2 2     2 2 2①1:21.74    -.713.538.913.7 -1 -5 -.60 1 2  1  .0 63715 996 3 6 6 31 2 2.01 2.11 1.9 4.3  4.8    5.1   12.3    6.4  .04481 1 8 8 1▲ 1.139.90  .25 5.5982.6514.2026.6439.0218365115.7930.5741.29 3
20250216일 5170011국531 5 86 9혼전 4431흐림건조 4 6 6한강판타스틱    사이먼퓨달빛질주 5134.00한수 3 066 2 2  361      24750국5곽영효나기두   1 6 4 2 1 9 1 0 2 3 66문세영53753.093강선상60 78 788282.066.046.84253 02565 02432374725172836165050 0→↘입13.639.340.913.2799138.043.0113.8114.0 67 33 3333   13.60   13.70 4 -3  0NUUP55.05341713-4.0 6.0 2.0868612 4전개최상승부최상 1기 0 6 3 3 1 1 1 4⑧1:53.81¼  1.114.243.615.5  7  3 -.71 8 1 -7 2.368 0915842 3 6 4 11 1 2.03 4.07 2.5 6.2  4.1   11.8   20.7   27.4  .04491 0 8 7 0▲ 1.241.90 -.0933.76113.221.8437.0846.8139597219.5730.1039.59 2
20250118토 4130011국551 4106 9혼전 4411맑음건조 4 6 6한강판타스틱    사이먼퓨달빛질주 5134.00한수 3 0   2 3  439      24750국5곽영효나기두   1 7 3 1 2 9 2 0 2 2  0조재로53453.086우입적28 58 5894  .070.033.1293820234616243224 025171824225050 0↘→추13.636.739.713.2995537.038.5 82.5 82.7100 50 5050   13.60   14.40 4 -3 -2NU동55.05341312         2.0    12 0승부최상전개최상 1기 1 9 1     2 2 4⑥1:22.51     .813.639.213.7 -2 -1 -.80 6 8  4 1.13423281255 211 8 41 211.02 7.01 3.3 7.2 39.8   62.1  267.4  113.912.74490 2 8 8 2▲ 1.340.30  .16 6.3082.9012.4423.3833.06102236 8.0415.5831.77 8
20241221토 2130012국651 9 56 9혼전 4435맑음다습10 6 6한강판타스틱    사이먼퓨달빛질주 5134.00한수 2 0   2 3  530      24750국6곽영효나기두   1 8 2 2 1 9 1 0 1 1  0조재로53555.086강입상87 25 2584  .074.045.0293820234616243224 02517182422 099 0↘→추13.837.439.013.2519836.241.2 83.7 83.3100100  0**   13.80   13.50 4 10  0VUUP55.05321312         2.0    12 1마방기습승부최상 1기 112 2     2 3 1②1:23.7½    .013.640.714.4 -2  3 -.10 2 4 -2  .155 2926778 9 7 8 11 1 3.0410.12 2.8 3.8  4.5   15.2   22.1  127.210.64492 3 7 8 3☆ 1.639.70 -.17 6.8682.9020.7535.1245.00325264 8.1115.3229.66 8
20241124일 11200 8국620 6 26 7 1강 1135맑음건조 4 6 6한강판타스틱    사이먼퓨달빛질주 3437.00한수 2 0 0 2 4  607      24750국6곽영효나기두   1 9 1 1 1 9 1 0 0 0  0최범현53255.093평무보   25 2540  .057.045.04199 8234110243238602517193019      ↘↘입    36.738.5        37.237.5 76.2 74.7              13.80   13.60 4  0  0NL동       12 0                 0 0걸음불변마방기습 1기 1 2 3     3 3 2②1:16.24     .013.838.413.5 -4 23-1.50 2 6  0  .6 849 8 890 6 6 7 22 1 1.06 8.02 1.8 2.1  1.8   20.4   25.2   38.512.03264 2 6 7 2    .638.40 -.01 -.5175.6115.7330.1545.04204056 9.4719.8935.25 3
20251116일 6130011외4 2 5  3 7혼전 4422           6 7태칸            MINESHAFGRATZIE  4343.00미수 4 612   1    014:25 33000혼4홍윤화김한수  -2 01617 316 1 1 116 12권중석   53.055우입하50 61 618021.064.036.91399 41350 820 0 0 033992216136733 0↗→선13.436.839.112.68959                   20 50 3030   15.20   13.5010  3 -2NHDN53.54801712  .0 3.0 3.0676712-1탄력늘어부중효과56기 0 7                            15.2    13.5                                 3 5 4 5  1                                            13.43781 3 6 6 3△ 1.039.10  .36     82.5812.5225.5336.88 81728 3.8012.0222.48 9
20250906토10140010외424 3 73 4혼전 4431흐림포화16 6 7태칸            MINESHAFGRATZIE  4343.00미수 4 613 1 1  185      33000혼4홍윤화김한수  -2 11516 516 1 1 115 13김성현49055.066우입하42 43 436516.055.026.41022 61350 820 0 0 033991625196733 0→↗입13.436.839.212.6615538.938.5 88.3 89.3 20 50 3030   13.70   13.20 7 -5 -2HNUP53.54801712  .2 3.4 3.6666612 2직전탐색감량기수29기 0 410    1010 9⑨1:28.31¼  2.115.238.113.5  2 12  .79 9 7  6 2.86199187622 7 1 6 60 2 3.01 2.06 1.5 3.5 11.0    7.6   24.2   25.9  .03350 0 4 6 0    .339.20  .2313.3288.59 6.2316.1626.42 51322 6.1713.8424.32 6
20250719토 5120011외454 2103 5혼전 4441흐림포화19 6 7태칸            MINESHAFGRATZIE  43     미수 4 714 2 1  124      33000혼4홍윤화김한수  -2 21415 616 3 1 114 14마이아47857.093평선하75 68 687652.057.025.43753201350 820 0 0 033993530 96733 0↘→선13.436.838.312.6767237.338.6 74.1 76.3 20 40 3040   13.60   14.00 3  7  0LLDN53.54801712  .2 3.4 3.6666612-1걸음불변기수영향42조 1 9 6     7 7 6⑧1:14.1½    .913.737.613.2  7 -8 1.89 8 1 -3 1.95856404449 4 1 3 70 3 6.04 8.04 2.8 7.1 10.7   47.5   93.6  214.5  .01650-1 7 6-1    .638.80  .62 1.2075.56 7.1115.0225.35 3 81510.8719.9033.44 5
20250629일 8130011외434 4 83 5 2강 2231맑음양호 8 6 7태칸            MINESHAFGRATZIE  4343.00미수 4 715 9 1   44      33000혼4강환민김한수  -2 31314 216 2 1 113 15마이아48657.093평선하 6 15 156934.059.037.33753201145 3232620 018183530 96733 0↘→선13.436.939.012.6846837.238.7 80.7 82.6 22 44 3333   13.30   15.90 3 -2 -1HNDN53.54801712  .2 3.4 3.6666612-3교체실패거리속성40기 0 2 4     3 3 3③1:20.74     .713.638.714.0 -1  1  .80 3 4  0 1.62831331959 6 3 9 32 2 1.03 5.09 1.9 3.2  1.9    5.3    7.3   19.013.42051 0 5 7 0    .740.10  .36 6.6682.5810.9424.1137.26 9213310.1119.1526.30 4
20250608일 61600 8외443 9 43 6 1강 1135맑음건조 3 6 7태칸            MINESHAFGRATZIE  4343.00미수 4 816 2 1   44      33000혼4강환민김한수  -2 41213 216 1 1 112 16마이아48558.093평도보47 48 481767.061.043.23753201145 3232620 018183530 96733 0↘→선13.436.539.412.6575136.142.3105.4104.2 22 56 4444   13.50   14.60 4 -4  3HBUP53.54801712  .4 3.6 4.0595912 2걸음불변기수영향52기 2 4 2   2 3 3 6⑧1:45.4코   2.513.343.515.9  4  4 -.94 8 4  2 4.08326959418 5 2 4 40 1 3.02 7.02 2.2 3.9  4.6    9.9   22.0    6.4  .02662 1 7 6 1    .939.40 -.1428.31103.011.3727.1143.24 8223512.3724.2440.21 3
20250510토 5140011외423 6 73 4혼전 4441흐림불량20 6 7태칸            MINESHAFGRATZIE  4343.00미수 4 918 2 1  118      33000혼4강환민김한수  -2 51112 416 1 1 111 18김성현48155.566우도보76 66 665932.054.032.91022 61145 3232616 018181625196733 0→↗입13.436.839.112.6625936.639.9 88.8 89.0 22 56 4433   13.50   14.00 5 -3 -2NN동53.54801712  .2 3.8 4.0616112 0걸음불변감량기수 1   0 8 6     7 5 5⑤1:28.81¾  1.013.541.014.6  3 -7 -.19 5 2 -1 1.05127665250 5 4 4 40 110.07 9.01 1.8 4.0 43.3  414.7  707.0 1444.4  .02051 0 6 6 0    .439.10  .1113.0688.5210.4923.1632.94122539 7.4117.3925.16 7
20250405토 6140011외421 5 73 5 1강 1132비  포화17 6 7태칸            MINESHAFGRATZIE  4343.00미수 41020 1 2  222      33000혼4강환민김한수  -2 61011 316 1 1 110 20임다빈48857.573평선보40 39 396250.056.042.52240162253132326401218181523246733 0↗↘추13.436.839.112.6595536.040.7 88.2 88.5 25 63 3838   13.70   14.80 2 10  0VL동53.54801712  .8 3.8 4.6575712 0걸음불변급하락세 1기 111 1     1 1 2④1:28.2목    .713.540.014.0  1  4  .60 4 3  0 1.036 5835759 6 2 6 31 2 1.08 1.07 2.3 4.0  2.3   22.2   30.4   43.8  .02051 0 6 8 0    .539.00 -.1612.6488.5214.5529.4642.5412253915.1527.1036.94 4
20250323일10140010외433 5 83 5혼전 4451맑음건조 4 6 7태칸            MINESHAFGRATZIE  4343.00미수 41122 2 2  250      33000혼4강환민김한수  -2 7 910 216 1 1 1 9 22정우주48457.566평선하34 28 287316.050.022.3133810225313232616 018181730136733 0↘↗입13.436.838.912.6568235.741.7 89.5 89.7 29 71 2943   14.10   15.40 8 -9  0ULDN53.54801712 1.2 3.8 5.0535314-3걸음불변최적거리 1기 1 1 4     4 4 4⑤1:29.51    1.213.741.014.8  2 -1  .30 5 3 -1 2.572 2937740 4 3 6 52 1 1.04 2.04 2.2 4.3  2.2    7.9   10.9   63.3  .02258 1 4 4 1    .039.30  .5113.9688.38 5.4611.4622.34 81728 6.4914.0123.68 6
20250126일 6170011외411 1 63 5 3강 3311맑음건조 3 6 7태칸            MINESHAFGRATZIE  4343.00미수 41225 9 3  404      33000혼4강환민김한수  -2 8 8 9 116 1 1 1 8 25코지  48557.587평입상86 84 846284.061.024.72141122450102326 0 018182526196733 0→↗선13.439.440.912.6697239.044.3113.6115.8 29 71 2943   14.10   13.50 5  1  1LBUP53.54801712 1.5 3.3 4.8525214 1적정체중거리속성 1관 010 3 3 3 3 4 9⑪1:53.61½  3.614.143.315.4  7  7 1.2111 4  2 3.993119694 4 4 7 3 50 1 3.01 1.02 1.7 4.8  9.4    8.1   31.2   25.1  .02867 0 8 8 0    .642.10  .3635.53113.3 6.7514.3924.72 7142513.8930.1941.97 3
20241222일101600 9외451 9103 6 2강 2239맑음양호 6 6 7태칸            MINESHAFGRATZIE  4343.00미수 31414 2 3  511      33000혼4강환민김한수  -2 9 7 8 116 2 1 0 7 14푸르칸47856.562우선상92 82 821776.056.059.21686 62450102326163318181324205050 0↗→추13.436.239.212.6718236.638.0103.9101.5 17 67 3333   13.60   13.30 4  0  5NBUP52.04811612 1.3 3.0 4.3626214 2적정체중마주성향 1관 0 9 2   2 2 1 1②1:43.91     .014.139.013.5  0 -1-1.90 2 2 -1  .2 95413 889 2 2 1 21 2 1.02 2.09 2.8 5.4  2.8    5.4    8.9   11.2  .02844 0 8 7 0    .339.20 -.2926.10102.721.1144.1359.2118365136.5462.5078.19 1
20241124일 9140011외451 2 53 9 1강 1149맑음건조 4 6 7태칸            MINESHAFGRATZIE  4343.00미수 3 0 0 2 3  599      33000혼4강환민김한수  -210 6 7 116 1 0 0 6  0푸르칸47952.062우선보66 54 549470.079.084.71686 6245010232616331818132420 099 0↗→추13.436.839.112.6637236.338.6 87.0 87.3  0 60 2040   13.70   13.40 4 -1  0NUUP52.04831412 1.5 2.5 4.0676712 2전개최상전개최상 1기 0 9 1     1 1 3①1:27.0½    .013.637.713.3 -2 -4  .50 1 3 -3  .0 51424 584 2 3 2 11 1 3.05 9.08 2.8 4.6  4.3   16.4   33.6   14.4  .05095 4 8 9 4★ 2.238.80-1.2611.4288.5244.1471.0284.6838597128.0743.7556.94 1
20241027일 7120011외412 2 63 9 2강 2259흐림다습12 6 7태칸            MINESHAFGRATZIE  43     미수 3 0 0 9 4  687      33000혼4강환민김한수  -211 5 6 516 1 0 0 0  0임다빈48352.076우선하48 42 429565.076.058.8245415236713232640121818152324      ↗↘추13.436.738.312.6858237.437.7 74.4 75.5  0 50 2525   13.40   14.3023  2 -1BHDN       1312  .0 3.0 3.0676712-1신마적응전개최상 1   010 5     5 5 6⑥1:14.4목    .813.737.613.4  0  3  .70 6 6  2  .92960111655 3 2 2 12 1 5.02 9.02 1.6 3.7 20.2   50.1  171.4  312.3  .04495 4 9 9 4★ 2.038.70 -.30  .5375.5029.6049.1358.8439597219.7035.6239.00 1
20240518토101300 9외431 1 33 9 2강 2231맑음양호 8 6 7태칸            MINESHAFGRATZIE  4343.00미수 3 0 0 2 6 1135      33000혼4강환민김한수  -212 4 5 116 1 0 0 4  0송재철48052.582하선하24 40 406759.062.045.82143101550 0232615221818182621      ↗→입13.537.339.012.6567936.840.5 82.4 84.2  0 67  033   13.70   13.7010  2 -1NHUP       1312         9.0    12 1부중효과부중유리 1관 0 8 2     2 2 6⑥1:22.48    1.913.439.914.3  2  7 1.50 6 4  0 2.07914856719 5 5 4 31 1 3.08 4.09 1.8 3.1  4.4  133.6  195.5  593.313.43670 3 6 8 3▲ 1.040.00 -.13 7.8682.8414.0830.3045.7912284310.3128.0941.64 3
20240310일 9120011외454 3103 8혼전 4431맑음건조 4 6 7태칸            MINESHAFGRATZIE         미수 3 0 0 2 7 1343      33000혼4강환민김한수  -213 3 4 416 2 0 0 3  0임기원47353.085우선하71 65 659040.076.047.51423 91945102326 9361818253216      ↗↗선13.536.838.412.6767937.439.1 75.8 76.8  0 67  033   13.50   14.20 5 -5 -1NH동       1212         5.0    12 0적임교체부중효과 1기 0 6 7     6 7 9⑨1:15.82½  1.513.738.813.7  5  2  .79 9 4  0 2.57060586232 4 5 5 10 2 1.0710.07 3.2 7.1  3.2   21.9   30.4   42.512.73389 2 7 7 2△ 1.839.00 -.07 1.5775.6119.8335.4847.47183651 5.7415.3223.48 6
20240204일 9120012외454 4103 9혼전 4431맑음양호 6 6 7태칸            MINESHAFGRATZIE         미수 3 0 0 1 8 1431      33000혼4강환민김한수  -214 2 3 316 1 0 0 2  0임기원47154.092우입보86 80 807560.074.052.22540131944112326 9361818253216      ↗↗선13.737.538.112.6259736.739.2 75.5 76.0  0100  050   14.00   12.90 5  7  2BN동       1212         5.0    12 0전개최상적임교체 1기 411 2     2 2 3⑤1:15.5목   1.013.539.014.2  1  2  .40 5 4  2 1.54621624249 9 5 5 21 1 3.01 2.04 2.9 7.0  5.8    7.8   16.5   87.510.64487 3 8 9 3☆ 1.638.00 -.44  .3975.8423.0241.0152.2118365110.1923.9627.67 4
20231231일10120010외423 4 73 9혼전 4431흐림포화18 6 7태칸            MINESHAFGRATZIE         미수 2 0 0 9 8 1538      33000혼4강환민김한수  -215 1 2 216 1 0 0 1  0이동하46952.592우선보84 80 809355.070.045.22740 0194411232625221818232619      →→선13.736.838.813.3846837.537.9 74.7 75.5  0100  0 0   13.70   13.60 6  0 -3HH동       1212         3.0    12 0기수신마전개최상 1기 0 4 6     5 5 4⑤1:14.7코    .514.037.512.9  3  0  .70 5 2 -1 1.42666172666 4 8 3 32 1 5.04 9.10 2.4 2.9  8.4   25.9   53.8  240.210.64999 4 8 8 4★ 1.438.60 -.24 -.1475.8416.2931.6545.2010223612.6828.0533.75 2
20251116일 6130011국4 2 5  8 9혼전 4422           6 8빌리언보이      페더럴리하늘공원 5938.00한수 32233   1    014:25 33000혼4이동국김길중  -1 010 2 4 9 1 2 1 9 33조재로   52.078우선적50 60 608138.067.040.2274813 929 3 4 0 03819 01824226733 0↗↘추13.336.740.013.59223                   60 60 60 0   13.70   14.10 4 -1 -1NUUP56.05041412-1.6 6.0 4.4656513 1교체실패승부최상42관 1 8                            13.7    14.1                                 211 5 3  1                                              .04492 3 5 8 3▲ 1.140.00 -.21     83.1014.1727.2140.1814284210.1318.5829.32 8
20251019일 6120011국444 4 48 5혼전 4441맑음포화17 6 8빌리언보이      페더럴리하늘공원 7128.00한수 32537 2 1   72      33000국4이동국김길중  -1 1 9 1 4 9 1 2 1 8 37해리카49652.573우선적41 38 387910.043.013.31950 9 929 3 4 0 0 019 01925126733 0↘↘입13.336.639.513.5882537.939.3 76.3 77.4 75 75 75 0   13.80   15.10 6 -2  1NNDN56.05041412-2.8 6.3 3.5777713-2승부최상보통걸음57관 0 9 8     8 8 8⑧1:16.35    2.513.739.414.1  3 -2  .90 8 5  1 2.68580677917 21110100 1 1.02 5.02 1.9 3.5  1.9    3.5    5.4   25.9  .03459 0 2 1 0   -.639.40  .41 1.3376.12 2.29 6.9213.29 1 4 8 2.56 6.1412.1411
20250906토11140011국554 2108 9혼전 4441비  포화16 6 8빌리언보이      페더럴리하늘공원 5938.00한수 32842 1 1   96      33000국5이동국김길중  -1 2 8 3 2 9 1 2 1 7 42문세영49852.073우도보41 66 668257.071.044.13644 9 929 3 4 0313819 02836166733 0↘↗입13.336.540.413.5821436.841.4 88.8 90.7 75 75 75 0   13.70   14.40 6  4  0VUUP56.05041412-3.3 7.7 4.3707013 1뒷심부족승부최상32조 011 5     5 8 8⑪1:28.83    2.613.840.715.1  7 -5 1.5911 4  3 2.78935928914 411 5 10 4 2.09 7.03 3.0 6.5  4.6   56.6   78.2  129.712.74493 2 7 8 2▲ 1.339.80 -.8013.8289.2119.2833.3844.1332526412.3621.9932.21 4
20250726토 6130011국554 4108 9혼전 4421맑음건조 4 6 8빌리언보이      페더럴리하늘공원 5938.00한수 33350 9 1  103      33000국5이동국김길중  -1 3 7 2 3 9 1 2 1 6 50임다빈50352.080우도상85 97 979781.072.051.32049 6 929 3 4 0 0 019 01523246733 0↘→추13.336.739.913.5932836.939.7 82.3 83.4 75 75 75 0   13.90   13.80 5 -4 -3NU동56.05041412-3.3 7.7 4.3707013 0전개최상전개최상56관 1 7 2     2 2 2⑤1:22.31¼   .613.740.214.4  4  2  .26 5 1 -1  .75216633657 110 1 11 1 5.02 3.11 3.0 7.2  8.8   13.2   41.9   22.910.54499 3 8 9 3☆ 1.740.40 -.46 6.7583.0323.3140.6551.2719395722.2237.1945.40 1
20250622일 3130011국533 8 88 9 1강 1121맑음포화15 6 8빌리언보이      페더럴리하늘공원 5938.00한수 32040 2 1   89      24750국5안해양김길중  -1 4 6 1 2 9 3 1 1 5 40문세영50155.073우입상85 97 979694.071.061.53644 91357 01518453819 72836165050 0↘↗입13.336.740.113.8952836.839.1 81.2 81.6 67 67 67 0   13.30   14.10 6  4 -2VU동56.55061412-3.3 7.7 4.3707013 0걸음불변전개최상43관 011 6     2 2 1①1:21.25    -.913.938.913.8 -1 -2  .30 1 2  0  .0 513461796 111 2 11 3 2.0411.09 2.1 4.5  4.3   17.1   33.8   10.4  .04496 3 9 9 3☆ 1.540.00 -.88 4.7583.1630.3349.6761.5332526428.3250.0061.63 2
20250510토 21300 8국630 9 38 7 2강 2239비  불량20 6 8빌리언보이      페더럴리하늘공원 5938.00한수 3 025 2 1  121      16500국6안해양김길중  -1 5 5 5 1 9 2 0 1 4 25문세영50357.073기입적13 37 376375.064.053.43644 91357 01518453819 7283616 099 0↘↗입13.537.040.313.9761436.539.4 81.9 81.6 50 50 50 0   14.20   15.50 5  4  0NLDN56.05081412-4.510.5 6.0565612-1연대우수탄력호전 1   0 7 1     1 1 1①1:21.96   -1.013.339.614.1 -1 -4  .20 1 2  0  .0 5 5591998 3 7 2 31 2 2.01 7.06 2.7 2.8  2.7    2.8    5.7    8.813.23358-1 7 8-1    .839.70 -.94 4.2683.4817.6036.9353.4014284226.0947.7661.02 1
20250405토 2140011국640 9 48 5혼전 4431비  다습12 6 8빌리언보이      페더럴리하늘공원 5938.00한수 3 033 1 2  226      16500국6안해양김길중  -1 6 4 4 1 9 1 0 1 3 33문세영50757.073기입적80 77 775371.058.037.04253 0 720 41518453819 7283616 099 0→↘입13.537.140.713.928 736.442.0 91.3 90.2 50 50 50 0   13.70   14.30 5  2  1ULUP56.05081412-2.012.010.0262612 2적정체중연대우수 1기 1 3 6     3 2 6⑨1:31.3목   2.414.241.915.5  7 -4 -.41 9 2  1 2.48418949124 510 2 40 1 4.08 1.04 2.1 3.7  9.1   98.5  235.9  195.1  .03750-3 7 5-3    .339.10-1.1812.4389.8310.9925.0937.0310223618.6031.9638.86 2
20250302일 1120011국610 8 68 7 2강 2239흐림건조 4 6 8빌리언보이      페더럴리하늘공원 7128.00한수 3 050 1 2  322      16500국6안해양김길중  -1 7 3 3 3 9 2 0 1 2 50이용호51156.080기입적56 63 639293.069.064.02362 9 720 41518131519 7191620 099 0↘↗선13.536.539.813.9941636.338.9 76.7 75.1 50 50 50 0   13.50   14.20 6 -7  0UN동56.05081212         2.0    12 0걸음불변전개최상 1관 0 1 1     1 1 2③1:16.71¼   .313.739.714.3  2  3-1.59 3 1 -8  .815 9522177 1 5 1 11 2 3.06 8.05 1.4 5.5 10.5   38.3   84.6   20.1  .04484 0 8 6 0   1.338.80-1.17-1.2576.2329.4850.7863.9639597251.3580.0090.38 1
20250119일 1120011국612 9 18 4 1강 1131맑음건조 3 6 8빌리언보이      페더럴리하늘공원 7128.00한수 3 0 0 2 3  431      16500국6안해양김길중  -1 8 2 2 2 9 1 0 0 1  0이용호50856.078하무보11 15 15 4 9.031.0 7.43056171438111518131519 7191620      →↘선14.638.040.314.6 8 736.139.5 76.8 75.3  0  0  0 0   14.60   14.90 5  3  1LN동       1212        10.0    12 0기수신마기수승부 1관 0 8 1     1 4 3②1:16.83     .013.540.314.2 -7 -1-1.20 2 9 -3  .521 4703289 811 6102 1 2.09 1.08 1.3 2.8  7.4  574.0  900.4   84.0  .02022-1 2 2-1  -1.337.30 -.65-3.0277.34  .84 2.49 7.43 1 4 9 1.65 4.1310.4710
20241215일 1120012국650 9 58 7혼전 4436흐림양호 8 6 8빌리언보이      페더럴리하늘공원 7128.00한수 2 0 0 2 3  542      24750국6안해양김길중  -1 9 1 1 1 9 1 0 0 0  0푸르칸50955.065평무보   25 2540  .040.010.51686 6143811151810 019 7132420      ↗→추    36.738.5        37.740.1 78.8 77.4              13.80   13.60 4  0  0LL동       12 0                 0 0걸음불변기수신마 1기 1 511    111110⑩1:18.82½  1.914.640.514.9 -2  4-1.001012  0 2.58375828832 3 3 9100 1 4.0112.11 2.3 3.9 10.2    8.5   21.2   51.612.73034 2 4 4 2   -.739.30  .99 2.2175.61 1.89 5.5610.47 2 5 910.3419.0531.31 4
20251116일 6130011외4 2 5  7 7혼전 4422           6 9나비드          MR. MONEFASHION         미거 3 011   1    014:25 33000혼4전승규박철근   1 01010 3 9 1 0 1 9 11이동하   53.588기추적50 49 497741.069.044.1294916284710212233 02117232619 0 099→↘선14.237.838.913.02585                   17 33 1717   14.80   14.70 3  3  0BVDN52.54591813-2.4 7.6 5.2414114-3부중민감부중민감53관 0 9                            14.8    14.7                                11 311 2  1                                            12.73178 2 6 8 2   1.338.90 -.32     83.1018.7233.5144.0632526411.3922.9534.20 3
20251025토 7160010외411 5 67 4 1강 1131맑음건조 5 6 9나비드          MR. MONEFASHION         미거 3 0   9 1   60      33000혼4전승규박철근   1 1 9 9 1 9 1 0 1 0  0김효정45553.568기추적54 48 4817  .051.036.61834132847102122 0 02117162118 0 099→↘입14.237.239.313.0137935.742.3105.7105.7 20 40  020   14.90   12.9017 -2 -1NVUP52.54591813-2.6 7.8 5.2505014 3걸음불변부중민감27관 0 6 9   9 6 7 9⑧1:45.73    4.314.842.014.7 -2  6 -.10 810  4 4.695129390 6 8 3 4 30 1 1.04 7.04 1.6 5.5  1.6    6.0    8.3   12.3  .02531 0 5 5 0    .039.30 -.2729.20103.313.6023.1436.5514284211.6922.5033.33 3
20250629일 8130011외434 4 87 4 2강 2231맑음양호 8 6 9나비드          MR. MONEFASHION         미수 3 014 9 2  300      33000혼4서인석박철근   1 2 8 8 2 9 2 0 1 7 14조재로44954.581우추하12 16 166615.054.028.61338 51438 6192225 018 9182422 0 099→↗추14.238.238.913.0218738.939.3 82.9 84.8 25 50  025   15.00   15.80 6  5 -1LNDN52.54591814-3.8 8.3 4.5595914-5교체실패거리속성58기 1 811     910 9⑧1:22.94    2.914.539.414.0  2 -4  .70 8 6  2 3.8879253821111 2 7 50 2 1.03 5.09 1.9 3.2  1.9    5.3    7.3   19.013.22356 0 4 5 0    .339.30 -.15 7.6883.35 6.9817.8528.56 61525 3.37 9.5715.58 8
20250518일 6180010외453 6107 6혼전 4421맑음다습11 6 9나비드          MR. MONEFASHION         미수 3 016 2 1  106      33000혼4서인석박철근   1 3 7 7 1 9 1 0 1 6 16조재로45355.577기추적81 73 735238.051.023.12748131837 9192225 018 9182422 0 099↗↘추14.240.840.413.0185940.643.5121.8122.1 25 50  0 0   14.60   13.70 4  2  2HNUP52.54591814-5.310.3 5.0565614 4승부최상최근최상82기 3 3 8 8 7 7 8 8⑧2:01.81¼  3.715.044.215.8  4-11 -.11 8 4  2 3.796659596 911 5 7 70 1 5.0210.06 2.5 6.3  8.7   23.8   56.8   46.4  .03461 0 6 4 0    .240.50 -.1640.86119.0 5.3013.8323.10 21017 7.2715.2526.09 7
20250420일 9140011외420 7 77 8 3강 3352맑음양호 8 6 9나비드          MR. MONEFASHION         미수 3 020 2 1  167      33000혼4서인석박철근   1 4 6 6 2 9 1 0 1 5 20장추열46454.093기추적51 56 565975.071.062.83350111837 9192238 018 9202622 0 099↘↗입14.237.839.213.0137237.339.0 89.7 87.9 33 33  0 0   15.10   14.20 4 -1  0UHDN52.54591712-5.011.5 6.5414114-3부중효과승부최상 1기 0 110     9 7 4③1:29.72     .414.639.413.7  1  2-1.40 3 2  0 1.1146436437211 5 3 23 1 1.04 7.02 2.0 3.7  2.0   10.5   13.7    7.912.24494 1 7 7 1△ 1.337.90-1.3710.8589.2826.7948.9462.7719405728.5747.4161.54 1
20250322토 6170011외451 7107 6혼전 4449맑음건조 4 6 9나비드          MR. MONEFASHION         미수 3 025 2 2  264      33000혼4서인석박철근   1 5 5 5 2 9 5 0 1 4 25김태희46254.071기추적51 25 256532.057.045.21436 61438 6192215 018 9152316 0 099↘↗입14.239.941.013.0426840.040.2113.3113.3 33 33  0 0   14.90   14.50 5  0 -1UH동52.54591712-3.011.0 8.0464614 0직전조시부중효과 1기 1 2 6 6 6 7 8 7⑤1:53.3코    .015.141.114.2  3 -6-1.29 5 2  0  .65155313277 6 310 33 5 4.05 5.07 3.3 6.1  8.8   33.7   72.8   78.612.72865 2 5 4 2    .541.20 -.4232.42113.716.0531.6945.1610223612.7728.3238.81 3
20250215토 8170011외452 5107 4혼전 4411흐림건조 4 6 9나비드          MR. MONEFASHION         미수 3 033 2 2  369      33000혼4서인석박철근   1 6 4 4 1 9 4 0 1 3 33김태희46854.571기추적82 25 255428.042.015.41436 61438 6192215 018 9152316 0 099↘↗입14.240.040.713.0398539.741.3112.4113.1 33 33  0 0   14.40   13.30 4 -2  2UNUP52.54591712         2.0    14 3걸음불변거리속성 1기 0 2 7 7 7 7 7 7⑥1:52.4머리  .714.941.914.5  4  9 -.61 6 2 -6 1.9433862555810 310 80 4 1.04 8.04 4.713.8  4.7   20.1   41.2  134.3  .01430 0 4 3 0   -.541.00  .3832.36113.6 2.95 7.6115.36 2 613 9.0919.7526.60 5
20250118토 6140011외451 7107 8혼전 4449맑음건조 4 6 9나비드          MR. MONEFASHION         미수 3 0 0 2 3  437      33000혼4서인석박철근   1 7 3 3 1 9 3 0 0 2  0김태희45952.559하추상22 25 253310.051.025.7187511315815192215 018 9152316      ↘↘입14.237.939.213.1 17237.138.6 88.9 87.8  0  0  0 0   14.40   13.40 5 -7 -3HHUP       1412         5.0    12 1부중효과부중유리 1기 0 4 8     6 7 5②1:28.92½   .014.438.413.3 -6  1 -.80 2 8 -4  .5125723258711 311 63 3 5.08 8.04 3.5 7.7  8.3  165.8  291.6  225.0  .02864 1 4 6 1    .037.80 -.4510.6889.34 8.1814.9625.66 51322 4.55 9.5916.09 8
20241214토 3130012외411 5 17 5혼전 4435맑음양호 8 6 9나비드          MR. MONEFASHION         미수 2 0 0 2 3  551      41250혼4서인석박철근   1 8 2 2 1 9 2 0 0 1  0김태희45855.059평무보40 25 252614.048.018.0187511315815192215 018 9152316      ↘↘입14.237.639.513.3446439.138.6 83.4 83.9  0  0  0 0   14.20   13.60 5  7  0BHUP       1312         8.0    12 1걸음불변부중효과 1   01111    11 9 6⑤1:23.41½  1.514.439.413.4 -7  1 -.10 512  1 1.67295297431 9 910 83 2 3.04 6.08 1.6 3.1  6.4   31.5   55.5   10.2  .02344 0 4 6 0    .039.70  .15 6.7783.35 5.02 9.7718.02 1 512 4.65 9.8411.5411
20241110일 2120011외450 4107 3 1강 1135흐림건조 5 6 9나비드          MR. MONEFASHION         미수 2 0 0 2 4  648      41250혼4서인석박철근   1 9 1 1 1 9 1 0 0 0  0김태희45755.060평무보   25 2540  .037.018.2 8 0 72148 6192215 018 9152316      ↗↘입    36.738.5        37.338.6 76.2 76.2              13.80   13.60 4  0  0NL동       12 0                 0 0걸음불변보통걸음 1기 1 4 7     7 5 9⑧1:16.2½   1.114.239.013.6 -3 11 -.30 811  0 1.25254424445 3 3 6 60 1 3.02 7.01 3.4 7.6  5.6   12.3   20.8   24.0  .02231 1 3 3 1   -.838.90  .76  .9775.61 4.07 9.7218.21 4111810.2320.1130.67 4
20251116일 6130011국4 2 5  3 4혼전 4422           610안다미로        투아너앤태미즈빅 4731.00한암 31421   1    014:25 33000혼4조현수김준현  99 015 1 514 3 2 114 21이용호   52.068평입보50 51 513011.036.0 8.21064 21243 9 8 013 010 3191620 02575↗↗선13.737.139.112.67768                   25 42 2542   13.80   13.70 4  5 -3BHUP53.14601812-1.6 7.2 5.6474713 1걸음불변최적거리33관 010                            13.8    13.7                                 6 61010  3                                              .01425 0 2 4 0  -1.139.10  .98     82.78  .83 3.37 8.23 1 4 8 3.80 7.6512.7010
20251018토 6120011국514 3 63 3 1강 1131흐림포화19 610안다미로        투아너앤태미즈빅 4926.00한암 31523 2 1   83      33000혼4조현수김준현  99 114 2 714 2 2 113 23이용호45854.568평입보58 61 614020.043.015.51064 21243 9 8 013 010 3191620 02575↗↗선13.737.238.412.6537537.438.7 75.6 76.4 27 45 2745   14.60   13.10 8  0  3NL동53.14601812-2.0 6.4 4.4585813 0걸음불변조교부실34관 0 5 5     6 7 7⑦1:15.61    1.313.838.913.7  0 -6  .50 7 7 -1 2.26261475341 6 3 6 80 2 1.02 9.04 1.5 3.6  1.5    3.6    4.9    8.9  .01534 0 3 4 0   -.538.50  .63  .8075.84 2.99 7.5715.47 3 814 4.4610.2318.18 8
20250824일 9120011국412 1 63 3혼전 4421맑음건조 4 610안다미로        투아너앤태미즈빅 4926.00한암 31625 2 1  130      33000국4조현수김준현  99 213 1 614 1 2 112 25이용호46452.068평입상83 81 816120.040.0 9.51064 21243 9 8 013 010 3191620 02575↗↗선13.737.138.412.6647538.237.6 74.2 76.1 30 40 2040   14.40   12.90 4 -4  0NHDN53.14601812-1.4 5.0 3.6646412-1걸음관심조교부실34관 0 511    111011⑥1:14.21¼   .914.636.913.1 -2  3 1.50 6 8  0 1.75388114051 9 6 7103 1 4.01 1.02 1.8 5.9  8.8    5.9   19.1    9.9  .02747 0 4 4 0   -.738.50  .83  .6275.78 1.52 4.80 9.52 1 4 8 3.65 8.2415.23 9
20250727일 8130011국552 2103 3 1강 1111맑음건조 3 610안다미로        투아너앤태미즈빅 4731.00한암 31827 9 1   50      33000국5조현수김준현  99 312 3 414 2 2 111 27조한별46152.066평입보40 43 435912.045.017.21340 91243 9 8 0 0 010 3121918 03367↘↗입13.736.939.112.6876438.837.4 81.3 82.6 33 44 1133   14.10   14.10 4  3  0BH동53.54591812-1.2 4.4 3.2676712 0걸음관심거리속성38관 0 9 8     8 9 6⑤1:21.33     .714.437.312.9 -3 -2  .40 5 8  3  .72891 32658 5 2 7 93 2 2.10 6.10 4.312.3  4.8   80.5  125.2  115.6  .02738 0 3 3 0   -.440.10  .85 6.6282.65 4.05 9.2717.21 2 613 1.43 5.6711.83 9
20250629일 8130011국534 4 83 5 2강 2231맑음양호 8 610안다미로        투아너앤태미즈빅 4731.00한암 32030 9 1   64      33000국5조현수김준현  99 411 2 314 1 2 110 30조한별46352.066우자보57 60 605423.049.022.71340 91243 9 8 0 0 010 3121918 03367↘↗입13.736.839.212.6915937.839.1 81.4 83.3 38 50 2538   13.70   14.50 4 -3  1NNDN53.54591812-1.0 4.8 3.8707012-1걸음불변거리속성56관 0 6 8     6 6 5④1:21.44    1.414.139.114.1 -1  7  .80 4 5 -3 2.35459475236 5 5 4 72 1 1.03 5.09 1.9 3.2  1.9    5.3    7.3   19.0  .01949 0 4 5 0    .040.30  .68 7.2782.65 6.2512.1822.67 21017 3.3712.7721.43 6
20250601일 7140010국451 2103 8혼전 4443맑음건조 3 610안다미로        투아너앤태미즈빅 4731.00한암 32233 1 1   63      33000국4조현수김준현  99 510 1 114 1 2 1 9 33박태종45651.576우자하48 66 666144.059.037.711 0 81243 9 8 0 01910 3202320 03367↘↗선13.837.139.012.6477935.840.7 88.4 88.9 43 57 1443   14.50   14.30 5 -1 -1LUDN53.54591812-1.0 3.8 2.8818112-4승부최상신뢰마주31관 0 9 5     3 3 3⑥1:28.41¼  1.313.740.114.5 -2  9  .50 6 8  6 1.350 2835135 8 3 2 32 2 5.01 1.10 2.4 8.1  9.3   12.2   28.2   42.312.73468 2 6 7 2    .738.80 -.1512.8088.6612.8325.6337.7312284315.6325.3333.73 4
20250426토 8180011국511 9 63 9 1강 1153맑음양호 8 610안다미로        투아너앤태미즈빅 8233.00한암 32537 9 1  157      41250혼4곽영효김준현  99 6 9 6 114 1 2 1 8 37김용근44752.082우자하72 82 828789.070.066.521491011 014243216 02517292517 03367↗→선13.840.240.312.6506439.041.0120.2118.8 43 57 1443   14.00   13.90 4  5 -2BUUP53.54591812  .2 3.6 3.8707012 6트립손실승부최상 1관 010 3 2 2 3 6 8⑥2:00.21¾   .914.542.214.3  4 -8-1.61 6 2 -1 1.146 7703256 6 4 1 12 2 1.10 8.09 1.9 6.4  1.9   60.9   69.3  236.8  .04493 3 8 8 3☆ 1.540.70 -.9338.27118.733.8155.7066.4639597230.3048.9858.42 1
20250330일 5120011국522 7 73 8 1강 1141눈  건조 3 610안다미로        투아너앤태미즈빅 4926.00한암 31428 9 2  234      24750국5곽영효김준현  99 7 8 5 514 1 1 1 7 28임다빈45554.075우자보97 93 937584.062.044.72240162565 0243217 02517152324 05050↗↘추13.837.238.212.6529137.038.4 76.0 75.4 33 50 1750   14.20   13.40 4 -2  1NN동53.34611312  .2 4.2 4.4676712 0승부기대기수영향 1관 0 5 5     5 6 4①1:16.02½  -.514.038.813.9 -2 -5 -.60 1 3  2  .02340332693 5 3 2 33 2 3.07 5.08 2.7 4.5  7.4   95.3  199.8   64.212.03574 2 8 6 2    .838.10 -.12 -.0475.7214.4530.6344.7216334816.9537.9149.54 2
20250302일 4120011국552 5103 9 1강 1151흐림건조 4 610안다미로        투아너앤태미즈빅 4926.00한암 31616 1 2  319      24750국5곽영효김준현  99 8 7 4 414 2 1 0 6 16최범현46053.581평입하83 76 768886.077.061.12140102565 0243238452517193019 05050↗↘입13.837.138.312.6618737.037.9 75.7 74.8 20 40 2040   14.20   13.50 3 -4  0NV동53.34611312  .8 4.0 4.8656513 0승부최상승부기대 1관 1 7 4     2 2 2②1:15.74     .014.238.313.4  1 -7 -.80 2 1  0  .71036181283 6 3 5 11 4 2.01 9.07 3.9 8.5  4.0    8.5   16.1   14.112.06584 2 8 8 2☆ 2.138.10 -.58 -.6075.7228.7050.5661.0638597117.5730.3241.38 3
20250209일 5120011국544 8 93 9혼전 4441맑음건조 4 610안다미로        투아너앤태미즈빅 4926.00한암 32020 1 2  383      24750국5곽영효김준현  99 9 6 3 314 1 1 0 5 20최범현46753.581평입보93 85 858667.068.041.12140102565 0243238452517193019 05050↗↘입13.837.138.212.6658937.638.0 77.2 75.4 20 40 2040   14.00   12.90 4  3  1VV동53.34611312 1.0 3.0 4.0707013 0마방연대승부최상 1관 011 6     6 7 6⑤1:17.2½    .614.238.813.5  4 -2-1.79 5 1 -4 1.02368193063 6 3 4 20 3 2.08 1.05 3.8 9.7  4.4   31.7   50.6  149.1  .04491 3 8 8 3▲ 1.338.20  .05  .0775.6717.4831.3341.1019405715.1927.2737.38 2
20250111토 5120011국554 2103 8 2강 2211맑음건조 5 610안다미로        투아너앤태미즈빅 4926.00한암 32525 2 3  460      24750국5곽영효김준현  9910 5 2 214 1 1 0 4 25임다빈46953.077평입보50 49 496255.061.029.31455 7234616243217 02517152324 099 0↘↗추13.837.038.813.0746837.636.9 74.9 74.7 25 25 2525   13.90   14.00 4  5  1BNDN53.54531313 2.5 3.0 5.5565613-1마방선전마방연대 1관 0 8 8     9 9 4③1:14.9¾    .214.037.112.9 -2  0 -.30 3 5 -2  .9 872 2 672 8 8 7 53 1 1.07 3.02 3.1 6.4  3.1   28.7   41.4   81.4  .03271 2 5 7 2    .838.10  .11-1.1175.95 8.1418.5229.31 6152512.5028.5735.88 2
20241215일 4130011국554 8103 7혼전 4411맑음양호 8 610안다미로        투아너앤태미즈빅 4731.00한암 23333 2 3  539      24750국5곽영효김준현  9911 4 1 214 1 1 0 3 33김용근46952.588평입상85 97 978680.067.036.3264721234616243216 02517292517 099 0↘→선13.837.039.213.0828537.539.3 84.1 83.3 33 33 3333   13.90   13.3016  2 -1VU동53.54531310 1.0 4.0 5.0717113 0뒷심문제마방선전 1관 1 3 5     5 5 7⑦1:24.14    1.013.940.414.0  0 16-1.20 7 7  4 1.65547555147 5 8 2 32 1 1.02 7.08 3.5 8.2  3.5    8.2   14.7   14.010.53288 2 8 8 2△ 1.240.10  .20 7.0782.7813.2226.2536.3414284214.5228.6837.68 1
20240825일 3130011국610 3 63 6혼전 4411맑음다습12 610안다미로        투아너앤태미즈빅 4731.00한암 2 0 0 2 5  863      16500국6곽영효김준현  9912 3 3 114 2 0 0 2  0최범현45353.593평입하42 35 355847.066.039.13340 03148 8243238452517193019      ↗↘입13.836.940.313.7883137.536.7 81.6 81.1  0  0 50 0   13.80   14.30 4 -5  0HNUP       1310         6.0    10 1승부최상거리늘어 1관 0 1 4     3 3 1①1:21.64    -.713.937.613.3 -2  2 -.80 1 3  1  .0 146 1 094 310 9 32 2 3.02 1.08 1.5 5.5 11.6   26.0   52.9  690.013.23456 0 6 8 0   1.039.70 -.49 3.8883.4213.6827.3939.0516334810.8124.0032.65 2
20240728일 2120011국632 6 83 9 1강 1139맑음다습12 610안다미로        투아너앤태미즈빅 4926.00한암 2 0 0 9 5  932      16500국6곽영효김준현  9913 2 2 114 1 0 0 1  0최범현45153.593평입보51 35 3581  .073.076.93340 03148 8243238452517193019      ↗↘입14.036.839.213.7916436.839.6 76.6 76.1  0  0100 0   14.00   14.00 5 -2  1NNUP       1210         5.0    10 2기수신마승부최상 1관 0 6 7     7 6 4⑥1:16.6머리 1.313.840.114.3  4  8 -.30 6 2 -2 1.55126725747 6 510 10 1 6.03 9.05 1.9 4.6 19.9   35.7  120.3   23.3  .04492 3 7 9 3☆ 1.738.80-1.38  .1376.0640.4064.2276.9139597212.6824.3245.00 5
20240622토 1100010국650 2103 9 3강 3335비  다습10 610안다미로        투아너앤태미즈빅 4926.00한암 2 0 0 2 6 1039      24750국6곽영효김준현  9914 1 1 114 1 0 0 0  0박태종44353.064평무보   35 3540  .063.045.0 313 03948 8243221192517202320      ↗↗선    37.137.8        36.637.8 63.5 62.7              13.80   13.80 4  0  0LN동       10 0                 0 0걸음불변기수신마 1기 1 8 5     5 4 3⑤1:03.5¾    .414.038.414.0  1  5-1.30 5 4  0  .44215462172 6 6 6 32 1 5.0110.01 2.6 5.5  8.2   10.8   26.4   12.710.94973 4 5 7 4★ 1.137.90 -.24-12.362.7117.2131.8944.9616334810.0020.0030.00 8
20251116일 6130011국4 2 5  4 3혼전 4422           611정문파파고      카우보이설트리조 6132.00한거 6 315   1    014:25 33000혼4구자흥김재영b -1 016 31232 2 1 432 15김태희   52.065평입보50 55 554310.040.010.61029 51213 81413 71416 9152316 04040↗↗입13.437.438.913.54464                   19 35 1019   14.00   14.00 6  8 -1VHUP52.84551612-2.8 8.4 5.6555513 1주행평범최적거리52기 011                            14.0    14.0                                10 2 8 9 10                                              .01635-1 3 2-1   -.838.90  .84     82.84 1.57 4.8010.61 2 5 9 3.80 7.6513.6811
20251004토 7120011국454 4104 2혼전 4431맑음다습10 611정문파파고      카우보이설트리조 4726.00한거 6 316 1 1   93      33000국4구자흥김재영b -1 115 21232 1 1 431 16김태희45352.565평입보27 26 2620 4.031.0 5.61029 51213 81413 71416 9152316 04040↗↗입13.437.338.413.5335537.838.2 76.0 75.9 20 37 1020   14.10   14.10 5 -4  1HNDN52.84551612-3.6 8.6 5.0545413-2걸음불변보통걸음40기 0 3 8     911 9⑨1:16.02    1.014.038.914.0 -1  5  .00 910  1 1.74577294849 9 710110 9 6.02 9.08 3.0 7.2 12.0   15.4   42.3  174.6  .01416-2 1 1-2  -1.438.20  .83  .2175.89  .43 1.64 5.64 0 2 5  .92 1.75 5.1011
20250831일 6140011국411 3 64 4 3강 3341맑음다습13 611정문파파고      카우보이설트리조 6132.00한거 6 316 9 1   90      33000국4구자흥김재영b -1 214 1 532 2 1 430 16박태종44852.076평입상82 77 774240.040.011.711 0 81213 81413 02016 9202320 04040↘↗선13.436.839.513.5572337.540.2 88.1 90.2 21 38 1417   14.10   12.40 5 -3  0NHUP52.84551612-4.0 8.8 4.8575713 1선전만회보통걸음80기 1 7 9    10 9 6⑧1:28.1½   2.114.139.114.1 -1 -6 1.60 8 9 -1 2.68276748422 510 7 90 2 3.01 3.11 1.7 4.6  6.6    6.0   14.5   16.6  .01945 0 5 4 0   -.639.40  .4113.8588.80 1.83 5.7711.66 2 5 7 4.2212.7922.20 7
20250727일 8130011국552 2104 3 1강 1111맑음건조 3 611정문파파고      카우보이설트리조 6132.00한거 6 313 9 1   71      33000국5구자흥김재영b -1 313 31132 1 1 329 13박태종45452.076평입보33 32 3240 7.039.011.111 0 81213 81413 02016 9202320 04433↘↗선13.437.039.413.5773538.536.7 80.6 81.8 21 36 1818   14.20   14.00 3  5  0BHDN52.94551612-2.4 8.2 5.8505013-1걸음불변최적거리36관 110 7     7 7 4②1:20.6목    .014.136.812.4 -8 -4  .20 210  4  .0 785 1 583 7 7 9103 1 2.10 6.10 4.312.3  4.8   80.5  125.2  115.6  .01435-1 2 2-1   -.839.80  .77 5.4382.90 1.60 4.8911.08 0 3 7  .71 4.05 8.4510
20250705토 51400 9국452 2 54 2 3강 3331맑음건조 3 611정문파파고      카우보이설트리조 6132.00한거 6 314 1 1   56      33000국4구자흥김재영b -1 412 2 432 1 1 328 14이혁  45852.087평입상67 65 653129.042.015.61529 61213 81413143816 9272119 04433↘↗선13.436.939.613.5522037.239.4 88.7 89.3 22 37 1915   13.60   14.10 4  2  1NN동52.94551612-2.6 8.4 5.8525213 0주행불만급하락세74기 0 5 7     6 7 7⑥1:28.73    1.614.239.014.0  0  3  .30 6 6 -1 1.76560525728 5 5 6 90 1 2.07 9.04 2.6 3.5  2.9   31.3   43.8   24.3  .01140-1 4 3-1   -.639.10  .1812.8088.93 2.80 8.1315.62 2 5 7 7.0214.8525.45 7
20250607토 71400 8국454 4104 6 1강 1137맑음건조 3 611정문파파고      카우보이설트리조 6132.00한거 6 314 2 1   72      33000국4구자흥김재영b -1 511 1 332 1 1 327 14김태희45551.565평입상42 35 354113.051.025.11029 51213 81413 71416 9152316 05025↗↗입13.437.039.713.5461836.239.7 88.0 88.0 19 31 1515   13.80   14.60 4 -4 -1HH동53.14551612-1.2 8.2 7.0363613 0걸음불변탄력호조30관 0 3 4     5 6 4③1:28.0½    .013.639.414.1 -4  4  .00 3 7 -4  .31910633378 8 4 7 73 8 3.05 7.06 2.8 6.6  4.4   14.9   33.3   66.8  .04354 0 3 5 0    .038.70 -.1811.2989.07 6.6613.3125.08 41118 2.06 8.1216.14 7
20250510토 5140011국523 6 74 3혼전 4441흐림불량20 611정문파파고      카우보이설트리조 6132.00한거 6 315 2 1  118      33000혼4구자흥김재영b -1 610 4 232 1 1 326 15오수철45152.060평입보31 28 2821 6.037.012.6 825 71213 81413 0 016 9122315 05025→→입13.436.939.713.5542037.039.7 88.9 89.1 20 28 1216   13.70   14.50 6  4  1NNUP53.14551612-1.4 8.2 6.8414114 2걸음불변최적거리 1기 0 7 8     9 9 7⑥1:28.9½   1.113.840.814.6 -5  3 -.10 611  1 1.15549605946 7 7 7113 110.07 9.01 1.8 4.0 43.3  414.7  707.0 1444.4  .01419-2 1 1-2   -.839.00  .2012.4689.00 2.38 6.3112.56 1 3 5 1.23 4.3510.6511
20250330일 6120011국454 7104 1혼전 4447맑음건조 3 611정문파파고      카우보이설트리조 4726.00한거 6 416 9 2  233      33000국4구자흥김재영b -1 7 9 31132 1 1 325 16정우주44851.067평입보36 33 3322 7.033.0 9.51338101350 61413 0 016 9173013 05025↘↗입13.437.238.513.5485536.740.1 77.4 76.9 21 29 1317   14.00   15.1011 -1 -1HUDN53.14551612 -.6 7.4 6.8444414-4선행무리급하락세 1관 0 3 6     6 6 5⑦1:17.4목   1.513.740.514.5 -3-10 -.60 710  3 1.77225837233 9 7 9102 1 2.04 2.04 3.0 6.8  4.7    8.0   18.1   34.8  .01316-2 1 1-2  -1.238.60  .71 1.1575.89 2.06 4.73 9.53 0 2 6 1.89 7.3012.88 9
20250112일 7160010국451 8104 2혼전 4439맑음건조 3 611정문파파고      카우보이설트리조 6132.00한거 6 416 2 3  447      33000국4구자흥김재영b -1 8 8 2 232 1 1 324 16김태희45851.559평입상18 16 161710.035.010.41875111675 31413 71416 9152316 05025↘↘입13.436.640.413.5471636.639.9104.3103.0 22 30 1317   13.90   14.00 4 -5  1HNUP53.14551612 -.8 7.2 6.4424214 4걸음불변급하락세 1기 1 4 2   2 2 2 4⑦1:44.34    1.114.041.115.1  0  0-1.00 7 7  0 1.35254626546 5 9 7 91 7 5.0310.01 2.9 6.2  8.5   20.4   50.3   33.8  .01415-2 3 3-2  -1.240.40  .1425.95103.6 2.29 5.1710.40 2 5 9 3.90 8.5915.33 9
20241215일 61200 9국414 6 14 1 2강 2221맑음양호 8 611정문파파고      카우보이설트리조 4726.00한거 5 1   2 3  537      33000국4구자흥김재영b -1 9 7 11032 2 1 3 0  0김성현45851.066평입하10  9  917  .029.0 3.81657111675 31413 6 016 9162519 05025↘→입13.437.238.413.5456436.939.3 76.4 76.4 23 32 1418   14.00   16.40 8  0  0VUDN53.14551612 -.4 6.2 5.8454514-4걸음불변감량기수 1기 1 9 4     4 4 4⑥1:16.42½  1.113.939.314.0 -1  6 -.10 6 7  1 1.55935655644 6 4 9 92 2 4.02 6.07 1.5 3.4  7.7   18.3   37.4    4.8  .01411-3 1 1-3▽-1.638.50  .94  .7775.84  .27 1.03 3.76 2 5 9 9.4720.2241.75 6
20241019토 6160010국550 5 54 2 1강 1139흐림포화16 611정문파파고      카우보이설트리조 6132.00한거 5 418 2 4  721      33000국5구자흥김재영b -110 6 2 132 1 1 322 18김성현45251.057평입상44 45 451722.043.027.8146710 699 51413 6 016 9162519 05025↗↘입13.436.739.713.5413936.543.8107.0107.0 24 33 1419   13.40   14.00 8  7 -1LUUP53.14551612-2.2 6.4 4.2636314 3걸음늘어급하락세 1관 0 9 5   5 7 6 8⑨1:47.03    4.314.043.616.4  3 -1  .10 9 6 -5 5.798509899 5 3 4 2 50 1 1.03 3.06 2.1 3.4  2.1    8.2   11.4    6.0  .01722-1 5 5-1   -.439.70 -.0130.58103.3 7.7916.5127.84 6152811.7622.3933.96 4
20240824토 6130011국452 1104 5혼전 4421맑음다습12 611정문파파고      카우보이설트리조 6132.00한거 5 419 2 5  871      33000국4구자흥김재영b -111 5 11032 1 1 321 19조재로45352.072평입하47 51 514015.046.013.3226711 925 7141310 016 9182422 05729↗↘추13.437.238.913.5636837.439.0 81.7 83.2 25 35 1520   13.80   13.70 8  0  0HH동53.24561412-1.4 6.0 4.6616113 0주행평범최적거리 1기 0 2 7     7 5 5⑤1:21.7¾    .413.439.214.0 -6  4  .70 511  5  .85140433461 8 7 9110 2 2.0710.09 3.313.7  6.7   27.4   54.2   70.513.22055 0 3 5 0   -.339.90  .90 7.0682.71 3.08 7.0713.32 0 2 5 2.38 6.8712.7811
20240630일 51300 8국532 1 84 3 3강 3321흐림포화17 611정문파파고      카우보이설트리조 6132.00한거 5 520 9 6 1003      33000국5구자흥김재영b -112 4 2 932 3 1 320 20송재철44952.082평입보39 47 475616.048.018.62143101450 7141327 616 9182621 05729↗→입13.437.138.913.5676837.838.4 81.5 83.3 26 37 1621   14.00   14.30 5 -4  0HHUP53.24561412-2.4 6.0 3.6686813 1걸음관심최적거리 1관 0 2 5     5 5 6⑦1:21.5½    .913.838.113.7  1  1 1.30 7 6  0 1.25758253046 4 4 5 72 3 1.04 8.07 2.2 3.2  2.2    8.2   12.8   13.5  .02738-1 4 4-1   -.340.00  .80 7.3382.65 3.70 9.2818.60 3 817 5.3812.0222.74 5
20240526일101200 9국444 5 94 3혼전 4431비  양호 8 611정문파파고      카우보이설트리조 4726.00한거 5 521 9 6 1103      33000국4구자흥김재영b -113 3 1 932 2 1 319 21송재철44852.082평입보76 64 645724.044.015.82143101450 7141327 616 9182621 05729↗→입13.437.138.113.5567937.139.8 76.5 76.9 28 39 1722   13.90   13.50 5  2 -5NHDN53.24561412-2.4 5.8 3.4757513-1걸음관심보통걸음 1관 1 6 9     9 8 8⑤1:16.55    1.514.039.714.3 -1 -2  .40 5 6  4 1.57444777332 7 2 5 73 2 1.03 7.08 2.8 4.7  2.8    6.5   10.1    5.5  .02740 0 4 5 0   -.538.70  .82 1.7375.61 2.83 7.4815.81 41118 5.9413.1321.58 6
20240420토 4130010국551 3104 8 2강 2221비  다습11 611정문파파고      카우보이설트리조 6132.00한거 5 522 2 7 1227      24750국5구자흥김재영b -114 215 832 1 1 318 22송재철45057.084평입상85 96 968791.069.057.12159 82256 9141327 616 9182621 05729↘↗입13.437.138.813.5677237.837.9 81.9 82.2 29 35 1818   14.00   13.00 4 -6  3HB동53.24561412-3.0 6.4 3.4787813 0선전만회탄력호전 1관 0 4 5     6 6 5③1:21.93     .613.938.113.5  1 -2  .00 3 2 -5 1.11660121661 4 1 1 23 1 3.05 6.02 3.3 6.9  4.8   29.3   54.5   40.7  .03384 2 8 8 2▲ 1.339.80 -.19 6.2582.5824.4543.8357.1219395734.0962.1573.03 1
20240323토 6130011국522 4 74 5혼전 4411맑음양호 6 611정문파파고      카우보이설트리조 6132.00한거 5 017 2 7 1313      24750국5구자흥김재영b -115 114 732 1 0 317 17씨씨웡45254.092평입상69 79 796256.070.037.32838132256 91413 0 016 9202422 06717↘↗자13.437.138.913.5716837.938.0 81.8 82.0 25 31 1913   13.90   14.40 4 -1 -1LN동53.14561412-2.2 6.2 4.0747413 0주행평범최적거리 1기 110 8     6 6 6①1:21.8½   -.114.037.913.0 -6 -2  .20 1 7 -2  .01365121988 6 3 4 33 1 7.0510.08 2.6 4.5 15.7   49.0  169.4  218.310.62084 0 7 8 0△ 1.339.70  .29 6.0282.6513.9726.8837.3314284210.0822.5030.42 5
20251116일 7140010국4 2 3  3 9 2강 2234           7 1유니버설        미스치비티피맥지 3337.00한수 24060   1    015:15 33000국4정호익손병철   2 0 6 1 1 5 1 2 1 5 60임다빈   52.080우입적50 58 587394.071.057.32049 62144 7243119 02419152324 099 0↘→추14.036.939.412.35664                   60 60 2040   13.60   13.80 4 -9 -3UUUP55.04931412  .6 3.6 4.2707010 2적임교체적임교체54기 2 1                            13.6    13.8                                 6 5 5 2  3                                              .04490 3 7 8 3☆ 1.439.40 -.77     88.8022.2241.6857.3118365125.2042.8055.14 1
20251019일 3120011국541 6 93 9혼전 4421맑음포화17 7 1유니버설        미스치비티피맥지 2326.00한수 22550 2 1   75      24750국5정호익손병철   2 1 5 4 4 5 1 1 1 4 50마이아49955.093우입적23 31 316974.078.054.43753202144 7243148 024193530 9 099 0↘→선14.037.338.512.3437936.637.9 74.2 74.6 50 50  025   14.00   14.00 5  2  0BN동55.04871212 1.5 3.5 5.0646410 0걸음불변적임교체68기 010 6     5 3 1①1:14.21¾  -.313.638.313.8 -3  0  .30 1 4 -5  .0 71719 69310 5 8 12 1 4.0210.01 3.4 6.1  4.9    8.6   19.8    9.710.64484 3 7 8 3☆ 1.937.80 -.61-1.2475.9524.0041.4854.3532526416.8231.2543.75 4
20250914일 8120013국554 2103 5혼전 4411맑음다습13 7 1유니버설        미스치비티피맥지 2326.00한수 23366 2 1   68     110000국5정호익손병철   2 2 4 3 3 5 2 1 1 3 66장추열49955.093우입적57 50 506260.061.020.93350112144 7243128 02419202622 099 0↘↗입14.037.038.412.3688237.639.3 75.0 77.2 67 67  033   13.70   14.50 4  7  0BN동55.04871212 1.3 1.7 3.0737310 0전개최상보통걸음 5   0 811    111310⑪1:15.01½  1.414.038.414.0  2  5 1.9011 9  6 2.08169687537 8 5 8100 2 1.0213.11 2.9 8.5  2.9    8.5   12.9   22.8  .03456 0 6 6 0    .738.90  .57 1.8075.72 5.4112.6520.93 1 4 8 9.1720.5528.15 4
20250817일 8120010국514 2 63 9혼전 4411맑음양호 7 7 1유니버설        미스치비티피맥지 2326.00한수 2     2 1   67      82500국5정호익손병철   2 3 3 2 2 5 1 1 1 2  0장추열49455.093강입보99 97 9791  .074.043.93350112144 7243128 02419202622 099 0↘↗입14.037.038.312.3689836.739.8 75.8 76.6100100  0**   13.80   13.50 5 -5  2UN동55.04871210  .5 1.0 1.5929212 0유망전력전개최상 5   0 1 4     5 4 5⑥1:15.82½  1.513.739.614.5  3  1  .70 6 3  2 2.76724786330 7 6 3 12 1 1.07 9.03 1.7 4.2  1.7   13.1   15.5  108.710.54498 3 9 9 3☆ 1.738.70 -.04 1.3175.6717.8532.3343.88325264 9.3818.4628.61 2
20250712토 5120010국513 2 63 9 1강 1141맑음건조 5 7 1유니버설        미스치비티피맥지 2326.00한수 2     2 1   82      24750국5정호익손병철   2 4 2 1 1 5 2 1 0 1  0임다빈49353.080강입보88 76 7689  .068.069.62049 62144 7243119 02419152324 099 0↘→추14.037.138.412.3659737.037.5 75.1 74.4100100  0**   14.00   13.20 6  1 -2NUUP55.04871210  .0 1.0 1.0989810 2마방기습작전마주52기 1 6 4     3 3 2②1:15.1¾    .013.838.013.5  1  6 -.60 2 1  0  .2 63810 781 5 2 2 12 2 2.01 8.06 1.5 4.1  5.8    4.1   10.5    9.1  .04590 4 9 8 4★ 1.438.00 -.90-1.0675.7833.3056.0969.6238597114.0625.9045.06 3
20250531토 11000 7국610 9 13 9 1강 1139맑음건조 4 7 1유니버설        미스치비티피맥지 2326.00한수 2 0 0 9 1  119      24750국6정호익손병철   2 5 1 1 1 5 1 0 0 0  0임다빈48755.080평무보53 60 607575.071.069.32049 62144 7243119 02419152324      ↘→추14.037.738.012.3503536.937.0 62.7 61.1              14.40   12.60 4  0  0LL동       10 0         4.0     0 0신마적응마방기습52기 2 5 4     4 3 1①1:02.74    -.714.037.713.2  0 15-1.40 1 1  0  .0 631161398 4 3 1 12 1 1.06 5.01 1.4 2.4  1.4   11.9   15.7    9.6  .06090 4 7 8 4★ 1.636.90-1.35-14.663.1533.9756.0669.3038597132.1450.3966.36 1
20251116일 7140010국4 2 3  6 7 2강 2234           7 2민트플레이      카우보이미들버그 6132.00한암 5 310   1    015:15 33000국4임채덕조현영   2 016 1 629 9 1 229 10조한별   52.066평입보50 56 565021.049.022.41340 915 012 8101320 8 01219183655 0↘↗입13.436.639.912.87923                   32 43 25 7   13.70   16.10 4  1  0HU동52.94261412-2.4 6.4 4.0646414 0걸음불변부중유리24관 0 2                            13.7    16.1                                 3 9 7 6 21                                              .02954 2 4 5 2   -.139.90  .03     88.93 5.1111.3522.35 51322 2.36 8.5618.65 7
20251019일10140011국514 8 66 9혼전 4441맑음포화16 7 2민트플레이      카우보이미들버그 6132.00한암 5 310 2 1   68      41250혼4임채덕조현영   2 11525 529 8 1 228 10조한별43452.066평입상93 92 927954.070.042.31340 915 012 8101320 8 01219183655 0↘↗입13.436.539.812.8832836.742.6 91.7 91.5 33 44 26 7   13.50   13.90 6 -2  0UU동52.94261412-3.8 6.2 2.4838314 0기습선행부중유리68기 1 1 4     4 4 8⑨1:31.71    4.013.742.916.1  2-13 -.20 9 7 -2 4.594329796 8 5 6 3 2020 8.04 3.09 2.0 6.5 19.0   55.1  129.0   83.910.54590 4 8 8 4★ 1.340.00 -.3815.1988.8016.9831.6842.2618365111.7222.3932.71 5
20250906토11140011국554 2106 9혼전 4441비  포화16 7 2민트플레이      카우보이미들버그 6132.00한암 5 3 7 1 1   96      33000국5임채덕조현영   2 21424 429 7 1 127  7조한별44752.066평입상95 92 927249.068.042.81340 915 012 8101320 8 01219183060 0↘↗입13.436.539.912.8872336.439.4 86.2 88.1 31 42 35 8   13.70   13.40 5 -5 -3HUUP53.04241412-2.6 6.0 3.4737314 1뒷심부족부중유리22트 0 3 3     2 2 2②1:26.2½    .013.538.713.9 -7 12 1.50 2 9  3  .12216532676 3 8 1 2119 2.09 7.03 3.0 6.5  4.6   56.6   78.2  129.710.54589 4 7 8 4★ 1.239.20 -.4711.7288.8616.9531.5142.8114284211.2420.9431.21 5
20250803일 41300 9국550 4106 9혼전 4421흐림건조 3 7 2민트플레이      카우보이미들버그 6132.00한암 5 3 7 1 1   73      24750국5임채덕조현영   2 31323 729 6 1 126  7조한별43555.066평입상77 85 856948.067.034.61340 915 012 8101320 8 01219182267 0↘↗입13.436.839.612.8933537.737.9 81.8 82.0 32 44 32 4   13.60   14.00 4  4  0LLDN52.74231412-3.2 6.8 3.6707014-1뒷심부족탄력호조76기 1 8 3     2 2 2③1:21.8½    .013.738.313.4 -3  9 -.50 3 6  1  .4 954 91084 2 7 4 6118 7.01 9.10 3.2 6.2 15.2   22.1   58.5   31.2  .04373 3 8 8 3▲ 1.140.00  .10 5.6082.9010.5721.9334.55 51322 9.5219.0030.00 6
20250705토 4140010국550 6106 3 1강 1151맑음건조 3 7 2민트플레이      카우보이미들버그 6132.00한암 5 4 8 1 1   80      24750국5임채덕조현영   2 41222 329 5 1 125  8조한별42655.066평입상80 82 826533.041.017.81340 915 012 8101320 8 01219181375 0↘↗입13.436.539.812.8832536.439.4 88.7 87.6 33 38 2513   13.60   15.10 4  3  1HB동52.44231412-3.0 6.6 3.6737314 0걸음불변급하락세40기 0 4 1     1 2 2③1:28.72     .413.639.614.0 -2 -2-1.00 3 5  0  .51218553170 1 4 2 6117 1.03 5.02 2.8 5.1  2.8    8.0   13.7   19.4  .01435-1 6 3-1   -.539.10  .2511.3388.80 3.41 9.0017.76 51223 4.5015.1725.16 5
20250607토 3140010국522 8 76 6혼전 4451흐림건조 3 7 2민트플레이      카우보이미들버그 6132.00한암 5 4 8 2 1   76      24750국5임채덕조현영   2 51121 229 4 1 124  8조한별42854.566평입상91 93 938253.063.051.61340 915 012 8101320 8 01219181471 0↘↗입13.436.739.612.8694335.541.1 89.7 88.2 35 39 22 9   13.60   14.00 5 -4  3UL동52.14221412-3.0 7.2 4.2646414 0기습선행탄력호전44기 0 1 4     4 3 1③1:29.71¼   .213.641.315.1 -2  2-1.00 3 5 -1  .626 1895874 3 6 1 2216 8.04 5.03 1.9 2.5 50.1  167.6  392.8  323.010.53363 0 8 8 0    .939.10 -.6411.8888.8019.6038.8151.6419395714.1228.0941.24 3
20250504일 4140011국550 8106 8 3강 3358맑음포화15 7 2민트플레이      카우보이미들버그 6132.00한암 5 0 4 1 1  130      24750국5임채덕조현영   2 61020 129 3 0 123  4조한별42652.066평입보36 51 514933.064.052.91340 915 012 8101320 8 0121918 083 0↘↗입13.436.839.712.8603536.539.1 88.0 87.7 32 36 23 9   13.80   14.90 3 -4  0NUUP52.24211412-2.4 7.6 5.2585812 2주행평범부중유리 1기 0 5 2     2 2 1①1:28.03    -.513.639.414.0 -5 -2 -.20 1 6 -2  .01023402095 3 6 4 1115 6.03 5.10 3.3 8.3 13.3   34.8   86.1   61.111.83263 2 6 8 2▲ 1.038.80 -.7911.1988.9322.2140.3152.9019405710.8727.8340.00 3
20250412토 5120011국513 5 16 9혼전 4441흐림양호 7 7 2민트플레이      카우보이미들버그 4726.00한암 5 0 4 2 2  202      24750국5임채덕조현영   2 7 9191729 2 0 122  4조한별42852.065평입상74 73 736528.061.036.51782 6 0 0 0 8101320 8 0121918 083 0↗↘입13.437.138.512.8517236.340.1 76.9 76.3 33 38 1910   13.90   14.20 4  0  0LUDN52.24211312-3.0 7.6 4.6686812-1주행평범부중유리 1기 0 9 4     3 3 3⑦1:16.9½   1.513.840.514.9 -1  5 -.50 7 8 -2 1.656 7835933 7 4 5 2014 1.02 7.06 1.5 2.6  1.5    2.6    3.4    7.5  .03780 3 6 7 3△  .938.50  .02  .6975.8412.1025.2536.48122539 8.8619.0526.41 5
20250315토 4130011국544 7 96 9혼전 4411맑음양호 7 7 2민트플레이      카우보이미들버그 6132.00한암 5 0 4 2 2  287      24750국5임채덕조현영   2 8 818 629 1 0 121  4조한별42352.062평입상60 75 755942.067.038.91782 6 0 0 0 8101320 8 0121918 083 0↗↘입13.437.139.212.8695937.938.4 82.8 82.7 35 40 2010   13.90   14.10 4  5 -1BUUP52.24211312-1.6 6.0 4.4717112 1부중민감부중유리 1기 0 9 5     4 4 4④1:22.8목    .413.939.214.2 -6  2 -.60 410  6 1.13466233369 5 7 3 4213 2.01 2.11 1.9 4.3  4.8    5.1   12.3    6.4  .03788 3 7 8 3▲ 1.139.90  .06 6.3982.8414.1426.5838.90102236 8.7719.2125.28 4
20250215토 5120011국514 7 66 5 1강 1149흐림건조 4 7 2민트플레이      카우보이미들버그 4726.00한암 5 0 5 2 2  372      24750국5임채덕조현영   2 9 7171629 1 0 120  5조상범42153.059평입보62 49 495719.057.044.11040 8 0 0 0 810 0 0 8 0132018 080 0→→입13.437.138.512.8557236.439.1 76.3 75.3 32 37 1611   13.70   14.00 6 -7  1HV동52.04211312-2.2 6.4 4.2717112 0주행평범부중민감 1기 1 4 5     5 3 2③1:16.3½    .013.939.614.1 -1 -9 -.90 3 4 -4  .72111572783 9 2 3 22 1 1.02 1.06 2.3 6.9  2.3    7.4   10.8   13.3  .02556 0 5 4 0    .638.20 -.21 -.3075.8416.4930.6944.1420405611.4327.2731.49 4
20250104토 6120011국532 4 86 9 3강 3341맑음건조 3 7 2민트플레이      카우보이미들버그 4726.00한암 5 0 5 1 3  481      24750국5임채덕조현영   210 6161529 2 0 119  5조한별43052.069평입상90 85 857152.064.041.01240 5 299 0 8101320 8 0121918 080 0↗↗입13.437.138.412.8567537.338.9 76.5 76.2 33 39 1711   13.70   13.30 4  3  0VUDN52.04211312-2.8 6.6 3.8737312-1주행평범부중유리 1기 011 5     6 5 5⑥1:16.5½   1.713.739.014.0 -2  2 -.40 6 8  0 1.95453505127 9 6 4 3212 1.02 7.08 1.9 3.2  1.9    3.2    4.2   11.110.93375 2 7 8 2▲ 1.038.50 -.06  .7275.7814.3828.3441.01163348 9.2618.1831.63 5
20241207토 41300 8국551 4 56 3혼전 4411맑음다습14 7 2민트플레이      카우보이미들버그 6132.00한암 4 0 5 2 3  571      24750국5임채덕조현영   211 515 529 1 0 118  5조한별42852.069평입하25 25 2545 4.042.015.21240 5 299 0 8101320 8 0121918 075 0↗↗입13.437.139.212.8715937.338.7 81.3 82.4 35 35 1812   13.70   15.2010  3  1VNUP52.04201312-3.6 6.8 3.2747412 1걸음불변거리속성 1기 0 8 3     3 3 5⑥1:21.3목    .513.738.213.3 -2 11  .70 6 8  3  .82235362465 5 6 9 7211 2.01 9.06 2.4 5.0  3.6    5.1   11.8   12.5  .01434 0 2 2 0   -.639.80  .72 6.0782.84 2.36 7.5815.21 41118 1.33 2.60 7.29 9
20240928토 8120011국541 2 96 9혼전 4441맑음건조 5 7 2민트플레이      카우보이미들버그 4726.00한암 4 0 5 9 4  784      24750국5임채덕조현영   212 4141429 1 0 117  5김성현41751.060평입하90 87 877737.068.040.4146710 3 0 4 810 013 8 0162519 075 0↗↘입13.437.038.812.8625136.840.9 77.3 77.9 35 35 1812   13.50   13.70 4 -1 -1NU동52.04201312-3.0 7.2 4.2646412 0승부최상부중영향 1기 0 5 4     3 3 8⑨1:17.3½   3.213.741.015.2  4 -2  .39 9 5 -3 4.389269186 4 4 9 3 30 1 1.04 4.01 2.3 4.2  2.3    8.3   13.8   60.2  .03787 3 7 7 3△ 1.239.10 -.20 2.1075.9515.1528.8240.38142842 7.2218.0926.57 4
20240831토 4120011국554 3106 9혼전 4441맑음건조 4 7 2민트플레이      카우보이미들버그 4726.00한암 4 0 6 9 5  850      24750국5임채덕조현영   213 3131329 1 0 116  6김철호41952.078평입보86 83 837242.066.041.21767 3 2 0 2 81015 0 8 0152223 067 0↘↗자13.436.939.012.8673937.138.0 75.3 75.3 31 31 19 6   13.80   13.40 5  5 -1NU동52.04201312-4.2 9.2 5.0575712 0전력변화승부최상 1기 0 6 4     4 3 2④1:15.3목    .013.538.213.7 -4  2 -.20 4 8  6  .62145201779 6 8 6 12 1 1.02 1.02 5.416.2  5.4   16.2   24.5   44.6  .04494 3 6 7 3△ 1.138.40 -.29 -.6076.0017.1429.1741.1532526410.9921.3625.79 4
20240727토 5120011국514 3 66 9혼전 4441비  포화18 7 2민트플레이      카우보이미들버그 4726.00한암 4 0 6 9 5  938      24750국5임채덕조현영   214 2121229 1 0 115  6임다빈41752.574평입상82 73 737939.069.043.7121410 2 0 2 81017 0 8 0152324 067 0↗↗추13.437.139.212.8572537.038.3 74.3 75.5 27 27 20 7   13.40   13.60 5 -4  1UV동52.04201312-3.4 9.6 6.2404012 0주행불만탄력호조 1기 0 1 8     6 5 5③1:14.3¾    .013.838.113.4  1 -3 1.00 3 2 -4  .22640292177 7 9 5 12 2 3.01 3.09 2.1 6.8  7.6    9.3   22.0   14.612.74387 2 6 6 2△ 1.338.30 -.60 -.8376.2318.2032.5843.74183651 7.3217.8827.84 6
20240623일 5120011국543 3 96 9혼전 4451맑음포화17 7 2민트플레이      카우보이미들버그 4726.00한암 4 0 0 2 6 1024      24750국5임채덕조현영   215 1111129 7 0 014  0조한별42052.067평입상66 49 495820.067.034.31633131243 6 8101320 8 0121918 050 0↘→입13.637.139.312.8592036.738.3 74.1 75.2 21 21 21 7   14.00   13.70 4  3  0NU동52.04201312-3.6 9.8 6.2505012 0주행불만탄력호조 1기 1 5 4     4 4 1②1:14.14     .013.438.213.6 -4  0  .90 2 6 -3  .71822311579 6 9 7 2210 5.0611.05 2.8 7.0 10.4   62.7  140.9   75.212.74369 2 5 7 2△ 1.338.20 -.37-1.2276.2813.3024.5034.26204056 6.2511.8319.42 9
20251116일 7140010국4 2 3  6 3 2강 2234           7 3새내칸          선더모카에이스더 3232.00한수 5 622   1    015:15 33000국4홍대유문금철   2 016 11131 2 2 531 22문정균   54.566평입보50 56 563221.037.010.61956 71838 7152017 01814131823632513→↘추14.036.639.512.87935                   31 38 2323   13.60   13.10 4  0 -3HN동55.24991813-2.6 6.2 3.6656510 0탄력늘어보통걸음53기 1 3                            13.6    13.1                                 4 7 6 8  3                                              .01930-1 4 3-1  -1.039.50  .56     88.66 2.38 5.7110.63 3 814 2.36 8.5618.65 8
20251018토 5140011국521 7 76 8혼전 4451흐림포화19 7 3새내칸          선더모카에이스더 3232.00한수 5 320 2 1   84      24750국5홍대유문금철   2 115 51031 1 1 529 20문정균51057.066평선상66 66 668053.072.052.71956 71838 7152017 01814131823572914→↘추14.036.639.612.8752836.538.5 87.4 87.1 28 36 2020   13.50   13.80 2 -3  0HL동54.94971813-2.4 7.4 5.0535310 0전력변화탄력호조69기 1 3 1     1 1 1①1:27.41¼  -.213.638.013.1 -3 -6 -.10 1 4 -2  .0 22018 592 1 5 5 11 2 4.03 3.09 2.4 5.3  9.1   23.0   46.6   18.712.74383 2 7 8 2▲ 1.538.90 -.6010.8588.7325.4442.5352.7232526413.4824.6338.46 4
20251003금 7140011국530 4 86 7혼전 4451흐림다습11 7 3새내칸          선더모카에이스더 3232.00한수 5 320 1 1   16      24750국5홍대유문금철   2 214 4 931 1 1 529 20조상범51657.056평입상47 37 376217.055.032.11270 61838 7152015 91814132018503317→→입14.036.639.612.8743136.539.2 88.1 88.1 25 33 2921   13.80   13.10 2  5  3NB동54.64941813-2.2 8.0 5.8444410 0걸음불변탄력호조49기 0 6 1     1 1 2③1:28.1목    .013.538.913.8 -3 -8 -.10 3 6  0  .92121432279 1 7 7 51 6 1.03 5.02 1.9 3.7  1.9    6.4    8.6   25.6  .04356 0 4 4 0    .239.10 -.0511.9088.73 9.2821.3532.11 81728 7.2514.8622.62 6
20250921일 5140010국552 8106 5 1강 1131맑음다습14 7 3새내칸          선더모카에이스더 3232.00한수 5 321 2 1   28      24750국5홍대유문금철   2 313 3 831 1 1 528 21이상규52454.055평입상44 39 395911.042.017.2 6 0 71838 7152011 01814122314503317↗↘입14.036.539.712.8842537.538.8 89.0 88.8 26 35 3022   13.50   14.10 3 -5 -3UN동54.64941813-1.2 7.6 6.4424210 0걸음불변단기승부 5기 0 1 5     7 7 9④1:29.02½  1.513.838.913.1 -2  5 -.20 4 6 -2 2.04673314538 3 5 7 53 1 1.0210.04 2.6 6.8  2.6    7.7   11.6   10.5  .01950 0 3 2 0   -.539.40  .3412.6188.73 3.23 8.3517.17 61528 3.33 8.2415.97 7
20250830토 6140011국520 6 76 4 1강 1141맑음포화18 7 3새내칸          선더모카에이스더 3232.00한수 5 322 9 1   58      24750국5홍대유문금철   2 412 2 731 1 1 527 22조상범51957.056평입하18 13 1353 5.036.013.41270 61838 7152015 91814132018503317→→입14.036.439.812.8892036.739.6 87.6 88.7 27 32 3223   14.10   15.80 2  4  6NBDN54.64941813-1.4 7.8 6.4404010-3걸음불변단기승부39기 0 6 2     2 2 3⑤1:27.62     .813.539.214.1 -3  1  .70 5 8  3 1.44229594557 1 5 9 81 5 1.05 3.05 1.8 3.9  1.8   15.2   20.0   59.5  .01537-1 2 1-1   -.939.50  .4412.4888.73 2.48 6.3513.41 2 5 7  .76 3.29 7.65 8
20250816토 6170011국422 9 26 3 3강 3311맑음다습12 7 3새내칸          선더모카에이스더 3232.00한수 5 323 2 1   36      33000국4홍대유문금철   2 511 1 131 2 1 526 23김태희51851.565평입상66 41 412316.031.0 6.01029 51838 71520 7 01814152316503317↗↗입14.039.041.712.8921638.344.9115.1115.0 27 32 3223   14.40   14.10 3 -2 -1HUDN54.64941813-1.6 8.2 6.6373710-1걸음불변거리속성74기 0 2 4 4 3 5 6 9⑨1:55.14    2.414.144.615.8  4  2  .11 9 5 -2 2.586 2979317 211 9112 2 7.04 8.05 2.3 2.2 23.2   82.2  287.5   58.0  .01422-3 3 3-3▽-1.342.30  .5834.30113.6  .73 2.07 6.02 1 3 5 4.13 8.9417.2110
20250727일111800 9국552 7 56 4 1강 1139맑음건조 3 7 3새내칸          선더모카에이스더 4835.00한수 5 424 9 1   27      33000국5홍대유문금철   2 610 4 131 1 1 525 24김태희51652.563평입상28 14 1421 8.039.028.01029 51838 71520 7 01814152316503317↗↗입14.039.441.212.886 539.241.0118.3118.2 29 29 2919   13.50   14.00 4 -5  1HNUP54.64941813-1.6 8.2 6.6373710 4걸음불변거리늘어26관 0 4 3 3 3 3 3 4⑤1:58.32    1.014.441.014.1 -2  4 -.50 5 7 -3 1.12914673855 1 9 6 32 1 1.04 6.03 2.8 4.2  2.8   10.6   15.1   11.0  .01423-2 2 3-2   -.941.40 -.1037.55118.8 6.4214.9228.03 81728 3.5710.4321.55 6
20250629일 6140011국443 3 96 2 1강 1141맑음양호 8 7 3새내칸          선더모카에이스더 3232.00한수 5 425 9 1   66      33000국4홍대유문금철   2 7 9 3 631 4 1 524 25조상범51252.056평입상27 19 1937 4.035.0 9.91270 61838 7152015 91814132018503317→→입14.036.539.912.8831436.740.3 88.7 89.3 30 35 2515   13.80   13.70 4  6  0LU동54.64941613-1.2 7.8 6.6393910 0걸음불변보통걸음45기 0 9 5     5 7 8⑧1:28.7½   1.413.539.814.0 -2 11  .70 810  1 2.86635787232 2 810100 4 2.07 1.05 3.0 6.6  3.9   24.8   38.1   23.6  .01426 0 2 1 0  -1.039.50  .4012.9388.86 2.27 5.30 9.89 1 3 7  .62 1.32 4.4111
20250601일 7140010국451 2106 3혼전 4443맑음건조 3 7 3새내칸          선더모카에이스더 3232.00한수 5 426 1 1   63      33000국4홍대유문금철   2 8 8 2 531 3 1 523 26조상범50152.056평입하14 10 1037 9.036.013.31270 61838 7152015 91814132018503317→→입14.036.439.912.8861636.539.9 88.4 88.9 32 37 2616   13.60   14.70 2  2  0HU동54.64941613-1.6 7.8 6.2373710 0걸음불변단기승부50기 1 3 6     6 7 8⑦1:28.4목   1.313.839.313.7 -2  0  .50 7 9  5 1.35020664735 2 9 9 90 3 5.01 1.10 2.4 8.1  9.3   12.2   28.2   42.3  .01531-1 3 2-1   -.939.50  .3912.6088.80 2.59 6.3113.28 0 2 6 3.13 6.6716.87 9
20250517토 8140010국433 8 86 2 2강 2241흐림포화16 7 3새내칸          선더모카에이스더 3232.00한수 5 427 2 1   94      33000국4홍대유문금철   2 9 7 1 431 2 1 522 27조상범50152.056평선상28 21 2153 4.029.0 4.51270 61838 7152015 91814132018503317→→입14.036.539.912.8862036.640.9 89.8 89.9 33 39 3322   13.30   15.20 3  0  0UUDN54.64941613-2.6 8.8 6.2434310-2걸음불변급하락세78기 1 1 1     5 4 6⑦1:29.82½  1.913.641.014.7  3  1  .10 7 4 -5 1.97825857824 3 910102 2 2.0110.07 2.6 4.4  4.2    5.5   11.3    5.5  .01419-3 2 1-3▽-1.639.60  .5613.5188.86  .47 1.40 4.47 1 4 8  .57 1.36 4.1910
20250427일 7160010국552 8106 4 1강 1131맑음양호 7 7 3새내칸          선더모카에이스더 3232.00한수 5 428 9 1  148      33000혼4홍대유문금철   210 6 7 131 1 1 521 28조상범50052.056평입보16 12 121710.039.013.91270 61838 7152015 91814132018503317→→입14.036.240.012.8703935.442.0103.7103.1 35 41 2924   13.90   14.20 4 -6  0UUUP54.64941613-1.4 8.4 7.0383810 4걸음불변작전마주 1관 0 1 1   1 1 1 2⑤1:43.73    1.213.342.315.2 -4  0 -.30 5 9  0 1.257 4938544 1 6 8 91 1 6.02 6.08 3.6 7.5 12.0   15.7   40.2   16.8  .01728-1 3 3-1   -.740.00  .4126.90103.2 2.65 7.5913.85 2 5 7 2.08 5.0010.69 9
20250330일 6120011국454 7106 2혼전 4447맑음건조 3 7 3새내칸          선더모카에이스더 2824.00한수 5 530 9 2  233      33000국4홍대유문금철   211 5 6 631 1 1 520 30조인권50052.069평입보37 37 3738 9.039.013.4 940 21670 7152015 01814232413503317→↗선14.037.038.712.8665536.840.0 77.4 76.9 38 44 3125   14.00   13.70 2 -3  0NU동54.64941413-2.0 8.2 6.2484810 0걸음불변급하락세 1관 0 7 7     7 8 9⑥1:17.4¾   1.513.940.414.2 -3  1 -.60 6 9  1 1.77230817233 610 5 90 3 2.04 2.04 3.0 6.8  4.7    8.0   18.1   34.8  .01423-2 1 1-2   -.738.80  .63 1.1575.89 2.78 7.8213.40 1 3 8 3.77 7.3018.0310
20250315토 6120011국422 6 76 2 1강 1141맑음양호 6 7 3새내칸          선더모카에이스더 2824.00한수 5 531 2 2  285      33000국4홍대유문금철   212 4 5 531 1 1 519 31정우주49952.067평입하39 38 383113.040.011.71338101670 71520 0 01814173013503317↘↗입14.036.938.712.8715537.439.1 76.6 76.5 40 47 3327   14.30   13.50 2  5  0BU동54.64941413-1.4 7.6 6.2444410 0걸음불변단기승부 1기 010 8     81010⑧1:16.6¾   1.114.039.213.7  0 -9 -.10 8 8  3 1.46461596445 5 6 9 90 2 1.05 9.01 1.8 6.0  1.8    7.3   11.6   69.1  .01522-1 3 3-1   -.838.80  .71  .9275.84 1.61 5.2611.71 2 5 7 1.98 7.6915.55 7
20250301토 6120011국442 3 96 3혼전 4421흐림건조 3 7 3새내칸          선더모카에이스더 2824.00한수 5 533 1 2  327      33000국4홍대유문금철   213 3 4 431 1 1 518 33이용호50852.080평입상59 47 474525.049.018.32362 91670 71520 9191814191620503317↘↗선14.036.938.512.8686438.438.3 76.2 77.0 40 47 3327   13.80   14.00 6 -6 -1NUDN54.64941413 -.8 6.4 5.6555510-2주행평범보통걸음 1기 0 5 9    111110⑩1:16.21½  1.314.338.113.5  5  7  .5910 5 -4 2.37593306936 6 9 7 80 2 1.09 8.07 2.9 6.0  2.9   32.1   53.1   34.4  .01644 0 4 5 0   -.138.90  .65 1.5775.72 4.19 9.4218.27 2 5 9 6.5215.7622.87 8
20250119일 7140011국424 4 76 3혼전 4431맑음건조 3 7 3새내칸          선더모카에이스더 3232.00한수 5 535 2 3  425      33000국4홍대유문금철   214 2 3 331 1 1 517 35정우주50153.066평선상30 32 323716.041.013.11733131336 81520 0 01814173013503317→↘입14.036.739.312.8675536.240.4 89.1 89.0 43 50 2929   13.60   14.00 3  6  1VNUP54.64941413-1.0 5.6 4.6616110 2걸음불변보통걸음 1기 111 5     6 6 5⑤1:29.1코   1.713.840.014.0 -4 -4  .10 5 9  0 2.05310785628 6 810 92 1 2.01 2.07 2.9 4.0  2.9    4.0    7.2   11.6  .01434-1 3 3-1   -.539.20  .5713.0088.59 2.26 6.2113.09 1 4 9 3.97 8.9816.58 9
20241228토 8120011국424 3 76 3혼전 4441맑음건조 4 7 3새내칸          선더모카에이스더 2824.00한수 4 637 9 3  502      33000국4홍대유문금철   215 1 2 331 2 1 516 37조인권50552.573우입하56 49 494514.043.013.41843131336 8152015 01814232413503317↗→선14.037.038.412.8627536.639.4 75.8 76.2 46 54 2331   13.50   14.20 4 -1 -1NHDN54.64941413-1.0 5.2 4.2646410-2걸음불변보통걸음 1기 2 5 2     2 2 3⑦1:15.81     .913.639.314.0 -2 -6  .20 7 9  2 1.55218674550 7 8 9101 2 2.01 6.01 1.6 3.3  4.6    3.3    8.1    7.8  .01941 0 3 3 0   -.538.60  .80  .7775.72 2.69 6.6313.43 1 4 8 4.08 8.7413.68 9
20251116일 7140010국4 2 3  3 2 2강 2234           7 4핑크윈드        투아너앤북대풍   4731.00한암 41216   1    015:15 33000국4조현수김조은  -1 016 31024 1 3 124 16조성환   52.554평입보50 47 4728 5.033.0 8.4 850 51243 9 811 0 010 317 021145729↘→자13.236.539.612.57728                   30 39 1317   13.60   15.10 4 -7  1HN동53.14491614 -.6 7.4 6.8464612 0걸음불변보통걸음 1   0 4                            13.6    15.1                                 2 8 9 9  1                                              .01423 0 2 1 0  -1.239.60  .64     88.66 1.45 3.71 8.37 2 5 9  .79 3.11 7.3010
20251018토 9140011국353 3103 3혼전 4431흐림포화19 7 4핑크윈드        투아너앤북대풍   4731.00한암 41317 2 1   80      41250국3조현수김조은  -1 115 2 924 1 3 123 17조한별45352.066평입상71 63 633611.035.0 7.31340 91243 9 811 0 010 3121918145729↘↗입13.236.739.512.5683536.242.5 89.3 91.5 32 41  918   13.20   13.50 4 10  0VH동53.14491614-1.4 7.4 6.0545412 0걸음불변보통걸음48관 011 7     4 711⑪1:29.35    3.613.641.415.1  2-13 1.5011 9  0 3.794109793 8 7 8 8100 2 2.08 6.07 3.1 7.0  3.8   52.4   74.1  164.8  .01433-1 3 2-1  -1.139.80  .6015.2888.73  .66 2.81 7.25 1 4 8 2.24 5.2010.6910
20250920토 9140011국354 1103 9혼전 4421맑음포화16 7 4핑크윈드        투아너앤북대풍   4731.00한암 41318 2 1   56      41250국3조현수김조은  -1 214 1 824 1 3 122 18최범현46652.088평입상64 47 476649.067.032.23361241243 9 811365010 3193019175033↘↘입13.436.539.612.5802536.739.8 85.9 88.1 33 33 1924   13.90   14.00 4 -1  0UH동53.34461614 -.8 7.2 6.4464612 0걸음불변탄력호조 6기 1 1 2     5 5 7⑥1:25.9목    .513.238.813.5 -3 17 2.00 6 9 -1  .72131635164 5 6 7 52 110.03 6.11 3.0 8.5 33.9  137.5  202.5   85.3  .04384 3 6 8 3▲ 1.139.20  .0112.0088.6610.5320.5832.15 81728 7.3514.8723.02 7
20250823토 9140011국434 1 83 1혼전 4431맑음건조 4 7 4핑크윈드        투아너앤북대풍   4731.00한암 41419 2 1   76      41250국4조현수김조은  -1 313 5 724 1 3 121 19조한별44952.066평입하49 40 402810.037.010.21340 91243 9 811 0 010 3121918175033↘↗입13.436.539.712.5832536.239.8 86.5 88.2 35 30 2025   13.90   13.60 6  1  0HHUP53.34461614 -.2 6.2 6.0515113 2걸음불변보통걸음69관 1 2 9     6 6 7⑧1:26.5¾   1.313.938.714.0 -2 -3 1.20 810  6 2.526 9663540 51010112 1 1.08 1.05 1.9 3.8  1.9   24.7   30.3  207.5  .01422-1 2 2-1   -.939.30  .5212.0188.73 1.58 4.4610.15 0 2 5 2.33 5.4310.7410
20250713일 91200 8국431 2 83 4 2강 2241흐림양호 6 7 4핑크윈드        투아너앤북대풍   4926.00한암 41520 2 1   89      41250국4조현수김조은  -1 412 4 524 1 3 120 20유승완45252.078평입보57 68 688757.057.032.71444 51243 9 811 8 010 3162623175033→↗입13.436.738.912.5863937.138.7 74.6 76.0 37 37 2126   13.70   15.60 3 -1  1UNDN53.34461614 -.6 6.8 6.2525212-4걸음불변급하락세58관 1 1 8     8 8 7⑤1:14.6¾   1.113.938.113.6  1  1 1.20 5 4 -1 1.24946464246 1 8 4 53 1 2.05 3.02 2.5 4.7  2.8   17.9   29.0   40.1  .02075 0 6 5 0    .538.80  .11  .4075.84 8.0219.1832.68 81728 7.8616.7327.67 5
20250622일111600 8국353 8 53 3 2강 2233맑음다습12 7 4핑크윈드        투아너앤북대풍   4731.00한암 41521 2 1   41      41250국3조현수김조은  -1 511 3 524 3 3 119 21박태종45151.076평입상54 36 361727.043.029.811 0 81243 9 811 02410 3202320175033↘↗선13.436.239.712.5744335.941.4103.7103.3 39 28 2233   13.90   13.80 3 -8  0HUUP53.34461614 -.6 6.8 6.2505012 2걸음불변조교부실25관 0 2 3   3 2 2 1④1:43.72½   .513.742.615.6 -1 -4 -.40 4 5 -4 1.16116888367 2 3 4 51 3 4.01 7.01 1.9 4.7  9.5    8.8   25.2   10.9  .01924 0 4 5 0   -.439.70  .1727.37103.0 8.0317.3529.83 61525 8.1119.8733.33 4
20250531토 9140011국334 2 83 2 3강 3341맑음건조 4 7 4핑크윈드        투아너앤북대풍   4731.00한암 41622 9 1   51      41250국3조현수김조은  -1 610 2 624 2 3 118 22박태종45551.076평입보29 23 2328 6.034.0 9.911 0 81243 9 811 02410 3202320175033↘↗선13.436.839.412.5633936.839.3 87.5 88.4 41 29 2935   13.50   14.20 4  6  0LU동53.34461613 -.6 6.2 5.6525212 0걸음불변보통걸음37관 110 6     9 8 5⑦1:27.5목   1.213.938.313.8 -2  6  .80 7 9  1 1.33135493741 6 8 8 80 2 2.05 4.01 2.7 4.4  3.0   15.7   24.2   14.511.21426-1 1 2-1  -1.139.00  .5212.1988.73  .93 3.93 9.85 2 5 9  .77 3.16 8.7811
20250504일 9140011국354 4103 3혼전 4441맑음다습13 7 4핑크윈드        투아너앤북대풍   4731.00한암 41723 1 1  125      41250국3조현수김조은  -1 7 9 1 524 1 3 117 23박태종44951.076우입하43 49 494017.045.013.011 0 81243 9 811 02410 3202320175033↘↗선13.436.839.312.5624736.141.0 87.4 89.6 44 31 2538   13.70   14.40 5 -2 -1HU동53.34461613-1.2 5.4 4.2666612 0걸음불변보통걸음 1관 1 4 2     3 4 5⑧1:27.4머리 1.813.539.914.2  0  2 1.90 8 8  3 2.671 7877024 7 7 9 90 1 3.01 2.05 2.7 5.6  5.8    6.7   15.6    8.5  .01848 0 3 4 0   -.339.30  .5013.5088.66 2.57 6.4713.00 0 3 7 3.88 8.8716.2610
20250330일 9140011국414 4 63 6혼전 4441맑음건조 3 7 4핑크윈드        투아너앤북대풍   4731.00한암 41825 9 2  230      41250혼3문병기김조은  -1 8 8 4 424 1 3 116 25빅투아44752.083우입보60 60 605848.063.042.9245015365424252424 02830202818175033→→입13.436.939.212.5555536.240.6 89.1 89.3 47 33 2040   14.00   14.50 6 -3  0NU동53.34461613-1.2 4.8 3.6686814 0걸음관심최적거리 1기 0 6 3     4 3 3⑥1:29.1머리  .513.740.314.4  1  0  .10 6 5 -2 1.86210826263 9 7 4 32 1 1.03 2.03 1.5 3.5  1.5    3.5    4.8   40.212.72969 2 7 6 2    .939.10 -.2813.1888.6614.9831.0542.8514284211.7623.0834.11 4
20250216일10140011국312 5 63 6혼전 4441흐림건조 4 7 4핑크윈드        투아너앤북대풍   4731.00한암 42026 2 2  356      41250국3문병기김조은  -1 9 7 3 324 2 3 115 26이동하44752.085우입보82 82 825854.059.029.52253 9365424252426 02830232619175033↗→선13.436.939.112.5545936.040.9 88.5 88.9 50 36 1443   14.10   14.10 3  0  0NUDN53.34461613 -.8 3.8 3.0747414-2걸음불변거리내려 1관 0 9 8     9 9 5⑥1:28.5½    .914.040.214.5 -1 -7  .30 6 7  2 1.651 5866351 8 6 3 63 2 5.06 7.03 2.3 7.4 10.2   25.4   63.6   59.0  .02568 1 7 7 1    .639.00  .1212.9488.5910.1019.0929.50 5132212.0022.9232.98 3
20250126일 9160010국324 5 73 5혼전 4431맑음건조 3 7 4핑크윈드        투아너앤북대풍   4731.00한암 42128 9 3  401      41250국3문병기김조은  -110 6 2 424 1 3 114 28이동하45452.088우입보64 66 661735.050.025.1213311303618252426 02830232619204040→↗선13.436.539.612.5555536.539.1102.2102.5 54 38 1546   13.70   14.00 4  4  0NU동53.64441613-1.6 4.4 2.8797914 0걸음불변보통걸음 1관 0 9 5   5 4 4 3④1:42.2½    .714.139.714.1 -1  1  .10 4 5 -1  .93749373560 6 9 5 72 1 2.04 2.04 3.0 7.5  3.8   13.7   25.6   40.412.73061 2 5 6 2    .139.60  .2026.42103.1 6.2616.0625.14 3 815 8.8915.8425.31 9
20241228토10160010국313 6 63 4혼전 4431맑음건조 4 7 4핑크윈드        투아너앤북대풍   4731.00한암 32330 9 3  500      41250국3문병기김조은  -111 5 1 32412 3 113 30이현종45352.064우추상75 86 861743.042.015.618 010303618252420332830111925204040→↘추13.436.239.812.5744737.338.7103.1102.4 58 42 1750   13.60   13.20 3 -5 -1NUUP53.64441613-1.2 4.0 2.8787814 2걸음불변선추겸비 1기 0 5 5   5 3 3 4④1:43.12    1.013.739.914.0 -2  8 -.70 4 6  2 1.13489264952 5 8 4 9212 1.04 4.02 1.6 5.9  1.6    7.1   10.1   55.0  .02339 0 6 6 0   -.539.80  .4626.42103.0 3.45 8.0215.64 1 4 9 8.7717.0927.87 7
20241207토 8140011국441 5 93 5혼전 4441맑음다습14 7 4핑크윈드        투아너앤북대풍   4731.00한암 31625 2 3  567      33000국4문병기김조은  -112 4 5 22411 2 112 25이현종44553.064우추하61 71 716844.061.029.118 010303618252420332830111925 05050→↘추13.436.839.112.5646436.338.5 86.3 87.2 55 36  945   13.70   13.70 5  9 -1BHDN53.84441613 -.8 3.6 2.8787814-2걸음관심거리내려 1기 010 2     2 2 1①1:26.35    -.913.637.413.2 -3 -3  .80 1 4  2  .0 41420 494 5 5 3 6111 4.0510.05 2.1 5.4  7.7   34.3   69.7  240.3  .02761 1 7 7 1    .738.70  .2111.3488.52 8.0918.2729.10 5132210.5319.1926.25 5
20241103일 7160010국423 2 73 5 1강 1131맑음양호 7 7 4핑크윈드        투아너앤북대풍   4731.00한암 31827 1 4  665      33000국4문병기김조은  -113 3 4 22410 2 111 27이현종44853.559우입보50 65 651746.054.033.6 3 0 41731 7252420332830111925 05050→→추13.436.339.912.5674336.339.2101.5103.0 60 40 1050   14.00   13.80 4 -9  2UN동53.84441613-1.0 4.0 3.0787814 0트립손실보통걸음 1기 0 1 4   4 5 6 5③1:41.51¼   .213.738.613.7  1 -2 1.40 3 2  0  .65336413170 7 5 6 4310 8.01 7.05 2.7 3.9 22.1   30.1  111.6   20.9  .03541 0 6 5 0    .339.90 -.0626.79103.2 8.8421.6533.55 92133 5.3815.7722.50 4
20241005토 8160010국451 3 53 6혼전 4431맑음건조 3 7 4핑크윈드        투아너앤북대풍   4731.00한암 32030 1 4  763      33000국4문병기김조은  -114 2 3 124 9 2 110 30이현종45052.059우추상70 77 771740.053.034.9 3 0 41731 7252420332830111925 05050→→추13.436.838.912.5388235.840.0101.9102.8 56 44  056   13.40   13.60 6 -1  0VUUP53.84441613-1.4 4.0 2.6808014 3걸음늘어보통걸음 1기 010 3   3 3 4 2③1:41.9머리  .014.039.113.8  1  3  .70 3 2 -6  .54713654276 9 1 3 52 9 3.06 2.05 2.0 4.7  7.9   37.8   74.3   63.4  .03462 3 6 6 3    .338.90  .1427.11102.910.3523.5534.92 51322 8.8621.3533.82 5
20240824토 6130011국452 1103 7혼전 4421맑음다습12 7 4핑크윈드        투아너앤북대풍   4731.00한암 32233 2 5  871      33000국4문병기김조은  -115 1 2 524 8 2 1 9 33이현종44752.060우입보39 51 518830.064.029.7 5 0 71937 6252420332830111925 06733↗→추13.537.438.612.5469537.538.2 81.3 82.8 50 50  050   13.50   13.90 4  4  0VU동54.34431412 -.8 3.2 2.4808014 0걸음관심거리속성 1기 111 9     8 8 6③1:21.3머리  .013.438.513.6 -5  1  .70 3 8  4  .4364520167610 1 8 43 8 2.0710.09 3.313.7  6.7   27.4   54.2   70.5  .03685 3 6 7 3△ 1.039.60  .49 6.7682.6510.1520.2029.65102236 4.7610.6918.80 9
20251116일 7140010국4 2 3  5 9 2강 2234           7 5메가스텝        FREE DRO콘지     8543.00한암 41641   1    015:15 33000국4송문길피닉스   3 013 1 512 4 2 312 41이동하   53.088우추보50 63 637894.074.063.0294916283917283328 02823232619 03367→↘선13.737.138.912.63979                   42 58  050   13.70   13.60 6  3  1NN동53.84191713 -.2 3.0 2.8838317 0승부최상승부최상54기 0 5                            13.7    13.6                                 9 2 2 1  4                                              .04491 3 9 9 3☆ 1.638.90 -.75     88.5928.5949.5062.9832526425.2042.8055.14 2
20251003금 9140011국552 5105 9 2강 2241흐림다습11 7 5메가스텝        FREE DRO콘지     8543.00한암 41836 1 1  102      33000혼4송문길피닉스   3 112 6 412 3 2 211 36이동하43252.088우추상90 92 928996.075.055.0294916283917283328 02823232619 02080→↘선13.837.338.912.6318236.539.3 87.2 87.9 36 55  055   13.80   13.20 6 -1 -4UUUP54.14161713 -.8 4.0 3.2808017 1전개최상승부최상35기 0 2 5     4 4 1②1:27.22     .013.739.113.6 -1 10  .40 2 3  1  .41421472483 7 3 4 22 3 5.03 1.02 3.3 6.1  8.1   15.2   39.3   18.6  .04493 3 9 8 3☆ 1.738.40 -.6611.7488.7322.9841.3755.0236546917.5437.1850.64 1
20250824일 5130011국552 2105 9혼전 4421맑음건조 4 7 5메가스텝        FREE DRO콘지     8543.00한암 41030 2 1  112      24750국5송문길피닉스   3 211 5 412 2 1 210 30이동하42256.088평추상85 96 969680.075.047.2294916283917283328 02823232619 02575→↘선13.937.538.712.6489338.037.4 80.2 82.3 30 40  050   14.10   12.90 7  1  3HLDN53.64141712-1.2 4.4 3.2818117-1승부최상전개최상50기 2 3 8     9 8 5①1:20.21¾  -.313.837.413.2 -1 -2 1.00 1 2 -1  .01867 3 790 8 1 1 13 2 2.04 3.09 4.0 8.4  4.7   16.4   32.9  121.510.54494 3 9 9 3☆ 1.939.40 -.10 6.0882.7822.8037.0147.1538597116.3631.9042.28 2
20250705토 4140010국550 6105 9 1강 1151맑음건조 3 7 5메가스텝        FREE DRO콘지     8543.00한암 41122 1 1  123      24750국5송문길선형조   1 310 4 312 1 1 1 9 22이동하42453.588평추상64 71 718892.075.074.8294916283917282928382823232619 03367→↘선13.937.438.812.6248536.938.2 88.3 87.3 22 33  056   13.90   13.80 6 -5  0UUUP53.74111712 -.8 4.6 3.8767617 1추입무난승부최상66기 1 2 7     6 6 5②1:28.3¾    .014.138.412.9 -1 12-1.00 2 3  0  .1 54315108510 2 4 13 1 1.03 5.02 2.8 5.1  2.8    8.0   13.7   19.4  .04496 3 9 9 3☆ 1.938.20-1.1911.0588.7338.6463.0474.7538597129.7350.2463.87 2
20250525일 51300 9국551 5 55 6 1강 1141맑음양호 8 7 5메가스텝        FREE DRO콘지     8543.00한암 41212 2 1  106      24750국5송문길선형조   1 4 9 3 312 1 1 0 8 12유승완41253.579평추보69 78 788066.060.043.11444 5283917282930382823162623 05050→↗입14.137.938.712.6279337.838.3 81.9 82.7 13 38  050   15.00   13.10 7  3 -1LUDN53.84111712 -.4 4.8 4.4707017-4마방선전거리속성34기 0 7 8     8 9 4②1:21.92½   .013.938.713.8 -1 -6  .30 2 3 -1  .53361212677 9 2 4 43 2 2.03 9.07 2.7 4.6  3.7   12.6   25.3   33.212.02886 2 7 6 2    .739.10 -.24 6.0883.0313.0027.7143.10102236 8.3319.5133.53 5
20250405토 4170011국551 1105 9혼전 4421비  다습13 7 5메가스텝        FREE DRO콘지     8543.00한암 41414 1 2  224      24750국5송문길선형조   1 5 8 2 112 2 1 0 7 14김정준41854.568평추상34 65 658948.069.054.5184315294323282925 02823152124 05050↘→자14.140.440.512.6139240.140.2109.9112.4 14 29  057   14.20   13.80 7 -1  1VVUP53.84111712 -.8 4.4 3.6717113 4전개최상마방선전 1기 1 4 9 9 9 8 910⑦1:49.9목    .615.039.013.1  3  3 1.70 7 4 -4  .9226231365811 2 3 20 6 5.08 3.07 3.810.9  7.6  113.7  203.3  165.3  .03790 3 8 8 3☆ 1.440.50 -.6231.50113.723.4641.0554.4819395715.3830.2242.68 3
20250215토 4130011국522 5 75 9혼전 4411흐림건조 4 7 5메가스텝        FREE DRO콘지     8543.00한암 41616 2 2  373      24750국5송문길선형조   1 6 7 1 212 1 1 0 6 16김정준41553.568평입상88 99 999165.068.039.2184315294323282925 02823152124 099 0↘→자14.138.138.712.6129637.738.7 83.1 83.4 17 33  067   14.10   13.10 7  3 -1NU동54.04061412 -.8 4.2 3.4666613 0여유우승전개최상 1기 0 5 8     9 8 8④1:23.11½   .414.239.413.8 -4  9 -.20 4 8  4  .4595436366311 2 2 23 5 2.01 6.07 3.6 8.0  3.7    8.0   11.6   74.810.54492 3 9 8 3☆ 1.439.10 -.25 6.6083.1614.4527.3739.2312253910.0819.8529.47 5
20241229일 2130011국642 8 95 8 1강 1149맑음건조 4 7 5메가스텝        FREE DRO콘지     8543.00한암 3 0 0 9 3  496      16500국6송문길선형조   1 7 6 6 112 1 0 0 5  0유승완40654.083평추하56 62 628069.070.078.92255 91940 9282930382823162623      →→입14.138.038.712.6139237.937.2 82.5 81.7  0 20  060   14.60   13.30 5 -1  0HHDN       1412  .2 4.6 4.8545412-1적임교체거리속성 1기 0 2 5     3 2 2①1:22.55    -.814.138.313.1 -3-16-1.30 1 4  0  .0 762 2 498 9 1 2 12 1 4.06 2.01 2.5 4.3  6.6   46.7   78.9   46.912.03186 2 7 7 2△ 1.638.80-1.29 4.9783.1043.3868.1678.9138597124.1444.4446.69 1
20241123토 41400 9국620 8 25 8 2강 2251맑음건조 4 7 5메가스텝        FREE DRO콘지     8543.00한암 3 0 0 2 4  615      16500국6송문길선형조   1 8 5 5 212 1 0 0 4  0이용호42254.072평입하64 62 625967.068.050.11971 6294317282918332823191620      ↘→선14.137.639.012.6137238.337.5 90.4 88.6  0 25  050   14.50   12.90 8 -5  0HH동       1412  .0 4.8 4.8525212 0신마혈통적임교체 1기 0 3 8     8 8 7⑤1:30.42     .614.638.413.3  1 -2-1.40 5 4  0  .83795 32669 9 2 3 33 1 3.01 9.07 1.8 2.3  8.0    4.9   15.0    3.6  .04467 1 7 8 1▲ 1.138.20 -.7711.9889.0015.5131.8950.1114284211.7624.6239.93 3
20240928토 4140011국611 5 65 6 1강 1137맑음건조 5 7 5메가스텝        FREE DRO콘지     8543.00한암 3 0 0 9 4  788      16500국6송문길선형조   1 9 4 4 112 4 0 0 3  0김정준42454.076평입보81 66 665467.057.043.31222 9294317282925 02823152124      ↗↗자14.137.339.412.8305538.137.9 89.8 88.6  0 33  033   14.40   13.10 6  6 -1LHUP       1412 -.3 5.0 4.7515112 2전력변화신마혈통 1기 1 8 7     9 7 6⑤1:29.8½    .914.538.412.9  1 -8-1.10 5 4  2 2.43992 63162 3 3 1 30 4 1.03 4.06 1.4 3.9  1.4    5.2    7.1   22.7  .02553 1 7 7 1    .638.50 -.6611.9289.0714.7829.0043.2620405623.0841.3848.35 1
20240817토 3120011국612 4 65 4 3강 3332맑음건조 4 7 5메가스텝        FREE DRO콘지            한암 3 0 0 2 5  894      16500국6송문길선형조   110 3 3 312 3 0 0 2  0김정준43255.083평추상57 49 495044.062.040.2246710326515282925 02823152124      ↘↗자14.137.639.113.0333937.437.7 75.9 75.0  0  0  0 0   14.10   13.3013 -3  0HN동       1212-1.0 6.5 5.5424212 0최선삼착최적거리 1기 0 2 8     5 4 4③1:15.92     .414.438.213.1  1 10 -.80 3 2 -5  .41461111674 8 6 3 42 3 4.08 4.01 1.7 4.2  8.2  131.0  253.3  117.811.22357 0 6 6 0    .737.60 -.71-1.6876.4512.0326.1640.2110223610.4219.4925.00 4
20240519일 1120011국652 7 55 2 2강 2241맑음양호 8 7 5메가스텝        FREE DRO콘지            한암 3 0 0 2 6 1133      16500국6송문길선형조   111 2 2 212 2 0 0 1  0김정준42255.083하무보46 41 412736.044.019.93057143148 6282925 02823152124      ↘↘자14.437.639.813.8352037.338.9 76.7 76.0  0  0  0 0   14.40   14.10 6 -3  1NN동       1212 2.0 6.0 8.0393912 0기수신마보통걸음 1기 0 511    1010 7③1:16.77    1.214.139.213.3 -4-14 -.50 3 7  1 3.44452525250 9 7 4 53 2 2.01 9.06 2.0 3.2  3.6    3.2    6.5   14.6  .02027-1 5 4-1   -.537.90 -.52-1.4576.84 3.73 9.6519.92 81728 6.6019.0028.88 5
20240406토 1120010국612 9 65 7 1강 1131맑음양호 7 7 5메가스텝        FREE DRO콘지            한암 3 0 0 1 7 1274      16500국6송문길선형조   112 1 1 112 1 0 0 0  0김정준43654.076평무보   35 3540  .051.033.6225313224812282925 02823152124      ↘↘자    36.738.5        37.239.4 78.1 76.2              13.80   13.60 4  0  0LL동       12 0                 0 0걸음불변기수신마 1기 1 810    1010 9⑧1:18.1머리 1.414.440.314.1  2 -1-1.40 8 6  0 1.55451686746 1 1 9 60 1 4.07 1.09 1.9 5.0  9.3   47.0   84.9   28.4  .03456 3 5 6 3    .238.90  .30 1.0175.61 9.6721.8833.59 51222 9.1819.0546.29 6
20251116일 7140010국4 2 3  5 3 2강 2234           7 6비바청수        오버애널오지브와 4041.00한암 41530   1    015:15 33000국4박지헌청수    -1 014 1 313 5 2 213 30이혁     52.587평추보50 54 543433.040.012.31529 621361118272936221727211920 080↘↗선13.637.139.212.64455                   50 60  030   13.90   13.1017  3  0NH동54.14371813 1.0 4.4 5.4626212 0연대우수휴양불리55기 0 6                            13.9    13.1                                10 4 8 7  9                                              .03124-2 3 5-2   -.839.20  .41     88.80 1.77 5.4412.25 41118 3.9412.4521.08 6
20250719토 61400 9국554 2 55 5 1강 1141흐림포화19 7 6비바청수        오버애널오지브와 4041.00한암 41633 2 2  317      33000혼4박지헌청수    -1 11311 213 4 2 212 33이혁  44252.587우추상88 89 897594.070.044.52757111560 018272936221727211920 080↗↘선13.637.039.212.6465936.939.4 86.6 88.8 56 67  033   13.80   13.40 5 -1 -4HHUP54.14371813  .4 3.8 4.2717112 1뒷심문제연대우수46기 1 3 6     8 8 8⑦1:26.62    1.113.938.313.1  2 -3 1.60 7 5  2 2.04343504346 8 2 3 30 8 3.06 1.02 3.1 5.0  4.8   20.0   33.6   20.2  .03768 0 9 8 0   1.638.90 -.3712.6088.7316.3531.5444.4712253917.5834.3847.22 2
20250614토 4130011국554 5105 6혼전 4411맑음건조 3 7 6비바청수        오버애널오지브와 4041.00한암 4 927 2 1   97      24750국5박지헌청수    -1 21210 713 3 1 211 27이혁  44556.087평추보44 62 626764.070.046.61529 621361118272936221727211925 075↘↗선13.637.439.012.6517237.537.8 81.4 81.7 63 63  025   14.00   13.40 5  1  1HB동53.64361813 1.0 3.6 4.6636312 0전력변화탄력호전45기 0 4 7     8 8 4①1:21.41½  -.313.838.113.4 -2  4 -.20 1 3  1  .0 745 9 792 9 3 4 13 7 3.01 4.05 2.6 5.8  5.3    5.8   12.1   12.613.43364 1 7 7 1   1.339.40 -.22 5.3282.9021.2636.1946.6132526418.0729.1938.59 2
20250511일 4130011국511 9 15 2 1강 1121맑음포화19 7 6비바청수        오버애널오지브와 4041.00한암 41030 2 1  109      24750국5박지헌청수    -1 311 9 613 2 1 210 30이혁  44155.587기추보31 44 445640.048.020.41529 621361118272936221727211925 075↘↗선13.637.438.812.6538737.339.1 82.4 82.6 57 71  043   13.90   13.90 3 -8  0HL동53.64361813 1.0 3.8 4.8636312 0주행평범급하락세 1   0 3 7     7 8 5③1:22.41¼   .214.038.713.4  1  2  .30 3 2 -3  .72833493576 8 3 7 63 6 8.01 8.01 1.4 3.4 49.3   21.6   97.0   34.113.41622-2 4 4-2   -.339.60  .65 6.3582.78 5.2611.6420.39 51322 6.6717.7628.01 4
20250419토 4130011국533 8 85 5혼전 4421흐림양호 8 7 6비바청수        오버애널오지브와 4041.00한암 41133 2 1  182      24750국5박지헌청수    -1 410 8 513 1 1 2 9 33이혁  43955.587우추적26 29 297832.062.037.01529 621361118272936221727211933 067↘↗선13.637.438.712.6509237.739.0 83.9 83.4 67 83  050   14.40   14.90 3 10  1VBDN53.04341813 1.0 3.2 4.2676712-5걸음불변보통걸음 1기 011 8     810 9⑤1:23.91¼   .513.940.113.9  0  2 -.80 5 5  2  .76052454561 8 111 33 5 4.01 2.06 2.7 7.3 10.6   12.9   32.4   18.613.42368 0 5 6 0    .839.80  .24 7.3482.7114.5826.9436.99142842 8.2217.9826.80 8
20250329토 5180010국520 9 75 5 1강 1153맑음건조 3 7 6비바청수        오버애널오지브와 7436.00한암 41237 9 2  244      24750국5박지헌청수    -1 5 9 7 113 2 1 2 8 37씨씨웡43755.084강추적13 18 186113.045.030.12148111560 01827 0 0221720242233 067↘→자13.640.240.012.6427539.942.3122.1120.6 67 83  050   14.30   13.60 4-10  0ULUP53.04341813-1.0 3.4 2.4808012 5교체실패최근최상 1기 1 1 3 4 4 6 8 9⑨2:02.14    2.614.443.114.9  6 -6-1.31 9 3 -4 3.28635888413 3 2 7 40 2 2.06 6.05 1.9 3.4  3.7   23.9   36.6   12.7  .01831-2 3 2-2   -.541.00 -.0240.42118.6 9.1118.7030.14102236 3.3911.8522.47 6
20250302일 5130011국552 5105 4혼전 4421흐림건조 4 7 6비바청수        오버애널오지브와 4041.00한암 4 1   1 2  318      24750국5박지헌청수    -1 6 8 6 413 1 1 2 0  0씨씨웡44355.084강추하41 43 4373  .062.023.42148111560 01827 0 0221720242233 067↘→자13.637.438.712.6539238.639.2 84.3 84.5 80100  060   14.70   13.3026  4  0VL동53.04341412-1.0 3.8 2.8767612 0주행평범거리속성 1기 01110    101111⑪1:24.3머리 2.114.339.913.6  4  9 -.5011 7  6 2.28488517816 7 2 9 90 1 1.05 7.05 2.8 5.7  2.8   14.4   23.6   26.613.41647-2 4 6-2    .640.00  .63 8.3582.71 7.0314.3023.35 41118 8.2615.5232.39 9
20240901일 5130011국550 1 55 8혼전 4421맑음건조 4 7 6비바청수        오버애널오지브와 4041.00한암 31650 1 5  838      24750국5박지헌청수    -1 7 7 5 313 1 1 2 6 50문세영43455.093강추하93 99 999185.068.038.94858 02950 0182737 0221728361633 067↗↘입13.637.338.712.6569137.139.2 82.6 83.2 80100  060   13.60   12.90 4  4  3LB동53.04341412-1.7 4.3 2.7828212 0전개최상전개최상 1기 0 7 4     4 5 8⑧1:22.6½   1.313.739.414.0  7 -2  .19 8 1 -1 1.65427513236 7 3 1 52 1 4.07 4.01 2.2 4.4  9.1   75.1  149.4   71.510.54492 0 9 8 0▲ 1.139.80  .25 7.2382.6513.4725.7738.8610223622.9439.6252.29 1
20240804일 3130011국550 1105 8혼전 4431맑음건조 3 7 6비바청수        오버애널오지브와 4041.00한암 3 040 1 5  908      24750국5박지헌청수    -1 8 6 4 213 4 0 2 5 40이혁  43652.092강추하71 81 819573.072.052.22646102950 0182729362217272119 0 099↗↗선13.937.538.712.6509237.237.4 80.4 81.6 75100  050   13.80   13.50 8 -2 -1HUUP53.54341412-3.0 5.0 2.0868612 1마방선전전개최상 1기 0 3 3     2 2 3①1:20.41½  -.313.637.612.9 -1  8  .40 1 2  1  .0 630 3 189 5 1 2 21 4 2.03 3.09 2.9 6.4  4.1   13.8   26.1   57.313.44479 2 8 8 2▲ 1.539.20 -.24 5.3882.7823.9940.7252.2019395724.3640.4952.08 2
20240608토 31200 9국542 2 95 7 3강 3351비  다습13 7 6비바청수        오버애널오지브와 1439.00한암 3 050 2 6 1080      24750국5이희영청수    -1 9 5 3 313 3 0 2 4 50이혁  42852.593강추하94 91 918986.068.050.931481425332016 0233616 3272119 0 099↘↗선13.937.238.112.6519237.538.2 74.7 75.9 75100  050   14.00   13.20 5 -2  1NNDN53.54341412-6.0 8.0 2.0868612-1마방선전마방선전 1기 0 5 5     5 6 6⑤1:14.74     .813.837.913.5  4 -3  .99 5 1 -1 1.74264253351 5 1 2 12 3 5.03 4.07 3.1 5.1 13.0   42.3   91.7  333.9  .02585 1 8 8 1△ 1.138.30 -.24  .6075.6721.0136.1550.9136546924.0740.5856.00 2
20240504토 51300 9국552 1 55 7혼전 4421맑음건조 5 7 6비바청수        오버애널오지브와 4041.00한암 3 066 1 6 1182      24750국5이희영청수    -110 4 2 113 2 0 2 3 66이혁  43152.093강추하75 92 928685.064.049.331481425332016 0233616 3272119 0 099↘↗선13.937.338.812.6618738.138.0 81.6 82.5100100  033   13.90   14.1011  2  0LUDN53.54341412         4.0    12-1승부최상마방선전 1기 1 7 7     7 7 6③1:21.65     .814.038.013.2  1 -4  .40 3 2 -1 1.72671132354 4 1 3 33 2 1.03 9.03 2.4 3.8  2.4    5.1    8.2    3.910.53476 1 8 8 1    .939.60 -.10 6.3782.7116.7934.7149.2814284226.8848.0061.96 1
20240217토 4140011국551 9105 9혼전 4451맑음다습12 7 6비바청수        오버애널오지브와 4041.00한암 3 0   2 8 1425      24750국5이희영청수    -111 3 1 113 1 0 2 2  0이혁  43552.091강추보84 92 9275  .067.044.725332222671816 0233616 3272119 0 099↘↗선13.937.638.812.6128936.938.9 89.9 88.1100100  050   14.20   12.90 5 -1 -2NUUP53.54341412         2.0    12 2뒷심문제승부최상 1기 0 5 4     3 3 3④1:29.9½    .213.939.514.1  1 -1-1.30 4 3  1  .7194332257611 2 1 32 1 4.06 6.10 4.0 9.8  5.3   31.6   53.3   45.010.54496 3 8 8 3▲ 1.138.10 -.5211.6588.8615.2029.6944.7014284210.4719.3546.63 4
20240113토 1120012국621 9 75 5혼전 4435맑음다습14 7 6비바청수        오버애널오지브와 1439.00한암 3 0   2 8 1514      24750국6이희영청수    -112 2 2 213 2 0 1 1  0김아현43654.060강추상96 97 9774  .054.031.3 850 622671816 0 01816 3162013 0 099↘↗입13.937.238.413.0538737.737.6 76.3 74.8100100  0 0   13.90   13.30 4  5  1BV동53.04311212         2.0    12 0기수신마최적거리 1기 0 6 9     8 7 2②1:16.34     .014.238.212.9  0  5-1.00 2 2 -6  .810761024901211 1 73 2 5.0210.06 1.9 5.3 10.4   21.9   51.3  204.010.52067 0 6 4 0    .238.00  .17 -.7775.8410.2821.8131.30 51322 8.4116.8226.07 5
20231216토 1120012국640 9 45 4 1강 1135눈  불량20 7 6비바청수        오버애널오지브와 1439.00한암 2 0 0 2 9 1606      22000국6이희영청수    -113 1 1 113 1 0 0 0  0김아현43153.062평무보   35 3540  .044.023.014 0162150 916 0 01816 3162013      →↘입    36.738.5        37.038.4 75.8 75.1              13.80   13.60 4  0  0NN동       12 0                 0 0걸음불변기수신마 1기 1 1 8     9 9 4②1:15.81¼   .013.938.613.3 -6-13 -.40 2 8  0  .31640332590 2 2 4 53 1 2.08 5.01 1.6 2.3  4.4   92.2  148.6  192.9  .02337 0 5 6 0   -.338.60  .62 -.0975.61 6.9013.9222.97 61528 6.9814.2325.24 3
20251116일 7140010국4 2 3  3 5 2강 2234           7 7거센폭주        섀클포드테이터톤 4530.00한수 32030   1    015:15 33000국4이신우강석대   0 011 1 410 3 2 110 30임기원   52.078기추보50 60 605766.060.037.52343111654 8172013221816253216 05050→↘선13.737.139.012.43968                   38 38  025   14.10   13.90 2  5  0NH동54.64391412-1.2 4.4 3.2767610 0걸음관심단기승부32기 0 7                            14.1    13.9                                 7 3 4 5  3                                              .02765 1 6 6 1    .739.00 -.15     88.6610.4623.9037.53 81728 8.6618.6830.00 5
20251102일 6140011국544 5 93 8 1강 1141맑음양호 6 7 7거센폭주        섀클포드테이터톤 4530.00한수 32233 1 1   28      33000혼4이신우강석대   0 110 2 310 2 2 1 9 33임기원44352.078우추상94 88 887589.069.047.72343111654 8172013221816253216 03367→↘선13.737.238.912.4327536.939.3 89.3 88.7 43 43  029   14.20   13.10 7 -3  1UN동55.54381412 -.4 5.0 4.6646414 0적임교체최적거리63기 0 2 5     5 5 4③1:29.31½   .314.139.613.9 -1  7 -.60 3 4  1  .53840483874 8 4 4 22 2 1.06 7.08 2.5 6.9  2.5   11.7   19.6   24.312.03386 2 8 8 2▲ 1.338.70 -.4112.5888.6620.4536.3447.7219405716.6728.9238.65 4
20250913토 21400 8국422 3 23 8 1강 1151맑음포화19 7 7거센폭주        섀클포드테이터톤 4530.00한수 3 1   2 1  128      33000국4이신우강석대   0 2 9 1 210 1 2 0 0  0임기원43651.078기추적53 29 2952  .063.054.62343111654 8172013221816253216 03367→↘선13.737.439.412.4214737.038.2 85.9 87.4 33 33  017   14.60   12.10 7  4 -6NUUP55.54381412  .6 5.6 6.2474710 1걸음불변적임교체39기 1 5 6     5 5 4②1:25.98     .014.237.113.1 -1  7 1.10 2 3 -1 1.4 752121277 8 3 7 33 1 1.03 1.05 1.7 1.7  1.7    7.5   10.3    3.8  .04466 1 5 7 1△ 1.038.20-1.0310.6289.1418.8737.2954.60204056 9.3820.0034.86 5
20250727일 51300 9국531 7 83 5 3강 3341맑음건조 3 7 7거센폭주        섀클포드테이터톤 4530.00한수 32828 9 1  116      24750국5이신우강석대   0 3 8 7 110 2 2 0 7 28조상범42957.056기추적44 56 563826.046.027.71270 61654 81720 6 01816132018 03367→→입13.737.739.112.4306436.643.6 86.5 86.9 33 33  0 0   13.70   13.90 4 -1  0ULUP55.54381412  .0 5.4 5.4515110 1전력변화거리늘어69기 2 1 1     1 3 7⑨1:26.58    4.513.443.916.8  5 -6 -.11 9 4 -1 5.698 69997 3 7 3 5 51 2 3.08 9.05 2.3 4.7  4.3   79.4  112.3  236.313.42337 0 4 4 0   -.240.30  .0610.0883.16 7.9717.8627.71 31020 6.4915.1926.19 6
20250628토 4120011국554 4103 4 1강 1141흐림다습11 7 7거센폭주        섀클포드테이터톤 3629.00한수 33333 9 1   77      24750국5이신우강석대   0 4 7 6 510 1 2 0 6 33조상범43557.058기무적73 67 674221.042.011.71270 61654 81720 6 01816132018 05050→→입13.737.638.312.4208237.039.0 75.5 75.9 40 40  020   14.70   13.80 5 -3  5UBDN54.84401412  .0 5.4 5.4515110-2걸음불변거리난점34기 0 2 7     9 9 6⑤1:15.5½    .313.738.913.9  0 -5  .50 5 5  2  .7484058506911 1 4103 1 1.02 4.11 2.7 6.2  2.7    6.2   12.8   23.4  .01536 0 4 2 0   -.537.90  .55  .0076.00 1.94 5.3711.72 1 3 7 1.97 7.5917.39 7
20250524토 71400 9국550 6 53 6 1강 1157맑음다습12 7 7거센폭주        섀클포드테이터톤 4530.00한수 34040 2 1   94      33000국5이신우강석대   0 5 6 5 110 3 2 0 5 40푸르칸44052.070기무상77 55 552872.050.028.42353181654 8172010171816132420 05050→↘추13.737.439.212.4186437.838.6 89.3 88.3 40 40  020   14.00   12.70 7  0 -3NUUP54.84401412  .8 5.8 6.5404010 2탄력늘어거리부담56기 1 5 7     8 8 6⑧1:29.31     .714.738.513.8  5 -1 -.81 8 3 -1 1.32785214661 5 5 2 50 3 5.08 3.06 1.9 4.0 13.4   99.7  213.6  154.4  .02536 1 7 5 1    .138.40 -.2011.6889.00 7.2318.0228.36 6152518.7537.4349.62 3
20250406일 51200 9국523 4 73 3 2강 2243맑음포화18 7 7거센폭주        섀클포드테이터톤 3629.00한수 32525 1 2  213      24750국5이신우강석대   0 6 5 4 410 2 1 0 4 25푸르칸44154.571기입상36 29 294212.047.025.5173612152011172010171816132420 099 0→→추13.737.638.812.8167237.038.1 73.5 75.2 25 25  025   14.30   13.90 3  2  0NN동55.04381212 1.3 5.7 7.0353510 0적임교체기복전력 1기 0 5 7     7 8 3①1:13.51¾  -.414.037.512.7 -3 -5 1.60 1 4 -2  .01839221690 8 5 6 43 2 4.03 5.03 1.8 3.2 10.3   29.5   66.3   14.1  .03140 0 3 2 0   -.237.70 -.11-1.2076.28 6.3715.8225.49 92133 2.44 9.3318.58 5
20250316일 5120010국533 6 83 7 1강 1141맑음양호 7 7 7거센폭주        섀클포드테이터톤 3629.00한수 33333 2 2  276      24750국5이신우강석대   0 7 4 3 310 1 1 0 3 33푸르칸44654.571기입적12  9  94727.058.032.9173612152011172010171816132420 099 0→→추13.737.638.712.8147937.938.3 76.5 76.1 33 33  033   13.70   14.8011 -4  2UN동55.04381212  .5 5.0 5.5474710 0걸음불변적임교체 1기 1 3 7     7 7 5⑤1:16.52½   .914.338.513.9 -1  5 -.30 5 6 -1 1.35182295348 9 611 40 1 1.02 1.04 2.7 4.4  2.7    4.4    8.0   22.5  .04456 0 4 6 0    .538.00 -.28 -.1776.23 8.5420.1632.87 82031 4.7612.9923.08 6
20241228토 6120011국554 5103 3 1강 1141맑음건조 5 7 7거센폭주        섀클포드테이터톤 3629.00한수 2 1   9 3  504      24750국5이신우강석대   0 8 3 2 210 3 1 0 0  0이철경44153.076우입적18 18 1837  .038.0 8.92056 91320 51720 0 01816 91923 099 0→→추13.837.438.412.8349537.440.4 78.3 77.8 50 50  050   14.00   15.6011 -4 -2NU동55.04381210-3.0 4.0 1.0949410 0걸음불변보통걸음 1기 1 7 5     5 6 7⑩1:18.3¾   2.813.740.714.8  3 -3 -.5010 7  1 2.988618788 7 6 510100 3 1.02 9.03 2.1 6.2  2.1    6.2    9.5   10.6  .01433-1 2 1-1   -.838.70  .69 1.9875.95 1.18 3.75 8.94 1 3 7 4.9510.8828.10 7
20241013일 6120010국542 5 93 9혼전 4441맑음건조 3 7 7거센폭주        섀클포드테이터톤 3629.00한수 2     2 4  732      24750국5이신우강석대   0 9 2 1 110 2 1 0 1  0이철경44454.568강입보79 35 3581  .065.044.92099161320 71720 0 01816 91923 099 0↘→추13.837.238.312.8589840.442.1 82.2 82.6100100  0**   13.80   13.10 5  4 -1BUUP55.04381210         1.0    10 2기수신마기수영향 1기 111 8     81010⑩1:22.2대차 7.614.042.115.6  4  6  .3010 6  2 8.299999799 2 3 211 30 2 2.0410.08 2.1 4.7  4.4   10.5   22.6   16.6  .03977 3 7 7 3△ 1.140.40 -.18 7.0575.7816.5531.0144.89142842 8.9117.3938.33 7
20240908일 11000 9국610 4 13 9혼전 4435맑음다습11 7 7거센폭주        섀클포드테이터톤 3629.00한수 2 0 0 2 5  821      24750국6이신우강석대   010 1 1 110 1 0 0 0  0이철경43855.061평무보   35 3540  .061.053.41899113067231720 0 01816 91923      →↘추    37.137.8        37.136.8 63.0 61.7              13.80   13.80 4  0  0LL동       10 0                 0 0걸음불변기수신마 1기 1 7 4     4 4 3①1:03.01¼  -.213.837.713.1 -3  2-1.70 1 4  0  .01637121393 2 2 4 12 1 4.01 7.06 1.2 1.8 22.9   10.7   60.6    7.7  .04369 4 6 8 4★  .937.60 -.48-13.262.7120.4839.7453.4218365112.6825.0038.84 5
20251116일 7140010국4 2 3  5 8 2강 2234           7 8라온더어펌드    머스킷맨선샷     7236.00한암 32222   1    015:15 33000국4박종곤손천수   1 010 1 2 9 3 2 0 9 22최범현   55.088강선보50 62 628684.066.042.33361242241 828284151261219301999 0 0↘↘입13.337.138.712.63979                   50 75 3863   13.50   13.10 4  1  0NLUP53.54691413-1.2 4.0 2.8818114 1전개최상가격혈통46기 1 8                            13.5    13.1                                 8 1 3 4  3                                              .03481 1 9 8 1▲ 1.038.70 -.07     88.4513.8328.7342.2810223615.7531.1343.78 3
20251019일 4130010국513 3 65 9혼전 4421맑음포화17 7 8라온더어펌드    머스킷맨선샷     7236.00한암 31212 2 1   74      24750국5박종곤손천수   1 1 9 6 6 9 2 1 0 8 12최범현47355.088강자상94 99 999473.073.038.33361242241 828284151261219301999 0 0↘↘입13.337.538.612.6419236.838.5 79.9 81.7 43 71 2971   13.30   12.90 7  3  3NB동52.04641413-1.0 4.2 3.2787814 0승부최상전개최상66기 0 7 1     1 1 1①1:19.98   -1.313.537.613.1  0  9 1.50 1 1 -4  .0 61424 594 9 1 1 41 2 1.02 7.03 2.1 7.5  2.1    7.5   12.2   17.810.54486 2 9 8 2☆ 1.539.30  .21 5.6182.7113.5626.5538.2710223616.5228.9539.09 3
20250831일 4130011국512 3 65 9혼전 4411맑음다습13 7 8라온더어펌드    머스킷맨선샷     7236.00한암 3 0 0 9 1  114      24750국5박종곤손천수   1 2 8 5 5 9 1 0 0 7  0최범현46452.088우자상73 76 768949.073.048.93361242241 8282841512612193019      ↘↘입13.637.738.612.6319136.637.8 79.0 81.1 33 67 1767   13.80   13.40 6 -1  0HHDN       1413 -.6 4.2 3.6727212-1걸음관심승부최상26관 0 4 1     1 1 1①1:19.04    -.813.337.112.9 -4 -1 1.20 1 5  0  .0 1 8 9 09310 1 3 11 1 5.02 4.05 1.9 7.0 10.0   32.1   73.6   61.512.74491 2 8 9 2☆ 1.538.90 -.22 4.7582.8422.9038.2948.9436546912.2023.6732.86 2
20250719토 41400 9국551 4105 6혼전 4441흐림불량20 7 8라온더어펌드    머스킷맨선샷     7236.00한암 3 0 0 2 1  104      24750국5박종곤손천수   1 3 7 4 1 9 1 0 0 6  0송재철46552.075우자보79 83 836652.068.041.11624112241 8282825332612182621      ↗→입13.637.139.012.6426437.638.0 87.4 88.1 40 60 2060   14.00   13.50 5 -4  0NHUP       1413 -.4 3.8 3.4757512 1노릴탄력가격혈통72기 1 5 4     5 6 4④1:27.41½  1.213.838.313.4 -1 -6  .30 4 5  3 1.32176102144 5 5 3 42 1 1.02 9.07 2.8 5.5  2.8    5.5   10.5    7.612.72982 2 8 8 2△ 1.238.60 -.2311.9588.6613.8227.9841.1410223610.9921.0535.23 6
20250614토 4130011국554 6105 5혼전 4411맑음건조 3 7 8라온더어펌드    머스킷맨선샷     7236.00한암 3 0 0 2 1   97      24750국5박종곤손천수   1 4 6 3 4 9 1 0 0 5  0정우주47152.070평선보63 78 787136.060.031.32042102241 8282828232612173013      ↗↘입13.637.338.912.6617238.038.0 81.8 82.1 25 25  050   14.00   12.90 7  3  0LH동       1313-1.0 4.3 3.3727212 0걸음관심가격혈통38기 0 9 9     9 9 7④1:21.8¾    .014.038.313.5  2 -1 -.20 4 2 -5  .41568132283 8 2 3 63 5 3.01 4.05 2.6 5.8  5.3    5.8   12.1   12.6  .02763 0 7 7 0    .639.60  .34 5.9282.7810.8020.4431.29 51322 8.4320.5429.90 5
20250427일 6130011국552 3105 6혼전 4421맑음양호 7 7 8라온더어펌드    머스킷맨선샷     7236.00한암 3 0 0 9 1  149      24750국5박종곤손천수   1 5 5 2 3 9 1 0 0 4  0이동하47252.088우선하58 77 777461.069.033.92949162241 8282831 02612232619      →↘선13.637.039.713.2773138.637.1 82.0 82.8 33 67  033   13.80   14.20 5  1 -1NHUP       1313 -.3 3.3 3.0717112 1승군탐색가격혈통 1기 1 6 6     8 9 8④1:22.0코    .214.037.512.9 -3 -6  .30 4 7  5 1.43888 21569 6 7 2 53 1 2.01 5.07 2.9 6.7  4.7    8.3   16.5   24.612.72985 2 8 8 2△ 1.340.00 -.05 6.0983.1011.8923.3533.88 81728 9.0918.2628.37 7
20250322토 5120011국554 9105 5혼전 4421맑음건조 4 7 8라온더어펌드    머스킷맨선샷     7628.00한암 3 0 0 2 2  265      24750국5박종곤손천수   1 6 4 1 2 9 4 0 0 3  0정우주47853.067우선상89 90 906144.053.026.3133810123310282828232612173013      ↘↗입13.637.039.213.2702836.639.7 77.6 75.9 33 67  033   13.80   13.50 5  0 -2NHDN       1313-1.0 4.0 3.0646412-1걸음불변가격혈통 1기 2 5 4     4 6 8⑤1:17.61¼   .213.840.614.2  3  1-1.32 5 2  0  .74317765675 7 7 3 72 4 3.11 3.02 3.6 7.2  5.0  156.2  254.3  694.210.51958 0 7 7 0    .338.50 -.02 -.2776.17 6.6416.5826.26 2101711.1120.7726.67 4
20250216일 2130010국652 7 55 4혼전 4431흐림건조 4 7 8라온더어펌드    머스킷맨선샷     7236.00한암 3 0 0 2 2  364      16500국6박종곤손천수   1 7 3 3 2 9 3 0 0 2  0정우주47754.566평입보69 77 776538.058.031.1133810123310282828232612173013      ↘↗입13.636.939.913.2871637.538.0 82.8 81.9  0 50  0 0   13.80   13.50 6 -2  1NNUP       1312  .0 3.0 3.0606012 1선행무리가격혈통 1관 0 5 2     2 2 2③1:22.8목    .013.839.113.5  1  7-1.30 3 2 -3  .31144141093 1 9 3 71 3 1.06 6.01 2.2 4.1  2.2   22.0   29.7   18.413.21752 0 7 6 0    .739.90 -.03 5.1283.16 9.2219.7931.09 3 815 7.6215.8126.24 6
20250105일 1120011국613 7 65 4 2강 2237눈  건조 5 7 8라온더어펌드    머스킷맨선샷     7628.00한암 3 0 0 1 3  475      16500국6박종곤손천수   1 8 2 2 1 9 2 0 0 1  0정우주47054.068평입보44 25 2538  .050.024.9173313305315282828232612173013      →↘입13.636.939.713.7791436.938.7 76.0 75.5  0  0  0 0   13.60   14.0011 -1  1NNDN       1313         3.0    13-1기수신마가격혈통 1기 0 7 2     2 2 2③1:16.02½   .513.839.113.5 -2  2 -.40 3 5  2 1.12932453269 4 710 51 2 3.07 5.03 1.6 4.7  9.0   56.3  116.3  182.2  .02030-1 5 6-1    .038.50 -.22-1.0776.39 6.4213.3224.94 6152511.6923.5344.64 4
20241020일 11300 8국620 7 25 7 1강 1135맑음포화15 7 8라온더어펌드    머스킷맨선샷     7236.00한암 2 0 0 2 4  715      24750국6박종곤손천수   1 9 1 1 1 9 1 0 0 0  0정우주46853.063평무보   25 2540  .046.031.11464 63277 7282828232612173013      ↘→입    37.539.6        37.139.9 83.8 83.1              14.00   13.70 4  0  0NN동       13 0                 0 0걸음불변기수신마 1기 1 8 6     3 4 4③1:23.84     .713.640.814.0  0 10 -.70 3 3  0 2.64925725564 1 1 3 42 1 2.01 4.03 1.2 1.5  4.5    1.5    6.3    2.312.03045 2 6 6 2   -.139.60 -.21 6.0083.35 7.5016.2631.10 7142510.0021.1838.44 7
20251116일 7140010국4 2 3  7 2 2강 2234           7 9어퍼핸드        테스타마매그니피 5635.00한암 31530   1    015:15 33000국4서범석청메이칭 6 014 1 713 2 2 213 30이용호   52.068평입보50 43 4317 8.029.0 3.71064 21850 92024 0 022151916203367 0↗↗선13.536.940.013.05614                   36 27 18 9   14.80   13.60 3  0  0LHDN54.24121814-1.4 7.2 5.8373712-4걸음불변보통걸음38기 0 9                            14.8    13.6                                 5101010  2                                              .01415-2 2 1-2▽-1.640.00  .25     89.21  .28 1.05 3.72 1 4 8 1.57 4.6710.54 9
20251026일 7180011국521 6 77 2 2강 2241흐림양호 7 7 9어퍼핸드        테스타마매그니피 5644.00한암 31633 9 1   49      33000혼4서범석청메이칭 6 113 5 113 1 2 212 33이용호42252.068평입상28 25 25 9 8.034.012.21064 21850 92024 0 022151916203367 0↗↗선13.539.841.213.0691240.240.9120.2120.3 40 30 2010   13.90   13.80 4  7  0LHUP54.24121814-1.8 6.8 5.0484812 4걸음불변거리늘어54기 0 9 8 8 8 6 6 6⑤2:00.24    1.714.840.113.6 -1 -8  .10 5 6 -3 2.48054636432 4 9 6 82 1 1.02 7.05 1.5 2.6  1.5    2.6    3.3   11.2  .01411-3 2 2-3▽-1.141.30  .1539.31118.9 1.12 4.8912.15 21017 1.85 6.1212.91 8
20250927토 7140011국451 4107 3 2강 2241맑음다습11 7 9어퍼핸드        테스타마매그니피 5635.00한암 31836 9 1   59      33000국4서범석청메이칭 6 212 4 613 8 2 211 36정우주43052.070평입상37 35 353619.044.016.92042101850 92024233822151730133367 0↗↘입13.536.740.013.0691636.639.8 89.0 89.4 44 33 5622   13.60   14.20 4 -4  1UN동54.24121614-1.8 5.8 4.0595912 0주행평범보통걸음 5   0 2 5     71011⑥1:29.0¾   1.313.939.813.8 -3 10  .00 6 9 -1 1.36530645141 510 8 63 8 3.08 6.11 2.6 7.2  6.8   39.2   75.4  340.4  .01625-1 4 4-1   -.539.30  .0312.6589.07 3.21 8.3716.86 31020 5.1313.7920.00 7
20250831일 6140011국411 4 67 6 3강 3341맑음다습13 7 9어퍼핸드        테스타마매그니피 5635.00한암 32040 9 1   48      33000국4서범석청메이칭 6 311 3 513 7 2 210 40정우주42051.070우입하34 32 324618.053.022.02042101850 92024233822151730133367 0↗↘입13.536.940.013.0522336.440.3 87.2 89.1 50 50 5013   14.10   14.50 4 -3 -1NUDN54.24121612-1.8 5.2 3.4676712-2걸음불변부중유리45기 1 6 2     4 4 5⑤1:27.24    1.213.639.314.2 -5 -1 1.50 510  5 1.75515786044 611 9 72 7 3.01 3.11 1.7 4.6  6.6    6.0   14.5   16.6  .01958 0 3 6 0    .239.00 -.2312.1589.21 4.9713.1221.99 3 817 1.81 6.0613.60 9
20250803일13160010국452 6107 5혼전 4432흐림건조 3 7 9어퍼핸드        테스타마매그니피 5635.00한암 32244 1 1   43      33000국4서범석청메이칭 6 410 2 113 6 2 2 9 44정우주42152.070우입보73 71 711746.050.036.42042101850 92024233822151730133367 0↗↘입13.536.140.513.0792537.340.1105.3104.3 57 57 5714   13.50   14.00 5  3  0LUUP54.24121612-3.0 5.4 2.4818114 2주행평범작전마주72기 1 9 6   6 6 8 8⑦1:45.36    2.414.141.314.5  2  4 -.40 7 5 -1 2.48387648314 5 8 2 40 6 3.02 3.10 3.0 6.8  5.3    9.5   22.3   10.4  .02348 0 6 6 0    .040.50 -.2927.74103.413.8023.1436.3810223610.2924.8431.40 4
20250629일 6140011국443 3 97 7 1강 1141맑음양호 8 7 9어퍼핸드        테스타마매그니피 5635.00한암 32550 9 1   89      33000국4서범석청메이칭 6 5 9 1 413 5 2 2 8 50정우주41752.070강입상97 97 977788.060.036.52042101850 92024233822151730133367 0↗↘입13.636.739.613.0734736.439.9 88.2 88.8 67 67 6717   13.90   13.60 4 -1 -3NU동54.24121412-3.4 5.6 2.2828214 0유망전력최적거리47기 0 6 3     4 5 5⑥1:28.2¾    .913.539.414.0  0  2  .70 6 6  2 2.35020705248 6 5 2 22 5 2.07 1.05 3.0 6.6  3.9   24.8   38.1   23.612.03577 2 8 7 2    .839.20 -.2312.4988.8011.5124.3736.4520405616.0528.9541.18 3
20250531토 41400 8국511 6 67 7 1강 1132맑음건조 4 7 9어퍼핸드        테스타마매그니피 5635.00한암 31442 9 1   76      24750국5서범석청메이칭 6 6 8 3 313 4 1 2 7 42정우주41555.070우입하64 65 656775.066.051.82042101850 9202423382215173013 099 0↗↘입13.636.739.813.0683936.438.7 88.6 87.2 60 60 2020   13.50   15.60 3  2  0NN동53.84101412-1.6 5.4 3.8777714 0직전탐색최적거리62기 2 7 2     2 2 2①1:28.6½    .013.938.513.6 -3 -6 -.70 1 4  2  .0 41724 785 3 4 3 21 4 4.01 7.08 1.7 5.1  8.2    6.0   14.7    8.212.03369 2 7 7 2   1.038.80 -.7710.7188.9318.2335.8751.7619405719.7836.1652.36 2
20250510토 4140011국551 8107 6 1강 1141흐림불량20 7 9어퍼핸드        테스타마매그니피 5635.00한암 31650 2 1  119      24750국5서범석청메이칭 6 7 7 2 213 3 1 2 6 50정우주42155.070우입상88 92 927588.060.035.32042101850 9202423382215173013 099 0↗↘입13.636.839.813.0653536.740.9 90.3 89.4 60 60 4020   13.60   13.70 4 -2  2NN동53.84101412-1.3 5.8 4.5737314 0선전만회최적거리 1   0 5 3     3 4 5⑧1:30.31¾  1.513.542.015.6  6 10 -.49 8 2 -2 2.26634868233 3 7 1 30 3 4.0710.11 2.6 7.0  7.5   50.5   79.4  113.5  .02075 0 8 7 0    .739.20 -.3812.8389.0010.4722.7635.3012284324.5340.9352.83 2
20250413일 31400 9국532 8 87 7 3강 3351맑음포화16 7 9어퍼핸드        테스타마매그니피 5635.00한암 3 040 2 1  194      24750국5서범석청메이칭 6 8 6 1 113 2 0 2 5 40정우주41153.070우입상72 82 826780.059.060.92042101850 9202423382215173013 099 0↗↘입13.637.039.913.0523936.439.7 88.2 88.0 50 50 2525   13.90   14.20 4 -3 -2NUUP54.54091412  .0 5.3 5.3696912 2적임교체작전마주 1기 0 7 4     4 4 2①1:28.22    -.313.639.713.7 -3 -3  .30 1 4 -3  .01819593792 5 6 1 22 2 4.02 7.08 3.0 4.3  9.8   14.0   29.6  330.810.93172 0 7 7 0    .538.70-1.2511.1289.2123.5043.8460.8618365130.0057.8171.23 1
20250315토 2120011국653 6107 9 2강 2231맑음양호 7 7 9어퍼핸드        테스타마매그니피 2131.00한암 3 025 2 2  289      16500국6서범석청메이칭 6 9 5 5 413 1 0 1 4 25정우주41454.567평입상77 85 858094.071.056.8133810298621202423382215173013 099 0↘↗입13.637.238.913.0556436.639.0 76.3 75.3 33 33  033   14.40   13.30 5  6  0BN동54.54091312 2.0 5.0 7.0606012 0신마혈통적임교체 1기 310 5     5 4 4②1:16.38     .013.939.514.2 -5  5 -.70 2 7  1 1.42220533187 6 1 3 22 1 2.07 2.10 3.0 8.4  4.3   19.6   29.8   58.5  .04480 2 8 9 2☆ 1.438.10 -.86 -.7776.1223.6342.4456.8119405730.1953.1463.55 1
20250208토 2120011국631 8 87 5 2강 2241맑음건조 5 7 9어퍼핸드        테스타마매그니피 2131.00한암 3 0 0 1 2  397      16500국6서범석청메이칭 610 4 4 313 2 0 0 3  0김정준40954.571하무적57 64 644351.052.028.7184315298621202419 02215152124      ↘→자13.637.040.113.866 537.537.7 77.3 75.3  0  0  0 0   14.30   14.10 4 -3  0HN동       1312 6.0 3.0 9.0606012 0적임교체신마혈통 1관 0 4 5     5 4 3②1:17.34     .014.438.813.3 -4  3-2.10 2 6 -1  .82165121989 4 9 3 62 2 1.06 5.04 2.8 5.3  2.8   18.5   27.4   39.3  .03137 0 5 4 0    .238.30 -.61-1.8076.67 7.0217.8728.71 5122211.7024.8732.48 3
20250112일 1120011국640 8 97 6혼전 4439맑음건조 4 7 9어퍼핸드        테스타마매그니피 2131.00한암 3 0 0 2 3  453      16500국6서범석청메이칭 611 3 3 213 1 0 0 2  0김정준40654.566하무하19 35 353018.050.030.11671 8 920 3202419 02215152124      ↗↘자13.637.040.314.866 537.038.9 77.5 75.7  0  0  0 0   13.60   15.10 4  5  1BNDN       1313         9.0    13-1걸음불변적임교체 1기 1 7 8     8 7 9⑤1:17.51     .714.339.814.1 -2 -9-1.50 5 7  4 1.23541534664 51111 50 1 1.02 1.03 3.4 7.8  3.4    7.8   13.1   12.2  .04432 0 4 5 0   -.138.50 -.75-1.6076.78 8.9917.5230.12 81728 4.6912.5920.73 8
20241215일 2130010국642 9 97 5 2강 2239흐림양호 8 7 9어퍼핸드        테스타마매그니피 5635.00한암 2 0 0 2 3  541      16500국6서범석청메이칭 612 2 2 113 2 0 0 1  0마이아41554.093평무보33 35 3546  .054.034.6274015 920 3202424 022153530 9      ↘↗선13.436.740.814.599 137.240.8 85.7 84.0              13.40   14.80 4  0  1NLUP       13 0         4.0     0 1기수신마거리늘어 1기 0 2 3     4 2 3⑨1:25.7코    .713.641.915.1  6  6-1.50 9 3  1 2.07633888260 21010 40 2 4.06 9.10 2.4 4.6  7.2   38.1   64.2  925.7  .02032 0 5 7 0    .340.60 -.56 6.5183.61 9.0122.1634.55 92133 8.7418.2741.21 4
20241116토 2120011국610 6 17 7 2강 2239맑음건조 3 7 9어퍼핸드        테스타마매그니피 2131.00한암 2 0 0 2 4  639      16500국6서범석청메이칭 613 1 1 113 1 0 0 0  0마이아40953.093평무보   35 3540  .058.056.2365021215014202424 022153530 9      →↘선    36.738.5        36.639.8 76.5 76.4              13.80   13.60 4  0  0NN동       12 0                 0 0걸음불변기수신마 1관 2 2 1     2 2 3④1:16.53    1.013.440.214.8  2  2 -.11 4 2  0 1.26017785953 2 210 21 1 5.01 6.11 1.2 2.7 18.6    9.5   34.4  168.0  .03363 2 5 7 2    .639.00 -.33 1.2175.6123.3541.3656.1618365110.8421.4343.40 3
20251116일 7140010국4 2 3  4 9 2강 2234           710엑설런트마타    테스타마프라그노 5635.00한암 4 416   1    015:15 33000국4서인석박정배   1 016 1 724 1 1 324 16조재로   52.078평선하50 63 638874.066.042.52748131837 91917252018 9182422571429↗↘추13.236.339.512.59439                   33 39 50 6   13.40   13.80 9 -1 -1VUUP52.14611412-1.4 3.8 2.4828214 2뒷심부족승부최상 1   010                            13.4    13.8                                 1 6 1 3  1                                              .04495 3 8 8 3▲ 1.039.50 -.10     88.4513.9128.9042.5414284214.1727.2439.73 4
20250913토 8120011국524 1 74 5 1강 1131맑음포화17 710엑설런트마타    테스타마프라그노 2131.00한암 4 417 2 1  166      33000혼4서인석박정배   1 115 5 924 3 1 323 17이용호46553.068평도하68 62 628445.053.024.01064 21837 91917131718 9191620571429↗↗선13.236.538.612.5925536.338.7 73.4 75.6 33 39 50 6   13.40   14.80 6  8  1VVDN52.14611412-1.0 3.6 2.6828214-2걸음불변도주강력 5   011 4     3 4 4⑦1:13.42½   .613.438.113.8  4  2 1.69 7 3  1  .734 8471660 2 3 4 52 7 2.07 2.08 2.2 2.6  3.2   32.7   53.5  102.8  .01954 0 6 6 0    .138.90  .65  .5075.56 5.3214.5323.98 81728 5.7416.2225.08 5
20250802토 51400 9국554 3104 4 3강 3331맑음건조 3 710엑설런트마타    테스타마프라그노 5635.00한암 4 418 1 1  102      33000국5서인석박정배   1 214 4 624 2 1 322 18이용호46352.068우도보91 90 908850.051.017.41064 21837 91917131718 9191620571429↗↗선13.236.339.412.5924735.640.8 88.9 88.7 28 50 6117   13.30   13.90 2 -4  0HU동52.14611412-1.0 3.6 2.6828214 0걸음불변최적거리60관 0 3 1     1 1 1⑥1:28.92    1.413.440.514.8  4  2 -.29 6 2 -3 1.642 1865339 2 5 1 71 6 3.01 7.08 3.4 7.7  4.9    7.9   17.9  105.1  .01665 0 7 4 0    .039.60  .6512.9988.38 3.66 8.2917.43 3 814 6.9915.8526.33 6
20250720일 9140011국552 2104 6 1강 1131맑음포화17 710엑설런트마타    테스타마프라그노 5635.00한암 4 414 2 1   26      33000국5서인석박정배   1 313 3 524 1 1 221 14이용호46152.068평도보78 82 827659.053.030.21064 21837 91917131718 9191620501733↗↗선13.236.339.512.5914335.839.0 86.2 87.4 24 35 5312   13.80   13.80 2  0  0NUUP52.14611412-1.0 3.6 2.6828214 2뒷심부족최적거리 5   0 7 1     1 1 1②1:26.2머리  .013.338.413.9 -3 13  .80 2 5  3  .0 7 341 584 2 8 4 51 5 6.05 6.07 2.9 8.1 10.0   43.0   91.6   80.6  .02067 0 7 5 0    .339.30  .2411.5688.45 7.9519.8130.15 61528 9.9024.3937.26 4
20250706일 7120011국552 2104 7 1강 1148맑음건조 3 710엑설런트마타    테스타마프라그노 2131.00한암 4 515 1 1   25      33000국5서인석박정배   1 412 2 824 3 1 220 15빅투아44852.088기도적50 44 449065.059.043.72950171837 9191726 018 9202818501733→↘입13.236.638.512.5886436.838.3 74.7 75.3 19 38 5613   13.50   14.70 4  2  0NUDN52.14611413-1.6 4.4 2.8777714-2탄력늘어기수영향 5   0 7 3     3 1 2③1:14.7머리  .013.838.213.8  1 -3  .40 3 2 -4  .52531311978 3 2 3 22 3 1.0811.05 2.7 6.4  2.7   27.4   36.3   35.5  .02366 0 7 6 0    .838.70  .07  .1975.5614.5830.0643.7020405612.7527.0840.34 2
20250607토 81400 8국412 3 64 8 3강 3331맑음건조 3 710엑설런트마타    테스타마프라그노 5635.00한암 4 515 2 1   71      33000국4서인석박정배   1 511 1 424 2 1 219 15빅투아45152.087기도적95 97 979079.063.034.32950171837 9191726 018 9202818501733→↘입13.236.639.312.5755135.940.6 88.7 88.8 20 40 5313   13.30   14.40 4 -5  0NU동52.14611413-1.6 4.4 2.8797914 0승부최상탄력호전40트 0 5 2     2 2 3④1:28.75     .913.540.214.7 -2 -8  .20 4 6  2 1.149 4835548 2 5 1 41 2 7.04 6.08 1.8 4.0 17.7   58.3  184.6   37.9  .03481 0 8 8 0△  .839.30  .0812.9288.52 8.4420.5034.31 8203117.0036.4655.23 3
20250510토 4140011국551 8104 9 1강 1141흐림불량20 710엑설런트마타    테스타마프라그노 5635.00한암 4 011 2 1  119      24750국5서인석박정배   1 61015 324 1 0 218 11빅투아45952.087평도보72 78 788990.075.067.12950171837 9191726 018 9202818402040→↘입13.236.439.612.5842836.439.2 88.1 87.2 21 29 5714   13.50   14.10 4  2 -1BU동52.14621413-1.4 4.6 3.2757514 0단독선행승부최상 1관 010 1     1 1 1①1:28.14    -.713.340.314.4 -3-11 -.40 1 4  2  .0 419442096 1 6 2 11 1 4.0710.11 2.6 7.0  7.5   50.5   79.4  113.5  .04695 0 9 9 0☆ 1.839.10 -.8511.2388.5936.3656.1767.0639597224.5342.7955.66 1
20250413일 31400 9국532 8 84 5 3강 3351맑음포화16 710엑설런트마타    테스타마프라그노 5635.00한암 4 0 5 2 1  194      24750국5서인석박정배   1 7 914 224 2 0 117  5이용호47052.568평도상59 60 607860.063.073.41064 21837 91917131718 9191620252550↗↗선13.236.639.312.5754736.140.4 88.5 88.3 15 23 5415   13.60   13.80 5 -1  1LVUP52.04601413-1.6 5.2 3.6737310 1걸음관심급하락세 1기 0 8 3     2 2 1②1:28.52     .013.540.414.1  0  3  .30 2 2 -2  .328 8775280 2 2 3 11 4 4.02 7.08 3.0 4.3  9.8   14.0   29.6  330.8  .02757 0 8 8 0    .939.20 -.9512.4288.5231.9358.3573.4332526418.3340.6352.05 2
20250308토 3130010국544 6 94 4혼전 4431맑음다습11 710엑설런트마타    테스타마프라그노 5635.00한암 4 0 6 2 2  309      24750국5서인석박정배   1 8 813 724 1 0 116  6이용호46752.080기도적50 58 586631.049.024.02362 91438 61917131718 9191620333333↘↗선13.236.838.812.5838536.740.1 81.0 82.7  8 25 5017   13.70   13.80 4  3  0BU동52.04571412-2.2 6.4 4.2646410 0걸음불변거리속성 1기 0 9 6     6 6 5③1:21.0½    .013.639.013.8 -1  6 1.40 3 4 -2  .63511775177 3 2 3 73 3 5.01 7.01 3.9 6.5  9.7   20.5   47.6   27.513.21453 0 6 5 0    .040.20  .90 7.1282.39 7.8313.8423.97 2101711.4825.8538.10 3
20250209일 4130011국544 6 94 6혼전 4421맑음건조 4 710엑설런트마타    테스타마프라그노 5635.00한암 4 0 6 1 2  384      24750국5서인석박정배   1 9 712 624 1 0 115  6정정희46152.068기도적62 66 669019.052.019.91555 61438 6191714 018 918241550 050→→입13.236.838.812.5869137.338.8 83.1 83.1  9 27 5518   14.00   12.80 5  2  0NU동52.04561412-1.2 6.4 5.2585810 0걸음불변거리속성 1기 1 6 4     5 5 2④1:23.1½    .713.739.613.8 -2 -7 -.70 4 6  0  .74837382758 2 2 6 82 3 9.0411.05 2.7 5.1 39.4  123.2  415.5   91.6  .02566 1 5 4 1    .240.30 1.01 7.4582.39 4.2511.6619.87 21017 4.7113.4118.69 7
20250105일 5130011국554 3104 5혼전 4411맑음양호 7 710엑설런트마타    테스타마프라그노 5635.00한암 4 0 7 1 3  471      24750국5서인석박정배   110 611 524 1 0 114  7이용호46852.077기선적32 30 308623.057.026.93056173158151917131718 919162099 0 0→↘선13.236.739.512.9962538.137.7 82.0 82.8 10 30 6010   13.20   14.80 4 -3  0HU동52.04431412  .0 6.6 6.6474713 0걸음불변선행유리 1기 0 4 8     8 8 6④1:22.0목    .614.038.112.8 -2 16  .20 4 6  3  .83874 81959 110 8 63 2 2.07 3.01 2.7 9.0  5.2   19.6   38.4   24.7  .01869 0 5 6 0    .440.30  .46 6.6182.78 7.0817.1826.92 51322 3.2311.8220.82 9
20241207토 6130010국552 5 54 5 2강 2221맑음다습14 710엑설런트마타    테스타마프라그노 5635.00한암 3 0 7 2 3  569      24750국5서인석박정배   111 510 424 1 0 113  7정정희45252.071기도적59 61 618557.059.034.61431 6315815191714 018 918241599 0 0↗→입13.236.739.912.9932036.841.2 82.9 84.5 10 30 6010   13.40   14.30 5  0  0NU동52.04431412 1.2 6.8 8.0353513 0전력변화도주호기 1기 0 7 3     5 6 8⑨1:22.91¾  1.913.240.614.8  6  2 1.39 9 3 -2 2.58415928219 110 3 42 2 9.01 9.02 3.0 4.4 51.8   68.4  214.2  741.0  .02373 0 6 5 0    .540.70 -.01 7.8883.03 9.8021.7634.57 7142510.6821.5432.21 3
20241103일 5130011국544 2 94 6혼전 4421맑음양호 7 710엑설런트마타    테스타마프라그노 5635.00한암 3 0 8 1 4  667      24750국5서인석박정배   112 4 9 324 1 0 112  8이용호45052.072기도적35 32 328135.065.040.71971 62148 61917131718 919162099 0 0↘→선13.236.740.112.991 836.539.6 81.9 82.4 11 22 5611   13.60   14.30 4  0  0NUUP52.04431412 2.2 7.0 9.2222210 1선행실패탄력호전 1기 0 7 1     1 1 3③1:21.91½   .213.440.014.3 -2  2  .20 3 5  2 1.123 4642371 111 8 31 1 2.0111.10 2.8 7.0  4.7    7.0   13.4   22.1  .03469 0 5 7 0    .940.20 -.30 5.6083.1615.2229.2640.6932526411.9420.3830.80 6
20241005토 5120010국553 5104 6혼전 4447맑음건조 3 710엑설런트마타    테스타마프라그노 2131.00한암 3 0 9 1 4  766      24750국5서인석박정배   113 3 8 724 1 0 111  9임다빈44852.076기도적46 36 368436.063.044.62454152148 6191714 018 915232499 0 0↗↘추13.236.639.812.985 736.439.4 75.9 75.7 11 22 5611   13.40   13.50 9  2  0NUDN52.04431412 3.4 5.2 8.6252510-1전력변화탄력호전 1관 0 7 2     1 2 2⑥1:15.9½    .813.639.614.3  3  5 -.26 6 3 -2  .834 9663653 111 6 31 1 9.01 4.01 3.6 6.8 25.1   36.1   83.6  146.1  .03369 0 5 6 0    .738.90 -.68 -.7276.2816.4931.7644.5616334813.4630.1643.26 4
20240803토 61300 9국531 1 84 5 1강 1129맑음건조 3 710엑설런트마타    테스타마프라그노 5635.00한암 3 010 1 5  914      24750국5서인석박정배   114 2 7 224 1 0 110 10정정희44352.082기도적 5 14 147843.061.050.5315026204314191714 018 9182415      ↘↘입13.236.739.912.9921237.037.8 80.9 82.2 13 13 63 0   13.80   14.90 5  4  0NHDN       1412 3.0 4.2 7.2363610-1걸음불변도주호기 1기 0 5 1     1 1 3④1:20.9½    .213.438.013.5 -1 -3  .70 4 5  2  .2192310 271 1 8 9 21 1 4.07 2.09 2.8 5.2  9.9  139.2  242.8  119.5  .02068 0 5 7 0    .940.20 -.46 5.6383.0316.9936.3250.5120405618.1832.2650.00 2
20240629토 51400 9국514 5 64 6 1강 1149맑음건조 5 710엑설런트마타    테스타마프라그노 5635.00한암 3 011 9 6 1014      24750국5서인석박정배   115 1 6 124 2 0 1 9 11오수철44652.057기도적38 24 245914.043.038.61050 71931121917 7 018 9122315      →↘입13.236.440.112.984 736.940.0 91.2 89.9 13 13 63 0   13.40   14.50 6 -5  0HHUP       1412 1.6 4.4 6.0414110 1마방연대도주적정 1조 1 1 3     3 2 3⑧1:31.2목   1.113.840.614.9  5-15-1.11 8 3 -7 3.27742686440 1 6 3 20 3 1.05 4.03 1.5 4.2  1.5    4.1    4.8   12.4  .02829-2 4 4-2   -.439.70 -.4213.3888.9312.3825.2138.57204056 8.8920.0029.22 3
20251116일 8120011외4 4 2  5 9혼전 4441           8 1루프톱          INSTAGRAJUST CAT 9921.00미수 2       1    016:05110000혼O홍윤화김한수  -2 0 2 1 1 1 1 1 0 1  0이동하   56.089강선상50 74 7499  .066.031.52949161350 820 0 022339923261999 0 0→↘선14.836.738.012.58699                  100100100**   13.60   12.30 7 -5  1UVUP55.54931210-4.0 5.0 1.0979710 2기습선행전개최상 1   0 1                            13.6    12.3                                 4 2 1 4  1                                              .04492 3 9 7 3☆ 1.038.00  .64     75.3310.1520.9231.50102236 7.6315.4523.75 5
20250927토 2100010외410 1 15 9혼전 4411맑음다습12 8 1루프톱          INSTAGRAJUST CAT 9921.00미수 2 0 0 9 1  130      41250혼4홍윤화김한수  -2 1 1 1 1 1 1 0 0 0  0장추열49355.593평무보66 80 806657.062.052.63350111350 820 0 0333399202622      ↘↗입14.838.537.312.5 99936.736.6 60.1 61.4              15.10   12.70 4  0  0LL동       10 0         1.0     0 0거세출주잠재역량45기 1 6 2     2 2 2①1:00.13    -.513.636.012.3 -4  6 1.10 1 5  0  .01119 7 491 6 2 3 31 1 5.01 6.04 1.1 2.9 20.4    6.5   33.1    7.6  .03474 3 8 9 3☆  .836.10 -.94-14.563.2020.1638.3352.5514284224.4438.8948.98 2
20251116일 8120011외4 4 2  5 6혼전 4441           8 2케이엔로즈      IMPROBABMESOZOIC        미암 2 050   1    016:05110000혼O송문길조경수   2 0 3 2 2 2 3 0 1 2 50유승완   54.078우입하50 67 677672.059.025.31444 52839172831301128231626235050 0→↗입13.636.738.613.09168                   50 5010050   13.70   13.00 8 -6  2UN동52.84971210 -.5 3.0 2.5797912 0걸음불변최적거리 1   0 2                            13.7    13.0                                 5 8 4 6  3                                              .02364 0 7 7 0    .638.60  .51     75.67 7.7715.6025.34 4111812.7127.4738.71 2
20250921일 7120011외441 3 95 8혼전 4441맑음다습14 8 2케이엔로즈      IMPROBABMESOZOIC        미암 2 0 0 2 1  136      33000혼4송문길조경수   2 1 2 2 1 2 2 0 0 1  0유승완49652.078평입보60 78 787844.056.040.11444 5283917283130112823162623 099 0→↗입13.636.739.613.0923136.637.6 72.7 74.4  0  0100 0   13.90   13.90 5  1 -2NUUP53.54971210  .0 3.0 3.0727210 2마방연대작전마주27기 0 8 3     2 2 2②1:12.7½    .013.736.913.0 -1 -1 1.50 2 3  0  .1 41612 386 2 7 2 41 2 4.03 1.08 2.5 6.4  6.0   15.5   35.5   14.7  .02866 1 8 5 1    .538.30 -.48-1.9276.2312.7726.1540.09 8203116.6728.1537.00 3
20250816토 2100010외410 7 65 8혼전 4411맑음다습12 8 2케이엔로즈      IMPROBABMESOZOIC        미암 2 0 0 2 1  103      41250혼4송문길조경수   2 2 1 2 1 2 1 0 0 0  0유승완49753.578평무보66 80 807244.061.038.41444 5283917283130112823162623      →↗입13.636.938.013.0973536.638.1 62.7 62.4              13.80   13.00 4  0  0LN동       10 0         3.0     0 0거세출주마방연대47기 0 7 4     4 3 3③1:02.72     .313.938.313.9  0 -2 -.20 3 3  0  .43514593172 4 4 2 32 1 1.07 4.05 1.8 3.9  1.8   19.5   29.3   28.9  .03474 3 7 8 3▲  .938.00 -.04-12.562.7111.4025.8238.3612284315.8726.3935.90 3
20251116일 8120011외4 4 2  1 6혼전 4441           8 3크레이지스타    OMAHA BETOOK     7425.00호거 33333   1    016:05110000혼O신삼영서창식   3 0 4 4 3 3 4 1 0 3 33임다빈   57.080기입보50 53 537261.062.028.32049 6 625 6 910171110 2152324 099 0↘→추13.337.038.112.15779                   33 33 3367   13.40   12.30 7  0  5UB동52.04911212 2.3 2.7 5.0595912 0뒷심문제승부호기 1   0 3                            13.4    12.3                                 9 5 9 5  4                                              .02960 0 7 6 0    .838.10  .53     75.56 8.4818.5828.31 81728 7.6317.1729.03 4
20250928일 9120010외441 1 41 3혼전 4431흐림포화18 8 3크레이지스타    OMAHA BETOOK     7425.00호거 3 0 0 9 1  113      33000혼4신삼영서창식   3 1 3 3 2 3 3 0 0 2  0임다빈49152.080하입하35 44 445029.050.018.12049 6 625 6 910171110 2152324      ↘→추13.336.839.212.8682037.136.5 71.9 74.1  0  0 5050   13.30   14.30 4 -8 -4HH동       1210 4.0 3.0 7.0424212 0직전탐색보통걸음 5   0 3 2     4 3 1①1:11.91    -.213.435.812.3 -1  1 1.70 1 2  0  .0 243 1 188 5 8 7 92 3 2.04 3.09 1.8 2.9  4.4   21.1   33.5    7.7  .03337 0 5 5 0   -.138.20  .32-1.9076.06 4.37 9.4518.05 2 5 9 8.7917.8926.75 6
20250830토 3120012외431 3 81 1혼전 4439맑음불량20 8 3크레이지스타    OMAHA BETOOK     7425.00호거 3 0 0 9 1   61      41250혼4신삼영서창식   3 2 2 2 1 3 2 0 0 0  0임다빈49056.080하무하40 28 281112.030.0 7.32049 6 625 6 910171110 2152324      ↘→추16.138.638.212.8 19736.040.0 74.3 76.3  0  0  0**   14.30   12.60 7  6  0BHUP       1210 4.0 4.0 8.0232310 2거세출주부진마필 5   011 4     3 3 4⑥1:14.31     .713.339.314.3  4 14 1.70 6 2 -2 1.557 381465912 5 5112 2 7.05 2.12 3.0 5.4 29.1  174.2  500.4  474.6  .013 7-3 4 3-3▽-1.537.00  .19 -.5376.51  .53 2.83 7.29 0 2 4 2.06 6.4212.2112
20250713일 11000 8외441 4 91 7혼전 4439흐림건조 4 8 3크레이지스타    OMAHA BETOOK     7425.00호거 3 0 0 2 1  118      41250혼4신삼영서창식   3 3 1 1 1 3 1 0 0 0  0임다빈47656.080평무보   25 2540  .054.031.32049 6 625 6 910171110 2152324      ↘→추    37.137.8        39.337.0 63.6 63.7              13.80   13.80 4  0  0LL동       10 0                 0 0거세출주기수신마49기 1 5 8     8 8 8⑧1:03.62    2.016.136.913.1  4-12  .20 8 4  0 2.57596167322 1 1 8 60 1 1.02 8.01 2.5 4.2  2.5    4.2    8.7   31.7  .03665 3 5 7 3    .338.10  .16-11.262.71 7.9619.8731.31 5132215.0026.8745.06 5
20251116일 8120011외4 4 2  5 9혼전 4441           8 4그대만있다면    TACITUS ANNIES L 9914.00미수 2       1    016:05110000혼O최용건우태율   1 0 3 2 2 2 1 1 1 2  0씨씨웡   56.090강선보50 70 7099  .074.046.5305510276710183133 0211120242299 0 0→↘자13.336.638.112.39397                  10010010050   13.50   13.40 4 -5  1UV동55.55321210  .5 1.0 1.5929212 0전개최상전개최상 1   0 4                            13.5    13.4                                 3 4 2 1  1                                            10.64498 3 9 8 3☆ 1.638.10  .24     75.3320.7635.7346.46183651 7.6315.4523.75 6
20251018토 6120011외414 3 65 9 1강 1131흐림포화19 8 4그대만있다면    TACITUS ANNIES L 9914.00미수 2 0   2 1   83      33000혼4최용건우태율   1 1 2 2 1 2 2 0 1 1  0김철호53255.569강도보74 89 8998  .063.036.41238 8276710183117292111152223      ↗↗자13.336.738.212.3869536.337.6 73.4 74.2100100100 0   13.50   12.80 3  5  0BHUP       1210 1.0 1.0 2.0858510 2전개최상전개최상81기 2 9 2     1 1 1①1:13.45    -.913.537.813.4  0-14  .50 1 1  0  .0 3 911 294 2 1 1 31 2 1.02 9.04 1.5 3.6  1.5    3.6    4.9    8.912.04482 2 8 7 2    .838.30  .41 -.7075.4511.3724.3836.39102236 8.0416.7426.36 5
20250927토 2100010외410 5 15 8혼전 4411맑음다습12 8 4그대만있다면    TACITUS ANNIES L 9914.00미수 2 0 0 9 1   42      41250혼4최용건우태율   1 2 1 2 1 2 1 0 0 0  0김철호54655.569평무보91 95 959641.064.057.31238 8276710183117292111152223      ↗↗자13.336.637.412.3999936.737.2 60.6 61.9              13.60   12.50 4  0  0NL동       10 0         1.0     0 0거세출주전개최상38기 0 4 1     1 1 1②1:00.63     .013.536.612.8  1 -7 1.10 2 1  0  .52120241276 1 3 1 11 1 5.01 6.04 1.1 2.9 20.4    6.5   33.1    7.610.54479 2 8 7 2△  .938.20 -.12-12.162.2121.1441.7557.2832526420.0038.8953.57 1
20251116일 8120011외4 4 2  1 4혼전 4441           8 5캐롤챗          프레저베애니앤드        미수 22040   1    016:05110000혼O임채덕조금제   2 0 6 6 5 5 4 1 1 5 40김철호   56.069기입보50 55 555630.049.016.61238 815 012 8101520 8 0152223 067 0↗↗자15.137.038.212.85585                   40 60 2040   13.90   13.60 3  2  1NN동55.55131212-2.0 6.0 4.0626212 0뒷심문제기복전력 1   0 5                            13.9    13.6                                 8 6 810  5                                              .02941 0 4 4 0   -.138.20  .79     75.61 3.75 8.3116.58 1 4 8 5.0812.0221.99 9
20251026일 8120011외443 2 91 7 1강 1141흐림양호 7 8 5캐롤챗          프레저베애니앤드        미수 22525 9 1   48      33000혼4임채덕조금제   2 1 5 5 4 5 3 1 0 4 25김철호50655.569기입적87 69 696834.051.023.51238 815 012 8101520 8 0152223 099 0↗↗자15.137.038.312.8597937.237.7 74.1 75.2 25 50 2525   13.60   12.80 4 -3  1VN동55.55171212-2.3 6.8 4.5565612 0승부호기기복전력46기 0 3 7     7 4 3②1:14.1¾    .013.937.913.6 -1 -9  .80 2 3  2  .21949141478 7 3 5 60 4 4.0310.03 2.6 4.2  6.1   13.4   25.7    9.1  .02858 1 5 5 1    .038.30  .54 -.1575.67 6.1112.2823.50 51322 6.9215.0623.89 6
20250928일 9120010외441 1 41 7혼전 4431흐림포화18 8 5캐롤챗          프레저베애니앤드        미수 23333 9 1   47      33000혼4임채덕조금제   2 2 4 4 3 5 2 1 0 3 33김철호51555.069기입적78 81 818267.066.037.21238 815 012 8101520 8 0152223 099 0↗↗자15.136.839.112.8724337.137.7 73.2 75.4 33 33 33 0   13.30   13.20 4  4 -1BN동55.55171212-3.7 8.7 5.0595910 0승부조율승부호기72기 1 6 4     6 5 4③1:13.26    1.113.636.912.8  2  1 1.60 3 1 -6 1.32743151245 4 6 1 32 3 2.04 3.09 1.8 2.9  4.4   21.1   33.5    7.712.73777 2 8 7 2   1.138.60 -.17 -.5276.0013.2525.2237.1510223613.1925.2637.26 3
20250830토 3120012외431 3 81 5혼전 4439맑음불량20 8 5캐롤챗          프레저베애니앤드        미수 2 0 0 9 1   61      41250혼4임채덕조금제   2 3 3 3 2 5 1 0 0 2  0김철호51455.569하입적35 33 334125.054.026.51238 815 012 8101520 8 0152223 099 0↗↗자15.137.339.512.8502536.138.4 72.8 74.8  0  0  0 0   14.20   13.40 2 -1  0HLUP55.55201210-2.5 9.5 7.0393910 2직전복병단기승부34기 0 2 2     4 4 1①1:12.85    -.813.337.713.2 -6 -6 1.70 1 7 -1  .010 434 694 711 3 62 2 7.05 2.12 3.0 5.4 29.1  174.2  500.4  474.6  .02656 0 5 5 0    .237.90 -.39-2.0376.51 7.2617.4926.50 31020 6.1914.6820.93 9
20250816토 2100010외410 7 61 3혼전 4411맑음다습12 8 5캐롤챗          프레저베애니앤드        미수 2 0 0 2 1   40      41250혼4임채덕조금제   2 4 2 2 1 5 1 0 0 1  0김용근52055.583하무보10  8  837 9.037.011.621491015 012 810 0 0 8 0292517      ↗→선15.137.338.112.8611637.237.9 63.0 62.6  0  0  0 0   14.00   14.70 6  2  4NBDN       1212-1.011.010.0151512-2걸음불변부진마필72기 0 3 6     6 6 5④1:03.01½   .614.238.113.4 -4 -1 -.30 4 8 -3  .74245504562 5 5 6 82 1 1.07 4.05 1.8 3.9  1.8   19.5   29.3   28.9  .01427-2 2 2-2   -.837.60  .45-12.862.98 1.80 5.2611.55 1 612 3.17 6.9417.95 9
20250706일 7120011외452 2101 1 1강 1148맑음건조 3 8 5캐롤챗          프레저베애니앤드        미수 2 0 0 1 1   91      33000혼4임채덕조금제   2 5 1 1 1 5 1 0 0 0  0김철호52152.069평무보17 25 25 6  .022.0 2.71238 815 012 8101520 8 0152223      ↗↗자15.138.639.312.8 13537.040.5 77.2 77.7              15.50   13.10 4  0  0NN동       12 0         7.0     0 0거세출주탐색우려38관 0 1 5     5 5 9⑩1:17.24    2.514.040.414.7 -1 23  .301011  0 3.0884088851111 911110 1 1.0811.05 2.7 6.4  2.7   27.4   36.3   35.5  .013 7-3 1 2-3▽-1.937.50 -.31 -.2177.12  .23  .57 2.68 1 3 5 8.8218.7539.31 4
20251116일 8120011국5 4 2  3 9혼전 4441           8 6원평스킷        머스킷맨킬라리드 7628.00한암 22575   1    016:05110000혼O정호익김용재   0 0 5 1 4 4 3 1 2 4 75마이아   54.093우선보50 63 639792.074.043.93753202144 7242848 024193530 999 0 0↘→선13.136.539.212.89020                   75 50 7525   13.10   13.90 4  2  0NV동53.54851212 1.0 2.5 3.5737310 0전개최상전개최상 1   0 6                            13.1    13.9                                 110 6 2  3                                            12.74490 2 9 9 2☆ 1.539.20 -.26     75.8918.9533.4643.8532526427.9745.4958.06 1
20251019일 7120012국614 4 63 9혼전 4421맑음포화17 8 6원평스킷        머스킷맨킬라리드 7628.00한암 23366 2 1   71     110000국O정호익김용재   0 1 4 4 3 4 2 1 1 3 66마이아48254.093우도보57 69 699891.081.040.23753202144 7242848 024193530 999 0 0↘→선13.136.539.212.8861636.138.7 73.9 75.4 67 33 6733   13.10   14.30 5 -7  1HV동53.34861212 1.3 2.7 4.0696910 0마방연대전개최상 5   0 4 1     1 1 2②1:13.93     .013.138.813.9  0 -1  .90 2 2  0  .626 4481291 21111 11 2 1.02 9.04 1.4 4.1  1.4    4.1    5.0    6.510.64493 3 9 8 3☆ 2.138.80 -.15 -.3375.8917.5231.4540.2332526415.3830.3038.16 1
20250914일 8120013국654 2103 8혼전 4411맑음다습13 8 6원평스킷        머스킷맨킬라리드 7628.00한암 2 1   2 1   68     110000국6정호익김용재   0 2 3 3 2 4 1 1 0 0  0마이아48353.093기입적71 70 7065  .072.033.03753202144 7242848 024193530 999 0 0↘→선13.736.839.212.8831635.839.7 73.6 75.8 50 50 5050   13.90   13.00 4  6  0BU동53.54891210 2.0 3.0 5.0606010 0거세출주마방연대 5   011 1     1 1 1②1:13.63     .013.138.814.3  0-10 1.90 2 2 -3  .642 1783380 610 6 31 1 1.0213.11 2.9 8.5  2.9    8.5   12.9   22.812.73077 2 8 8 2▲ 1.538.70 -.11 -.2076.0613.3824.3432.95142842 7.5014.2324.44 9
20250817일 8120010국614 2 63 9혼전 4411맑음양호 7 8 6원평스킷        머스킷맨킬라리드 7628.00한암 2     2 1   67      82500국6정호익김용재   0 3 2 2 1 4 2 1 0 1  0임다빈49353.080강도보92 25 2598  .067.031.22049 62144 724281931241915232499 0 0↘→추13.736.538.412.8999736.940.2 76.4 77.2100100100**   13.70   13.10 6  4 -1LUUP53.54891210  .0 1.0 1.0****10 2기수신마전개최상 5   0 5 5     4 6 8⑨1:16.4¾   2.113.740.014.6  4  4  .70 9 5  4 3.38034847815 1 710 62 2 1.07 9.03 1.7 4.2  1.7   13.1   15.5  108.7  .04484 1 8 7 1▲ 1.139.40  .56 2.3175.45 9.3719.3031.24 51322 9.3818.4628.61 5
20250705토 1100010국640 8 93 9혼전 4439맑음건조 3 8 6원평스킷        머스킷맨킬라리드 7628.00한암 2 0 0 1 1  106      24750국6정호익김용재   0 4 1 1 1 4 1 0 0 0  0임다빈48953.580평무보   25 2540  .060.046.92049 62144 7242819312419152324      ↘→추    37.137.8        36.037.0 61.3 60.6              13.80   13.80 4  0  0NN동       10 0                 0 0거세출주기수신마48기 1 1 1     1 1 1①1:01.39   -1.513.737.313.1  0 18 -.50 1 1  0  .0 2 318 397 2 210 21 1 1.06 1.05 3.2 5.3  3.2   42.0   62.6   36.5  .04176 4 6 7 4★  .837.40 -.30-14.362.7118.7534.7546.8918365114.0624.6645.42 4
20251116일 8120011외4 4 2  5 8혼전 4441           8 7감사의힘        INDEPENDUNBRIDLE 9811.00미수 2 0     1    016:05110000혼O최용건우태율   1 0 2 1 2 1 2 0 1 1  0김효정   56.070강선보50 66 6697  .055.018.01834132767101831 7 8211116211899 0 0→↘입13.836.638.012.29498                  100100100**   13.70   12.30 3  6  0BUUP56.04601210  .0 2.0 2.0858510 2전개최상전개최상 1   0 7                            13.7    12.3                                 2 1 5 8  2                                              .04456-1 6 5-1△  .138.00 1.10     75.28 3.8210.5118.03 3 814 7.6315.4523.75 7
20251025토 2100011외411 5 15 7 1강 1131맑음건조 5 8 7감사의힘        INDEPENDUNBRIDLE 9811.00미수 2 0 0 9 1   65      41250혼4최용건우태율   1 1 1 1 1 1 1 0 0 0  0김효정46056.070평무보83 92 929162.052.028.21834132767101831 7 82111162118      →↘입13.836.937.312.2999936.436.8 60.6 61.2              14.20   12.50 4  0  0NL동       10 0         1.0     0 0거세출주전개최상44기 0 1 1     1 1 2②1:00.6½    .013.736.512.3  0-12  .50 2 2  0  .0 91112 478 4 1 3 51 1 3.02 7.01 1.4 3.0  5.8   14.1   21.9    3.3  .04455 1 7 8 1△  .237.70  .61-13.062.32 7.3617.8228.17 7142510.0022.0336.28 4
20251116일 8120011외4 4 2  2 9혼전 4441           8 8왔소이다        MISCHEVINATURA          일수 2 0 0   1    016:05110000혼O이신우김한수  -2 0 5 5 2 4 1 0 0 4  0임기원   56.081하입보50 40 405320.061.025.12343111654 817 013361816253216      →↘선14.436.939.413.27139                    0  0  0 0   13.50   14.50 3  3  4NL동       1210 1.0 5.7 6.7353510 0승부호기적임교체 1   0 8                            13.5    14.5                                 71111 7  1                                              .04457 0 5 6 0△  .639.40 -.05     76.23 7.6515.4025.08 51322 4.24 9.4417.6010
20251026일 8120011외443 2 92 4 1강 1141흐림양호 7 8 8왔소이다        MISCHEVINATURA          일수 2 0 0 9 1   48      33000혼4정하백김한수  -2 1 4 4 1 4 1 0 0 3  0이동하46652.089하입적59 32 325748.057.033.02949161943 917 0 0221814232619      →↘선14.437.039.313.2654736.839.9 75.9 77.0  0  0  0 0   13.90   12.90 4  4 -4NHUP       1210 1.5 4.5 6.0383810 2승부조율승부호기45기 0 5 3     3 3 6⑧1:15.94    1.813.540.114.5  0 -2  .80 8 8  6 2.07627817026 6 8 8 50 1 4.0310.03 2.6 4.2  6.1   13.4   25.7    9.1  .03748 0 6 6 0    .438.80 -.28  .6576.23 7.9520.2432.95 81728 7.6917.5729.20 5
20250927토 2100010외410 1 12 7혼전 4411맑음다습12 8 8왔소이다        MISCHEVINATURA          일수 2 0 0 9 1   64      41250혼4정하백김한수  -2 2 3 3 3 4 1 0 0 2  0마이아46855.593기입적27 20 207624.060.046.83753201943 917 0 0 018143530 9      ↘→선14.437.037.413.2808937.037.3 61.1 62.4  0  0  0 0   14.10   14.50 6 -7  0HH동       1010-4.0 7.0 3.0636310 0승부호기기수영향88기 1 1 4     4 3 4⑤1:01.1코    .513.936.712.9  3 -8 1.15 5 2  0 1.03532261963 2 4 5 42 1 5.01 6.04 1.1 2.9 20.4    6.5   33.1    7.6  .02871 1 5 6 1    .637.90 -.05-12.062.4318.3431.9146.8110223613.3324.0730.61 4
20250816토 2100010외410 7 62 4혼전 4411맑음다습12 8 8왔소이다        MISCHEVINATURA          일수 2 0 0 2 1  103      41250혼4정하백김한수  -2 3 2 2 2 4 1 0 0 1  0문세영47655.573평입상92 83 838446.060.034.83644 91943 917 0 0451814283616      ↘↗입14.436.937.413.2828937.339.9 65.1 64.8  0  0  0 0   13.80   13.60 5  2  0NH동       1010-4.0 7.0 3.0636310 0전개선전승부호기36관 0 8 5     5 7 8⑨1:05.14    2.714.140.114.5  7  6 -.20 9 2 -5 2.89144958816 3 3 1 40 1 1.07 4.05 1.8 3.9  1.8   19.5   29.3   28.9  .02569 0 8 6 0    .738.60  .36-9.5262.38 9.8522.2334.76 9213311.1126.3934.62 4
20250713일 11000 8외441 5 92 2혼전 4439흐림건조 4 8 8왔소이다        MISCHEVINATURA          일수 2 0 0 2 1   77      41250혼4정하백김한수  -2 4 1 1 1 4 1 0 0 0  0송재철47055.576평무보17 11 11 8 9.037.014.41624111943 917 0 0221814182621      ↗→입14.438.238.313.222 236.837.5 62.2 62.2              14.90   13.70 4  0  0LL동       10 0        11.0     0 0거세출주보통걸음38관 0 6 3     3 3 4③1:02.23     .613.837.513.6 -4-10  .10 3 7  0 1.13125392263 6 8 5 82 1 1.02 8.01 2.5 4.2  2.5    4.2    8.7   31.7  .01631 0 2 3 0   -.936.60 -.18-14.363.59 2.54 6.7214.42 3 814 3.33 7.4618.03 8
20251116일 8120011외3 4 2  1 3혼전 4441           8 9마이엠파이어    클래식엠DR.MELFI        미수 24040   1    016:05110000혼O정호익에스지이 2 0 6 1 5 5 2 2 0 5 40조인권   56.068우선보50 60 606542.043.011.11635102144 724212217241923241399 0 0↗↘선14.636.938.312.86787                   40 40 4040   13.40   13.90 3 -1  2LB동53.35021212 -.8 4.4 3.6696912 0주력우수보통걸음 1   0 9                            13.4    13.9                                 6 7 711  3                                              .02342-1 5 4-1   -.638.30  .96     75.61 1.80 5.5511.07 0 2 5 8.4718.8826.39 3
20251026일 8120011외443 2 91 8 1강 1141흐림양호 7 8 9마이엠파이어    클래식엠DR.MELFI        미수 22525 9 1   48      33000혼4정호익에스지이 2 1 5 5 4 5 1 1 0 4 25조인권50654.568평입상95 91 917990.069.052.11635102144 724212217241923241399 0 0↗↘선14.637.138.312.8568736.438.3 73.9 75.0 25 25 2550   13.50   13.10 5  9  3BL동52.04971212 -.3 4.5 4.3636312 0승부호기주력우수67기 110 2     2 2 1①1:13.9¾   -.213.438.513.9 -3  9  .80 1 4  0  .01411331089 8 4 1 21 2 4.0310.03 2.6 4.2  6.1   13.4   25.7    9.112.03079 2 9 9 2▲ 1.338.10 -.32 -.4575.7221.1038.4652.1118365120.0038.4952.21 2
20250921일 7120011외441 2 91 7혼전 4441맑음다습14 8 9마이엠파이어    클래식엠DR.MELFI        미수 2 0 0 2 1   70      33000혼4정호익에스지이 2 2 4 4 3 5 1 0 0 3  0임다빈49752.080평입상72 61 616246.066.049.62049 62144 7242119212419152324      ↘→추14.637.538.512.8387536.238.0 72.6 74.4  0 33  033   14.10   13.30 3 -8  0HH동       1212  .7 4.7 5.3535312 0승부호기승부호기28기 0 1 1     1 1 1①1:12.6½   -.113.537.013.1 -3 -1 1.60 1 4 -4  .0 5 524 389 6 4 3 21 1 4.03 1.08 2.5 6.4  6.0   15.5   35.5   14.7  .02869 0 8 6 0   1.037.60 -.60-1.5976.0619.9636.0949.5819405711.6728.1535.68 2
20250830토 7120010외433 1 31 7혼전 4431맑음포화18 8 9마이엠파이어    클래식엠DR.MELFI        미수 2 0 0 9 1   57      33000혼4정호익에스지이 2 3 3 3 2 5 1 0 0 2  0이동하49852.089평무보62 52 525642.062.031.82949162144 7242125372419232619      →↘선14.637.738.512.8248237.038.6 73.5 75.7  0 50  050   14.50   14.00 2  8 -4LHUP       1210 2.5 3.0 5.5494912 2승부최상승부호기63기 1 9 7     6 5 5⑤1:13.53     .714.137.513.3 -3-11 2.10 5 8  4 1.33738433456 9 5 5 52 1 1.03 1.04 1.7 2.9  1.7    2.2    2.9   20.4  .03471 1 7 7 1    .837.80 -.20 -.5076.17 8.7520.0531.83 8172812.6626.9933.58 3
20250816토 2100010외410 7 61 9혼전 4411맑음다습12 8 9마이엠파이어    클래식엠DR.MELFI        미수 2 0 0 2 1   40      41250혼4정호익에스지이 2 4 2 2 1 5 1 0 0 1  0마이아50955.593우무하67 54 548063.075.064.53753202144 72421481824193530 9      ↘→선14.638.137.312.8129937.038.2 63.4 63.0  0100  0**   14.30   13.2011-10  4HBDN       1212 4.0 2.0 6.0484812-2승부호기승부최상59기 0 1 8     8 4 4⑤1:03.43    1.014.538.414.0  1 10 -.30 5 4  2 1.15637604849 6 1 4 10 1 1.07 4.05 1.8 3.9  1.8   19.5   29.3   28.910.64491 3 8 9 3☆ 1.936.90-1.08-12.462.9833.5253.0764.5139597215.8734.7250.00 1
20250531토 7120011외452 2101 6 1강 1131맑음건조 4 8 9마이엠파이어    클래식엠DR.MELFI        미수 2 0 0 9 1  199      33000혼4정호익에스지이 2 5 1 1 1 5 1 0 0 0  0조인권49952.068평무보19 25 2533  .055.026.81635102144 7242122172419232413      ↗↘선14.638.439.812.8 4 437.837.6 75.6 75.4              15.00   13.20 4  0  0NN동       12 0         4.0     0 0승부조율승부호기28기 011 8     8 8 7⑥1:15.6목   1.114.337.913.2  4  4 -.30 6 2  0 1.12876122749111011 60 1 5.0110.07 2.510.6 10.6   12.4   30.7   37.8  .03754 1 6 6 1    .337.00-1.17-2.8077.29 6.6116.6226.75 51322 8.0416.7432.14 7
20251116일 8120011외4 4 2  5 9혼전 4441           810마이티코드      CLOUD COSEQUOIA         미수 2       1    016:05110000혼O서홍수조제형   1 0 3 2 2 2 1 1 1 2  0최범현   56.091강추보50 69 6984  .069.035.83361242136122435 0 02619193019 0 099↘↘입14.337.638.012.72899                  100 50  0**   14.20   12.40 3  3  0NVUP55.84681210-2.5 4.0 1.5858510 2마방연대승부최상 1   010                            14.2    12.4                                10 3 3 3  1                                            12.74493 2 8 7 2▲ 1.238.00  .02     75.8413.0825.5035.82142842 7.6315.4523.75 8
20251025토 2100011외411 2 15 8 1강 1131맑음건조 5 810마이티코드      CLOUD COSEQUOIA         미수 2 0   9 1   65      41250혼4서홍수조제형   1 1 2 2 1 2 1 0 1 1  0문세영46956.073강추보55 79 7984  .069.048.73644 9213612243546 02619283616 0 099↘↗입14.337.837.312.7249937.236.1 60.6 61.2100  0  0**   14.00   13.00 8 -5  1NVDN55.54671212-3.0 5.0 2.0858512-2마방연대마방연대46기 1 7 8     8 7 1①1:00.6½    .014.235.812.4 -2  2  .50 1 3 -2  .0 942 2 578 8 3 5 23 1 3.02 7.01 1.4 3.0  5.8   14.1   21.9    3.312.02989 2 8 8 2▲ 1.236.80 -.46-13.962.8220.1936.7848.73194057 7.5015.8625.66 5
20250830토 3120012외431 2 85 9혼전 4439맑음불량20 810마이티코드      CLOUD COSEQUOIA         미수 2 0 0 9 1  147      41250혼4서홍수조제형   1 2 1 2 1 2 1 0 0 0  0씨씨웡46755.590평무보81 25 256742.062.039.9305510213612243527132619202422      →↘자14.337.038.412.7979937.437.9 73.6 75.7              14.70   13.10 4  0  0NL동       12 0         2.0     0 0거세출주마방연대58기 11211    11 8 6②1:13.65     .014.037.113.0 -3  9 1.80 2 5  0  .83861212779 4 810 33 1 7.05 2.12 3.0 5.4 29.1  174.2  500.4  474.6  .03963 3 6 8 3▲ 1.038.50  .02  .2975.7215.2729.3039.8516334810.3120.1826.16 3
20251116일 8120011외4 4 2  2 7혼전 4441           811나로마스타      AMERICANLUNA DEL  454.00일수 2 0 0   1    016:05110000혼O서인석송창오   0 0 5 5 3 4 1 0 0 4  0조재로   56.080하입보50 42 422814.053.018.02748131837 91931253018 9182422      ↗↘추14.337.838.912.9 859                    0  0  0 0   14.10   13.90 6  6  4NBDN       1412  .0 6.3 6.3383812-2승부호기기수승부 1   011                            14.1    13.9                                11 910 9  3                                              .02862 0 4 6 0    .138.90 -.07     76.45 3.7810.4617.95 2 5 9 3.39 7.7313.2011
20251003금 9140011외452 5102 7 2강 2241흐림다습11 811나로마스타      AMERICANLUNA DEL 1634.00일수 2 0 0 1 1  102      33000혼4서인석송창오   0 1 4 4 1 4 1 0 0 3  0유승완47652.079평입보34 27 274322.055.024.61444 51837 91931161818 9162623      →↗입14.337.539.612.9135537.740.3 89.8 90.5  0  0  0 0   13.80   13.30 5 -3 -4NHUP       1412-1.0 6.3 5.3464612 2마방연대승부호기73기 1 510    111110⑨1:29.81    2.614.140.113.9  3  1  .40 9 6  0 3.0878175871610 7 9 60 1 5.03 1.02 3.3 6.1  8.1   15.2   39.3   18.6  .02856 0 5 4 0    .338.80 -.4213.4489.34 5.1714.3224.55 31020 3.79 8.4515.38 7
20250830토 3120012외431 3 82 6혼전 4439맑음불량20 811나로마스타      AMERICANLUNA DEL  454.00일수 2 0 0 9 1  103      41250혼4서인석송창오   0 2 3 3 2 4 1 0 0 2  0장추열47555.593하입보46 32 323747.068.043.53350111837 9193138 018 9202622      ↘↗입14.337.938.712.9 77237.438.6 74.1 76.3  0  0  0 0   14.10   13.20 7  4  0BLUP       1210 -.5 6.5 6.0363612 2마방기습마방연대36트 0 810    10 9 8④1:14.1머리  .513.837.713.3 -2 -3 1.90 4 6  1 1.35960455065 8 9 4 23 1 7.05 2.12 3.0 5.4 29.1  174.2  500.4  474.6  .02779 1 7 8 1   1.137.70 -.74 -.3076.3917.3131.2643.47365469 8.2519.2727.91 5
20250713일 11000 8외441 2 92 5혼전 4439흐림건조 4 811나로마스타      AMERICANLUNA DEL  454.00일수 2 0 0 2 1  118      41250혼4서인석송창오   0 3 2 2 1 4 2 0 0 1  0조재로47855.580하무보38 22 224331.057.037.22748131837 91931253018 9182422      ↗↘추14.338.137.312.9 89737.837.8 62.9 63.0  0  0  0 0   14.10   13.50 6 -1  4HBDN       1212-1.0 8.0 7.0303012-2마방습성마방기습44기 0 4 5     5 6 6⑤1:02.93    1.314.137.713.2  0  5  .20 5 5 -3 1.85768465740 5 2 2 42 2 1.02 8.01 2.5 4.2  2.5    4.2    8.7   31.7  .02756 1 6 8 1    .536.90 -.27-12.462.9810.5723.3837.23 8172811.6728.3641.20 4
20250531토 7120011외452 3102 8 1강 1131맑음건조 4 811나로마스타      AMERICANLUNA DEL  454.00일수 2 0 0 9 1  113      33000혼4서인석송창오   0 4 1 1 1 4 1 0 0 0  0조재로47352.080평무보24 25 2533  .056.029.82748131837 91931253018 9182422      ↗↘추14.338.339.012.9 35137.938.2 76.2 76.1              14.50   13.10 4  0  0LN동       12 0         4.0     0 0승부조율마방습성48기 0 5 5     7 7 8⑦1:16.24    1.714.138.313.5 -1  6 -.10 7 8  0 1.7558428543010 510 50 1 5.0110.07 2.510.6 10.6   12.4   30.7   37.8  .03766 3 6 7 3    .437.30 -.75-1.1876.78 7.7418.7129.82 81728 8.0416.7432.14 5
20251116일 9160010국3 1 3  3 1 3강 3337           9 1카우보이탱고    카우보이탱고스텝 6132.00한거 7 920   1    017:00 41250국3최봉주임동현  -1 016 5 640 1 4 543 20문정균   57.566평추보50 47 4717 5.029.0 7.81956 71743111317172317 7131823 8 092→↘추13.937.339.413.2 759                   22 36  047   15.10   13.4013 -3  0UL동53.94942014-1.2 7.4 6.2454518 0노쇠부진휴양불리 1   0 1                            15.1    13.4                                10 3 6 9 15                                              .0 710-2 1 1-2  -1.439.40  .33     103.4  .61 2.28 7.80 2 5 7 1.27 4.8510.4210
20250816토 91600 8국321 6 23 1혼전 4431맑음다습10 9 1카우보이탱고    카우보이탱고스텝 6132.00한거 7 921 2 2  248      41250국3최봉주임동현  -1 115 4 540 2 4 542 21김효정49557.568평추보71 57 571711.034.010.51533 82067 3131713 017 7162118 8 092↗→입13.937.339.413.2 95936.639.1103.6103.4 23 37  049   14.80   12.70 4 -1  6HB동53.94942014-1.4 6.8 5.4565618 0노쇠부진보통걸음42기 0 4 8   8 8 8 8⑥1:43.65    1.915.138.813.4 -1  1 -.30 6 7 -1 1.96463384130 9 4 5 80 4 2.01 9.08 1.7 2.2  3.3    2.2    5.0    4.6  .0 810-2 2 2-2  -1.139.40  .2626.72103.4 1.22 4.3510.52 3 814 3.33 7.5314.53 9
20250719토 91600 9국253 2 53 5 1강 1131흐림포화17 9 1카우보이탱고    카우보이탱고스텝 6132.00한거 7 921 2 1   58      495002등최봉주임동현  -1 214 3 440 1 4 541 21김효정49452.068평추보38 32 321718.045.019.4183413174311131713 017 7162118 8 092→↘입13.937.439.113.2 57237.036.8 99.6102.1 24 44  050   14.80   15.30 4 -2  0NUDN53.94942014-1.4 5.8 4.4616118-4걸음불변보통걸음79기 1 5 9   9 9 9 9⑨1:39.6코    .914.836.712.7  1 -5 1.10 9 8 -3 1.32175 1 155 9 1 8 70 3 1.07 3.06 2.7 4.8  2.7   26.9   35.5   23.712.03053 2 4 5 2   -.339.10  .1625.60103.3 4.0410.1019.37 51322 1.91 6.5715.20 8
20250622일 8200011국252 7103 3혼전 4428맑음다습12 9 1카우보이탱고    카우보이탱고스텝 6039.00한거 71022 2 1   64      495002등최봉주임동현  -1 313 2 140 1 4 540 22문정균49952.065우추보44 44 444124.044.023.41956 71743111317172317 7131823 8 092→↘추13.940.140.713.2 76440.541.9134.0132.3 24 48  358   15.30   13.40 7  5  0NUUP53.94942014-1.2 4.8 3.6717118 2노릴탄력보통걸음33관 0 71010101111 8⑧2:14.01¾  3.714.842.515.3 -3  9 -.60 811  5 4.3749482922411 9 4 9314 1.04 4.09 3.3 7.8  3.3   11.1   18.0   20.4  .02340 0 5 3 0   -.439.70 -.4751.53132.2 8.0014.8523.42 1 4 8 5.4111.2616.7111
20250504일11180011국252 7103 5혼전 4431맑음다습13 9 1카우보이탱고    카우보이탱고스텝 6039.00한거 71023 1 1  123      495002등최봉주임동현  -1 412 1 140 2 4 539 23김효정49052.067우추보40 56 567525.046.021.7183413174311131713 017 7162118 8 092→↘입13.940.439.913.2297941.939.6116.8118.4 25 47  353   14.80   14.30 6 -5 -6HUUP54.04941814-1.0 4.6 3.6707012 2노릴탄력추입유리 1   0 2 910 910 9 7④1:56.8½    .215.340.013.4 -2 -9  .40 4 6  1  .93594297177 8 2 5 63 2 1.03 6.05 3.4 6.6  3.4    6.6   13.7   64.2  .02052 0 5 5 0   -.340.50  .1338.09118.7 5.7512.2421.73 51322 7.4116.7525.25 6
20250322토 9160010국344 5 93 6 1강 1131맑음건조 4 9 1카우보이탱고    카우보이탱고스텝 6132.00한거 71023 2 2  261      41250국3최봉주임동현  -1 511 2 340 1 4 538 23김효정49958.068우추보87 83 831764.055.029.21533 82067 3131713 017 7162118 8 092↗→입13.937.138.913.2208236.738.9103.3103.0 26 48  355   14.40   13.10 8  3  2NB동54.04941614-1.2 5.2 4.0676712 0추입무난보통걸음 1관 1 7 9   9 8 8 6④1:43.31¼   .714.840.114.3 -1 -1 -.40 4 5  1 1.55264323760 9 4 5 73 1 2.01 4.05 3.1 5.1  3.8    6.4   12.1   10.1  .03953 0 7 6 0    .538.90  .1426.97103.0 7.3917.4729.21 3 81510.4220.1530.46 4
20250126일 9160010국324 5 73 7혼전 4431맑음건조 3 9 1카우보이탱고    카우보이탱고스텝 6132.00한거 71021 9 3  401      41250국3최봉주임동현  -1 610 1 240 2 4 437 21이철경50056.075우추보75 68 681736.050.025.22056 9234515131724 017 7 91923 9 091→→추13.937.238.913.2168236.737.9101.5101.8 23 47  353   14.00   12.90 8  3  1HL동53.94941614 -.4 5.0 4.6595912 0적임교체보통걸음 1기 0 4 7   7 7 6 5②1:41.51¼   .014.438.513.1 -2  1  .10 2 4  1  .2156210 88310 2 3 63 2 2.04 2.04 3.0 7.5  3.8   13.7   25.6   40.412.73357 2 6 5 2    .138.90  .2025.72103.1 6.2916.0825.20 51223 7.7818.8129.06 5
20241201일10160010국453 3103 9 1강 1131맑음포화16 9 1카우보이탱고    카우보이탱고스텝 6132.00한거 61122 1 3  576      41250국4최봉주임동현  -1 7 915 140 1 4 436 22이철경49955.575평추상71 53 531776.069.058.52056 9234515131724 017 7 91923 9 091→→추13.937.239.113.2177537.037.7 99.8102.1 24 45  352   14.00   13.90 5 -8 -1UNUP53.94941614 -.4 6.4 6.0545412 2걸음불변적임교체 1기 2 1 4   4 5 4 3④1:39.8코    .214.037.012.9  1 -5 1.70 4 3 -3  .32379 7107310 3 4 12 1 7.02 2.03 3.5 6.8 10.4   16.5   34.1   16.5  .04479 4 7 9 4★ 1.539.10 -.6725.80103.230.3547.8458.4539597215.4528.4640.38 3
20241026토 81400 9국312 1 63 4 1강 1151맑음다습14 9 1카우보이탱고    카우보이탱고스텝 6132.00한거 61122 9 4  697      41250국3최봉주임동현  -1 8 814 640 1 4 435 22이동하50456.090평추상57 56 565348.049.025.52535142367191317 0 017 7232619 9 091↘→선13.937.438.713.2168536.738.6 86.3 87.6 25 43  454   14.00   13.80 4  4  1VL동53.94941414  .0 5.6 5.6606012 0걸음불변급하락세 1   0 9 7     5 4 3④1:26.3¾    .814.038.213.9 -2 -1  .90 4 6  1 1.2 835211153 9 2 6 82 1 1.07 1.07 1.7 4.9  1.7   33.6   39.6   50.7  .01948 0 5 5 0    .038.20  .1911.4588.66 7.6314.1925.45 1 612 8.0617.0026.91 5
20240929일101400 8국354 2 53 4혼전 4431맑음건조 4 9 1카우보이탱고    카우보이탱고스텝 6132.00한거 61123 9 4  772      41250국3최봉주임동현  -1 9 713 540 1 4 434 23코지  50555.591평추상41 37 374022.048.017.82648112367191317 0 017 7252619 9 091↘→선13.937.438.713.2188737.338.9 86.9 88.6 26 44  456   13.80   13.50 6  0 -1NN동53.94941412 -.6 5.8 5.2636312 0걸음불변보통걸음 1   0 5 8     7 7 4④1:26.9목    .314.038.713.8 -1  2 1.10 4 5 -3 2.2386332396711 2 9 93 1 1.04 1.02 1.7 3.6  1.7    4.5    6.4    5.1  .01857 0 3 4 0   -.138.40  .3812.5088.66 4.47 9.2517.81 2 5 9 6.2011.5417.9610
20240818일 8140011국323 1 73 2혼전 4431맑음건조 3 9 1카우보이탱고    카우보이탱고스텝 6132.00한거 61224 2 5  879      41250국3최봉주임동현  -110 612 440 1 4 433 24트레보50356.561우추보58 55 554310.047.018.21975 02464 61317 0 017 7233218 9 091→↘입13.937.338.713.2288737.738.1 87.6 89.0 27 46  454   14.10   13.0013 -5  0NL동53.94941412 -.4 4.6 4.2727212 0걸음관심보통걸음 1기 1 5 7    10 9 7⑥1:27.6머리 1.213.837.913.5 -2  3  .80 6 8  5 1.8548410274211 3 8 93 1 4.05 4.03 2.8 4.5 10.8   49.9  125.0  179.5  .02743 0 3 3 0   -.238.60  .4413.0288.59 4.8411.2218.16 2 5 9 2.38 5.8311.8710
20240519일 6140010국343 1 43 5혼전 4441맑음양호 7 9 1카우보이탱고    카우보이탱고스텝 6132.00한거 61225 2 6 1128      41250국3최봉주임동현  -111 511 340 8 4 432 25문정균50056.571우추하46 52 526219.054.021.52180 7 617 51317172317 7131823 9 091→→추13.937.338.713.2298537.438.0 87.2 88.7 28 48  452   14.30   13.00 5  7 -1VNUP53.94941412-1.6 5.4 3.8787812 2걸음불변보통걸음 1기 21010     7 7 6⑤1:27.21    1.214.137.813.0  2 -7  .80 5 3 -7 1.44169 91441 8 2 7 8013 1.07 9.07 1.7 3.9  1.7   15.7   23.1   17.412.72862 2 4 4 2    .438.60  .3612.6788.59 4.4512.1921.47 1 512 3.2810.0016.01 8
20240414일 8120014국354 1103 5혼전 4431맑음건조 4 9 1카우보이탱고    카우보이탱고스텝 4726.00한거 61225 2 7 1234      82500국3최봉주임동현  -112 4101140 7 4 431 25문정균50757.074우추보96 94 946147.057.014.61950 81840 51317172317 7131823 9 091↗→추13.937.538.013.2329737.938.3 74.5 76.6 29 50  454   13.90   13.10 6 -6  2HBDN53.94941412-3.0 4.8 1.8878712-2뒷심문제최적거리 1   0 313    141413⑪1:14.5목    .914.337.613.0  1  7 1.701110  8 1.3678131534814 7 614312 8.0911.08 3.2 8.5 18.9  214.7  501.0  677.910.52959 0 7 6 0    .438.20  .68 1.1475.78 3.29 8.5514.60       3.45 9.5214.8812
20240302토10140011국314 6 63 7혼전 4441맑음다습10 9 1카우보이탱고    카우보이탱고스텝 6132.00한거 61323 1 7 1375      41250국3최봉주임동현  -113 3 9 240 6 4 330 23문정균50055.073우추상82 81 816953.061.029.31950 81840 51317172317 713182310 090↗→추13.937.338.713.2278737.038.2 87.1 87.8 26 48  452   13.80   12.90 4  6  2LNUP53.84931412-3.0 5.6 2.6777712 2추입무난보통걸음 1   0 9 6     9 7 4②1:27.11     .013.938.013.1  0 -1  .50 2 2 -4  .2125112108411 2 3 4311 7.0211.09 1.8 5.4 16.2   34.1   89.9   13.5  .03968 1 7 7 1    .838.40  .1411.7688.59 9.8520.0729.26 9213310.9121.7431.25 4
20240203토 9120012국354 2103 6혼전 4441맑음양호 7 9 1카우보이탱고    카우보이탱고스텝 4726.00한거 61320 1 8 1442      41250국3최봉주임동현  -114 2 81040 5 4 229 20문정균50153.076평추상97 95 954757.056.024.02042103150171317172317 713182311 089↘↗추13.937.638.013.2219737.337.6 74.3 75.2 23 45  550   13.80   13.00 5 -8 -3HHDN53.84921412-3.2 6.4 3.2737312-1승부최상최적거리 1기 1 3 7     9 9 4②1:14.33     .013.837.312.9 -4  7  .60 2 6  4  .5185211127812 5 1 6310 5.0611.03 3.8 8.7  9.0   46.2  108.4  299.910.53459 0 7 6 0    .537.70  .37 -.4375.84 6.1014.2424.02 51222 7.7514.6322.80 6
20231225월 7130011국531 7 33 9혼전 4422맑음다습12 9 1카우보이탱고    카우보이탱고스텝 6132.00한거 51017 2 8 1564      33000국5최봉주임동현  -115 1 7 640 4 3 228 17문정균49455.577평추상57 64 648562.079.056.92042103150171317172317 7131823 0 099↘↗추13.937.938.713.2189337.038.1 80.8 81.3 19 43  048   13.80   13.20 5  8 -2VNUP53.64921412-3.0 7.4 4.4676712 1걸음관심승부최상 1기 211 6     1 1 1①1:20.81¼  -.213.838.113.0 -1  7  .20 1 2 -5  .0 32015 49410 2 3 11 9 2.0111.10 1.6 2.8  4.9    2.8    8.1   39.010.64992 4 8 9 4★ 2.038.80 -.62 4.6983.0326.6745.8656.9132526416.4431.2546.77 2
20251116일 9160010국3 1 3  6 2 3강 3337           9 2금빛천하        퍼지    금빛공주 5236.00한수 5 425   1    017:00 41250국3박윤규퍼플라인 2 016 11124 2 1 524 25임기원   53.078평자상50 55 551743.039.016.42343111747 9181812 01611253216672211→↘선13.536.239.712.27335                   35 61 1339   14.00   14.00 4 -7 -1HHDN53.94791812 -.6 4.8 4.2626214-2주행평범급하락세68관 0 2                            14.0    14.0                                 4 5 2 7  2                                            11.21616-3 5 5-3▽ -.939.70  .51     103.0 2.92 7.6516.42 3 81712.6624.2439.38 3
20251019일11180011국452 5106 4 3강 3324맑음포화16 9 2금빛천하        퍼지    금빛공주 5737.00한수 5 426 2 1   67      41250혼3박윤규퍼플라인 2 115 5 224 1 1 523 26임기원49954.076평자하40 26 264011.048.018.22343111747 9181812 01611253216751313→↘선13.539.740.812.2692338.641.3118.3120.3 36 64  941   14.40   13.50 5  3  0BHUP53.94771812  .0 3.8 3.8626214 2주행평범거리속성50관 1 9 1 1 1 3 2 3⑤1:58.3½    .214.040.414.0 -4  3  .70 5 9  6  .479 5723275 5 6 9 92 1 1.0410.05 4.2 9.2  4.2   14.0   26.4   18.0  .01650 0 3 2 0   -.241.40  .1639.75118.7 4.7011.0118.21 2 613 3.06 6.6412.7710
20250914일 71600 8국430 3 86 5 3강 3332맑음다습13 9 2금빛천하        퍼지    금빛공주 5236.00한수 5 427 2 1   69      41250국4박윤규퍼플라인 2 214 41024 2 1 522 27마이아49654.093우자하59 58 581766.059.039.63753201747 91818351816113530 9751313↘→선13.536.939.312.2335536.139.2100.4102.9 43 67  552   14.30   13.60 4  2  1NNDN53.94771812  .0 3.6 3.6686814-2주행평범기수영향68기 0 6 7   7 6 6 4④1:40.45    1.414.438.413.5  1  1 1.80 4 3  0 1.44422362137 7 3 3 42 2 2.05 7.08 2.7 4.1  2.9   19.1   29.9   43.711.21944 0 6 8 0    .639.30 -.2126.70103.211.6724.4639.6410223610.5823.7637.63 4
20250817일10180011국353 5106 7 1강 1151맑음양호 7 9 2금빛천하        퍼지    금빛공주 5737.00한수 5 428 2 1   65      41250국3박윤규퍼플라인 2 313 3 124 1 1 521 28마이아49553.593우자보75 67 677177.062.043.03753201747 91818351816113530 9751313↘→선13.540.439.912.2256839.940.5118.5119.4 45 60 1050   14.00   13.30 4 -4  1HNUP53.94771812 -.6 3.8 3.2757514 2주행평범거리속성81관 1 4 2 4 4 6 6 5④1:58.56    1.114.340.213.6  1-10  .70 4 3 -2 1.36138544354 9 1 5 22 1 4.0210.05 3.6 7.7  7.2   11.7   34.5   22.212.03084 2 7 7 2   1.040.60 -.3439.06118.714.5529.6943.0220405611.2522.3733.09 4
20250720일 8160010국314 6 66 6혼전 4431맑음포화17 9 2금빛천하        퍼지    금빛공주 5236.00한수 5 530 2 1   50      41250국3박윤규퍼플라인 2 412 2 924 3 1 520 30김용근50553.082우자상91 89 891765.052.035.32149101747 9181835331611292517751313↗→선13.536.938.912.2327238.037.5101.2102.1 47 63 1158   13.90   13.60 6  2  1LN동53.94771712 -.4 3.4 3.0757514 0유망전력작전마주48관 1 8 4   4 5 5 5⑥1:41.22     .614.038.013.3  1 12  .50 6 5  1 1.52098 63063 8 1 2 52 3 1.09 2.10 1.6 4.0  1.6   22.5   27.4   30.510.53548 2 8 7 2    .138.90  .1026.25102.910.5123.9635.33 8172815.2928.7340.07 3
20250608일 81600 9국342 4 46 6 1강 1131맑음건조 3 9 2금빛천하        퍼지    금빛공주 5236.00한수 5 526 2 1  102      41250국3박윤규퍼플라인 2 511 1 824 2 1 419 26김용근49352.082우자보75 78 781769.042.019.52149101747 918183533161129251786 014↗→선13.536.738.912.2457236.938.1101.3101.5 44 61 1156   13.70   14.40 5 -1  0NU동54.14741712-1.4 4.4 3.0757514 0적임교체작전마주44관 0 6 4   4 3 3 2②1:41.31     .013.938.813.6 -2 -5 -.30 2 4  0  .2 876131783 5 1 3 52 2 3.04 7.06 1.8 3.5  7.1   16.3   38.9    9.6  .03136 0 6 7 0   -.538.90  .5725.89102.8 3.61 9.4619.45 6152811.0225.3234.99 4
20250504일 7160010국442 4 96 9 2강 2231맑음다습14 9 2금빛천하        퍼지    금빛공주 5236.00한수 5 527 1 1  127      41250혼3박윤규퍼플라인 2 610 1 724 1 1 418 27김용근49852.082우자보95 85 851789.064.067.72149101747 918183533161129251783 017↗→선13.537.038.912.2277235.540.9101.2102.8 47 71  659   14.00   12.90 4  4 -6NU동54.54701712-1.2 4.6 3.4737314 0트립손실적임교체 1기 1 7 2   2 2 2 2③1:41.2¾    .213.740.714.4 -1 11 1.20 3 4  2  .346 5836372 7 2 1 11 1 5.01 1.09 3.4 6.4 12.7   29.6   71.7   33.7  .04484 3 8 9 3☆  .938.90 -.7326.89103.028.4854.8467.7132526431.5851.0658.42 1
20250405토 81600 9국550 5106 6혼전 4431비  포화17 9 2금빛천하        퍼지    금빛공주 5236.00한수 5 529 1 2  220      33000혼4박윤규퍼플라인 2 7 9 2 624 2 1 417 29해리카48758.067우자상89 88 881750.054.040.61538 8 933 218181628161119251283 017↗↘입13.537.138.912.2207236.638.1100.2101.4 50 69  656   14.20   13.40 4 -4  0HL동54.54701712-1.4 4.8 3.4777714 0적임교체작전마주 1기 0 3 4   4 3 4 3③1:40.23     .514.037.812.9  1  4  .90 3 2 -2  .6 758131170 8 1 2 32 2 6.0410.02 3.1 7.5  7.1   28.8   62.2   34.810.53156 0 7 6 0    .438.90 -.1425.41103.013.4227.7340.56 6152517.2431.5843.42 1
20250309일 7160010국412 4 16 8 2강 2231맑음양호 8 9 2금빛천하        퍼지    금빛공주 5236.00한수 5 625 2 2  295      33000국4박윤규퍼플라인 2 8 8 1 524 1 1 316 25해리카48358.067우자하63 64 641752.055.045.11538 8 933 218181628161119251283 017↗↘입13.537.138.912.2197236.738.0101.7101.9 47 67  753   14.40   13.60 2  2  4NBUP54.54701712 -.8 4.4 3.6717114 4과중분패적임교체 1기 0 7 7   7 6 5 3②1:41.76     .014.238.713.4 -2  6  .00 2 4  1 1.01764111182 8 3 3 33 1 1.04 1.07 1.5 2.8  1.5    9.4   12.3    9.1  .04449-1 6 7-1△  .538.90 -.2325.90103.014.4830.1145.05 9213310.9921.8639.33 3
20250223일 7120011국521 4 76 7혼전 4441맑음건조 3 9 2금빛천하        퍼지    금빛공주 1133.00한수 5 626 9 2  337      33000국5박윤규퍼플라인 2 9 7 4 424 1 1 315 26김성현47754.069우자상97 94 948453.063.034.21550 5 933 218181724161116251983 017→→입13.537.437.812.2329737.039.0 76.0 76.0 50 71  757   14.00   13.40 4  1  2NNDN54.54701712-1.6 4.4 2.8767614-4적임교체안정전력 1관 1 5 7     6 5 7⑤1:16.01¼   .714.439.013.6  2 -2 -.10 5 3 -6 1.24836554457 8 1 2 52 1 1.07 1.06 2.4 3.2  2.4   41.7   61.7   20.910.53182 0 7 5 0    .838.20  .30  .8475.6110.0922.5834.19 8172813.3327.0340.40 4
20250126일 8160010국454 7 56 7혼전 4431맑음건조 3 9 2금빛천하        퍼지    금빛공주 5236.00한수 5 1   9 3  402      33000국4박윤규퍼플라인 210 6 3 424 1 1 2 0  0이상규47952.563우자보53 44 4417  .057.027.014 0141450 91818 5 0161112231483 017↘→입13.537.138.912.2197536.537.7102.1100.9 46 69  854   14.60   13.5050  3 -4HU동54.54701712  .0 3.0 3.0737314 0주행평범적임교체 1기 0 4 8   8 3 3 2②1:42.18     .014.038.813.4 -7 -8-1.10 2 9  4 1.4 248 8 38510 2 7 52 1 2.09 1.04 2.3 3.4  3.6   51.5   93.8  183.8  .04453 0 5 7 0    .338.90  .1924.90103.0 5.9915.9526.99 81728 7.6915.0033.77 6
20240203토 7160010국451 3 56 6혼전 4431맑음양호 7 9 2금빛천하        퍼지    금빛공주 5236.00한수 4 723 1 8 1444      33000국4신삼영퍼플라인 211 5 2 324 1 1 213 23문정균48756.077강자보96 92 921749.049.020.8204210 633 0 91017 010 213182383 017↘↗추13.537.138.812.2217936.739.1103.8102.6 50 75  858   13.60   12.8013 -5  3UN동54.54701712 -.2 2.6 2.4767614 0걸음불변작전마주 1관 0 1 5   5 3 6 5⑤1:43.8머리  .514.039.313.8  0 11 -.70 5 5  2 2.13862394364 8 1 2 72 1 1.03 8.04 2.6 4.4  2.6    7.5   11.2   29.310.52054 0 7 5 0    .038.80  .3926.66103.0 5.3110.8520.76 3 817 8.5517.8625.14 5
20231105일 61600 9국450 5106 5 1강 1131흐림다습12 9 2금빛천하        퍼지    금빛공주 5236.00한수 3 825 1 9 1719      33000국4신삼영퍼플라인 212 4 1 224 5 1 212 25송재철47653.577강자하87 78 781766.052.031.71936 71671 3 910223010 218262180 020↗↘입13.536.838.812.2397937.837.1103.5101.9 45 73  955   13.90   13.50 4 -3  0NH동54.74691712 -.4 3.0 2.6767614 0트립손실작전마주 1기 1 6 2   2 2 2 2③1:43.51     .013.638.212.8  0 -3-1.50 3 3  1  .31698 21684 5 1 4 51 5 5.02 3.05 3.6 5.7  6.5   10.7   27.5   12.9  .03547 0 7 6 0    .238.80  .2626.27102.8 7.4719.4331.71 61528 9.0220.5133.04 6
20231008일 7160010국550 8 56 2 1강 1131맑음다습12 9 2금빛천하        퍼지    금빛공주 5236.00한수 3 927 110 1815      33000국5신삼영퍼플라인 213 3 6 124 4 1 211 27송재철47953.584강추상99 91 911767.044.023.61326 51938 9 910223010 218262180 020↘↗입13.536.838.912.2397936.938.6103.1102.6 50 80 1060   13.50   13.00 5  7 -3LHUP54.74691712 -.4 3.8 3.4686814 2기습선행탐색우려 1기 1 9 4   4 3 4 3③1:43.15     .813.939.213.5  1 -3 -.90 3 2 -1  .84173243258 2 3 2 62 4 3.01 1.07 2.0 4.6  5.0    4.6   10.3    6.1  .03119-2 6 4-2   -.338.90  .4026.93102.9 6.4113.9523.57 5122314.6328.5743.82 3
20230903일 6140010국513 6 66 6 1강 1141맑음다습13 9 2금빛천하        퍼지    금빛공주 5236.00한수 3 020 110 1901      22000국5신삼영퍼플라인 214 2 5 324 3 0 210 20송재철48256.084강추하96 90 908884.065.044.51326 51938 9 910223010 218262175 025↘↗입13.637.038.612.2438736.738.0 86.7 87.4 44 78 1156   14.00   13.80 4 -3  1UNUP54.44661712  .0 3.6 3.6686814 1트립손실거리탄력 1기 1 2 1     1 1 1①1:26.7목    .013.537.513.0 -2  5  .70 1 3  1  .0 631 9 382 7 2 1 41 3 3.01 2.10 1.5 4.1  7.1    4.9   19.2   17.5  .03580 1 8 7 1   1.238.60  .0011.8488.3215.5731.4744.45 8223515.5032.3942.86 4
20230806일 6130011국541 7 96 7 2강 2231맑음건조 2 9 2금빛천하        퍼지    금빛공주 5236.00한수 3 022 110 1986      22000국5신삼영퍼플라인 215 1 4 324 2 0 2 9 22송재철47755.584강추상86 94 948983.063.041.61326 51938 9 910223010 218262175 025↘↗입13.637.438.612.2499537.638.4 82.5 82.1 50 75 1363   13.80   13.10 6 -2  2NNDN54.44661712  .0 3.6 3.6646414-1유망전력거리속성 1기 3 5 2     3 4 4③1:22.53     .514.038.913.8  1  9 -.60 3 2 -1 2.31552252469 5 1 4 42 2 1.04 4.06 2.3 4.1  2.3    5.2    7.5    5.6  .03579 2 8 5 2    .939.40  .16 6.1182.6512.3827.8541.57 9213314.6931.7045.57 4
20251116일 9160010국3 1 3  1 3 3강 3337           9 3와일드삭스      한센    엠파이어 6330.00한수 6 923   1    017:00 41250국3이관호김창식   2 016 2 14510 4 643 23조상범   52.056평추보50 44 4417 8.036.015.01270 6224713211216182416132018143650→→입13.736.840.013.34028                   28 35  833   14.30   13.90 4 -6 -3HUUP54.14631812 -.8 7.4 6.6434313 2걸음불변보통걸음35기 0 3                            14.3    13.9                                 8 6 9 8 17                                              .01924 0 2 4 0   -.840.00  .11     103.5 2.43 6.9315.00 2 613 2.53 7.2715.06 8
20251018토 9140011국353 3101 3혼전 4431흐림포화19 9 3와일드삭스      한센    엠파이어 6330.00한수 6 923 2 1   80      41250국3이관호김창식   2 115 11245 9 4 642 23조상범47454.556평추보38 30 3026 7.032.0 6.11270 6224713211216182416132018143650→→입13.737.139.013.3375537.540.1 88.0 90.2 28 36  833   14.00   13.40 7  6  2BNUP54.14631812-1.6 7.4 5.8515113 2걸음불변보통걸음57기 0 911    111110⑧1:28.0목   2.314.339.013.9 -2  2 1.50 810  1 2.4817571812010 41111316 2.08 6.07 3.1 7.0  3.8   52.4   74.1  164.8  .01521 0 2 3 0  -1.339.10  .6914.0888.66  .72 2.10 6.12 0 2 5  .75 3.72 7.6311
20250831일10120010국414 1 61 5혼전 4421맑음포화17 9 3와일드삭스      한센    엠파이어 6925.00한수 6 924 9 1  108      41250국4이관호김창식   2 214 31645 8 4 641 24조상범47253.058평추상75 66 665818.047.014.31270 6224713211216182416132018143650→→입13.737.437.913.3289237.738.6 74.3 76.5 29 37  834   14.00   13.70 6 -1  0HHDN54.14631812-3.2 7.8 4.6636313-2직전복병보통걸음34기 0 3 8     910 9⑧1:14.37    2.014.037.613.4 -1 -3 2.00 8 9  2 2.6657445602310 1 7 9015 1.03 5.01 1.6 4.6  1.6    4.7    6.3   89.7  .02651 0 4 4 0   -.238.30  .82 1.2075.67 3.09 7.9614.26 1 4 8 2.44 7.0914.3611
20250720일10140011국423 3 71 4혼전 4421맑음포화16 9 3와일드삭스      한센    엠파이어 6330.00한수 61025 2 1   89      41250국4이관호김창식   2 313 21145 7 4 640 25조상범47553.056평추하57 47 4727 7.034.0 9.51270 6224713211216182416132018143650→→입13.737.139.013.3395537.038.9 86.4 88.3 30 41 1135   14.20   12.70 4 -3 -1HHUP54.14631812-3.0 8.4 5.4595913 2걸음불변보통걸음38기 0 4 7     6 6 5⑤1:26.4목    .814.038.413.7 -2 -1 1.20 5 7  1 1.03045353054 5 5 810214 2.0410.08 1.9 3.7  3.7   13.4   25.8    6.9  .01931 0 2 2 0  -1.138.70  .6112.2488.66 1.12 4.00 9.46 0 2 5  .92 4.65 9.0110
20250621토 8120011국354 3101 6혼전 4431흐림포화17 9 3와일드삭스      한센    엠파이어 6925.00한수 61025 2 1   73      41250국3이관호김창식   2 412 11545 6 4 639 25조상범47653.558평추상79 73 736729.048.016.81270 6224713211216182416132018143650→→입13.737.537.913.3229138.137.4 74.3 75.9 31 36 1133   13.90   13.80 4 -2 -1NHDN54.14631812-4.4 9.4 5.0575713-2직전복병선추겸비58기 0 710    101010⑧1:14.3½   1.114.237.012.7  2  3 1.20 8 6  1 1.14789 7334311 1 7 9013 4.0710.08 3.6 7.3  6.4   56.0   83.7   82.712.73064 2 5 6 2   -.138.00  .68  .4975.72 4.04 8.6016.78 2 5 9 5.8012.6921.27 9
20250525일101400 9국443 2 91 8 1강 1131맑음양호 8 9 3와일드삭스      한센    엠파이어 6330.00한수 61026 2 1   61      41250국4이관호김창식   2 511 51045 5 4 638 26조상범47354.556평추상38 33 335322.058.030.31270 6224713211216182416132018153154→→입13.737.039.213.3424336.739.3 87.1 88.1 31 40 1126   14.30   13.00 5 -2  1VNUP54.14631812-4.210.0 5.8505013 2최고선전탄력호조37기 0 9 7     6 6 4④1:27.12     .513.938.713.8 -1  2  .90 4 5 -5  .92231473363 8 4 7 6212 3.02 1.02 3.2 5.8  5.5    7.2   18.6   16.0  .04356 0 4 5 0△  .738.70  .0011.9388.73 7.7618.2230.27 51223 4.9110.6819.35 7
20250420일11120011국344 2 91 3혼전 4421맑음양호 8 9 3와일드삭스      한센    엠파이어 6925.00한수 61027 2 1  165      41250국3이관호김창식   2 610 41445 4 4 637 27조상범47154.058평추상43 55 553825.048.014.71270 6224713211216182416132018173350→→입13.737.537.913.3218737.938.0 74.7 76.3 32 41 1226   14.10   13.30 5  5 -2VN동54.14621812-2.6 9.6 7.0444413 0뒷심문제급하락세 1기 01110    10 8 6④1:14.73     .714.337.313.0 -6 -2 1.30 410 -1  .9568321455511 3 810311 2.01 3.04 2.7 5.7  3.6    5.7   10.1    8.2  .02939 0 4 4 0   -.238.10  .74  .8975.72 3.40 8.5414.73 1 4 8 5.0412.8519.79 8
20250315토 8120011국333 4 81 4 1강 1143맑음양호 6 9 3와일드삭스      한센    엠파이어 6925.00한수 61125 2 2  283      41250국3이관호김창식   2 7 9 31345 3 4 536 25조상범47356.059평추보24 23 2328 6.037.012.41040 81850 8211216182416132018173350→→입13.737.537.913.3209137.638.2 75.3 76.0 30 42 1227   14.30   13.30 9 -2  2NB동54.14621812-1.4 8.4 7.0444413 0마방선전보통걸음 1기 0 6 8     8 8 6②1:15.311    .014.137.913.3 -9  4  .50 211  1 1.9467027398010 1 8 8310 3.11 7.06 2.4 6.3  4.9  130.3  193.0  623.1  .02437 0 2 2 0   -.838.10  .82  .6075.72 1.78 5.4812.40 2 5 7  .93 3.7910.5411
20250112일10120011국324 1 71 6혼전 4431맑음건조 3 9 3와일드삭스      한센    엠파이어 6925.00한수 61125 2 3  444      41250국3이관호김창식   2 8 8 21245 2 4 535 25조상범46954.060평추상31 31 314014.046.017.41250 8346122211216182416132018173350→→입13.737.537.913.3229138.238.3 75.3 77.0 31 44 1328   14.00   13.90 4  5  0LNDN54.14621812-1.0 7.4 6.4525213-2마방선전마방선전 1기 0 8 7     8 9 9⑨1:15.33    1.514.337.713.3 -1 -1 1.20 910 -1 2.1768931633111 1 7 70 9 7.05 1.02 2.1 3.6 16.3   79.1  222.6  328.6  .02455 0 3 5 0   -.338.40  .68 1.6375.72 4.17 9.7017.38 41118 4.30 9.5215.0010
20241215일10140011국354 3101 6혼전 4441맑음양호 8 9 3와일드삭스      한센    엠파이어 6330.00한수 51126 2 3  533      41250국3이관호김창식   2 9 7 1 945 1 4 534 26조상범47054.059평무보56 39 393716.047.013.01250 8346122211216182416132018173350→→입13.736.939.113.3515136.940.3 89.4 89.8 32 45 1329   14.00   13.30 3  1 -1HN동54.14621814  .4 6.6 7.0494913 0마방선전마방선전 1기 0 3 7     6 6 6⑥1:29.46    1.514.039.813.9 -5 -4  .50 611  3 1.57443757232 6 810102 8 7.04 9.01 4.711.0 11.0   30.5   50.9   37.3  .02651 1 4 7 1   -.239.20  .5713.7588.59 2.68 7.2313.01 1 4 8 3.36 7.2414.2511
20241124일10140011국453 1 51 6혼전 4451맑음건조 4 9 3와일드삭스      한센    엠파이어 6330.00한수 51227 2 3  598      41250국4이관호김창식   210 6 4 845 1 4 533 27정우주47455.066평추보40 35 354622.057.026.4173313346122211220 82416173013173350→↘입13.736.939.013.3535537.239.0 87.6 88.8 33 47 1330   14.00   13.60 6 -9  1HN동54.14621812 -.6 6.4 5.8606013 0주력우수마방선전 1기 0 2 7     9 9 8⑧1:27.61¾  1.714.037.913.3  0  0 1.00 8 8  0 1.74462374229 9 710 50 1 3.0511.08 3.0 4.6  6.4   25.0   44.0   26.8  .02358 0 4 7 0    .439.00  .2912.8688.52 6.3816.1326.41 51322 7.3413.2219.89 7
20241012토10140011국354 1101 5혼전 4441맑음건조 3 9 3와일드삭스      한센    엠파이어 6330.00한수 51228 2 4  739      41250국3이관호김창식   211 5 3 745 7 4 532 28조상범47454.562우추보78 82 8250  .055.021.112 0122041 6211216182416132018173350↗→입13.736.839.013.3575537.738.5 87.8 89.6 34 48 1428   13.50   12.40 2  3  1VN동54.14621812-2.6 7.0 4.4717113 0주력우수주력우수 1기 011 8    101111⑩1:27.81    1.614.038.213.6  2  5 1.0010 8    1.77282193930 5 7 4 80 7 5.03 6.04 3.0 7.8  9.2   16.6   35.9  146.7  .02653 0 7 7 0    .339.30  .4813.8388.45 5.0312.9021.11 3 814 8.7415.6535.48 8
20240929일101400 8국354 2 51 6혼전 4431맑음건조 4 9 3와일드삭스      한센    엠파이어 6330.00한수 51228 9 4  772      41250국3이관호김창식   212 4 2 645 6 4 532 28조상범46954.062우추보79 81 816259.059.027.412 0122041 6211216182416132018173350↗→입13.736.839.113.36151                   34 48 1428   14.00   13.00 6  5  2VN동54.14621812-2.6 8.2 5.6656513 0마방선전주력우수 1기 1 8                    경제    14.0    13.0     0 1.17                      5 7 2 50 6 1.04 1.02 1.7 3.6  1.7    4.5    6.4    5.1  .02668 1 8 7 1    .639.10  .26     88.52 9.3517.5927.40 81728 7.7519.2329.18 5
20240818일 8140011국323 1 71 7혼전 4431맑음건조 3 9 3와일드삭스      한센    엠파이어 6330.00한수 51225 2 5  879      41250국3이관호김창식   213 3 1 645 5 4 431 25조상범46952.563평추보67 68 685633.053.025.01017 9267015211216182416132018183645→↗입13.736.739.213.3664737.537.2 86.4 87.8 32 46 1425   13.80   13.30 3 -1  0HH동54.24611812-3.2 8.8 5.6595913 0마방선전마방선전 1기 1 3 9     9 7 4②1:26.43     .014.037.013.0 -3 -5  .80 2 5  0  .61377 1 381 4 8 5 73 5 4.05 4.03 2.8 4.5 10.8   49.9  125.0  179.5  .02562 1 5 7 1    .239.00  .3211.9288.52 6.7616.0724.98 41118 3.9713.3320.58 9
20240728일11140011국414 2 61 6혼전 4441맑음다습11 9 3와일드삭스      한센    엠파이어 6330.00한수 51326 9 5  923      41250국4이관호김창식   214 2 5 545 4 4 430 26조상범47452.563우입하49 49 495018.055.021.11017 9267015211216182416132018183645→↗입13.736.939.113.3555137.538.2 87.0 88.6 33 48 1522   14.30   15.20 5  2 -1HHDN54.24611812-4.8 9.4 4.6676713-4걸음불변마방선전 1기 0 4 8     9 9 9⑥1:27.0목    .313.838.013.3  1  5 1.10 6 5 -2  .94077122470 8 6 8 73 4 1.1011.07 1.9 6.8  1.9   25.0   42.2  124.6  .02255 1 4 5 1    .338.90  .3612.6488.59 4.5712.3721.06 51322 2.27 7.0312.8411
20240623일 7180010국351 9101 5혼전 4451맑음포화16 9 3와일드삭스      한센    엠파이어 4831.00한수 51327 2 6 1022      41250국3이관호김창식   215 1 4 145 3 4 429 27조상범46953.065평입상88 77 773649.047.019.514 0152189 9211216182416132018183645→→입13.740.340.213.3325538.643.5120.2120.0 35 50 1223   13.80   12.40 5 -5  1HNUP54.24611812-4.0 9.6 5.6585813 4선전만회최근최상 1트 1 2 5 5 3 7 7 8⑨2:00.2목   2.014.343.815.2  2 -1 -.10 9 7  0 2.375 3958435 9 8 4 80 3 2.01 7.09 3.2 5.3  4.4    5.3   11.4  192.0  .01938 0 7 6 0   -.140.80  .1139.45118.7 4.59 9.8419.51 1 612 9.0117.3226.12 5
20251116일 9160010국3 1 3  3 4 3강 3337           9 4라라케이        한센    화려한비 6330.00한수 42323   1    017:00 41250국3송문길강경운   2 012 1 111 2 3 013 23김정준   52.076기추적50 46 461732.051.029.4264817283917282525 4282315212433 067→↘자13.936.938.911.43051                   43 43  057   14.60   14.70 9  0  0VUUP55.04592012 1.4 5.2 6.6454510 2탄력늘어조교부실23관 0 4                            14.6    14.7                                 9 1 7 4  2                                              .02649 1 5 7 1    .138.90  .24     102.9 6.8918.0629.41 82031 7.5919.3930.12 5
20250913토101400 8국441 2 43 4 3강 3341맑음포화17 9 4라라케이        한센    화려한비 6330.00한수 42525 2 1  164      41250혼3송문길강경운   2 111 4 211 1 3 012 25김정준47252.076기추적17 40 406325.053.030.4264817283917282525 4282315212433 067→↘자13.937.238.411.4336837.540.5 87.7 89.9 50 50  067   14.40   14.20 6 -1 -1VUUP55.04592012  .6 4.6 5.2626210 2걸음불변급하락세42기 0 4 7     7 6 8⑧1:27.73    2.614.639.414.7  3 -4 1.50 8 5  3 2.77675798714 6 1 6 50 1 2.04 6.07 1.8 3.4  4.1   15.9   25.9    5.9  .02253 1 5 5 1    .238.90  .3714.3088.32 6.8618.2130.38 71425 5.7115.7624.74 6
20250802토 8120010국334 2 83 5혼전 4431맑음건조 3 9 4라라케이        한센    화려한비 6925.00한수 42727 1 1   99      41250국3송문길강경운   2 210 3 61110 3 011 27유승완47653.078우추보60 70 706550.056.033.11444 528391728253024282316262333 067→↗입13.937.437.511.4319537.339.4 76.3 77.1 50 50 1767   13.60   14.20 4  0 -2NH동55.04592012  .4 4.0 4.4686810 0걸음불변작전마주43기 0 510     9 7 9⑨1:16.36    2.314.439.314.2  7 -2  .49 9 2  0 2.4785269681411 1 3 5010 4.0310.11 3.3 6.1  9.9   10.9   24.6  129.9  .02368 0 7 7 0    .438.50  .50 2.2175.45 9.8322.0133.06 8172812.8223.0832.78 3
20250706일 8120010국324 2 73 6혼전 4421맑음건조 3 9 4라라케이        한센    화려한비 6925.00한수 43030 1 1   67      41250국3송문길강경운   2 3 9 2 511 9 3 010 30유승완47855.078우추보69 76 767861.062.031.51444 528391728253024282316262333 067→↗입13.937.437.511.4319236.739.0 75.1 76.1 50 50 1767   14.10   12.90 8 -1  3NN동55.04592012  .4 4.0 4.4686810 0걸음관심작전마주48기 1 5 6     6 5 5⑥1:15.1½    .713.638.814.2  4  6  .79 6 2 -2 1.0562661445711 1 3 42 9 1.03 4.03 1.8 2.6  1.8    7.2   10.5   22.612.72879 2 8 7 2    .838.20  .56 1.2275.4510.4321.4531.46102236 9.3819.3228.78 4
20250510토 9120011국344 4 93 6혼전 4421흐림불량20 9 4라라케이        한센    화려한비 6925.00한수 4 1   2 1  154      41250국3송문길강경운   2 4 8 1 411 8 3 0 0  0유승완47252.578우추하90 93 9375  .053.020.91444 528391728253024282316262333 067→↗입13.937.537.511.4309237.837.7 73.5 75.7 60 60 2060   14.10   13.2046 -2 -5NUDN55.04592012  .4 4.0 4.4686810-8걸음불변작전마주 1   0 6 8     8 8 7⑤1:13.51¼   .514.136.712.9  1 10 2.00 5 4 -3  .9407914336410 1 2 83 8 9.10 8.09 2.7 6.8 25.2  343.6  557.6  354.310.52064 0 7 6 0    .238.00  .79  .7075.50 5.1812.7220.86 2 5 9 7.5014.3428.82 8
20240616일 8200014국442 8 43 3혼전 4431맑음건조 5 9 4라라케이        한센    화려한비 4831.00한수 33737 2 6 1043     385000국O송문길강경운   2 5 7 7 111 7 3 0 8 37유승완46257.091강추하46 37 373131.041.016.13742193148 628253024282316262333 067→↘입13.939.640.211.4426840.341.3135.2135.7 75 75 2575   14.10   13.80 5 -2  0LLUP55.04592012  .3 3.3 3.5838310 2걸음불변기수영향 1   0 8151514151512⑧2:15.29    3.114.942.415.1  1  0 -.80 8 7 -2 4.69687748618 9 911103 7 2.0312.01 2.1 3.8  4.5   15.9   26.2  188.3  .01616-2 4 4-2   -.540.40  .2755.90131.4 4.04 9.1316.07 1 3 7 4.0210.9816.1910
20240512일 8180014국431 3 83 7혼전 4431맑음다습13 9 4라라케이        한센    화려한비 4831.00한수 34242 2 6 1147     550000국O송문길강경운   2 6 6 6 111 6 3 0 7 42유승완46257.091강추하55 74 747161.055.025.73742193148 628253024282316262333 067→↘입13.940.439.311.4339339.841.0118.3119.1100100 33**   13.70   13.6016  4  5BBUP55.04591812 -.3 1.3 1.0989810 4승부최상최근최상 1   010 7 7 7101310⑪1:58.3머리 1.414.140.513.8  2 -7 1.1011 9  8 1.7553270563513 7 6 50 610.05 5.09 2.8 5.1 47.5  288.2 1183.9  180.6  .03452 0 7 7 0    .440.60  .2139.38118.4 7.2017.0625.72 71425 4.2910.3914.16 8
20240120토10140010국454 6 53 9혼전 4441비  포화16 9 4라라케이        한센    화려한비 6330.00한수 36060 2 8 1485      41250국4송문길강경운   2 7 5 5 111 5 3 0 5 60유승완47152.086강추하85 91 918486.072.042.42558 924521028253024282316262333 067↘→입13.937.238.111.4329637.039.2 87.2 88.6100100 33**   14.10   13.1011  1 -3LUUP55.04591412 -.5 1.5 1.0979710 2전개최상승부최상 1기 2 6 7     7 6 7⑤1:27.2¾    .713.738.813.6  4  7 1.01 5 1  0  .7384743396011 2 4 10 5 3.09 5.09 2.5 4.8  5.6  173.6  283.6  146.210.54494 4 9 8 4★ 1.538.60  .2313.3088.1118.4532.1142.3732526417.4529.8937.67 3
20231105일 8120013국614 5 63 8혼전 4421흐림다습12 9 4라라케이        한센    화려한비 6925.00한수 26666 1 9 1717     110000국6송문길강경운   2 8 4 4 311 4 2 0 3 66유승완46355.080강추하99 96 969279.072.027.22338211745 928253024282316262350 050↗↘입13.937.137.811.4619937.237.6 73.7 74.8100100 50**   13.60   12.70 4 -4  0LU동55.04581210  .0 1.0 1.0****10 0걸음관심전개최상 1   0 511    11 9 2①1:13.75    -.814.137.413.1  0 -5 1.00 1 1  0  .01048 9 99710 1 7 43 4 1.07 5.04 1.5 6.9  1.5   10.2   11.8   71.410.54486 2 8 8 2▲ 1.538.10  .67 -.0975.45 9.8319.1127.21 81728 8.3718.1322.77 5
20231008일 8120011국634 3 33 8혼전 4431맑음다습12 9 4라라케이        한센    화려한비 6925.00한수 2     110 1814     110000국6송문길강경운   2 9 3 3 211 3 2 0 2  0유승완46855.088강추보99 99 9988  .072.033.51937 41929 928253024282316262350 050→↗입13.937.837.811.4 39937.237.5 73.9 74.9100100 50**   14.40   11.60 6  5  0BU동55.04581210         1.0    10 0전개최상추입유리 1   0 9 6     6 6 4③1:13.93     .513.637.212.7  2  8  .89 3 1 -1  .51151 7 86210 3 2 53 3 2.0310.11 1.5 2.9  4.7   13.4   26.3    3.510.53486 3 9 8 3☆ 1.537.40  .08 -.7475.8411.5522.9233.50 81728 5.5211.6132.32 9
20230827일 8120012국644 3 93 9혼전 4411맑음다습12 9 4라라케이        한센    화려한비 6925.00한수 2     910 1919      82500국6송문길강경운   210 2 2 111 2 1 0 1  0유승완46055.088강선보93 35 3596  .068.023.51937 41929 928253024282316262399 0 0→↗입13.936.838.011.9899938.535.9 73.8 74.5100100100**   13.90   12.10 8  3  0VUUP55.04551210         1.0    10 2승부최상전개최상 1   0 412    121210①1:13.82    -.314.435.811.6 -1  5  .60 1 2  1  .0 595 1 592 8 311 73 2 2.05 4.10 2.3 6.1  5.2   21.8   38.1   42.512.74481 2 8 7 2▲ 1.138.30  .81 -.3475.39 6.7514.3223.51 51322 5.3911.1527.65 9
20230702일 11000 9국631 5 33 9혼전 4435맑음다습10 9 4라라케이        한센    화려한비 6925.00한수 2 0 0 111 2076      33000국6송문길강경운   211 1 1 111 1 0 0 0  0유승완45555.089평무보   35 3540  .071.055.8334625254717282530242823162623      →→입    37.137.8        36.636.5 61.0 60.3              13.80   13.80 4  0  0NL동       10 0                 0 0걸음불변승부최상 1기 3 1 2     2 2 1①1:01.08   -1.413.936.512.1  0  0 -.40 1 1  0  .0 117 6 398 1 1 5 11 1 1.03 1.07 2.0 3.1  2.0    6.2    8.7    6.210.66291 4 7 9 4★ 1.637.30 -.56-14.662.7125.3242.9655.7532526412.1623.2340.87 2
20251116일 9160010국3 1 3  3 3 3강 3337           9 5세인트루카      위드디스터치어펀 2428.00한수 61114   1    017:00 41250국3서인석김재성b  3 016 2 834 5 4 134 14조인권   53.065평자보50 48 481715.047.024.81635101837 91911221818 9232413186418↗↘선13.736.739.513.34451                   31 41 1434   13.80   14.60 6 -3 -2NH동54.34741813  .2 5.6 5.8474717 0탄력늘어보통걸음64기 2 5                            13.8    14.6                                 7 4 5 5 12                                              .02638 1 4 5 1   -.239.50  .15     103.2 6.2715.0724.78 71425 3.8010.9118.53 7
20251004토 9160010국350 4 53 3 2강 2231맑음다습10 9 5세인트루카      위드디스터치어펀 2428.00한수 61215 1 1   91      41250국3서인석김재성b  3 115 1 734 4 4 133 15조인권48255.065평자보54 50 501713.039.018.01635101837 91911221818 9232413186418↗↘선13.736.839.513.3385135.742.2102.6104.6 32 43 1136   13.80   13.50 3  6  1NN동54.34741813  .0 5.0 5.0555517 0걸음불변보통걸음76기 2 8 4   4 3 4 8⑨1:42.62½  1.813.841.214.6  2 -1 1.50 9 7  3 2.18710939030 8 5 7 7011 4.01 4.01 2.8 4.7  7.4   11.7   28.0   27.5  .02229 1 4 4 1   -.639.50  .2728.27103.2 3.30 9.4517.99 3 817 1.31 5.6312.44 8
20250914일 61600 8국440 2 43 4 1강 1131맑음다습13 9 5세인트루카      위드디스터치어펀 2428.00한수 61215 2 1   48      41250국4서인석김재성b  3 214 4 634 3 4 132 15조인권48354.565우입상67 58 581748.052.043.71635101837 91911221818 9232413186418↗↘선13.736.639.613.3484737.138.7101.2102.5 33 48 1133   14.00   13.60 4 -1  2HN동54.34741813  .0 4.4 4.4646418 0걸음불변보통걸음44기 1 2 1   1 2 2 3④1:41.2코    .913.838.513.5  0 -2  .80 4 4 -2 1.23081243752 3 4 3 3110 1.07 8.06 2.0 3.7  2.0   20.1   29.0   32.2  .02632 1 6 7 1    .239.60 -.3026.25103.212.6029.5443.7314284210.8723.0836.40 3
20250816토 91600 8국321 3 23 4혼전 4431맑음다습10 9 5세인트루카      위드디스터치어펀 2428.00한수 61216 2 1   75      41250국3서인석김재성b  3 313 3 534 2 4 131 16조인권48553.065우입보65 74 741738.051.026.71635101837 91911221818 9232413186418↗↘선13.736.539.613.3534737.638.4102.7102.8 35 46 1219   13.90   14.90 8 -2 -1HH동54.34741813  .2 3.6 3.8717117 0걸음불변보통걸음48기 0 3 2   2 2 2 5⑤1:42.71½  1.014.038.913.6 -1 -1 -.60 5 6  3 1.04193174150 3 5 3 61 9 2.01 9.08 1.7 2.2  3.3    2.2    5.0    4.6  .02646 1 6 6 1    .139.60  .1526.71103.1 6.4716.1926.65 51322 8.8918.2831.14 7
20250622일111600 8국353 8 53 6 2강 2233맑음다습12 9 5세인트루카      위드디스터치어펀 2428.00한수 61316 2 1  127      41250국3서인석김재성b  3 412 2 434 1 4 130 16조인권48654.065평입보62 52 521720.046.034.91635101837 91911221818 9232413206020↗↘선13.736.639.613.3494736.639.8103.3102.8 32 40 1228   14.60   14.20 7 -5  0NHDN54.44731813 -.2 3.6 3.4737314-2강단마필보통걸음58기 1 5 6   6 5 4 5③1:43.3½    .013.941.014.9  0  6 -.40 3 3 -5  .74248595982 6 2 3 42 8 4.01 7.01 1.9 4.7  9.5    8.8   25.2   10.9  .03245 2 5 5 2   -.139.60 -.0926.57103.2 9.1319.0634.93 92133 6.7614.5726.67 5
20250503토10180011국313 4 63 7혼전 4441맑음포화18 9 5세인트루카      위드디스터치어펀 9431.00한수 61317 1 1  134      41250국3서인석김재성b  3 511 1 634 1 4 129 17임다빈48054.080우입보98 96 967159.059.033.12049 61837 9191114 018 9152324206020↘→추13.740.140.213.3565540.940.7117.1119.6 33 46 1325   14.00   13.60 4  5  1BN동54.44731813 -.2 2.6 2.4878714 0안정전력강단마필 1기 110 8 8 9 8 8 8⑧1:57.15    2.314.640.014.2  0 -4 1.60 8 8  4 2.96872647427 8 3 1 30 1 1.06 7.01 1.8 5.1  1.8    7.6   10.0   30.510.53279 2 8 7 2    .740.90 -.1239.30118.7 9.4720.9733.07122843 9.3521.4631.28 4
20250405토10180010국451 3103 6 1강 1131비  포화19 9 5세인트루카      위드디스터치어펀 9431.00한수 61417 1 2  218      41250혼3서인석김재성b  3 610 2 534 1 4 128 17조인권48453.569평입하64 57 573743.051.033.1 940 21438 61911221818 9232413206020→↗선13.740.140.013.3566839.840.3113.9116.4 35 43 1326   14.10   14.80 4 -2  0NH동54.44731813-1.0 3.4 2.4878714 0걸음불변안정전력 1기 1 5 2 3 4 4 3 3⑤1:53.9½    .414.039.413.6  1  2 1.90 5 4  3  .5 231533770 5 3 4 42 7 1.06 2.08 3.3 6.1  3.3   32.5   59.4  193.712.02956 2 6 6 2    .240.50 -.0636.30118.6 9.6422.5333.07 8223511.7620.7333.33 6
20250309일101800 9국453 4 53 7 1강 1141맑음양호 8 9 5세인트루카      위드디스터치어펀 9431.00한수 61418 2 2  292      41250혼3서인석김재성b  3 7 9 1 434 1 4 127 18유승완48253.584평입보94 97 976877.047.030.92133 81438 61911161118 9162623206020→→입13.740.040.213.3565939.442.3118.2120.0 35 43 1326   14.20   14.30 4  5 -4NH동54.44731813 -.6 4.2 3.6808014 0승부최상거리속성 1기 0 7 5 4 5 3 2 4⑤1:58.2½   2.114.142.814.8  4 -4  .32 5 1  0 2.17718887727 5 2 1 52 7 4.07 3.02 3.1 4.5  6.6  106.3  199.5   87.1  .03465 0 7 5 0   -.141.10 -.0439.83118.6 7.9716.5930.89 6152519.7837.2951.92 3
20250209일 7180011국550 9103 9 1강 1159맑음건조 4 9 5세인트루카      위드디스터치어펀 9431.00한수 61115 1 2  381      33000국5서인석김재성b  3 8 8 4 334 1 3 126 15마이아48657.093평입보83 82 828993.074.084.13563221438 6191142 018 93530 9225622↗↘선13.740.040.113.3566439.040.2118.6117.5 32 41  927   15.00   13.70 5  1  0HLUP54.14711813-1.0 5.2 4.2737314 1뒷심문제승부최상 1기 0 2 1 2 2 4 2 1①1:58.62    -.414.241.314.3  0  3-1.50 1 1 -1  .011 8501496 2 1 1 12 1 1.06 2.08 3.3 7.0  3.3   13.9   20.9   20.5  .04497 3 9 9 3☆ 1.840.80-1.2137.35118.642.8869.4084.1039597242.7068.9779.70 1
20250105일 9170011국511 2 63 6 1강 1121맑음양호 7 9 5세인트루카      위드디스터치어펀 2428.00한수 61212 1 3  467      33000국5서인석김재성b  3 9 7 3 634 4 3 025 12조인권48357.072평입상88 89 898286.066.041.81843133158151911221818 9232413225622↗→선13.739.540.713.3657240.040.2111.8112.6 29 38 1029   14.50   13.30 4 -6  4UB동54.14711813-1.2 6.0 4.8636314 0뒷심문제거리속성 1기 0 1 9 9 8 8 6 3②1:51.87     .015.040.013.7  0  5  .10 2 2 -1 1.22854302978 5 3 1 23 6 1.02 8.01 1.7 4.7  1.7    4.7    6.6   53.212.02975 2 8 8 2   1.341.50  .0232.43113.216.1529.8741.8112253921.1434.2947.06 2
20241208일 8170010국451 5103 5혼전 4421맑음다습13 9 5세인트루카      위드디스터치어펀 2428.00한수 5 8 8 2 3  556      33000국4서인석김재성b  310 6 2 534 3 2 024  8조인권47853.072평입보74 75 756153.057.050.51843133158151911221818 9232413255025↗→선13.739.440.813.3696839.839.6110.5111.8 25 35 1025   14.60   13.20 4 -1  1NNDN54.24701813-2.6 7.4 4.8636314-1뒷심문제급하락세 1기 0 7 4 4 5 5 4 1①1:50.53    -.514.538.613.3 -2  2  .80 1 3  0  .0 848141093 3 4 3 12 5 3.04 7.08 2.7 5.7  5.4   14.7   29.8   12.4  .02956 1 8 9 1    .541.40 -.1931.57113.219.9437.6150.5432526421.4337.8850.21 1
20241109토 91800 8국450 3 53 4 1강 1151맑음양호 6 9 5세인트루카      위드디스터치어펀 9431.00한수 5 8 8 2 4  652      33000국4서인석김재성b  311 5 1 234 2 2 023  8조인권47652.084평입상54 44 444141.039.017.41846 72148 61911221818 9232413295714↘↗선13.739.940.613.3623940.738.4118.1118.1 21 32 1121   14.50   13.30 5 -3  0VU동54.54701813-2.4 7.6 5.2545414 0걸음불변급하락세 1기 1 8 5 5 5 8 7 3③1:58.1¾    .014.638.213.2  0  4  .30 3 3 -5  .32567 51180 1 8 6 73 4 2.04 3.07 2.7 4.9  3.7   12.1   18.5   18.3  .01435 0 5 5 0   -.740.90  .1837.56118.7 3.32 9.4417.39 2 613 7.4419.1832.21 4
20241005토10180011국542 5 43 5혼전 4459맑음건조 3 9 5세인트루카      위드디스터치어펀 9431.00한수 5 9 9 1 4  761      33000국5서인석김재성b  312 4 3 134 1 2 022  9조인권47252.084평입하32 24 242626.050.029.21846 72148 61911221818 9232413335017↘↗선13.740.240.513.3384739.939.3118.3118.3 22 33 1122   13.80   14.60 7  7  0VUUP54.94691813-2.4 6.8 4.4535314 2걸음불변거리늘어 1기 011 4 4 5 5 4 3⑤1:58.3머리  .414.539.013.3 -3 -4  .00 5 8  3  .73233221269 3 8 9 42 3 1.02 2.07 2.7 2.6  2.7    2.6    4.9   60.3  .02051 0 5 5 0    .040.70 -.1537.61118.810.6018.2629.24102236 8.7717.1427.39 7
20240818일 7160010국551 4103 3 1강 1131맑음건조 3 9 5세인트루카      위드디스터치어펀 2428.00한수 5 9 9 2 5  880      33000국5서인석김재성b  313 3 2 334 1 2 021  9이용호47652.070평입상74 57 571724.046.023.720 014204314191113 018 9191620335017→↘선13.737.039.613.3275135.740.8102.9103.2 24 35  624   14.00   13.50 5 -5  0HU동54.94691713-2.8 6.4 3.6606014 0걸음불변보통걸음 1기 0 4 3   3 3 2 4⑦1:42.91¼   .713.840.214.6  2 -4  .00 7 5 -2 1.86110826554 7 4 5 60 1 4.06 9.02 2.3 5.7  6.7   57.8   85.0 1218.1  .02242 1 4 5 1   -.239.60 -.0126.63103.4 6.0914.6423.72 51223 7.3215.9522.90 6
20240713토 9160010국410 2 63 6혼전 4431맑음양호 9 9 5세인트루카      위드디스터치어펀 2428.00한수 51010 2 5  973      33000국4서인석김재성b  314 2 1 234 1 2 020 10조인권48052.081평입상71 54 541729.050.026.73360142043141911221818 9232413404020↗↘선13.737.039.613.3285136.339.3101.2102.6 25 38  625   13.70   14.20 5  5  0LU동55.54671713-1.6 6.0 4.4595914 0걸음불변보통걸음 1기 3 9 3   3 4 4 6⑤1:41.22     .914.038.813.5 -2 -3 1.20 5 7  0  .94039443848 8 8 7 52 2 1.06 5.02 1.6 4.1  1.6   11.9   13.9   14.212.73249 2 5 6 2    .139.60 -.0826.01103.4 6.9517.1326.68 81728 7.7716.0426.77 7
20240609일 7160010국540 4 43 4 3강 3331맑음다습10 9 5세인트루카      위드디스터치어펀 2428.00한수 51010 2 6 1065      33000국5서인석김재성b  315 1 2 134 1 2 019 10송재철48352.082평입하53 38 381732.057.034.9214310193112191114 018 9182621404020↗→입13.737.139.713.3215136.339.4103.2102.6 27 40  727   13.60   14.20 7  0  1HNUP55.54671713 -.2 4.8 4.6525214 2교체실패보통걸음 1기 1 4 3   3 5 5 4④1:43.21¾  1.213.739.814.2 -3  0 -.40 4 7  4 1.34134473845 6 6 8 52 3 3.02 2.10 2.5 3.8  4.9    7.2   14.3    4.211.82849 2 5 7 2    .439.70 -.3625.83103.5 9.1122.2334.88 71425 3.9011.8118.27 8
20251116일 9160010국3 1 3  5 3 3강 3337           9 6스타체인저      레볼루셔그레이스 5137.00한암 41521   1    017:00 41250국3심승태전영애   1 016 1 918 1 3 119 21이혁     52.087평입보50 53 531735.045.023.01529 61129 7 82012 012 82721194357 0↘↗선13.435.940.412.89218                   47 24 4112   13.70   13.8010  1 -1NHUP52.74751712-2.0 7.8 5.8565617 4주행평범보통걸음45기 0 6                            13.7    13.8                                 2 9 4 6  1                                            11.21644 0 5 5 0   -.440.40  .15     103.2 5.8912.9122.99 3102010.1319.3930.12 6
20250906토 4120012국424 1 75 3혼전 4421흐림다습13 9 6스타체인저      레볼루셔그레이스  832.00한암 4 1   1 1  191      82500국O심승태전영애   1 115 4 818 1 3 1 0  0김태훈48953.074평입하80 85 8534  .042.0 6.01943101129 7 82014 012 81125194357 0↘→입13.436.839.112.8772836.239.5 73.6 75.8 50 25 3813   13.80   12.80 6 -4  1NNDN52.74751712-2.4 6.8 4.4626217-4걸음불변보통걸음 5   0 511     6 6 8⑩1:13.6코   1.213.738.413.8 -2 -5 2.101012  5 1.841 5723844 91310140 1 2.0110.03 2.1 4.6  4.0    4.6    9.8   18.2  .01430-1 5 4-1   -.738.70  .72 -.1076.00  .91 2.91 5.99       4.48 9.1617.1912
20250727일12160010국433 2 35 4 1강 1131맑음건조 3 9 6스타체인저      레볼루셔그레이스 5137.00한암 41723 9 1   88      41250국4심승태전영애   1 214 3 818 6 3 117 23김정준49452.076우입상69 78 781770.049.026.22648171129 7 820 91412 81521244357 0→↘자13.436.340.512.8641635.843.3105.6106.4 53 33 33 7   13.60   13.80 5  2  0LH동52.74751712-3.0 7.2 4.2727217 0걸음불변기수영향 5트 0 9 1   1 1 3 8⑨1:45.61½  4.313.544.315.8  2  3  .00 9 7  2 5.297139796 5 4 9 3 5111 6.01 4.05 1.7 3.1 18.2   12.1   33.2  140.3  .01632 0 7 7 0    .040.50 -.1429.59103.5 7.3014.4526.19 6152812.3124.0337.61 4
20250621토 71600 8국353 8105 8 3강 3331흐림포화17 9 6스타체인저      레볼루셔그레이스 5137.00한암 41818 2 1   94      41250국3심승태전영애   1 313 2 718 5 3 016 18김정준49152.076평입상58 65 651770.063.061.12648171129 7 820 91412 81521245050 0→↘자13.436.440.512.8601436.638.7101.2102.2 50 43 36 7   13.40   14.70 5  4  0NH동52.84721712-1.8 7.6 5.8616117 0전력변화탄력호조 5트 0 7 3   3 3 4 3②1:41.24     .013.639.213.8 -3 -1  .50 2 5  0  .62250262485 4 8 3 1210 2.05 3.07 3.4 6.3  3.9   12.0   20.6   13.012.24356 1 7 9 1△  .940.50-1.0225.25103.624.0545.3761.1236546921.0534.5748.43 2
20250517토 9160010국353 9 55 2 1강 1131흐림포화16 9 6스타체인저      레볼루셔그레이스 5137.00한암 42020 2 1   93      41250국3심승태전영애   1 412 1 618 4 3 015 20김정준49252.076평입상27 44 441738.041.015.22648171129 7 820 91412 81521245050 0→↘자13.536.540.612.8561436.740.1102.7102.6 46 38 31 8   13.70   14.40 5 -4  0HH동52.84721712-1.4 6.8 5.4626217 0주행평범급하락세34트 0 3 2   2 2 2 2③1:42.7¾    .113.440.514.7 -2 -6 -.20 3 5 -5 1.43960657278 710 6 81 9 1.03 2.08 2.4 4.8  2.4    6.5   10.3   19.2  .01612-3 5 7-3▽ -.840.60 -.0225.48103.7 2.81 7.4015.19 3 817 5.9713.3924.86 6
20250412토 9160010국414 5 65 4혼전 4431비  양호 8 9 6스타체인저      레볼루셔그레이스 5137.00한암 42121 2 1  198      41250혼3심승태전영애   1 511 4 518 3 3 014 21김정준49852.076우입상55 58 581727.049.020.82648171129 7 820 91412 81521245050 0→↘자13.536.440.612.8591636.040.4102.5103.4 50 42 33 8   13.60   13.40 6  5  0NHUP52.84721712-1.2 5.8 4.6686817 4주행불만기수영향 1트 0 7 3   3 4 4 3⑤1:42.5머리  .413.741.214.4 -5  7  .20 510  3 1.16722746567 410 7 72 8 1.02 5.02 1.4 3.7  1.4    3.7    4.7   44.4  .01638 0 4 5 0    .040.60 -.1226.44103.6 5.4610.9820.79 21017 5.8312.8820.83 9
20250301토 9120011국313 1 65 4 3강 3341흐림건조 3 9 6스타체인저      레볼루셔그레이스  832.00한암 42323 1 2  324      41250국3심승태전영애   1 610 3 718 2 3 013 23김정준49152.071우입상49 56 564317.048.014.118431510 012 820 91412 81521246040 0↘→자13.537.138.812.8524736.738.7 74.2 75.9 55 45 36 9   14.50   13.10 7 -8  0HH동53.04681712 -.8 5.0 4.2727217 0주행평범기수영향 1트 0 2 3     3 3 3③1:14.21     .213.638.113.4 -4 10 1.30 3 7 -2  .54225452770 611 6112 7 1.04 4.03 1.7 4.6  1.7    5.5    8.2   44.9  .01650 0 4 5 0   -.138.40  .49 -.0276.00 2.89 6.6914.13 0 1 5 3.88 8.4315.54 9
20250112일10120011국324 1 75 6혼전 4431맑음건조 3 9 6스타체인저      레볼루셔그레이스  832.00한암 42525 2 3  444      41250국3심승태전영애   1 7 9 2 618 1 3 012 25김정준48152.066우입보71 69 695022.051.021.01671 8 7 0 6 820 91412 81521246040 0↗↘자13.536.939.013.1674338.137.9 74.8 76.5 60 50 40 0   14.00   14.10 2  3  1BNDN53.04681712 -.2 3.4 3.2777717-4강단마필단기승부 1기 010 9    10 8 6⑧1:14.8½   1.014.537.313.1 -1  5 1.20 8 9  2 1.66487184745 610 3 60 6 7.05 1.02 2.1 3.6 16.3   79.1  222.6  328.6  .03259 0 5 4 0    .038.80  .29  .6376.00 5.9711.6820.98 51322 8.6015.8724.00 6
20241228토10160010국313 6 65 7혼전 4431맑음건조 4 9 6스타체인저      레볼루셔그레이스 5137.00한암 32727 9 3  500      41250국3심승태전영애   1 8 8 1 418 2 3 011 27정우주47651.566강입하66 72 721741.051.026.8173313 7 0 6 82013 012 81730136040 0→↘입13.535.940.813.1891437.139.2103.8103.1 67 56 44 0   13.40   14.6012  3  1NN동53.04681712-1.4 3.2 1.8888817 0강단마필강단마필 1기 1 7 6   6 6 710⑩1:43.8½   1.714.040.414.1  3  0 -.7010 7  5 1.85783426033 110 6 60 4 1.04 4.02 1.6 5.9  1.6    7.1   10.1   55.0  .03247 0 7 8 0    .240.80 -.1226.42103.4 7.3717.1426.82 3 815 7.8917.9528.69 6
20241006일 8160010국452 1105 7혼전 4431흐림건조 3 9 6스타체인저      레볼루셔그레이스 5137.00한암 33030 1 4  752      41250국4심승태전영애   1 9 7 2 318 1 3 010 30정우주47651.063강입상95 96 961757.060.030.81464 6 9 0 8 82013 012 81730136040 0↘→입13.535.840.813.1931435.641.1101.7104.2 67 56 44 0   13.70   13.80 4  0 -4HU동53.04681712-2.4 4.6 2.2888817 0강단마필강단마필 1기 0 4 1   1 1 2 4⑨1:41.71¾  1.213.439.914.6  7 -5 1.49 9 2  1 1.883 9857240 110 1 61 3 1.07 5.09 3.1 9.1  3.1   22.5   36.9   67.610.53273 1 8 8 1    .640.80 -.1827.60103.4 9.7919.2730.81 5132210.7819.5326.89 5
20240907토11160010국452 5105 5 1강 1131맑음다습11 9 6스타체인저      레볼루셔그레이스 5137.00한암 32222 2 5  822      33000국4심승태전영애   110 6 1 218 1 2 0 9 22김정준48154.583강입상91 94 941788.065.068.5246710 929 6 820 91412 81521245050 0↘↗자13.535.940.813.1881436.538.9102.4102.1 63 50 50 0   13.50   13.60 7  3  4HL동52.64651712-1.6 4.8 3.2828217 0선전만회강단마필 1기 0 4 2   2 2 2 2①1:42.4코    .013.739.313.8  0  5 -.50 1 1 -4  .02250322980 110 1 11 5 1.02 4.02 2.7 5.3  2.7    5.3    9.4   12.9  .03088 0 8 9 0▲ 1.240.80-1.1025.36103.434.0155.8968.4938597126.2642.5154.19 1
20240721일 7160010국520 2 75 6혼전 4431맑음포화16 9 6스타체인저      레볼루셔그레이스 5137.00한암 31212 2 5  946      33000국5심승태전영애   111 5 2 118 2 1 0 8 12정우주47651.063우입상83 89 891754.057.038.11550 6 929 6 82013 012 81730133367 0→↘입13.636.040.813.1851435.339.8100.3102.0 57 43 43 0   13.70   13.9016 -1  0UUDN53.24611712-1.0 5.0 4.0676717-1적정체중선행유리 1   0 1 1   1 2 2 1①1:40.32½  -.413.538.813.6 -4 20 1.40 1 5  2  .019 3581990 110 2 31 2 5.02 1.05 1.9 3.4 12.1   26.0   53.6   38.410.52857 0 8 8 0    .440.80 -.4325.17103.512.1025.8238.1316334818.7532.9544.09 2
20240330토 4170011국513 8 65 4 3강 3311맑음다습14 9 6스타체인저      레볼루셔그레이스 5137.00한암 3 0 0 9 7 1293      24750국5심승태전영애   112 4 1 118 1 0 0 6  0정우주46351.058평입보82 90 906530.044.022.51050 41733 7 82013 012 8173013 099 0↘↘입13.639.241.913.1861838.840.7111.1111.5 50 33 33 0   13.60   13.60 3 -5 -3UUUP54.34601712-2.0 6.8 4.8595912 5전력변화단기승부 1   0 2 1 1 1 1 1 1①1:51.12    -.413.741.013.9 -2 -7  .00 1 3  2  .0 5 6461195 210 2 51 1 3.01 2.10 1.3 4.9 11.1    6.1   21.3   22.311.22352-2 6 4-2   -.641.60  .0130.40113.8 5.3313.5522.48 8172810.0020.1432.47 5
20240310일 1120010국642 7 45 8 2강 2239맑음건조 4 9 6스타체인저      레볼루셔그레이스  832.00한암 3 0 0 2 7 1351      16500국6심승태전영애   113 3 6 518 4 0 0 5  0김정준47054.076평입상88 89 896987.069.063.72253131733 7 820 91412 8152124 099 0↘↘자13.636.839.413.1782037.038.2 75.9 74.9 40 20 40 0   13.70   13.50 3 -5  0NN동54.34601212-1.8 7.0 5.3525212 0뒷심부족탄력호전 1기 0 7 2     2 2 3③1:15.9½    .113.638.713.6  2  3 -.80 3 1 -5  .41236251784 5 6 1 21 4 2.03 2.06 1.9 3.2  3.4    8.5   15.9    4.4  .03371 0 8 8 0▲ 1.438.40-1.12-1.2776.1725.5647.4063.7319395727.7847.5147.86 1
20240218일 1120012국652 6105 6혼전 4431흐림다습11 9 6스타체인저      레볼루셔그레이스  832.00한암 3 0 0 2 8 1417      16500국6심승태전영애   114 2 5 418 3 0 0 4  0김정준46754.065평입상56 70 706837.068.046.01880 71680 6 820 91412 8152124 099 0↗↘자13.636.939.413.1721636.438.6 75.6 74.7 25  0 25 0   13.60   14.50 5  7 -1VN동54.54531212 -.7 6.7 6.0414112 0주행불만탄력호전 1기 012 3     3 2 2③1:15.61     .013.738.913.5 -3 14 -.60 3 6 -2  .1 810421589 5 8 4 32 3 3.01 3.08 2.3 5.7  5.3    7.0   14.7   25.3  .03366 0 6 7 0   1.138.30 -.65-1.5976.2317.7632.4146.01325264 9.5920.4525.27 7
20240114일 2120011국611 9 65 3 2강 2243비  다습12 9 6스타체인저      레볼루셔그레이스  832.00한암 3 0 0 2 8 1502      16500국6심승태전영애   115 1 4 318 2 0 0 3  0김정준45354.565하입보46 50 504217.046.021.31880 71680 6 820 91412 8152124      ↗↘자13.836.939.513.1751436.639.9 77.5 75.9  0  0  0 0   13.80   14.40 7  1  1NL동       1212-1.0 7.0 6.0272712 0뒷심부족보통걸음 1기 0 5 3     3 4 2③1:17.5¾    .013.640.814.5 -5 -3-1.10 3 8  2  .34217786083 3 5 4 52 2 1.02 9.07 1.5 3.9  1.5    3.9    5.7   25.3  .02036 0 5 2 0   -.338.60  .01 -.5176.28 4.9311.6821.28 61525 6.3313.5822.18 6
20251116일 9160010국3 1 3  3 9 3강 3337           9 7서부특송        경부대로미러클라 7332.00한암 42531   1    017:00 41250국3서인석부준혁  -4 016 1 116 1 4 116 31씨씨웡   53.089기선적50 44 441761.065.059.03055101837 9193926 018 92024226040 0→↘자13.136.140.413.17831                   43 43 50 0   13.50   15.50 3  6 -1NHUP53.24981714  .4 6.2 6.6454517 2마방연대마방연대48기 0 7                            13.5    15.5                                 310 8 2  2                                            10.93972 3 6 8 3▲ 1.240.40 -.79     103.324.0044.4758.9619405711.3924.2438.22 4
20251026일 9140011국414 1 63 8혼전 4431흐림양호 7 9 7서부특송        경부대로미러클라 7332.00한암 42633 9 1   47      41250혼3서인석부준혁  -4 115 81216 1 4 115 33유승완49553.579평도보32 23 238439.065.037.21444 51837 9193916 018 91626236040 0→↗입13.136.539.913.1782836.141.9 88.8 90.6 46 46 46 0   13.30   14.80 5-11 -2UN동53.24981714 -.2 5.0 4.8616114 0마방연대마방연대64기 0 1 3     2 3 5⑩1:28.82½  2.613.541.615.5  3-12 1.1010 7 -4 2.688 6948614 21010 31 1 2.10 9.11 2.1 6.7  6.1  145.5  249.9  207.212.73384 2 6 8 2▲ 1.039.80 -.3114.2388.8613.5926.1637.15142842 5.3114.0422.75 7
20250921일 8140014국444 1 93 9혼전 4431맑음다습13 9 7서부특송        경부대로미러클라 7332.00한암 42835 2 1   69     275000국4서인석부준혁  -4 214 71116 1 4 114 35마이아50755.093우도보49 64 647474.072.044.43753201837 9193942 018 93530 96040 0↘→선13.136.539.913.1823536.041.5 87.8 90.0 58 42 42 0   13.50   14.40 7  2  2BB동53.24981714 -.4 3.4 3.0797914 0승부최상마방연대 5   012 6     5 5 9⑩1:27.82½  3.213.340.414.8 -1 -2 1.801011  8 3.680 69280 6 714 6 20 1 5.01 7.04 2.5 7.0 14.1   12.9   35.6   27.910.63490 1 8 8 1☆ 1.439.60 -.5013.6088.8618.4732.5544.3932526411.5421.9429.28 3
20250803일10140011국454 3 53 9혼전 4431흐림건조 3 9 7서부특송        경부대로미러클라 7332.00한암 43030 1 1  109      41250국4서인석부준혁  -4 313 61016 1 4 013 30씨씨웡50953.589우도보72 80 806774.076.049.93055101837 9193926 018 92024226040 0→↘자13.136.539.713.1814736.240.1 88.3 88.9 55 36 5518   13.30   14.50 4  4 -1BN동53.24981714 -.8 3.6 2.8828214 0뒷심부족승부최상36관 010 2     3 3 3②1:28.38     .013.539.614.4 -1  4  .30 2 3  0 1.451 9734578 4 6 4 12 1 1.03 9.10 2.9 5.0  2.9    8.3   14.7    9.212.74491 2 8 8 2☆ 1.739.40 -.5312.7388.7323.0138.7449.9432526414.6328.6939.73 1
20250706일101400 8국454 2 53 9 3강 3321맑음건조 3 9 7서부특송        경부대로미러클라 7332.00한암 43333 1 1   65      41250국4서인석부준혁  -4 412 5 916 1 4 012 33김용근50554.082우도하45 45 457963.071.059.32149101837 9193917 018 92925176040 0↗→선13.136.539.713.1784735.840.2 87.6 88.3 40 40 5030   13.40   15.40 6 -3  0NN동53.24981714-1.0 4.0 3.0767614 0승부최상최적거리72기 0 6 1     2 1 2③1:27.6코    .013.339.714.5  0 10  .40 3 3  1 1.131 3763979 3 6 4 31 1 1.02 7.08 1.8 3.2  1.8    3.2    4.7    6.912.23984 3 7 8 3☆ 1.539.30 -.7712.0788.7322.4442.7259.34194057 9.8023.8139.39 3
20250525일111400 9국443 3 93 9 3강 3351맑음양호 8 9 7서부특송        경부대로미러클라 7332.00한암 43636 2 1  100      41250국4서인석부건영   0 511 4 816 1 4 011 36빅투아49554.087우도보60 61 618373.068.037.12950171837 919 026 018 92028186040 0→↘입13.136.539.513.1815535.842.0 89.4 90.1 50 50 5010   13.40   14.30 6  0  1VNUP53.24981714-1.0 3.4 2.4818114 2걸음불변승부최상50기 0 9 1     2 2 6⑧1:29.45    2.313.441.415.4  6 17  .89 8 2 -5 2.683 3958716 1 3 3 41 3 1.03 2.01 3.2 4.9  3.2    4.9    9.0   23.312.24491 3 8 8 3▲ 1.239.70 -.0614.1388.5912.1525.1137.0810223614.6226.9438.44 3
20250413일11120011국424 4 73 5혼전 4441맑음포화17 9 7서부특송        경부대로미러클라 1430.00한암 4 1   2 1  186      41250혼3서인석부건영   0 610 3 316 2 4 0 0  0조재로47853.080우선보70 67 6775  .053.020.92748131837 919 025 018 91824226040 0↗↘추13.136.738.413.1798237.639.5 75.8 77.5 56 56 5633   13.80   14.5024  8 -3LNDN53.24981714 -.6 4.0 3.4696914-2강단마필보통걸음 1기 0 9 7     7 910⑧1:15.84    1.713.439.214.3  1 -6 1.30 8 7  6 1.88570707729 4 7 7 60 4 1.03 3.06 2.4 4.2  2.4   11.9   15.9   71.0  .03260 0 5 5 0    .239.30  .73 2.4175.56 4.5612.2620.93 3 817 7.9615.8632.17 8
20241027일 9140011국414 1 63 9혼전 4451흐림다습12 9 7서부특송        경부대로미러클라 7332.00한암 33333 9 4  685      33000국4서인석부준혁  -4 7 9 2 716 1 3 0 9 33조재로48456.082우도상94 93 939280.072.057.33058172148 61939255618 91824225050 0↘↘추13.136.639.613.1725136.238.2 85.9 86.8 50 50 5025   13.50   13.90 4 -9  4UB동52.55011714  .0 3.8 3.8656514 0승부최상전개최상 1   0 1 1     1 1 1①1:25.93    -.613.338.113.6  0 -7  .80 1 1 -2  .0 11111 191 4 7 1 11 3 1.02 1.03 1.6 4.6  1.6    4.6    6.0   30.210.54496 2 9 9 2☆ 1.738.90 -.7110.5988.7328.6447.0157.2838597124.0041.5750.81 1
20240929일 9140011국453 3103 9혼전 4451맑음건조 4 9 7서부특송        경부대로미러클라 7332.00한암 32525 9 4  773      33000국4서인석부준혁  -4 8 8 1 616 1 2 0 8 25빅투아49152.080우도상90 89 897773.071.045.12031152148 61939264718 92028186733 0↗→입13.136.639.813.1703936.438.5 86.5 87.3 43 43 4314   13.10   14.10 5  2  0BU동52.75051714  .6 3.2 3.8646414 0승부최상승부최상 1기 110 3     3 2 1①1:26.53    -.613.538.613.9 -2 -6  .50 1 3 -1  .0 51918 592 310 1 12 2 3.0810.09 3.0 6.7  7.4   66.4  110.5  119.810.54998 4 9 9 4★ 1.839.00 -.5210.9488.8621.5535.2545.1419405714.1823.9133.91 4
20240825일 9140011국552 3103 9 1강 1151맑음다습12 9 7서부특송        경부대로미러클라 7332.00한암 31414 2 5  857      24750국5서인석부준혁  -4 9 7 6 516 2 1 0 7 14조재로49752.072평선상71 63 637677.074.078.52267112043141939255618 91824225050 0↗↘추13.536.839.813.1663936.138.5 86.9 86.7 33 33 33 0   13.50   14.30 4  4  0NU동53.05091714  .6 3.6 4.2656512 0승부최상승부최상 1기 0 8 1     1 1 1①1:26.98   -1.513.138.914.1 -3-12 -.10 1 4 -1  .0 1 920 393 2 6 5 11 2 4.02 8.05 4.0 7.8  6.7   14.2   33.3   30.1  .05293 4 7 9 4★ 2.038.60-1.5110.0689.0042.7769.6878.4636546918.9534.7445.76 3
20240727토 31400 9국551 4 53 9 1강 1151맑음포화15 9 7서부특송        경부대로미러클라 7332.00한암 31616 9 5  940      24750국5서인석부준혁  -410 6 5 416 1 1 0 6 16조재로50952.072우입보73 67 677271.073.074.92267112043141939255618 9182422 099 0↗↘추13.536.839.813.1683936.439.6 88.2 88.5 40 40 20 0   13.70   14.00 3 -4 -1HU동54.05081714  .5 3.5 4.0686812 0승부최상승부최상 1기 1 4 1     1 1 2④1:28.2½    .813.539.714.3 -1  0  .30 4 5  1  .83319583654 3 8 5 11 1 2.03 3.06 2.6 4.5  4.1    9.3   17.1    6.3  .04992 4 7 8 4★ 1.839.00-1.4311.8589.0035.9960.4274.9238597116.1631.0043.58 4
20240706토 31400 9국541 5 43 9혼전 4441흐림포화17 9 7서부특송        경부대로미러클라 7332.00한암 32020 1 5  997      24750국5서인석부준혁  -411 5 4 316 2 1 0 5 20장추열50952.593우선하60 56 568964.083.078.2245312204314193938 018 9202622 099 0↘↗입13.536.739.813.1714337.039.2 89.2 88.7 50 50 25 0   13.50   14.8011  4  0NH동54.05081712  .0 3.3 3.3787814 0승부최상승부최상 1기 0 8 3     4 4 6⑤1:29.2¾    .913.739.514.0  1 10 -.30 5 4  2 2.14046443951 2 8 4 22 4 7.01 6.03 1.7 3.3 22.4   13.3   50.9  177.610.64995 4 8 8 4★ 2.339.10-1.4512.1588.9335.1058.4278.2336546921.4337.5048.00 3
20240420토 5140011국554 5103 9혼전 4451비  다습11 9 7서부특송        경부대로미러클라 7332.00한암 32525 2 7 1226      24750국5서인석부준혁  -412 4 3 216 1 1 0 4 25장추열49952.592우선하74 70 708570.074.059.22655 4213516193938 018 9202622 099 0↗→입13.536.739.913.1713936.540.8 89.2 89.4 50 50 25 0   14.30   14.30 4 -4  1HNDN54.05081712 -.5 4.0 3.5797914-3승부최상승부최상 1기 0 4 2     2 2 6⑨1:29.22    1.913.540.614.8  7  2  .39 9 2 -2 2.46422847522 4 8 3 11 3 4.03 3.05 2.9 6.9  7.7   32.1   63.0   91.210.65098 4 9 8 4★ 1.939.30-1.0112.7589.0028.9248.5359.2439597218.6030.9441.69 2
20240324일 8170010국540 6 93 9혼전 4441맑음양호 6 9 7서부특송        경부대로미러클라 7332.00한암 33333 2 7 1300      24750국5서인석부준혁  -413 3 2 116 1 1 0 3 33임기원49752.086우입보75 78 788581.077.060.21423 9213516193923 018 9253216 099 0↗↗선13.539.341.813.1753539.641.0114.0113.0 67 67 33 0   13.50   14.50 5 -1 -1NUUP54.05081712-1.0 7.0 6.0646414 3뒷심부족승부최상 1기 0 8 2 2 3 2 2 3⑥1:54.02½  1.414.341.314.3  2 -4 -.80 6 4  2 2.23937564737 111 4 11 1 1.03 1.07 2.2 6.0  2.2    6.3   11.4   18.810.66299 4 9 9 4★ 2.141.70 -.8731.85113.830.5050.8160.1639597219.6133.7945.00 2
20240217토 4140011국551 9103 9혼전 4451맑음다습12 9 7서부특송        경부대로미러클라 7332.00한암 35050 2 8 1425      24750국5서인석부준혁  -414 2 1 116 2 1 0 2 50장추열50152.592우입보88 84 849487.073.060.62547112044 8193938 018 9202622 099 0↗↗입13.636.539.613.1835136.739.1 89.9 88.1 50 50 50 0   13.60   13.40 6  0 -2LUUP54.05081412         1.0    12 2걸음불변전개최상 1기 1 9 1     1 1 2③1:29.91     .213.539.714.5  1 -7-1.30 3 2  1  .71931392576 1 7 2 11 2 4.06 6.10 4.0 9.8  5.3   31.6   53.3   45.010.66097 4 9 9 4★ 1.639.20 -.7611.9588.6627.5047.6260.5632526429.0746.2449.27 1
20240106토 1120012국650 8103 6혼전 4439맑음포화16 9 7서부특송        경부대로미러클라 1430.00한암 3 0 0 1 8 1536      24750국6서인석부준혁  -415 1 2 216 1 0 0 1  0장추열50854.092평무보47 63 634747.060.048.62547112044 8193938 018 9202622      ↗↗입13.837.239.613.6552536.638.5 75.6 74.5  0  0  0 0   13.80   13.90 5  7  1BN동       1212         6.0    12 0기수신마거리난점 1   0 9 3     4 3 1①1:15.61½  -.213.638.813.4  0 -2 -.50 1 1 -6  .0 619371795 910 1 22 1 1.02 9.10 2.8 5.3  2.8    5.3    9.5   13.312.73379 2 6 6 2    .737.90-1.02-2.2676.5118.7237.0448.63183651 8.5120.9019.43 1
20251116일 9160010국3 1 3  2 7 3강 3337           9 8마루장군        섀클포드나바이어 4530.00한수 33341   1    017:00 41250국3정호익양현모   3 014 4 113 5 4 112 41임다빈   52.080우추보50 53 531758.060.046.42049 62144 7241019202419152324171767↘→추13.536.439.412.45951                   60 70 3030   14.30   13.20 3  0  0NUDN55.85121814 -.6 4.6 4.0616113-2걸음불변작전마주53기 1 8                            14.3    13.2                                 6 2 3 3 10                                              .03658 3 6 7 3    .839.40 -.17     102.915.4732.3046.4316334816.4630.3041.70 2
20251025토 9180011국311 2 12 7 1강 1141맑음건조 5 9 8마루장군        섀클포드나바이어 9528.00한수 33645 9 1   58      41250국3정호익양현모   3 113 3 113 4 4 111 45임다빈51252.080우추상89 85 858890.062.035.12049 62144 7241019202419152324171767↘→추13.540.040.012.4556439.740.1117.3119.4 67 78 3333   13.50   12.70 5 -2 -6NUUP55.85121814-1.2 4.4 3.2727213 4뒷심문제가격혈통63기 1 8 4 4 4 5 5 6⑤1:57.3½   1.414.338.913.2  2 -5 1.20 5 3  0 1.96132412639 6 1 3 42 9 1.04 4.02 1.6 2.9  1.6    6.4    7.9    6.512.03373 2 8 8 2   1.041.00 -.0839.40118.511.3223.3135.12 8223513.8326.7437.90 4
20250920토 6140011국552 3102 8혼전 4431맑음포화16 9 8마루장군        섀클포드나바이어 4530.00한수 34040 2 1   81      33000국5정호익양현모   3 212 2 713 3 4 010 40임다빈51758.080우추상78 79 797764.061.036.82049 62144 7241019202419152324202060↘→추13.536.739.112.7646436.538.3 85.3 87.3 63 75 3825   14.00   13.30 3  2  1LB동55.35101414-1.0 4.0 3.0727213 0승부호기작전마주 5기 110 6     5 5 3②1:25.32     .013.537.612.7 -1  6 1.40 2 3 -2  .4 52314 477 6 1 5 63 8 6.0311.10 3.1 6.5 10.5   21.0   61.5   55.712.72876 2 7 7 2    .738.80  .0611.4788.4511.0923.6836.81 8172815.3128.2738.96 4
20250831일 6140011국411 4 62 6 3강 3341맑음다습13 9 8마루장군        섀클포드나바이어 4530.00한수 34444 9 1   48      33000국4정호익양현모   3 311 1 613 2 4 0 9 44임다빈51157.580우자상86 83 837888.061.029.42049 62144 7241019202419152324252550↘→추13.536.839.112.7626836.938.9 86.2 88.1 71 86 4329   13.60   13.30 6  2  3NB동54.85101414 -.4 3.6 3.2717113 0기습선행승부호기74기 1 8 7     6 6 4③1:26.21½   .214.037.913.3 -2  3 1.50 3 5 -1  .72139372874 4 6 4 53 7 3.01 3.11 1.7 4.6  6.6    6.0   14.5   16.6  .03780 1 8 8 1△  .738.90  .2112.1588.52 7.9518.3429.44 3102015.6629.6340.10 3
20250720일 9140011국552 2102 4 1강 1131맑음포화17 9 8마루장군        섀클포드나바이어 4530.00한수 33737 2 1   90      33000국5정호익양현모   3 410 4 513 1 3 0 8 37임다빈50855.080우추하45 39 395829.057.035.62049 62144 7241019202419152324 03367↘→추13.537.039.112.7477236.238.7 86.2 87.4 67 83 3333   13.60   14.20 5  4  1NN동54.75111412  .6 2.6 3.2737313 0휴양탐색선추겸비40기 1 6 2     2 2 2①1:26.2머리  .013.638.113.3 -5 -4  .80 1 6  5  .0 71030 684 5 4 6 41 6 6.05 6.07 2.9 8.1 10.0   43.0   91.6   80.6  .02070 0 4 4 0    .638.60 -.1011.3388.6612.5223.8435.56122539 7.9216.5926.75 7
20250615일 9140010국554 2102 7혼전 4439맑음건조 3 9 8마루장군        섀클포드나바이어 4530.00한수 3 1   2 1   83      33000국5정호익양현모   3 5 9 3 413 1 3 0 0  0이혁  51254.087강추보52 51 5169  .063.043.01529 62144 7241030 02419272119 03367↘↗선13.536.839.312.7615936.240.3 88.9 89.3 67 83 3333   14.50   13.2018  0 -1UH동54.75111412  .4 1.6 2.0868613 0걸음불변작전마주48기 1 2 5     7 8 8⑦1:28.93    2.113.640.014.2  6 -7  .13 7 1    2.46512775621 6 3 2 20 1 8.03 5.04 3.8 9.3 13.8   36.3   80.1   74.212.73280 2 7 6 2    .939.20 -.2813.2288.6615.4530.6543.0318365114.2924.8344.36 4
20250208토 6140010국454 6102 8혼전 4441맑음건조 5 9 8마루장군        섀클포드나바이어 4530.00한수 34242 1 2  393      33000국4정호익양현모   3 6 8 2 313 5 3 0 7 42임다빈51854.573강추보48 42 426227.057.027.1224016204412241019202419152324 03367↗↘추13.536.739.312.76555                   67 67 3333   14.30   13.80 5 -8 -1UH동54.75111412  .8 1.5 2.3848413 0강단마필기수영향 1기 0 2                    경제    14.3    13.8    -1 -.67                      4 710 60 5 4.01 1.05 3.710.2  7.8   11.6   28.4   44.0  .03266 0 5 6 0    .439.30  .20     88.59 7.5817.2127.08 51322 4.8411.9518.8010
20250104토 9140011국412 2 62 6 3강 3341맑음건조 3 9 8마루장군        섀클포드나바이어 4530.00한수 35050 1 3  478      33000국4정호익양현모   3 7 7 1 313 4 3 0 6 50임다빈51955.077강추상94 96 967791.063.029.51455 7 938 0241019202419152324 03367↘↗추13.536.639.112.7727237.239.8 89.5 89.5 80 80 4040   13.90   13.00 4  1 -1BNUP54.75111412 1.0 1.7 2.7848413 1뒷심문제강단마필 1기 110 7     6 6 9⑨1:29.5코   2.214.339.213.8  3  0  .00 9 6  4 2.26963626715 4 8 1 52 4 1.10 2.01 1.7 3.6  1.7   37.8   46.2   50.910.92973 0 9 8 0    .839.40  .3113.8188.38 9.0919.4129.54 8203119.4835.7143.05 2
20241207토 41300 8국551 4 52 9혼전 4411맑음다습14 9 8마루장군        섀클포드나바이어 4530.00한수 24040 2 3  571      24750국5정호익양현모   3 8 6 4 113 3 2 0 5 40임다빈51956.077강추하30 59 598653.070.058.61455 7 938 0241019202419152324 05050↘↗추13.536.839.113.1898237.637.6 80.5 81.6 75 75 5025   13.60   14.90 3 -2  0LLDN54.05071412 1.0 1.0 2.0909012-1전개최상거리속성 1기 1 9 7     5 5 1①1:20.51¾  -.313.937.113.0 -1  5  .70 1 2  1  .0 550 6 692 2 4 5 33 3 2.01 9.06 2.4 5.0  3.6    5.1   11.8   12.513.43982 3 7 8 3☆ 1.439.90 -.25 5.6782.5821.7942.0258.6014284216.0032.4748.58 3
20241116토 4140011국551 6102 9 3강 3341맑음건조 3 9 8마루장군        섀클포드나바이어 4530.00한수 25050 2 4  637      24750국5정호익양현모   3 9 5 3 213 2 2 0 4 50임다빈51456.072강추하86 91 919492.073.055.4245415305710241019202419152324 05050↗↘추13.536.439.713.1915136.040.3 90.2 89.3 75 75 5025   13.70   13.90 5  4  3VB동54.05071412 2.0 1.0 3.0868612 0승부최상전개최상 1기 211 1     1 1 2⑨1:30.21¼  1.313.641.014.9  8  5-1.09 9 1  0 1.663 5764538 1 7 2 11 2 2.06 2.05 2.4 6.1  4.6   26.9   56.1   81.412.24496 3 9 9 3☆ 1.739.60 -.5913.2388.6624.2642.8955.4119405725.1942.9152.94 1
20241013일 31400 8국531 7 82 9 1강 1151맑음건조 3 9 8마루장군        섀클포드나바이어 4530.00한수 23333 2 4  735      24750국5정호익양현모   310 4 2 113 1 1 0 3 33임다빈50953.572우추하63 81 818590.073.071.6245415305710241019202419152324 0 099↗↘추13.536.939.213.1538236.339.3 88.5 88.1 67 67 3333   13.70   13.50 4  0  0NUUP54.55051412         4.0    12 2마방선전승부최상 1기 0 7 5     4 3 3①1:28.5목    .013.739.813.9  0  1 -.40 1 1 -2  .02115482181 3 4 1 12 1 1.04 7.09 2.8 3.7  2.8   12.8   20.4   88.3  .05097 4 9 9 4★ 1.738.80-1.0412.0288.6632.7355.8471.6132526427.9648.1765.07 2
20240914토 7120011국533 3 82 8혼전 4431맑음포화15 9 8마루장군        섀클포드나바이어 3629.00한수 25050 2 5  806      24750국5정호익양현모   311 3 1 313 3 1 0 2 50정우주50853.565강추보98 98 987871.065.037.21550 62147152410 7 72419173013 0 099→↘입13.537.138.413.1509837.238.3 74.6 75.6100100 5050   14.10   13.40 4  1 -1NU동54.55051212         1.0    12 0전개최상마방선전 1기 0 7 6     9 7 5④1:14.6½    .413.738.213.5  1  3  .90 4 3  2 1.13148312866 7 4 2 23 3 7.01 2.03 2.4 6.6 13.7   13.3   32.0   33.810.53487 2 8 7 2▲ 1.038.30  .05  .1075.7813.8326.5537.1618365116.8432.2934.13 1
20240818일 1120011국654 4102 8혼전 4431맑음건조 4 9 8마루장군        섀클포드나바이어 3629.00한수 2 0 0 2 5  886      16500국6정호익양현모   312 2 2 213 2 0 0 0  0정우주50554.565강도보90 94 949450.069.047.31550 62147152410 7 72419173013      →↘입13.536.639.614.1914337.237.5 75.1 74.8100100100 0   13.50   14.40 4  2  0NH동       1212         3.0    12 0기수신마전개최상 1기 1 6 7     6 5 3①1:15.11    -.214.137.913.4  0  4 -.40 1 1  0  .0 951 8 894 3 6 1 13 2 1.07 6.04 2.5 6.8  2.5   19.7   25.8   39.110.54481 0 8 7 0▲ 1.238.60 -.63-1.4276.1720.3536.1147.2932526417.2430.2236.53 1
20240720토 2120010국640 6 92 9 1강 1139흐림다습12 9 8마루장군        섀클포드나바이어 3629.00한수 2 0 0 2 5  961      16500국6정호익양현모   313 1 1 113 1 0 0 0  0정우주50154.565평무보   35 3540  .052.045.11550 62147152410 7 72419173013      →↘입    36.738.5        36.539.0 76.1 75.4              13.80   13.60 4  0  0NL동       12 0                 0 0걸음불변기수신마 1   0 4 2     2 2 2③1:16.1목    .013.539.614.4  2  7 -.60 3 1  0 1.92315552987 1 1 9 31 1 4.07 2.10 2.6 4.9  6.5   52.9  116.6   64.0  .03956 3 5 6 3△  .438.60 -.01  .1575.6113.6330.5245.0912284313.6426.8757.35 3
20251116일 9160010국3 1 3  3 9 3강 3337           9 9모어댄조크      PRACTICA마일드어 9935.00한수 33350   1    017:00 41250국3박종곤김정철  -3 013 2 212 2 4 212 50이동하   53.088강자하50 69 691788.070.072.42949162241 8284231362612232619402040→↘선13.335.940.212.58739                   67 89 2244   13.50   14.00 4  1 -2LUUP55.44641813  .2 2.0 2.2878714 2승부최상승부최상52기 1 9                            13.5    14.0                                 1 8 1 1  5                                            12.14993 4 9 9 4★ 1.540.20 -.92     103.134.8158.5072.3736546932.9153.3364.86 1
20251018토 9140011국353 3103 9혼전 4431흐림포화19 9 9모어댄조크      PRACTICA마일드어 9935.00한수 33654 2 1   80      41250국3박종곤김정철  -3 112 1 212 1 4 211 54이동하46755.088강자하96 96 968583.070.044.02949162241 8284231362612232619402040→↘선13.336.739.012.5707236.640.0 86.8 89.0 67 89 2244   13.40   13.10 6 -1  0NHUP55.44641813  .2 1.4 1.6898914 2마방연대승부최상64기 0 8 5     7 6 4⑤1:26.81½  1.113.538.914.0  4  3 1.59 5 1 -3 1.24927685548 6 3 2 30 4 2.08 6.07 3.1 7.0  3.8   52.4   74.1  164.810.54498 4 9 9 4★ 1.439.20 -.0613.2888.3815.7930.7243.9514284215.6731.2345.80 2
20250906토 4120012국424 1 73 8혼전 4421흐림다습13 9 9모어댄조크      PRACTICA마일드어 99     한수 34060 1 1  103      82500국4박종곤김정철  -3 211 4 312 1 4 210 60조재로46455.080강자하54 58 587865.070.029.12748132241 8284228382612182422402040↗↘추13.336.838.312.5748236.738.1 72.7 74.9 63 88 2563   14.50   14.60 9  7  2LNDN55.44641813  .2 1.4 1.6898914-6승부최상마방연대 5   0 9 5     8 9 7⑤1:12.7¾    .313.437.013.1  1  3 2.10 5 4  3  .91323261272 8 413 43 1 2.0110.03 2.1 4.6  4.0    4.6    9.8   18.210.63789 3 7 8 3☆ 1.438.40  .50 -.2075.5610.2519.8129.08 81728 6.4713.2320.31 7
20250705토 81800 8국451 7 53 9혼전 4441맑음건조 3 9 9모어댄조크      PRACTICA마일드어 99     한수 34466 1 1  161      41250국4박종곤김정철  -3 310 3 112 3 4 2 9 66이동하46153.588강자상91 97 978989.069.066.42949162241 8284231362612232619402040→↘선13.339.940.212.5556839.941.1120.5120.3 88 88 2563   13.60   13.70 5  0 -3UUUP55.44641813  .2 1.4 1.6909014 2승부최상승부최상49기 0 2 1 3 3 4 5 5⑥2:00.52    2.214.541.214.6  5  0 -.41 6 1  0 2.28237706030 3 2 2 12 3 4.03 4.07 2.3 4.7  6.4   10.7   25.9   31.110.54995 4 9 9 4★ 1.541.20 -.8140.23118.630.5151.3966.4039597230.9351.3464.13 1
20250531토 61600 8국441 5 93 9 1강 1131맑음건조 4 9 9모어댄조크      PRACTICA마일드어 9935.00한수 33762 9 1   94      33000국4박종곤김정철  -3 4 9 2 112 2 3 2 8 62이동하46156.588강자상97 97 971797.074.081.12949162241 8284231362612232619252550→↘선13.336.440.312.5623537.237.5101.9101.0 86 71 2957   13.90   14.60 6 -5  3UNUP55.14651613  .2 1.4 1.6909014 2승부최상승부최상52기 1 2 1   1 1 1 1①1:41.91¼  -.213.638.713.7  0 -5 -.90 1 1 -2  .0 386 61190 2 8 2 11 2 1.07 2.05 2.0 4.4  2.0   14.1   22.1   20.0  .04493 4 9 9 4★ 1.840.30-1.4024.30103.439.3566.5081.0938597134.4654.5571.19 1
20250419토 7140011국443 8 93 9혼전 4431비  양호 9 9 9모어댄조크      PRACTICA마일드어 9935.00한수 32857 2 1  179      33000국4박종곤김정철  -3 5 8 1 112 1 2 2 7 57이동하46654.088우입보76 75 758887.071.052.62949162241 8284231362612232619333333→↘선13.336.938.812.5539236.040.2 88.7 88.1 83 83 1767   13.70   13.20 7  0 -3NUUP55.54641413 1.0 2.6 3.6797913 1전개최상승부최상 1기 2 7 8     7 6 1①1:28.72½  -.413.940.514.6 -2  5 -.40 1 3  2  .022 5744192 6 1 4 23 1 3.02 7.03 2.1 4.6  6.2    9.0   22.2   73.210.67599 4 9 9 4★ 1.638.80 -.3012.4488.3823.3541.0552.5818365119.6934.6845.78 3
20250302일 5130011국552 5103 9혼전 4421흐림건조 4 9 9모어댄조크      PRACTICA마일드어 9935.00한수 31650 1 2  318      24750국5박종곤김정철  -3 6 7 4 412 1 1 2 6 50정우주46156.566우입하77 82 829173.073.043.1133810123310284228 026121730135050 0↘↗입13.336.938.912.5799537.937.6 82.1 82.3 80 80 2060   13.90   13.80 6 -3  0NL동55.04661312  .8 3.0 3.8787813 0전개최상전개최상 1기 0 7 3     5 5 3①1:22.1½   -.113.738.313.2  0 -8 -.50 1 1  0  .01965 61188 2 6 3 13 1 1.05 7.05 2.8 5.7  2.8   14.4   23.6   26.610.64496 4 9 9 4★ 1.640.00  .26 6.4582.5219.0233.0743.0732526417.4328.4535.48 1
20250118토 4130011국551 4103 9혼전 4411맑음건조 4 9 9모어댄조크      PRACTICA마일드어 9935.00한수 32060 2 3  439      24750국5박종곤김정철  -3 7 6 3 312 6 1 2 5 60이혁  46956.591우입하78 90 909388.073.041.01942 43053152842284126122721195050 0↘↗선13.337.038.812.5739637.738.2 82.7 82.9 80 80 2060   13.60   14.40 4  7  1LL동55.04661312  .5 3.5 4.0777713 0승부최상전개최상 1기 010 5     5 6 5⑦1:22.7¾   1.013.938.913.8  6 -4 -.89 7 1  0 1.34257182148 4 2 3 12 611.02 7.01 3.3 7.2 39.8   62.1  267.4  113.910.54995 4 9 8 4★ 1.640.00  .31 7.1082.5217.1230.5440.9532526423.2138.1041.38 1
20241221토 5130011국511 7 63 9혼전 4441흐림양호 8 9 9모어댄조크      PRACTICA마일드어 9935.00한수 22575 2 3  527      24750국5박종곤김정철  -3 8 5 2 212 5 1 2 4 75이혁  47356.091우입보90 98 989093.073.043.41942 43053152842284126122721195050 0↘↗선13.337.238.912.5609536.539.2 83.2 82.5 75 75  075   13.80   12.80 4 -5  2UN동55.04661312  .3 4.3 4.7757513 0유망전력승부최상 1기 0 3 1     1 1 1③1:23.2½    .113.640.314.4  2  5-1.20 3 1  0  .725 6521576 5 7 3 21 5 7.0611.09 1.7 4.5 20.4  175.4  429.4   78.810.54497 4 9 9 4★ 1.739.70  .08 6.3582.7116.9331.5843.4216334829.0147.6258.86 1
20241123토 5130011국513 1 13 9 1강 1121맑음건조 4 9 9모어댄조크      PRACTICA마일드어 9935.00한수 23366 2 4  614      24750국5박종곤김정철  -3 9 4 1 112 4 1 1 3 66이혁  46854.092기입보92 82 827997.064.047.82959 33277 72842284126122721195050 0↗↘선13.337.138.912.5668937.736.6 81.1 81.4 67 67  067   13.90   12.80 6  2 -1NUUP55.04661312  .5 6.0 6.5626210 1전개최상거리늘어 1기 1 8 5     3 2 1②1:21.11½   .013.837.112.8  1  5 -.40 2 1  0  .2 354 1 083 6 2 4 22 4 2.01 9.08 1.5 2.8  5.5    2.8    7.9   17.7  .04080 3 8 8 3▲ 1.139.60 -.01 5.3582.6517.1232.8647.7520405638.0661.9873.90 1
20241013일 2120010국610 5 13 9 2강 2242맑음건조 3 9 9모어댄조크      PRACTICA마일드어        한수 2 050 2 4  736      16500국6박종곤김정철  -310 3 3 212 3 0 1 2 50이혁  46355.092우입적45 47 479289.073.071.32959 33277 7284228412612272119 099 0↗↘선13.336.838.312.6709537.136.5 74.0 73.5 50 50  050   13.30   14.20 7 -2  0NU동55.04691210-1.0 3.0 2.0868610 0걸음불변전개최상 1기 0 6 4     2 2 2①1:14.07   -1.213.936.812.8  0 -1 -.50 1 1 -8  .0 143 1 096 2 2 3 21 3 1.03 6.01 1.2 2.1  1.2    5.7    6.6   14.6  .04487 3 8 7 3☆ 1.638.00 -.70-1.6175.5632.5757.6671.3219395727.5245.7149.17 2
20240825일 8120013국654 3103 6혼전 4411맑음다습12 9 9모어댄조크      PRACTICA마일드어        한수 2 0   2 5  858      82500국6박종곤김정철  -311 2 2 112 2 0 1 1  0이혁  46455.091강입보74 35 3585  .069.025.52646101425 6284228412612272119 099 0↗↗선13.836.938.212.6809737.239.2 75.8 76.7100100  0**   13.80   12.90 5 -2  0NUUP55.04691210         2.0    10 2기수신마보통걸음 1   0 8 4     4 5 9⑪1:15.8머리 1.413.339.114.2  2 -5  .6011 9  6 1.96850615935 8 210 70 2 8.01 3.07 3.0 7.4 15.3   25.4   67.6   69.212.73276 2 7 7 2   1.438.90  .59 1.5975.56 7.6916.3525.53 41118 6.7713.6925.53 9
20240720토 1100011국610 1 13 9혼전 4435비  다습12 9 9모어댄조크      PRACTICA마일드어        한수 2 0 0 2 5  962      24750국6박종곤김정철  -312 1 1 112 1 0 0 0  0이혁  46955.091평무보   35 3540  .069.045.12646101425 6284228412612272119      ↗↗선    37.137.8        36.837.0 62.1 61.9              13.80   13.80 4  0  0LL동       10 0                 0 0걸음불변기수신마 1   010 3     3 3 4②1:02.14     .013.837.412.9 -1  9 -.80 2 3  0  .82124181186 5 5 5 22 1 1.03 7.10 1.4 3.3  1.4    3.3    4.5   18.3  .05085 4 6 8 4★ 1.437.70 -.24-13.062.7118.4333.0945.11193957 9.0918.1827.2710
20251116일 9160010국3 1 3  5 1 3강 3337           910케이엔라이트    테스타마인디언호 5635.00한거 71018   1    017:00 41250국3박지헌강승호  -4 016 1 536 1 4 338 18유승완   52.079평입보50 33 3317 7.026.0 5.81444 521361118 0 5 02217162623206020→↗입13.936.240.113.77123                   29 32 2514   14.10   16.20 2  7  0VHDN53.74961818-1.2 9.4 8.2232317-2선행무리지울마필41관 010                            14.1    16.2                                 5 71010 10                                              .01310-3 2 2-3▽-1.740.10  .55     103.2  .73 1.79 5.78 0 3 7 1.27 6.0611.58 9
20251102일 9180010국433 7 35 1혼전 4451맑음건조 5 910케이엔라이트    테스타마인디언호 5644.00한거 71018 1 1   25      41250혼3박지헌조경수   2 115 21836 1 4 337 18이혁  49452.087평입보12  2  21712.033.010.11529 621361118 629252217272119206020↘↗선13.939.941.013.7601138.144.8120.2121.3 30 33 2215   14.60   14.00 4 -3 -2HHUP53.74961818-2.6 9.6 7.0333317 2노쇠부진급하락세86기 3 3 2 1 1 1 1 7⑩2:00.23    2.814.143.916.2  2 -2  .4010 8 -2 3.491 2989116 4 9 7 71 1 3.02 6.08 2.6 3.1  4.6    6.5   12.8    4.3  .0 925-2 2 1-2  -1.341.30  .2240.38118.9 1.52 3.8310.11 41118 2.33 7.7315.61 7
20251004토 9160010국350 5 55 1 2강 2231맑음다습10 910케이엔라이트    테스타마인디언호 5635.00한거 71119 1 1   47      41250국3박지헌조경수   2 214 1 436 3 4 336 19유승완49654.079평입상11  6  617 6.028.0 3.51444 521361118 6 5112217162623206020→↗입13.936.340.113.7692536.340.3102.2103.8 31 35 2312   13.90   14.40 3  1  1NNUP53.74961818-2.6 9.6 7.0282817 2노쇠부진보통걸음52관 0 610  101010 9⑧1:42.21½  1.414.639.514.0 -2-14 1.10 810  2 1.77235656240 7 710 90 9 4.01 4.01 2.8 4.7  7.4   11.7   28.0   27.5  .0 8 3-4 2 2-4▼-1.840.10  .5627.39103.3  .12 1.00 3.52 2 5 7  .65 2.82 8.55 9
20250913토101400 8국441 2 45 1 3강 3341맑음포화17 910케이엔라이트    테스타마인디언호 5635.00한거 71120 2 1   54      41250국4박지헌조경수   2 313 2 736 2 4 335 20유승완51053.579평입상26 21 2141 7.032.0 7.01444 521361118 6 5112217162623206020→↗입13.936.739.813.7782036.840.4 87.2 89.4 32 36 2812   14.40   14.10 2  2  0NHDN53.74961818-2.0 8.4 6.4363617-4노쇠부진단기승부36기 0 5 5     5 5 6⑦1:27.24    2.113.939.314.4 -1  0 1.40 7 8 -3 2.26536787321 3 8 8 82 8 2.04 6.07 1.8 3.4  4.1   15.9   25.9    5.9  .01511-4 1 1-4▼-1.439.30  .4112.9088.93  .47 1.94 6.95 2 613  .95 4.9310.31 8
20250831일 9180011국342 4 95 1 3강 3331맑음포화17 910케이엔라이트    테스타마인디언호 5644.00한거 71120 9 1   24      41250국3박지헌조경수   2 412 11736 1 4 334 20유승완51053.578평입보 5  1  117 4.029.0 3.41444 521361118 6 5112217162623206020→↗입13.939.541.113.784 840.341.0117.0119.5 33 38 3317   13.70   15.40 4  0 -1HHUP53.74961818-1.0 7.4 6.4404017 4노쇠부진보통걸음48기 0 3 6 6 6 5 5 8⑦1:57.02½  1.814.440.414.1 -4 -8 1.40 711  1 2.06556676935 21111112 7 2.05 6.01 2.8 5.3  4.0   23.8   38.1   52.1  .0 815-3 1 1-3▽-1.641.50  .4738.90118.8  .35 1.04 3.44 0 2 4  .65 1.33 4.2911
20250803일10140011국454 2 55 2혼전 4431흐림건조 3 910케이엔라이트    테스타마인디언호 5635.00한거 71221 1 1   46      41250국4박지헌조경수   2 511 3 636 1 4 333 21조상범51854.556평입상52 51 513811.041.0 9.21270 621361118 6 6192217132018206020→→입13.936.739.713.7822836.342.5 90.8 91.6 39 43 30 9   13.90   13.50 3 -2 -1HN동53.74961818 -.6 5.6 5.0545417 0주행평범급하락세68기 0 3 4     4 6 8⑨1:30.84    2.513.742.015.4 -1  3  .50 910  1 3.99514979413 8 7 9102 1 1.03 9.10 2.9 5.0  2.9    8.3   14.7    9.2  .01631-1 3 4-1   -.739.80  .4215.1688.86 1.54 4.65 9.15 1 4 8 2.44 5.7411.3510
20250713일101400 9국342 5 95 2혼전 4431흐림양호 6 910케이엔라이트    테스타마인디언호 5635.00한거 71221 2 1   45      41250국3박지헌조경수   2 610 2 536 3 4 332 21유승완51555.579평입보31 28 2826 9.030.0 5.91444 521361118 6 5112217162623206020→↗입13.936.639.713.7862837.139.2 88.0 88.7 41 41 3614   14.20   15.80 2  4  1NNDN53.74961818-1.0 5.8 4.8585817-4걸음불변조교부실13관 0 5 6     6 7 6④1:28.01½   .613.939.113.5 -5  4  .30 4 9 -1 2.34753474763 4 8 8103 6 1.06 6.02 2.1 4.3  2.1   17.3   23.7   21.6  .01416-2 1 1-2  -1.339.30  .5712.4088.80  .67 1.95 5.92 0 2 6 1.85 4.6112.7710
20250629일10180011국351 7105 3 1강 1131맑음양호 7 910케이엔라이트    테스타마인디언호 5644.00한거 71222 9 1   22      41250국3박지헌조경수   2 7 9 11636 2 4 331 22유승완51154.578우입하27 18 182810.034.0 9.01444 521361118 6 5112217162623206020→↗입13.939.741.013.7762038.343.5120.2120.2 43 43 33 5   14.30   16.60 7 -1 -1UN동53.74961818-1.4 6.0 4.6646417 0교체실패보통걸음42기 0 1 3 2 1 1 1 6⑧2:00.23    3.014.243.815.8 -2  7 -.30 810  5 3.881 1957921 21011101 5 1.04 9.10 2.6 7.7  2.6   12.2   17.5   41.8  .01827-1 2 2-1  -1.241.40  .3139.53118.8 1.79 4.27 9.02 1 4 8 2.14 5.2210.4511
20250510토 8180011국450 7105 3 1강 1151흐림불량20 910케이엔라이트    테스타마인디언호 5644.00한거 71323 2 1  135      41250국4박지헌조경수   2 8 8 71536 1 4 330 23유승완50455.078우입보71 70 703849.043.019.21444 521361118 6 5112217162623206020→↗입13.939.940.913.7642539.544.0119.5121.4 43 38 2410   14.10   15.10 3  1 -1HN동53.74961818-2.0 6.6 4.6656517 0주행평범보통걸음 1   0 2 6 6 4 4 3 7⑨1:59.59    3.914.344.416.6  4 -1  .59 9 5  3 4.29219979513 4 9 4 70 4 4.0711.10 2.6 7.3  6.4   35.1   57.1   85.5  .01640-1 6 2-1   -.441.30  .0440.60118.9 5.2710.9719.20 1 612 7.6915.5624.60 6
20250419토 9180011국411 9 65 6혼전 4441비  다습10 910케이엔라이트    테스타마인디언호 5644.00한거 71324 2 1  177      41250혼3박지헌조경수   2 9 7 61436 1 4 329 24마이아50556.093우입하54 53 534253.061.031.837532021361118 6 0 022173530 9206020↘→선13.940.140.713.7533539.041.4117.3118.0 45 40 3010   14.50   15.10 4 -7  1UB동53.74961818-3.6 7.6 4.0686817 0과중분패최근최상 1기 0 1 2 2 2 2 2 3④1:57.3½    .614.142.215.1  2  2 -.40 4 2 -4 1.424 8794570 4 7 3 51 1 1.0611.04 1.6 4.5  1.6   12.7   17.0   32.2  .02878 0 6 6 0    .740.70 -.2537.21118.9 9.4620.5331.79 5132210.7121.8333.99 4
20250322토 7180010국441 7 95 5혼전 4451맑음건조 4 910케이엔라이트    테스타마인디언호 5644.00한거 71425 2 2  263      41250혼3박지헌조경수   210 6 51336 1 4 328 25유승완50355.584우입하55 69 692454.044.020.12133 81560 018 6 5112217162623206020→→입13.940.140.713.7523140.041.1119.1118.8 47 42 3211   14.20   13.70 5 -2  2NL동53.74961818-4.2 8.4 4.2686817 0연대우수최근최상 1기 0 8 5 4 4 4 3 3⑦1:59.1½   1.214.541.915.1  1  8 -.80 7 6  5 2.34839736551 410 4 80 3 4.0111.01 3.0 5.3  6.4   14.4   37.4   13.4  .03131-2 7 3-2   -.340.80  .0238.04118.9 5.5411.7820.06 1 61213.3924.6833.98 4
20250216일11180011국451 4105 7혼전 4451흐림건조 4 910케이엔라이트    테스타마인디언호 5644.00한거 71422 2 2  355      41250국4박지헌조경수   211 5 41236 1 4 227 22문세영49553.593우입상68 76 765375.064.044.84253 01560 018 637522217283616206020→↘입13.940.140.713.7473139.839.3118.7118.7 44 44 3311   14.30   13.80 7  1  1LN동53.74961818-4.0 8.0 4.0686817 0적정체중연대우수 1기 110 3 3 3 3 4 2②1:58.72     .014.239.713.7  1 -4 -.20 2 1 -9  .44529221088 511 1 32 1 8.01 8.10 2.7 7.3 18.2   31.9   82.7  156.0  .03785 0 8 7 0    .940.80 -.5437.92118.915.6332.2844.7714284223.3837.6548.98 1
20241229일10180011국452 5105 5 1강 1151맑음건조 4 910케이엔라이트    테스타마인디언호 5644.00한거 61523 9 3  488      41250국4박지헌조경수   212 4 31136 2 4 226 23유승완49953.083우입상47 43 433828.050.017.92255 92133 018 6 5112217162623225622→→입13.940.140.713.7463139.840.1116.8117.6 41 41 3512   14.00   14.30 6 -1  0NH동53.74951818-3.0 6.8 3.8666617 0주행평범탄력호조 1기 0 9 5 5 4 4 3 2③1:56.8목    .014.340.513.8 -7 -1 -.10 310 -1  .11329462887 410 9 82 2 6.02 2.08 2.3 5.2 12.6   34.1   76.5  516.8  .04345-1 4 4-1    .140.70  .0736.75118.9 3.5810.1717.86 1 512 3.89 9.4115.9210
20241117일 8180011국453 5105 1혼전 4431맑음양호 6 910케이엔라이트    테스타마인디언호 5644.00한거 6 1   2 4  622      41250국4박지헌조경수   213 3 21036 1 4 2 0  0유승완50053.083평입하40 24 2420  .033.0 6.52240 82063 018 6 5112217162623225622↗→입13.939.940.813.7582839.541.1118.5119.0 44 44 3113   14.40   14.8024  5 -2LH동53.74951818-3.0 7.6 4.6575717 0걸음불변조교부실 1관 010 5 5 5 4 6 5⑦1:58.5½   1.414.041.114.3 -4 -4  .30 711  6 1.55220714945 61010102 1 2.01 1.09 3.0 6.0  3.7    6.0   13.2   12.3  .01421-4 1 2-4▼-1.441.10  .3738.28118.8  .47 1.94 6.48 1 4 8 8.5715.8635.16 8
20240526일 9180011국341 7 95 2 3강 3341비  양호 8 910케이엔라이트    테스타마인디언호 5644.00한거 61625 9 6 1104      41250국3최봉주조경수   214 2 1 936 1 4 224 25박태종50454.562평입상48 46 462313.035.015.0 313 0 617 5132422 817 7202320225622↗↗선13.939.740.913.7732340.041.9120.6120.3 44 44 3113   14.70   14.10 8  2  1NN동53.74951818-1.4 6.4 5.0515117 0걸음늘어보통걸음 1관 0 5 5 5 6 7 8 9⑩2:00.63    3.014.442.114.8  5  2 -.3910 5  0 3.18137858021 3 9 6 70 2 1.02 9.03 2.6 6.1  2.6    7.0   11.4    9.2  .01733-1 3 1-1  -1.041.40  .1939.70118.8 4.79 9.5815.04 3 817 1.92 7.6916.78 7
20240331일10180010국452 5105 1혼전 4441맑음다습12 910케이엔라이트    테스타마인디언호 5644.00한거 61726 9 7 1276      41250국4최봉주조경수   215 1 8 836 6 4 223 26김정준50253.574평입상45 37 373220.040.018.72253131840 51324 72117 7152124255025↘↘자13.939.641.013.7802040.640.0118.9118.8 47 47 3313   15.20   13.40 4 -2  0HH동53.84951818-2.0 7.4 5.4464617 0걸음늘어급하락세 1기 2 3 8 8 7 5 4 3④1:58.9목    .414.741.014.1 -1  1 -.20 4 5 -6  .54763435070 21110 92 6 8.01 4.10 2.6 5.1 20.8   29.4  110.5   46.2  .01726-1 3 3-1   -.741.30  .1038.20118.8 5.3711.8618.68 1 4 8 5.0510.7816.53 8
20251116일10180010국4 2 6  5 8혼전 4454          10 1성실영웅        언캡처드로즈어네 7134.00한수 41220   1    017:30 33000국4심승태이동훈  -1 016 8 225 1 3 225 20우인철   51.062평입보50 50 503015.051.025.81560 81129 7 8 9 0 012 8133125204040→→입13.839.840.612.36125                   35 29 1229   14.30   13.80 4 -4 -4UU동53.74731814-1.0 5.2 4.2585814 0걸음불변부중영향40기 0 1                            14.3    13.8                                 7 4 7 7  1                                            12.73362 2 4 4 2    .240.60  .01     118.7 6.5616.0025.81 1 612 3.9510.7117.65 8
20251018토 8180011국412 8 65 2 3강 3321흐림포화1910 1성실영웅        언캡처드로즈어네 7134.00한수 41220 2 1   81      33000국4심승태이동훈  -1 115 7 125 2 3 224 20송재철47755.074평입상87 69 694525.042.022.31624111129 7 8 9 5 012 8182621204040↗→입13.840.040.212.3594339.841.3119.0119.9 38 31 1331   14.40   12.90 3  1  1NNUP53.74731814 -.8 4.2 3.4717114 1걸음관심탐색우려74기 0 5 5 6 6 8 8 7⑥1:59.03    2.214.341.013.8  0 -3  .50 6 6 -2 3.07239716323 7 2 4 70 2 1.05 3.01 1.3 4.6  1.3    6.2    7.6   13.212.12727-1 5 4-1   -.641.10  .1639.70118.6 5.0613.5522.29 3 817 7.6918.8226.18 6
20250928일 7170011국432 1 85 6 1강 1111흐림불량2010 1성실영웅        언캡처드로즈어네 6229.00한수 41321 9 1   27      33000국4심승태이동훈  -1 214 6 825 1 3 223 21송재철48054.575우입하48 58 586246.060.035.01624111129 7 8 9 5 012 8182621204040↗→입13.839.540.712.3655540.039.3109.3111.8 40 40 1333   14.00   14.3017  2 -1HNUP53.74731714 -.6 3.0 2.4818114 3기승실패거리속성26관 1 4 8 8 8 8 8 6⑥1:49.3½   1.314.438.112.9 -2 20 2.20 6 8  6 1.4 757 8 741 9 3 4 40 1 3.01 9.05 2.4 4.3  4.8    5.7   11.6    4.2  .03459 0 6 7 0    .841.30  .1831.60113.211.0123.8934.95 82235 5.8816.8924.85 4
20250601일 7140010국451 2105 6혼전 4443맑음건조 310 1성실영웅        언캡처드로즈어네 6229.00한수 41322 1 2  293      33000국4심승태이동훈  -1 313 5 925 1 3 222 22김옥성46055.058우입하58 67 676128.054.032.413 01210 012 8 9121112 8151517204040→↘추13.837.138.912.3555136.640.4 88.8 89.4 40 47 1333   13.90   14.30 4 -2  0HN동53.74731714 -.4 3.0 2.6808017 0걸음관심보통걸음48기 2 2 8     7 6 6⑨1:28.81¼  1.714.039.814.3  7 -3  .49 9 2 -2 1.76524796829 7 1 1 60 1 5.01 1.10 2.4 8.1  9.3   12.2   28.2   42.312.73263 2 6 5 2    .438.90  .0713.3988.59 9.6821.4632.42 5122210.9421.3330.12 6
20250504일 5140010국442 7 95 5 1강 1135맑음다습1410 1성실영웅        언캡처드로즈어네 6229.00한수 41423 1 1  129      33000국4토니  이동훈  -1 412 4 825 4 3 221 23김태훈46355.073우입하35 34 345716.048.022.7194310246312192129201918112519204040↘→입13.837.238.812.3485936.440.5 88.4 89.0 43 36 1429   14.90   15.70 5 -6  0HNDN53.74731712  .4 2.6 3.0777714-3걸음불변거리내려 1   0 4 6     5 6 5④1:28.4      .413.939.614.3  0  0  .60 4 4 -1 1.35416796367 9 1 7 52 8 1.02 9.07 3.2 5.2  3.2    6.0    9.8    7.4  .02342 0 3 5 0    .038.70  .3113.0388.59 5.8312.1622.74 51223 5.7511.4621.43 7
20250330일 7170011국451 3105 7혼전 4411눈  건조 310 1성실영웅        언캡처드로즈어네 6229.00한수 41525 9 2  232      33000국4토니  이동훈  -1 511 3 725 3 3 220 25김태훈46355.059우입보61 77 776746.057.029.81899101350 5192129201918112519204040↗↘입13.839.540.412.3656839.743.6113.9115.1 43 36 1429   14.20   13.90 5  9  3BN동53.74731712 -.4 3.0 2.6808014 0승부최상거리속성 1기 110 8 8 8 7 810⑪1:53.98    3.114.943.015.7  6 -5  .6911 5  1 3.888419494 5 4 1 4 50 7 7.02 9.06 4.210.7 14.0   48.4  124.7   55.0  .03462 1 7 7 1    .441.80  .4535.17113.0 8.9020.2129.76 81728 8.2420.2125.31 4
20250223일 6170011국452 6105 9 1강 1121맑음건조 310 1성실영웅        언캡처드로즈어네 6229.00한수 41021 9 2  338      33000국4토니  이동훈  -1 610 2 625 2 2 219 21김태훈46852.059평입보60 72 729071.070.058.41899101350 5192129201918112519255025↗↘입13.839.740.312.3557938.841.7112.6113.0 38 38  831   14.20   13.30 5 -2 -1UU동54.14741712  .0 3.6 3.6757514 0주행평범승부최상 1기 2 1 4 4 4 5 5 5①1:52.6머리  .014.241.413.9 -3 -9  .20 1 4  0  .041 7734379 7 1 5 13 6 4.01 1.08 3.510.3  7.0   12.3   29.4   50.7  .04496 4 7 9 4★ 1.741.30 -.2433.02113.128.3047.6258.3919405711.7623.2233.59 3
20250119일 9170011국440 1 95 7혼전 4421맑음건조 310 1성실영웅        언캡처드로즈어네 6229.00한수 41122 2 3  423      33000국4토니  이동훈  -1 7 9 1 525 1 2 218 22김태훈47752.579우입하74 79 796961.057.031.01122 0202710192129201918112519333333↘↗입13.839.740.412.3527539.540.6112.2113.5 42 42  833   14.70   14.00 5 -5  1UN동54.74731712  .8 4.2 5.0606014 0전개최상거리속성 1   0 3 3 3 3 3 4 3④1:52.2¾    .314.239.713.3  0  4 1.10 4 4  3  .45529432867 5 3 2 42 5 1.03 1.09 2.7 7.9  2.7    9.5   17.4   52.5  .03473 1 8 7 1    .641.40  .3333.35113.1 9.8119.5531.00 6152512.3324.2436.53 3
20241214토10170010국552 6105 9 1강 1139맑음양호 810 1성실영웅        언캡처드로즈어네 6229.00한수 31117 2 3  544      33000국5토니  이동훈  -1 8 813 425 1 2 117 17푸르칸47352.062평입상85 85 859186.073.094.61686 6202710192113251918132420333333↗→추13.839.940.412.3447939.541.2113.0113.1 36 45  936   14.90   13.70 4  3 -4NU동54.74731712 1.0 4.0 5.0555514 0뒷심문제전개최상 1기 0 8 6 6 6 3 2 3②1:53.01½   .014.741.614.0  1  3 -.50 2 1 -1  .24328614777 7 1 1 12 5 3.01 2.08 3.8 8.0  6.1   14.3   29.7   23.4  .04997 4 8 9 4★ 1.841.10-1.2532.76113.347.8280.6494.6336546936.6259.1572.73 1
20241117일 4170011국511 5 65 3혼전 4411흐림양호 610 1성실영웅        언캡처드로즈어네 6229.00한수 3 612 2 4  626      24750국5토니  이동훈  -1 9 712 325 3 1 116 12김태훈47056.071평추보60 57 576220.047.020.82675 833571019212920191811251950 050↗↘입13.839.840.412.3457940.439.8112.9112.5 30 40 1040   14.80   13.90 2 -4  1NN동54.04751712  .6 4.0 4.6595914 0주행평범급하락세 1기 0 5 9 9 9 3 3 3①1:52.91¼  -.214.939.813.7 -1  2 -.10 1 2 -2  .02473213188 7 3 7 82 4 2.01 5.02 1.5 5.8  9.4    5.8   16.5   20.5  .01625-1 4 5-1   -.341.10  .5032.30113.2 5.2511.7520.76 51322 5.4311.4620.20 8
20241102토 6170011국511 2 65 3혼전 4419맑음양호 710 1성실영웅        언캡처드로즈어네 6229.00한수 3 613 1 4  677      24750국5토니  이동훈  -110 611 225 2 1 115 13김태훈46855.071평추하25 24 245910.043.022.72675 833571019212920191811251950 050↗↘입13.839.740.612.3577240.239.5113.2113.1 33 44 1133   14.30   13.70 4  2 -1BN동54.04751712 1.6 3.6 5.2515114 0주행평범급하락세 1조 0 9 8 8 6 4 4 4⑤1:53.2머리  .714.839.413.9  1  3  .30 5 4  2 1.14366141954 5 2 9 62 3 2.11 1.07 1.9 5.3  7.6  235.3  340.2 1539.1  .01625-1 3 3-1   -.441.30  .4032.77113.3 6.5813.4422.65 51222 5.6610.6918.00 9
20241005토 41700 9국551 3 55 5 1강 1121맑음건조 310 1성실영웅        언캡처드로즈어네 6229.00한수 3 714 1 4  767      24750국5토니  이동훈  -111 510 125 1 1 114 14김태훈46555.571평추상68 50 505834.055.035.02675 833571019212920191811251950 050↗↘입13.839.740.612.3567539.840.7113.4114.0 33 44 1133   14.10   13.70 9  3  3NNUP54.04751712  .2 4.2 4.4555514 3부중효과거리속성 1관 0 7 4 4 4 6 8 9⑧1:53.4목   1.414.340.613.7  6 -3  .61 8 2 -1 1.66948474431 7 2 4 40 2 9.01 4.11 2.1 3.6 45.3   63.0  222.9  189.5  .02848 0 5 5 0    .541.50  .1333.70113.310.1522.7935.03 6152810.8421.1830.22 3
20240804일 4140011국551 3105 6 1강 1159맑음건조 310 1성실영웅        언캡처드로즈어네 6229.00한수 3 715 1 5  907      24750국5토니  이동훈  -112 4 9 725 1 1 113 15이상규46853.059평추상37 32 324314.057.029.0 3 0 42442 0192118 0191812231450 050↘↗입13.837.238.912.3326837.038.8 88.5 88.3 33 44 1133   14.10   14.80 3 -4 -3HU동54.04751412 -.2 4.0 3.8616114 0탄력늘어부중효과 1조 1 4 6     6 6 6⑦1:28.5코   1.014.139.213.7  4 -3 -.49 7 3  2 1.22749292648 6 4 6 52 1 2.06 5.11 3.911.1  5.0   18.8   42.6   66.3  .02573 1 4 4 1    .638.60  .0912.1888.66 8.7917.9829.03 61528 3.70 8.6513.16 8
20240713토 6140010국554 4 55 5 1강 1151맑음양호 910 1성실영웅        언캡처드로즈어네 6229.00한수 3 816 2 5  976      24750국5토니  이동훈  -113 3 8 625 4 1 112 16빅투아47156.082평추상89 86 866268.054.029.91936132442 0192117 8191820281850 050→↗입13.837.238.812.3327237.540.6 90.4 90.9 33 44 1133   13.80   13.40 5  1  0LN동54.04751412 -.8 4.3 3.5676714 0주행불만최적거리 1기 1 8 9     9 9 9⑨1:30.49    3.114.140.514.8  8  4  .49 9 1 -1 3.491738288 5 8 1 2 60 6 4.02 7.03 2.9 4.3  7.1   12.7   30.0   49.9  .01853 0 7 6 0    .439.10  .1214.8688.59 7.4518.7029.91 5122313.0121.9437.28 5
20240608토 41400 8국540 3 45 4혼전 4451비  다습1310 1성실영웅        언캡처드로즈어네 6229.00한수 3 918 2 6 1079      24750국5토니  이동훈  -114 2 7 525 3 1 111 18빅투아46756.086평추상83 80 805967.056.043.5233111274220192117 8191820281850 050↘→입13.937.239.112.3315936.838.4 87.8 87.7 38 38 1325   14.00   13.40 4  3  3NL동54.04751412 -.7 5.0 4.3585814 0부중효과최적거리 1기 1 7 5     4 3 3③1:27.81½   .313.838.413.4  1 -6 -.10 3 2 -4  .4103815 871 2 4 3 42 5 4.01 2.03 2.0 2.9  5.9    6.3   16.2    6.3  .02852 0 8 7 0    .338.40 -.4111.3888.8011.4527.8543.4510223613.4827.4337.62 4
20240511토 6140010국521 7 75 7 3강 3351비  양호 810 1성실영웅        언캡처드로즈어네 6229.00한수 31010 2 6 1160      24750국5토니  이동훈  -115 1 6 425 2 1 010 10빅투아47353.086평추보45 43 435956.070.053.7233111274220192117 81918202818 0 099↘→입13.937.539.112.3125936.038.7 87.7 86.9 29 29  029   14.10   13.60 4 -1 -1HUUP55.04761412-1.5 5.5 4.0656512 2주행평범부중효과 1기 0 4 5     2 2 1②1:27.7코    .014.039.013.4 -4  5 -.60 2 6  2  .0 2 527 387 7 6 7 21 4 1.06 3.04 2.3 5.2  2.3    9.4   16.8   20.911.83281 2 6 8 2△ 1.438.00 -.8810.3489.0022.0539.4653.73183651 8.3920.7726.21 5
20251116일10180010국4 2 6  7 4혼전 4454          10 2케이엔티즈원    티즈원더백스터홀 6738.00한거 6 3 9   1    017:30 33000국4서인석조경수   2 016 2 932 2 1 232  9송재철   53.574평추보50 52 525613.040.013.81624111837 919 014 018 9182621 01388↗→입13.942.739.712.9 468                   28 36  840   15.80   13.90 6 -2 -1HH동53.84501817 -.6 5.0 4.4626210 0주행평범거리속성40관 1 2                            15.8    13.9                                10 1 6 9  2                                              .01636 0 3 4 0   -.639.70 -.31     119.5 2.47 7.0913.78 1 3 8 2.63 9.5216.54 9
20251003금 8180011국441 9 97 2 1강 1131흐림다습1110 2케이엔티즈원    티즈원더백스터홀 6738.00한거 6 3 9 1 1  103      33000국4서인석조경수   2 115 1 832 1 1 231  9송재철46454.574평추하21 15 1546 4.032.010.51624111837 919 014 018 9182621 01388↗→입13.940.939.512.9 47942.740.4120.1119.9 29 38  842   15.50   14.10 7  0  0HN동53.84501817-1.4 5.2 3.8686818 0휴양탐색급하락세66관 1 41111111111 9⑦2:00.11½  1.315.840.713.9 -1  0 -.30 7 8  5 4.1729949924611 1 9103 1 1.03 3.05 3.3 7.5  3.3    7.9   13.9   10.5  .01919-3 1 2-3▽-1.240.20  .3439.50118.7 2.27 5.2610.53 1 3 7 1.10 2.16 6.2710
20250817일 9180010국520 9 77 4 1강 1151맑음양호 710 2케이엔티즈원    티즈원더백스터홀 6738.00한거 6 1   2 1  129      33000국5서인석조경수   2 214 6 732 1 1 2 0  0씨씨웡46454.589평추보64 55 5556  .052.034.53055101837 919 026 018 9202422 01388→↘자13.940.939.712.9 47241.340.9121.4119.6 29 42  838   14.70   13.0024 -5 -1HN동53.84501817-1.2 6.2 5.0585812 0주행평범거리속성34관 0 4 8 9 910 9 7⑧2:01.4목   2.115.541.614.1  5  7-1.53 8 3 -2 4.0688764852610 2 4 40 1 2.04 1.07 1.6 4.3  5.0   30.6   49.2    7.8  .01639-1 5 4-1    .240.10 -.2339.03118.8 9.6522.4234.49 82235 9.0918.5633.77 6
20250301토 8180011국512 8 67 5 1강 1139흐림건조 310 2케이엔티즈원    티즈원더백스터홀 6738.00한거 6 310 1 3  471      33000국5전승규조경수   2 313 5 632 6 1 229 10김동수45755.566평추하39 23 235312.051.035.4132517235012211219 72117 92027 01486→→추13.940.939.812.9 66842.140.0119.3119.0 22 39 1339   15.30   13.60 6  7  1LNUP53.54491817-1.2 6.2 5.0585818 1주행평범최적거리 1기 2 911111111 9 6④1:59.3¾    .215.940.013.4 -1  0 -.30 4 5  0  .6559741847111 2 5 33 7 1.08 2.11 1.8 5.2  1.8   17.4   27.2   68.8  .01845 0 3 5 0    .240.10 -.2838.34118.811.2125.1535.40122539 2.82 9.0916.09 8
20250119일 9170011국440 1 97 5혼전 4421맑음건조 310 2케이엔티즈원    티즈원더백스터홀 6334.00한거 6 310 2 3  423      33000국4전승규조경수   2 412 41432 5 1 228 10김동수45755.065평추하72 64 646727.054.026.1132517235012211219 72117 92027 01486→→추13.940.340.112.9178541.041.1113.1114.4 23 36 1445   15.80   14.20 4  1 -1HN동53.54491817-2.0 7.2 5.2606010 0주행평범기수영향 1기 0 210101010 7 8⑥1:53.13    1.215.340.213.6  1  5 1.10 6 5  2 1.3779158833810 1 4 60 6 1.03 1.09 2.7 7.9  2.7    9.5   17.4   52.5  .01848 0 5 7 0    .340.90  .2833.95113.4 6.2116.1326.11 51222 8.2218.1827.68 5
20241222일 8170010국410 9 67 5혼전 4421맑음양호 610 2케이엔티즈원    티즈원더백스터홀 6334.00한거 5 311 2 3  513      33000국4전승규조경수   2 511 31332 4 1 227 11김동수45255.565평추보66 60 607723.054.028.0132517235012211219 72117 92027 01486→→추13.940.240.212.9208241.040.5114.1113.0 23 36 1445   15.90   13.20 4  0  0UNDN53.54491817-2.6 7.8 5.2636310-1주행평범기수영향 1기 1 1101010101010⑦1:54.1코    .815.841.014.2  4  5-1.05 7 3  0 1.0409038695610 1 5 73 5 1.02 5.08 2.4 7.2  2.4    7.2   14.2   33.0  .02054 0 5 7 0    .240.80  .2432.59113.4 7.6318.1427.97 41118 3.5312.1822.00 7
20241124일 61800 8국451 7 57 3 1강 1142맑음건조 410 2케이엔티즈원    티즈원더백스터홀 6738.00한거 5 311 2 4  602      33000국4전승규조경수   2 610 2 532 3 1 226 11김동수44755.565평추상72 70 707349.043.025.81675 92067 4211219 72117 92027 01486→→추13.940.939.712.9 57241.239.6119.9118.7 24 38 1448   15.50   13.20 4 -6  4UN동53.54491817-1.8 7.4 5.6595918 0뒷심문제급하락세 1관 1 1 8 8 8 8 7 5④1:59.92    1.015.938.913.2  1  2  .30 4 3 -1 2.44581325449 9 1 2 53 4 2.01 5.06 2.9 4.7  3.9    4.7   10.9   13.5  .02939-1 6 3-1   -.440.00 -.0538.13118.8 6.7114.7425.78 6152812.9925.0037.96 5
20241027일 8180011국454 6107 3 1강 1152흐림다습1210 2케이엔티즈원    티즈원더백스터홀 6738.00한거 5 0 8 9 4  686      33000국4전승규조경수   2 7 9 1 432 2 0 225  8김동수44552.065평추상53 46 464625.044.022.41675 92067 4211219 72117 92027 01783→→추13.940.939.812.9 66441.038.9116.6116.6 20 35 1545   15.80   12.50 3  1  0NH동53.84501817 -.4 5.8 5.4565610 0주행평범단기승부 1   0 71111111110 3①1:56.61½  -.315.538.813.2 -3 -3  .30 1 4 -5  .0 37612299211 4 4 63 3 4.03 7.08 2.7 6.1  9.1   27.5   58.1   69.4  .01635-2 5 4-2   -.539.80  .0135.94118.8 5.5212.4822.37 51322 6.9818.0827.08 5
20241005토10180011국542 5 47 3혼전 4459맑음건조 310 2케이엔티즈원    티즈원더백스터홀 6738.00한거 5 0 8 1 4  761      33000국5전승규조경수   2 8 8 2 332 1 0 224  8김동수44852.065평추보46 28 2854 6.043.021.01675 92067 4211219 72117 92027 02080→→추13.940.939.712.9 66842.138.5118.3118.3 21 37 1642   15.90   13.70 3 -1  0NHUP54.14511817 -.2 4.4 4.2656510 1주행평범거리속성 1관 2 61010101110 7④1:58.31¼   .415.838.212.5 -5-14  .00 4 9 -1  .73296 6496910 2 7 83 2 1.02 2.07 2.7 2.6  2.7    2.6    4.9   60.3  .01650 0 2 3 0   -.540.00  .0637.71118.8 5.4812.1821.02 2 5 9 1.75 5.7113.6910
20240914토 9170011국422 7 77 4혼전 4431맑음포화1510 2케이엔티즈원    티즈원더백스터홀 6334.00한거 5 0 8 2 5  804      33000국4전승규조경수   2 9 7 11232 5 0 223  8김용근46252.091평추상67 71 716336.047.018.1255010215014211214 02117292517 02080↘↗선13.940.340.212.9178241.340.8111.9113.6 22 39 1744   16.00   13.00 9  0  1NNDN54.14511817  .2 3.0 3.2717117-1발주불량거리내려 1관 1 7111111111111⑩1:51.9머리 1.815.939.913.7  0  8 1.501010  0 1.9619648832511 2 6 80 5 2.01 1.05 2.6 3.2  2.7    3.2    5.1    7.5  .02444-1 6 5-1   -.340.80  .4133.14113.4 4.19 9.8518.06 31020 7.6118.6328.10 6
20240714일 9180011국552 5107 4혼전 4432맑음양호 610 2케이엔티즈원    티즈원더백스터홀 6738.00한거 5 0 9 2 5  963      33000국5전승규조경수   210 6 2 232 4 0 222  9김용근45451.091평추하22 24 246720.045.019.2255010215014211214 02117292517 02080↘↗선13.940.839.712.9 67243.139.0118.3118.8 24 41 1841   14.80   13.90 5  5  0NU동54.14511817  .8 3.0 3.8696917 0승군탐색거리속성 1관 1 7111111111111⑦1:58.3½    .816.038.913.0 -3  2  .60 710  7 1.14899158456 9 2 7 83 4 5.09 5.01 2.8 6.5  8.8  139.3  331.6  294.9  .02338-1 4 4-1   -.340.10  .1338.34118.7 4.9610.7719.19 1 512 6.1712.5720.98 8
20240608토101800 8국450 9 57 5혼전 4451맑음다습1010 2케이엔티즈원    티즈원더백스터홀 6738.00한거 5 0 9 2 6 1073      33000국4전승규조경수   211 5 1 132 3 0 221  9김용근45251.088평추보65 61 616334.042.020.33167 5193816211214 02117292517 02080↘↘선13.940.839.712.9 86840.540.2122.2119.8 24 41 1841   15.00   14.00 4 -8 -1UUUP54.14511817  .8 3.6 4.4646417 1주행평범추입유리 1기 2 2 4 5 5 7 7 8⑧2:02.25    1.414.840.813.9  5  1-1.41 8 3 -3 1.67259485139 8 2 5 80 3 7.01 4.06 2.9 4.6 20.8   35.1  117.2   90.7  .01843 0 5 5 0   -.640.30  .1139.30118.7 4.2611.4420.30 3 81411.2522.2231.64 4
20240511토10170011국511 7 67 7 1강 1141비  다습1410 2케이엔티즈원    티즈원더백스터홀 6334.00한거 5 010 2 6 1156      33000국5전승규조경수   212 4151132 2 0 220 10김용근45152.089평추보78 81 817375.056.028.93167 5193816211214 02117292517 0 099↘↘선13.940.140.212.9288240.041.0111.5112.7 25 38 1944   15.90   12.60 4  3 -5LU동54.64511717  .6 3.8 4.4686817 0걸음불변최적거리 1기 210 8 8 8 6 5 6④1:51.51½   .615.041.214.0 -2 -7  .10 4 6  4  .72955545666 7 2 4 52 2 3.01 4.11 1.5 4.6  9.3    7.9   24.1   18.3  .02262 1 7 6 1    .540.90  .2632.37113.3 7.6017.6128.94 6152511.0421.3335.21 4
20240413토 71700 8국550 7107 7 1강 1141맑음건조 410 2케이엔티즈원    티즈원더백스터홀 6334.00한거 5 010 2 7 1246      24750국5전승규조경수   213 3141032 1 0 219 10김용근45857.067평추하72 74 746654.053.037.3 933 02650 6211214 02117292517 0 099↗↘선13.940.040.212.9327941.738.4114.6112.6 27 33 2040   15.90   14.10 6  2  1NB동54.64511717  .2 3.8 4.0717117 0연대우수최적거리 1기 0 7 8 8 8 8 8 7③1:54.61½   .315.938.612.6  1  2 -.90 3 2  1 1.32799 22872 7 1 4 43 1 1.05 2.04 3.3 7.6  3.3   19.3   30.3   15.8  .03150 0 7 5 0    .341.00  .1332.39113.210.2824.4437.26 9213314.0229.1545.39 3
20240303일 5170010국520 9 77 6 1강 1141맑음양호 810 2케이엔티즈원    티즈원더백스터홀 6334.00한거 5 011 1 7 1369      24750국5전승규조경수   214 213 932 2 0 218 11문세영45656.093평추보62 73 738485.066.061.44959 02650 6211239522117283616 0 099↗→입13.940.140.212.9308240.640.7114.6112.8 29 36 2143   15.90   13.30 4  0  0NN동54.64511717 -.8 5.2 4.4717117 0연대우수연대우수 1기 1 5101010 9 9 4③1:54.65     .815.941.414.1  2  1-1.50 3 1 -2  .93481446558 6 1 2 33 4 4.02 9.10 1.9 3.0  7.9   10.8   22.9    4.2  .03772 0 8 7 0    .940.90 -.4732.52113.319.4043.4961.3716334828.0952.8372.46 2
20240204일 5170012국530 5 87 5 3강 3351맑음양호 610 2케이엔티즈원    티즈원더백스터홀 6334.00한거 5 011 1 8 1435      24750국5전승규조경수   215 112 832 1 0 217 11문세영45556.093평추보77 78 788579.070.050.75261 0 838 0211239522117283616 0 099↘↗입13.940.040.312.9347941.339.8113.1112.8 31 38 2338   15.60   13.70 4  1  0NN동54.64511717 -.2 5.2 5.0656517 0직전탐색연대우수 1기 1 5121212 9 7 4④1:53.1머리  .315.939.813.3  1 -3 -.20 4 3  2 1.93396195970 5 1 2 33 3 2.07 3.07 2.9 4.6  3.0   19.0   32.2   16.2  .03787 0 9 8 0△ 1.141.00 -.2432.50113.316.3233.2150.7116334816.3533.9845.13 3
20251116일10180010국4 2 6  4 9혼전 4454          10 3탐라최강자      인디밴드탐라퀸   8139.00한거 5 420   1    017:30 33000국4박병일퍼플라인 2 016 5 325 3 1 425 20해리카   52.071우추보50 57 576652.066.044.71950 9356316243329282214192512 0 089↘↘입13.739.240.512.37431                   33 50 2133   14.30   14.60 6  2 -1HU동54.84541812-1.4 4.8 3.4727212 0걸음불변부중유리59기 0 3                            14.3    14.6                                 4 3 4 2  3                                              .03773 3 7 8 3▲ 1.240.50 -.22     118.418.0233.0144.6819395713.1623.8138.60 3
20251003금 8180011국441 9 94 8 1강 1131흐림다습1110 3탐라최강자      인디밴드탐라퀸   8139.00한거 5 420 1 1  103      33000국4박병일퍼플라인 2 115 4 225 2 1 424 20해리카47352.571우추보89 78 788365.057.043.61950 9356316243329282214192512 0 089↘↘입13.740.140.312.3594339.241.2119.4119.2 35 52 1735   14.40   13.20 3 -7  1UNUP54.84541812 -.8 5.2 4.4656512 1마방연대단기승부40기 0 1 4 4 4 5 4 4③1:59.44     .614.341.514.6 -1 -1 -.30 3 4  1 3.45616694266 6 2 2 22 2 1.03 3.05 3.3 7.5  3.3    7.9   13.9   10.512.02864 2 7 5 2    .640.90 -.4038.80118.716.8930.9043.5920405614.2928.1140.77 2
20250913토 71700 9국452 1104 9 1강 1111맑음포화1710 3탐라최강자      인디밴드탐라퀸   2938.00한거 5 421 2 1   57      33000국4박병일퍼플라인 2 214 3 625 1 1 423 21해리카47452.072우추보66 65 655967.066.048.21950 9356316243329282214192512 0 089↘↘입13.739.640.812.3575539.439.9107.7110.2 32 59 1827   14.90   13.40 3  7  0BUDN54.84541812 -.8 5.4 4.6595912-1승부최상마방연대40기 0 8 4 4 4 3 2 2④1:47.7목    .214.438.713.2  1  5 2.20 4 3 -1  .5 02720 872 7 4 7 22 1 7.06 4.01 2.7 5.1 14.4   81.2  189.1  100.0  .03781 3 6 8 3▲ 1.241.00 -.2329.80113.418.9435.4648.22163348 8.8918.1130.87 7
20250824일 81800 9국412 4 14 9 1강 1131맑음건조 410 3탐라최강자      인디밴드탐라퀸   8139.00한거 5 422 2 1   46      33000국4박병일퍼플라인 2 313 2 125 4 1 422 22김정준46952.076우추상86 77 778987.068.075.0264817356316243325192214152124 0 089→↘자13.740.140.212.3585140.240.4118.0119.0 33 62 1419   14.60   13.90 4 -2  0UUUP54.84541812-2.0 6.2 4.2646412 1선전만회승부최상76기 1 1 7 7 7 8 7 5④1:58.0목    .814.939.513.4  0  3 1.00 4 4 -4 2.55050504754 6 2 2 1314 1.03 7.03 1.5 2.8  1.5    3.6    4.6    3.7  .04496 4 9 9 4★ 1.440.90-1.0738.67118.735.2558.5775.0138597124.7545.9963.40 3
20250727일10170011국454 3104 9혼전 4411맑음건조 310 3탐라최강자      인디밴드탐라퀸   2938.00한거 5 419 9 1   48      33000국4박병일퍼플라인 2 412 1 525 3 1 321 19김정준46652.076평추상62 63 638551.065.040.2264817356316243325192214152124 0 088→↘자13.739.740.512.3557239.040.9111.2111.9 30 50  535   14.90   13.10 3 -3  0HU동55.14531712-1.2 5.6 4.4595912 0주행평범부중유리49기 0 3 8 8 9 7 7 3②1:51.2목    .014.640.513.9 -6  5  .10 2 8  3  .0 91249217810 1 7 331311.08 8.03 3.0 8.8 58.8  317.2  673.6  620.3  .04085 3 7 8 3▲ 1.041.10  .0731.67113.215.9929.2340.1514284210.4821.9232.08 3
20250706일 6170010국553 3104 9 3강 3311맑음건조 310 3탐라최강자      인디밴드탐라퀸   2938.00한거 5 520 1 1   46      33000국5박병일퍼플라인 2 511 4 425 2 1 320 20김정준46152.076평추하28 19 196647.070.055.2264817356316243325192214152124 0 088→↘자13.739.740.712.3536440.138.9113.6112.7 32 47  537   14.80   13.10 9 -4 -1NU동55.14531712 -.6 5.6 5.0505012 0적임기수부중유리50기 1 6 5 5 5 6 5 5④1:53.6코    .214.938.913.1 -1  5-1.00 4 5 -1 1.23262 4 572 6 4 9 3212 1.06 8.09 3.2 7.7  3.2   19.0   31.3  108.310.93776 3 5 9 3☆ 1.441.30 -.3832.31113.422.4240.8755.23163348 7.8420.6932.11 5
20250503토 6170011국454 3104 9혼전 4421흐림포화1810 3탐라최강자      인디밴드탐라퀸   2938.00한거 5 521 1 1  178      33000국4박병일퍼플라인 2 610 3 325 1 1 319 21김정준45652.576평추하57 50 506941.064.055.9264817356316243325192214152124 0 088→↘자13.739.540.912.3645540.539.9112.4114.3 33 50 1128   14.80   14.00 5  6  1BN동55.14531712 -.6 4.8 4.2595912 0마방기습적임기수 1기 110 9 9 6 8 7 7⑧1:52.4¾   1.814.838.913.1  2 -5 1.20 8 6  2 1.97677233824 8 3 6 1011 2.01 7.03 3.8 8.2  4.5    8.2   14.1    9.7  .04072 3 6 9 3☆ 1.041.70 -.4033.89113.423.0942.0055.8832526411.8423.6034.54 4
20250330일 7170011국451 3104 9혼전 4411눈  건조 310 3탐라최강자      인디밴드탐라퀸   2938.00한거 5 522 9 2  232      33000국4박병일퍼플라인 2 7 9 2 225 1 1 318 22박태종46152.064평추상49 63 637537.061.034.91786 52970132433 0142214202320 0 088↗↘선13.739.740.712.3536439.541.3111.9113.1 35 35 1229   15.00   13.70 4  1  0HU동55.14531712-1.4 5.6 4.2606012 0승부최상마방기습 1기 0 4 6 6 5 8 9 9⑤1:51.93    1.114.840.714.0  1  3  .60 5 4 -4 1.84331625042 7 4 6 33 1 7.02 9.06 4.210.7 14.0   48.4  124.7   55.012.73483 2 6 7 2△  .741.30  .0832.67113.412.0024.3134.94142842 8.2419.1529.06 7
20250301토 7170011국453 6104 9혼전 4421흐림건조 310 3탐라최강자      인디밴드탐라퀸   2938.00한거 5 517 1 2  326      33000국4박병일퍼플라인 2 8 8 1 125 1 1 217 17김정준45852.068평추상60 49 496940.067.047.6184315297013243325192214152124 0 086↘→자13.740.040.512.3357539.840.8112.7113.2 31 38 1331   13.90   13.50 9 -1 -2HUUP55.64521712 -.4 5.2 4.8555512 5마방기습승부최상 1기 0 31010 91010 6②1:52.71½   .015.040.513.7 -6  0  .20 2 8  3  .3464448447911 3 9 1310 2.0811.03 3.4 5.3  3.8   48.3   86.4  140.7  .06094 4 6 9 4★ 1.541.00 -.2732.67113.422.3737.8447.63163348 6.6717.1226.20 7
20241228토 6120011국554 4104 5 1강 1141맑음건조 510 3탐라최강자      인디밴드탐라퀸    731.00한거 4 618 9 3  504      24750국5박병일퍼플라인 2 9 7 2 925 1 1 216 18김성현45854.066평추하50 42 426323.059.028.01657111744 52433 0242214162519 0 083↘→입13.737.637.912.3199237.338.4 76.2 75.7 33 40 1333   14.30   13.70 6  3  2HNDN55.84511412-1.0 5.6 4.6606012-2마방기습마방기습 1기 0 4 7     9 7 4③1:16.24     .713.938.713.5 -2  5 -.50 3 5  0  .8345633365610 1 7 53 1 1.02 9.03 2.1 6.2  2.1    6.2    9.5   10.6  .02776 0 4 6 0    .837.90  .31  .1875.78 7.7317.7127.96 61528 1.65 7.2514.38 9
20241117일 9140011국452 3104 8혼전 4441맑음양호 610 3탐라최강자      인디밴드탐라퀸   2938.00한거 4 620 2 4  621      33000국4박병일퍼플라인 210 6 1 225 9 1 215 20김정준45352.076평추보60 54 547942.065.038.21222 91229 0243325192214152124 0 083↗↗자13.737.338.812.3287237.638.9 89.0 89.3 36 43 1436   13.80   13.60 7 -1 -5UUUP55.84511412-1.2 5.4 4.2656512 2마방기습마방기습 1기 1 110     910 9⑦1:29.01½  1.614.338.713.7  2  3  .20 7 5  3 1.7628134542911 1 5 23 9 2.07 5.08 2.4 7.5  5.1   23.3   48.8   34.212.73083 2 6 8 2▲ 1.038.70 -.1513.1888.6614.3627.3238.2214284212.3523.4028.75 4
20240929일 5120011국533 1 84 5혼전 4441맑음건조 410 3탐라최강자      인디밴드탐라퀸    731.00한거 4 721 9 4  777      24750국5박병일퍼플라인 211 510 825 8 1 214 21김정준45057.075우추보70 64 646624.056.023.61222 91229 0243325192214152124 0 083↗↗자13.737.637.912.3209337.238.3 74.7 75.7 38 46 1538   14.00   13.60 6 -9  0HNDN55.84511412-1.6 6.2 4.6646412-1주행평범마방기습 1기 0 2 7     6 6 4④1:14.7½    .413.838.113.6  2  0  .80 4 2 -6  .6374731286311 1 9 52 8 8.06 3.05 3.4 7.5 16.7  109.2  179.3  738.1  .02368 0 5 4 0    .337.90  .42  .2475.78 5.7214.5423.57 81728 4.8410.7016.85 9
20240818일 4130011국542 2 94 5혼전 4411맑음건조 310 3탐라최강자      인디밴드탐라퀸   2938.00한거 4 723 2 5  883      24750국5박병일희망홀스-112 4 9 625 7 1 213 23김정준45057.083평추보46 53 536835.057.026.62467101160 3242025192214152124 0 080↘↗자13.737.638.612.3398737.738.4 82.0 83.0 42 50 1742   14.10   13.60 8  7  0VN동55.64511412-1.0 5.4 4.4606012 0주행평범거리속성 1기 01110     9 9 8⑤1:22.0¾    .914.038.713.6 -3  7  .40 5 8  2  .9455725274810 210 63 7 6.03 7.09 3.5 7.6 13.2   24.0   57.7   65.613.22052 0 5 6 0    .539.40  .46 6.7882.78 6.7615.7526.61 61525 6.4512.8019.80 9
20240623일 4130011국511 1 64 6혼전 4421맑음포화1810 3탐라최강자      인디밴드탐라퀸   2938.00한거 4 825 2 6 1025      24750국5박병일희망홀스-113 3 8 525 6 1 212 25김정준44357.082우추상76 85 858265.061.037.1305714216010242025192214152124 0 080↘↘자13.737.538.612.3408738.138.2 81.9 83.3 45 55 1836   14.70   12.70 5 -3  2HN동55.64511412 -.8 5.0 4.2616113 0부중효과최적거리 1기 0 410    10 9 9⑤1:21.9½    .714.137.913.6 -1 -9 1.30 5 6 -1 1.15474193451 9 1 3 23 6 1.02 8.07 2.1 6.2  2.1    6.2    9.2   14.112.72871 2 8 7 2    .839.60  .24 7.1582.7115.0127.2737.1018365114.2925.7436.22 2
20240519일 4130011국551 3104 9혼전 4451맑음양호 810 3탐라최강자      인디밴드탐라퀸   2938.00한거 4 918 2 6 1130      24750국5박병일희망홀스-114 2 7 425 5 1 111 18김정준45255.082우입보56 61 618151.074.053.2305714216010242025192214152124 0 075↘↘자13.737.538.612.3408538.137.6 81.4 82.1 40 50 2030   14.10   13.50 4  1 -1NHUP55.84511412-1.0 5.0 4.0636312 1걸음관심부중효과 1기 1 711     9 9 6②1:21.43     .014.737.312.7 -5 -2  .40 2 7  3  .51674 61581 8 2 8 13 5 1.07 6.07 3.1 5.1  3.1   22.9   30.8   84.510.64490 3 7 8 3☆ 1.639.30 -.21 6.0282.7122.4840.5153.2332526410.2821.1532.66 5
20240421일 5120011국523 3 74 5혼전 4441흐림다습1210 3탐라최강자      인디밴드탐라퀸    731.00한거 41020 2 7 1215      24750국5박병일희망홀스-115 1 6 725 4 1 110 20김정준45456.076우입보84 83 837145.059.024.92253131650 4242025192214152124 0 075↘↘자13.737.537.912.3259137.538.3 74.6 75.9 44 56 2233   14.20   13.20 4  0 -1NNDN55.84511412-1.0 4.4 3.4696912-1주행평범보통걸음 1기 1 6 7     7 7 6⑤1:14.6½    .914.138.013.5  1 -2 1.20 5 4 -2  .94164293850 9 1 3 60 4 7.02 5.03 2.8 5.1 18.9   25.7   65.8   24.812.72964 2 7 7 2    .638.00  .45  .4575.72 7.6615.2924.88 51222 7.9518.5622.88 5
20251116일10180010국4 2 6  7 5혼전 4454          10 4미스터파워      미스터크포스파워 9634.00한수 41021   1    017:30 33000국4문병기류주영  -1 016 1 519 1 2 219 21빅투아   54.088평입하50 53 534240.056.031.3295017325317252124 02830202818 08317→↘입13.639.541.012.77618                   33 27 2713   14.60   14.2011  1  0HH동54.25121813-1.2 4.8 3.6646412 0부중효과부중효과56기 1 4                            14.6    14.2                                 6 9 5 4  1                                              .02871 1 6 7 1    .541.00 -.13     118.7 8.8119.3131.27 92133 9.2122.6234.19 4
20250831일 8180011국543 4 97 6혼전 4421맑음포화1710 4미스터파워      미스터크포스파워 9634.00한수 41122 9 1  198      33000혼4문병기류주영  -1 115 2 419 5 2 218 22최범현51554.089평입상36 24 245455.064.053.6336124325317252143 02830193019 08317↘↘입13.639.840.812.7683139.541.6118.6121.1 33 27 2713   14.30   14.80 6 -5 -1HH동54.25121813-2.2 5.6 3.4707012 0선행무리부중효과40기 0 3 8 8 7 9 8 8⑧1:58.61    2.014.640.414.2  5  3 1.49 8 3 -4 2.28926766124 6 8 8 10 5 1.02 6.07 2.7 4.2  2.7    4.2    8.3   81.9  .02675 1 7 8 1    .941.40 -.6840.50118.822.5341.1353.5532526412.8628.0539.85 4
20250720일 71800 9국431 8 37 5 1강 1132맑음포화1710 4미스터파워      미스터크포스파워 9634.00한수 41123 2 1   92      33000국4문병기류주영  -1 214 1 319 4 2 217 23최범현51255.089우입상38 25 256148.057.041.8336124325317252143 02830193019 08317↘↘입13.639.940.412.7625139.441.7117.1118.4 43 43  714   14.40   14.10 3  5 -1LN동54.25121813-2.2 5.6 3.4707012 0주행평범단기승부40기 0 8 6 5 5 1 1 1③1:57.15     .914.341.614.8 -4  5  .60 3 7  0 1.13619816353 5 3 8 51 4 4.01 1.05 1.8 2.7 10.9    9.2   32.0   62.8  .01961 0 6 6 0    .441.00 -.3238.13118.713.0528.9741.78 81728 9.9021.1133.67 6
20250628토 8180011국510 9 67 5 1강 1149흐림다습1110 4미스터파워      미스터크포스파워 9634.00한수 41225 9 1   53      33000국5문병기류주영  -1 313 5 219 3 2 216 25최범현50755.589우입하 9  9  96151.060.043.1336124325317252143 02830193019 08317↘↘입13.639.940.512.7654739.740.1120.2118.9 46 38  015   13.90   15.00 6 -4 -1HNUP54.25121813-2.0 5.2 3.2737312 4걸음불변거리속성42기 0 3 3 3 3 6 7 6⑥2:00.2½    .914.441.314.1 -1 -1-1.30 6 7  5 1.05228442654 2 4 8 30 310.0211.01 2.0 6.3 44.9  133.8  386.1  380.3  .02056 0 6 7 0    .841.00 -.3738.53118.716.2931.2343.1212253916.6731.5844.76 2
20250518일 9140010국452 9107 5혼전 4448맑음다습1110 4미스터파워      미스터크포스파워 3728.00한수 41326 2 1  103      33000국4문병기류주영  -1 412 4 419 2 2 215 26최범현50856.588평입보33 28 285044.052.025.0336124325317252143 02830193019 08317↘↘입13.636.839.412.7665136.542.3 90.8 90.7 38 38  015   14.30   15.60 6  5  1NLDN54.25121813-2.2 5.8 3.6767612-4걸음불변기수영향64기 0 7 8     8 8 9⑩1:30.8¾   2.513.942.015.0  8 -5  .2910 2 -2 2.79022969415 8 3 6 60 210.04 5.01 3.3 7.0 47.3  163.7  429.6  687.4  .01640 0 5 7 0    .039.50  .1314.5488.73 8.2114.5225.00 5132212.9921.8428.97 5
20250406일 91800 9국451 9 57 5혼전 4457맑음포화1510 4미스터파워      미스터크포스파워 9634.00한수 41428 1 2  209      33000국4문병기류주영  -1 511 3 119 1 2 214 28최범현51355.576평입보25 50 505741.056.054.6214010365424252143 02830193019 08317↗↘입13.639.840.712.7673939.144.8121.5122.6 38 38  015   14.00   14.2011 -6 -1HNUP54.25121813-2.0 6.0 4.0737312 4걸음불변최근최상 1기 0 2 2 2 2 8 8 9⑨2:01.56    5.414.344.715.6  5 -3  .41 9 4 -2 6.497109896 7 1 7 3 30 1 3.01 3.09 3.2 5.0  4.9    7.8   20.4    7.1  .01959 0 7 7 0    .341.60 -.6842.10118.718.6439.0454.6114284218.7536.5252.24 2
20250119일 7140011국424 4 77 4혼전 4431맑음건조 310 4미스터파워      미스터크포스파워 3728.00한수 41530 2 3  425      33000국4문병기류주영  -1 610 2 319 2 2 213 30유승완51656.583우입보71 79 794250.044.015.22255 9303618252129 02830162623 08317→→입13.636.839.412.7645136.640.5 89.6 89.5 42 42  017   14.20   13.40 4 -1  5LL동54.25121413-1.6 5.8 4.2717112 0승부최상보통걸음 1기 1 8 7    10 8 6⑦1:29.62½  2.214.040.114.2  1 -3  .10 7 6  5 2.56826807117 8 9 5 80 2 2.01 2.07 2.9 4.0  2.9    4.0    7.2   11.6  .03440 0 6 4 0   -.339.20  .4013.3088.73 3.11 7.8015.19 1 512 7.9417.1426.05 5
20241221토 9140011국452 6107 9혼전 4451흐림양호 810 4미스터파워      미스터크포스파워 3728.00한수 3 825 2 3  523      33000국4문병기류주영  -1 7 9 1 219 1 1 212 25유승완51952.083평입상78 82 826976.068.040.32255 9303618252129 02830162623 099 0→→입13.636.739.412.7694736.739.3 88.8 88.2 36 36  018   13.70   13.00 3  5 -3BUUP54.65111413  .0 4.4 4.4696912 2걸음불변승부최상 1기 2 9 9     9 9 5①1:28.81¾  -.214.239.213.4  0 -3 -.20 1 1 -2  .02534473490 5 6 3 23 1 1.02 9.06 4.6 9.4  4.6   14.6   26.9   26.6  .05097 4 9 8 4★ 1.339.10 -.2112.1188.6617.7530.2440.3218365118.8132.1144.41 1
20241130토 5120011국524 4 77 8혼전 4441맑음포화1810 4미스터파워      미스터크포스파워 4426.00한수 3 018 9 3  592      24750국5문병기류주영  -1 8 8 4 219 2 0 211 18박현우52255.074평입상69 72 726652.064.033.130 0 03036182521 0 02830171814 099 0↘→선13.637.138.613.0626836.738.0 73.6 74.8 30 30  010   13.60   13.30 3 -6  2HNDN54.55081413  .2 4.4 4.6646414-1부중효과탄력호조 1기 1 4 7     6 2 1①1:13.61¼  -.313.737.613.0 -2  7 1.00 1 3 -8  .0 92119 791 7 5 8 32 2 3.02 4.03 2.7 5.5  7.4    7.6   16.6    7.6  .04359 0 7 8 0▲ 1.038.10  .05 -.9475.8910.5121.5533.11122843 8.4017.8627.42 5
20241109토 5130011국533 1 87 6혼전 4411맑음양호 610 4미스터파워      미스터크포스파워 3728.00한수 3 010 2 4  656      24750국5문병기류주영  -1 9 7 3 819 1 0 110 10박현우51553.072평입보62 71 715932.060.029.930 0101731 72521 0 02830171814 099 0→↘선13.637.039.613.5775137.537.8 81.2 82.6 33 22  0 0   13.60   14.10 4  8  0BUDN55.05061413  .2 3.8 4.0606014-1부중효과부중효과 1기 010 4     4 4 2②1:21.21½   .013.637.213.3 -9  1 1.20 211  6  .32947 9 875 410 5 32 1 1.11 9.10 2.0 4.0  2.0   65.1   95.7  268.9  .02880 1 6 6 1    .740.00  .12 5.9683.03 8.4418.8629.89122843 7.5917.6823.93 6
20241013일 31400 8국531 5 87 7 1강 1151맑음건조 310 4미스터파워      미스터크포스파워 3728.00한수 3 011 2 4  735      24750국5문병기류주영  -110 6 2 119 1 0 1 9 11이철경51453.063평입보27 47 474942.061.042.32099161731 72521 0 02830 91923 099 0↘→추13.637.040.113.5533536.539.4 88.9 88.5 38 25  0 0   13.80   14.00 4 -1 -1HUUP56.05021413 -.8 5.4 4.6545413 1부중효과부중효과 1기 1 2 1     5 5 4⑤1:28.91     .413.639.914.1  0  6 -.40 5 5 -4  .43524513265 4 9 4 42 1 1.04 7.09 2.8 3.7  2.8   12.8   20.4   88.312.03372 2 6 6 2    .838.80 -.8711.4289.3412.7827.9342.3210223610.7523.0433.09 3
20240915일 5130011국524 3 77 7혼전 4411맑음다습1310 4미스터파워      미스터크포스파워 3728.00한수 3 012 2 4  797      24750국5문병기류주영  -111 5 1 719 1 0 1 8 12박태종50853.581기입보55 69 695347.061.025.71550 31731 7252120 02830202320 099 0↘↗선13.637.239.813.5684337.339.7 82.8 83.6 43 29  0 0   14.00   14.20 3  2 -3HU동56.05021313 -.2 6.6 6.4373713 0주전기수부중효과 1트 2 3 4     5 710⑨1:22.84    1.513.839.614.0  0  5  .40 9 9  7 2.76636685829 711 7 70 1 1.06 2.10 2.0 2.6  2.0   13.2   17.7    9.312.73380 2 6 6 2    .840.00 -.01 6.6483.29 6.8216.0525.73 21017 8.0019.7225.13 4
20240824토 3130011국630 6 37 6 1강 1131맑음다습1210 4미스터파워      미스터크포스파워 3728.00한수 3 014 2 5  874      16500국6문병기류주영  -112 4 8 619 3 0 1 7 14문세영50356.093기입보75 80 807794.071.072.34858 01937 6252148 02830283616 099 0↗↘입13.637.239.913.5673537.438.6 83.2 82.6 33 33  0 0   13.60   14.10 5 -5  0UN동56.05021313  .0 7.3 7.3282813 0주전기수주전기수 1트 0 1 8     3 3 3③1:23.2¾    .114.039.714.2  1  2 -.90 3 2  0  .23242312485 4 9 3 12 3 3.01 4.05 2.1 2.1  6.3    7.1   18.5    3.5  .02570 0 9 7 0   1.639.80-1.34 5.5483.3536.5759.9872.3138597127.3547.8351.52 1
20240721일 2130010국651 3107 5 1강 1111흐림불량2010 4미스터파워      미스터크포스파워 3728.00한수 3 0 0 2 5  951      16500국6문병기류주영  -113 3 7 519 2 0 0 6  0문세영50156.093기입적30 34 344561.056.037.34858 01937 6252148 02830283616 099 0↗↘입14.037.340.113.5681837.438.7 82.2 82.4 20 20  0 0   13.50   15.30 5 -5  0NN동56.05031313 -.3 8.0 7.7212113 0마방연대주전기수 1   0 6 6     6 4 3②1:22.21¼   .013.639.414.1  0  1 -.10 2 2  1  .32539332487 411 8 42 2 1.02 1.06 3.2 5.5  3.2    5.5   10.3   11.8  .02846-2 6 4-2    .539.60 -.56 5.0483.5512.0724.8937.31122539 9.1820.0027.81 3
20240616일 2130011국641 5 97 7혼전 4438맑음건조 510 4미스터파워      미스터크포스파워 3728.00한수 3 0 0 2 6 1049      16500국6문병기류주영  -114 2 6 419 1 0 0 5  0문세영50056.093기입보62 65 656168.068.053.44451202464 7252148 02830283616 099 0→↗입14.037.240.113.5702036.240.3 84.5 83.6 20 20  0 0   14.40   14.3015  2  0VN동56.05031313 -.5 9.0 8.5262613 0전력변화마방연대 1트 011 3     1 1 2⑦1:24.5¾   1.313.541.015.3  6 -3 -.73 7 1 -3 1.466 2824053 5 9 2 11 1 4.03 5.06 2.5 4.9  5.8   11.5   23.4   44.3  .02390 0 8 8 0△ 1.340.00 -.94 6.3483.4825.4543.3153.3939597219.2829.8936.96 1
20240302토 2130010국642 8 97 2 1강 1129맑음다습1010 4미스터파워      미스터크포스파워 3728.00한수 3 0 0 1 7 1383      16500국6문병기류주영  -115 1 5 319 2 0 0 4  0다비드50356.076하무보31 28 28 819.035.012.92233162567 9252119 02830172418      ↗↘입14.037.140.513.580 337.239.5 82.8 82.3  0  0  0 0   14.00   13.80 5  1  0LN동       1313 3.0 8.011.0 5 512 0걸음불변지울마필 1기 2 910     6 5 3③1:22.81¼   .214.440.214.3 -1  3 -.50 3 4 -1  .51930614676 4 7 3 82 3 1.03 3.10 2.9 5.0  2.9    7.2   10.4    8.1  .01411-2 3 3-2  -1.039.80 -.02 4.6683.68 2.96 7.0412.90 1 512 4.6013.7117.22 7
20251116일10180010국4 2 6  5 4혼전 4454          10 5고마나루        연승대로펠로스글 1751.00한거 6 322   1    017:30 33000국4구자흥김근영   3 016111129 6 1 527 22김성현   54.565평입보50 38 383322.053.025.71022 61213 81412 6 616 9162519 05743→↗입13.740.140.712.46120                   44 40 1236   14.70   13.70 3 -3  0NH동54.54871818  .8 5.2 6.0383813 0부중효과부중효과68기 1 5                            14.7    13.7                                 8 5 9 8  8                                              .02841 0 4 6 0    .240.70 -.11     118.9 6.5215.9525.71 2101710.5317.8626.47 7
20251026일 31800 9국412 5 15 3 2강 2221흐림건조 510 5고마나루        연승대로펠로스글 1751.00한거 6 323 9 1   53      33000국4구자흥김근영   3 115101029 5 1 526 23김성현49554.565평입보60 36 363013.049.025.51022 61213 81412 6 616 9162519 05743→↗입13.740.040.512.4652840.141.5118.9119.6 46 42 1338   14.50   12.90 4  2 -1LHUP54.54871818  .2 5.2 5.4474713 1걸음불변부중효과38기 0 8 7 6 7 7 8 5⑤1:58.91    1.314.740.713.7 -1  4  .20 5 6  2 2.46548757243 4 6 6 53 7 4.01 6.09 1.5 2.4  7.3    5.2   14.8    3.6  .02337 0 3 5 0   -.141.00 -.0239.08118.7 5.9213.1325.53 61525 1.55 6.8414.77 7
20250928일 7170011국432 4 85 3 1강 1111흐림불량2010 5고마나루        연승대로펠로스글 3032.00한거 6 424 9 1   49      33000국4구자흥김근영   3 214 9 829 4 1 525 24김성현49155.066평입보37 39 393213.045.017.21022 61213 81412 6 616 9162519 05743→↗입13.739.540.912.4674340.339.1109.2111.7 48 39  939   14.50   13.80 5 -3  1NNDN54.54871818 -.8 5.8 5.0555513-1부중효과거리속성81기 2 6 9 9 9 9 9 5⑤1:49.21¾  1.214.537.912.9  1  2 2.20 5 4 -1 1.3 670 6 943 8 4 7 73 6 3.01 9.05 2.4 4.3  4.8    5.7   11.6    4.2  .02827-1 3 4-1   -.341.30  .4931.30113.4 3.92 9.2717.18 3 815 1.68 7.1114.72 8
20250824일 81800 9국412 5 15 4 1강 1131맑음건조 410 5고마나루        연승대로펠로스글 1751.00한거 6 425 2 1   67      33000국4구자흥김근영   3 313 8 929 3 1 524 25김성현48954.565평입하40 21 214114.050.031.51022 61213 81412 6 616 9162519 05743→↗입13.739.840.512.4682839.841.0118.4119.4 45 45  941   14.20   14.10 5  0 -2VH동54.54871818-1.0 6.2 5.2535313 0걸음불변부중효과44기 1 9 5 4 5 6 5 6⑤1:58.41¾  1.214.540.113.8  0 -2 1.10 5 5  0 2.96334675644 4 3 5 52 5 1.03 7.03 1.5 2.8  1.5    3.6    4.6    3.7  .02346 0 3 5 0    .141.20 -.0739.14118.7 8.1120.0331.46 61528 3.96 9.6316.98 6
20250720일 71800 9국431 7 35 3 1강 1132맑음포화1710 5고마나루        연승대로펠로스글 1751.00한거 6 426 2 1   71      33000국4구자흥김근영   3 412 7 829 2 1 523 26김성현49156.065우입하75 49 4938 9.039.017.11022 61213 81412 6 616 9162519 05743→↗입13.739.740.512.4752839.741.6118.4119.7 48 33 1933   14.70   14.6014 -1  1VNUP54.54871817-2.2 6.4 4.2636313 1주행평범거리속성55기 1 9 5 6 7 7 8 8⑧1:58.43    2.214.241.514.1  3 -2  .60 8 5 -1 2.47130806819 2 4 5 70 4 4.01 1.05 1.8 2.7 10.9    9.2   32.0   62.8  .01627-1 3 2-1   -.941.30  .2739.53118.6 3.42 8.4817.09 41118 1.98 5.0314.29 8
20250413일 5170010국411 4 65 5 3강 3331흐림포화1610 5고마나루        연승대로펠로스글 3032.00한거 6 427 2 2  272      33000국4구자흥김근영   3 511 6 729 1 1 522 27김성현49355.069우입상81 84 846261.052.026.71550 51350 61412 6 616 9162519 05743→→입13.739.640.712.4625539.442.3110.4112.9 50 40 2035   14.70   13.80 8  3 -3VNDN54.54871818-2.6 6.4 3.8666613-1선전만회거리속성 1기 110 6 6 5 3 4 5⑦1:50.41    1.314.741.214.6  1  2 1.70 7 6  0 1.63626837536 6 4 4 62 3 2.05 2.03 2.4 8.2  6.6   17.3   36.1   40.5  .01960 0 7 5 0    .141.40  .3132.60113.3 7.1517.1226.70 31020 7.9617.0228.21 6
20250215토 9180011국451 5105 6혼전 4451흐림건조 410 5고마나루        연승대로펠로스글 1751.00한거 6 423 2 2  368      33000국4구자흥김근영   3 610 5 729 1 1 421 23김태훈49157.559평입상45 48 483629.056.035.51899101350 61412111016 9112519 06733↗↘입13.739.940.412.4603939.839.6118.0117.4 53 37 2137   14.50   12.90 4  2  5LBUP54.04861817-1.4 5.8 4.4636313 1부중효과탄력호조 1관 0 7 6 6 6 6 5 5②1:58.0¾    .014.740.513.8 -4  5-1.10 2 6 -1  .11030321784 2 4 7 63 3 7.06 3.07 3.7 9.1 14.2   86.2  227.9  177.6  .04344 0 5 6 0    .240.90 -.1937.10118.711.7124.2335.51102236 9.2019.1029.17 5
20250119일 9170011국440 6 95 6혼전 4421맑음건조 310 5고마나루        연승대로펠로스글 3032.00한거 6 525 2 3  423      33000국4구자흥김근영   3 7 9 4 629 1 1 420 25김성현48653.063평입보39 37 376718.062.037.41657111675 31412 6 616 9162519 08020↘→입13.739.740.612.4556439.940.1112.0113.3 50 39 2239   14.60   13.50 7 -2 -3NHUP54.24861818 -.4 5.4 5.0585813 1주행평범부중효과 1관 1 5 5 5 5 5 6 5③1:52.0¾    .014.539.212.9 -4 -2 1.10 3 7  0  .24949282576 4 5 6 33 2 1.03 1.09 2.7 7.9  2.7    9.5   17.4   52.5  .02574 1 4 7 1    .941.30  .0932.95113.311.1425.2037.37122843 4.1110.9121.03 7
20241130토 7160010국423 4 75 4혼전 4431흐림포화1810 5고마나루        연승대로펠로스글 3032.00한거 5 526 9 3  590      33000국4구자흥김근영   3 8 8 3 329 2 1 419 26김용근48856.088우입상79 69 691759.057.029.32647211675 3141229 016 9292517 08020↘→선13.736.938.812.4316435.540.0101.6103.9 53 41 1841   15.00   13.70 5  4  1LNDN54.24861818 -.2 4.4 4.2686813-2걸음관심기수영향 1기 1 7 9   9 6 7 8⑥1:41.61    1.514.639.413.5 -1  5 1.60 6 7  1 1.776 6633033 8 1 4 70 2 9.02 4.05 2.1 5.6 32.0   70.2  209.8  159.4  .02739 0 7 8 0    .438.80  .2828.18102.9 8.1819.2129.25 41118 8.8521.8334.11 5
20241027일 8180011국454 5105 5 1강 1152흐림다습1210 5고마나루        연승대로펠로스글 1751.00한거 5 527 9 4  686      33000국4구자흥김근영   3 9 7 2 629 1 1 418 27김용근48355.589우자보38 39 395738.053.033.3294020 699 5141229 016 9292517 099 0↗↘선13.740.539.712.4267239.840.3117.4117.4 56 38 1944   15.10   12.70 4  2  4HN동53.94871817  .2 3.8 4.0727213 0걸음관심거리속성 1   0 310 9 8 6 6 6③1:57.43     .515.040.213.7 -3  2  .30 3 6  0  .81131523664 7 2 6 43 1 4.03 7.08 2.7 6.1  9.1   27.5   58.1   69.4  .02775 0 5 4 0    .140.30 -.0937.24118.6 9.4022.4633.28142842 9.3019.2132.49 4
20240929일 6180011국450 5 55 9 1강 1151맑음건조 410 5고마나루        연승대로펠로스글 1751.00한거 5 529 9 4  776      33000국4구자흥김근영   310 6 1 529 1 1 417 29김성현48151.557우자하49 53 537142.062.040.3146710 699 51412 6 616 9162519 099 0↗↘입13.740.439.712.6307941.039.8118.6119.2 60 40 2047   14.20   14.40 6 -2 -4UUUP53.94871817  .6 3.4 4.0757513 2주행평범부중유리 1기 1 1 9 9 91011 6⑤1:58.61½   .815.138.612.7 -1 -1 1.60 5 6  3 1.65775375552 6 2 7 23 1 1.0310.07 2.0 4.8  2.0    7.4   11.4    9.4  .03783 3 5 7 3△ 1.040.60 -.2239.07118.614.6228.5140.34204056 6.6215.2222.33 5
20240818일 7160010국551 6105 6 1강 1131맑음건조 310 5고마나루        연승대로펠로스글 3032.00한거 5 631 2 5  880      33000국5구자흥김근영   311 5 4 229 7 1 416 31임다빈48255.575우자보71 73 731771.059.044.9121410 925 71412192716 9152324 099 0↗↗추13.737.138.612.6198235.640.3102.7103.0 64 43 1450   15.00   13.10 7 -3 -1HNDN53.94871817 -.8 4.4 3.6797913-1주행평범작전마주 1기 1 3 8   8 5 4 3⑤1:42.7½    .514.239.714.4  2-15  .00 5 3 -2 1.655 7724661 8 1 2 3211 4.06 9.02 2.3 5.7  6.7   57.8   85.0 1218.1  .02554 1 6 7 1    .838.60 -.1027.33102.915.1931.6444.8512253919.5138.0449.24 2
20240629토10170010국522 5 75 5혼전 4421맑음건조 510 5고마나루        연승대로펠로스글 3032.00한거 5 633 9 6 1009      33000국5구자흥김근영   312 4 3 529 6 1 415 33임다빈49756.081강자보74 87 877664.062.038.31938141450 71412192716 9152324 099 0↘↗추13.739.940.212.6389340.838.8111.8112.6 69 38 1546   15.00   12.9012 -1  3NNDN53.94871817-1.0 3.6 2.6858513-1부중효과작전마주 1기 1 6 7 7 6 7 6 6⑥1:51.8¾    .615.038.413.1  1  4  .50 6 5  3  .72788 41562 9 2 3 4010 2.06 7.04 2.2 3.1  2.9   25.6   43.0   12.8  .02869 1 7 8 1    .841.10  .1632.49113.113.3827.3038.2610223618.0730.0041.96 2
20240407일 51800 9국511 6 65 9 1강 1159맑음양호 610 5고마나루        연승대로펠로스글 1751.00한거 5 728 1 7 1259      33000국5구자흥김근영   313 3 2 429 5 1 314 28임다빈49353.083강자보46 60 6076  .070.082.12758 92256 91412192716 9152324 099 0→↘추13.740.439.612.6368240.838.1120.4118.3 67 42 1742   13.70   12.90 7 -4 -1NH동54.24841817 -.8 3.6 2.8858513 0마방선전부중효과 1기 0 7 4 4 4 4 3 2②2:00.42½   .015.038.512.9  0 -1-1.20 2 2     .53270 3 881 3 1 2 12 9 1.02 1.07 1.5 4.4  1.5    5.9    7.9   13.5  .03986 3 8 9 3☆ 1.640.50-1.1438.30118.541.2567.7482.1338597114.0629.5170.91 4
20240218일10180011국451 6105 8혼전 4451비  다습1210 5고마나루        연승대로펠로스글 1751.00한거 5 728 2 8 1408      33000국4구자흥김근영   314 2 1 329 4 1 314 28임다빈  054.077강자보58 67 677954.064.040.52243182050181412192716 9152324 099 0↘→추13.740.439.712.63879                   67 42 1742   14.80   13.00 6  6 -1VH동54.24841817 -.2 3.2 3.0838313 0강단마필마방선전 1기 111                    취소    14.8    13.0     0-1.37                      8 1 8 20 8 2.10 4.05 2.9 5.7  5.0   41.6   72.5  175.5  .03783 3 7 9 3☆ 1.039.70 -.25     118.616.6729.9740.5218365110.6420.7129.43 4
20240107일 71800 9국540 7 95 8 2강 2251맑음포화1710 5고마나루        연승대로펠로스글 1751.00한거 5 730 1 8 1519      33000국5구자흥김근영   315 1 4 329 3 1 313 30임다빈49454.577우자보69 76 768688.071.070.52243182050181412192716 9152324 099 0↘→추13.740.240.012.6456440.839.3120.7118.7 67 42 1742   14.90   13.30 5  0  3NN동54.24841817 -.2 3.6 3.4787813 0승부최상강단마필 1기 2 5 6 5 6 6 7 5⑥2:00.71¼   .414.839.413.0  5 13 -.79 6 1 -2 1.14469223667 1 3 3 20 7 2.06 6.01 3.0 4.0  3.0   18.4   34.2   30.0  .03483 2 9 8 2▲ 1.540.70 -.9538.51118.630.3154.4870.5319395722.0342.5156.95 3
20251116일10180010국4 2 6  7 8혼전 4454          10 6어메이징록      인디밴드캔디스골 8139.00한암 41818   1    017:30 33000국4이신우범한산업 1 016 2 716 1 3 016 18정우주   52.069평입상50 47 472631.054.029.52042101654 81729183018161730134060 0↗↘입13.640.941.012.742 8                   29 43 14 7   14.90   13.60 4 -3 -2NH동52.54701818-3.0 8.4 5.4505017 0선행무리적임교체50기 1 6                            14.9    13.6                                 910 8 6  1                                              .04450 1 5 6 1△  .441.00 -.50     119.3 7.7818.5929.45 51222 9.2122.6235.29 5
20251018토 8180011국412 8 67 3 3강 3321흐림포화1910 6어메이징록      인디밴드캔디스골 8139.00한암 42020 2 1   81      33000국4이신우범한산업 1 115 1 616 1 3 015 20장추열47253.593평입보18 17 172722.047.028.23350111654 8172929 018162026224060 0↘↗입13.639.941.012.7591040.940.7117.8118.7 31 46 15 8   14.50   14.10 3  8  1BN동52.54701818-2.4 7.2 4.8585817 0주행평범보통걸음68기 1 91010 9 2 3 4④1:57.8½   1.014.940.413.6 -5 -4  .50 4 9  0 1.84179577453 510 8 51 2 1.05 3.01 1.3 4.6  1.3    6.2    7.6   13.2  .01654 0 4 4 0   -.341.00 -.1937.80118.9 8.6117.9228.15 8203110.2617.6526.18 8
20250927토 8180011국540 8 97 6혼전 4451맑음다습1110 6어메이징록      인디밴드캔디스골 8139.00한암 4 1   9 1   36      33000국5이신우범한산업 1 214 9 516 1 3 0 0  0임기원47653.076우입적39 55 5554  .059.033.52343111654 8172913 018162532164060 0→↘선13.639.840.912.7671240.341.3120.2120.2 33 50 25 8   15.20   12.4022-10  1UN동52.54701814-2.4 6.2 3.8666617 0강단마필거리속성40기 1 1 2 2 5 5 5 7⑨2:00.24    1.814.541.414.1  0 12 -.10 9 9  1 1.98055737331 2 9 5 40 1 2.0711.05 2.9 8.3  4.9   31.4   43.9   85.4  .03263 0 5 4 0    .741.30 -.2439.54118.8 8.8920.8933.48 9213310.5919.0531.58 4
20250426토 8180011국511 9 67 5 1강 1153맑음양호 810 6어메이징록      인디밴드캔디스골 8139.00한암 42323 9 3  407      41250국5이신우범한산업 1 313 8 416 2 3 013 23조상범46452.558기입적11  4  436 6.045.022.71250 81320 51729 6 018161320182575 0→→입13.639.640.912.7831141.140.6119.3118.1 27 45 18 9   14.30   13.70 7  7 -1VHUP52.54711814-1.0 5.2 4.2555517 2걸음불변탄력호전 1   011111111 2 3 2③1:59.3코    .015.541.714.3 -5 -7-1.80 3 8  3  .22683577792 210 9 51 2 1.10 8.09 1.9 6.4  1.9   60.9   69.3  236.8  .03338-1 3 2-1   -.241.20  .0437.62118.7 6.0314.2922.66 61525 1.01 4.0810.89 9
20250309일 7160010국412 4 17 3 2강 2231맑음양호 810 6어메이징록      인디밴드캔디스골 2938.00한암 42525 2 2  295      33000국4이신우범한산업 1 412 7 316 1 3 012 25조상범47153.558평입보24 36 3617 9.037.016.31040 81520111729 6 018161320182575 0→→입13.636.040.212.7861437.639.1104.1104.3 27 36 1818   13.80   14.40 7  1  1VN동52.54711814 -.4 3.8 3.4606017 0주행평범보통걸음 1기 1 4 8   8101010⑩1:44.11½  2.414.339.813.7  5 -5  .0510 5 -5 3.48497367214 1 8 6 70 1 1.04 1.07 1.5 2.8  1.5    9.4   12.3    9.1  .01620-1 4 4-1   -.840.20  .3628.10103.2 2.95 7.9416.26 51222 2.20 5.4615.73 7
20250118토 7160010국414 6 67 3 3강 3331맑음건조 410 6어메이징록      인디밴드캔디스골 2938.00한암 42727 2 3  436      33000국4이신우범한산업 1 511 6 216 2 3 011 27김효정47652.568평입보27 33 331713.040.012.11550111320 51729 0 018161621182575 0↘↗입13.636.040.212.7821436.640.0103.9103.3 30 40 2020   14.00   15.10 5 -4 -2HHDN52.54711814 -.4 2.8 2.4757517-2주행평범급하락세 1기 0 3 3   3 3 6 7⑤1:43.93     .713.841.214.4 -5  4 -.40 510  4 1.56257646956 3 7 9 72 3 4.03 2.01 1.8 4.5  9.7   14.8   36.4   71.2  .01616-2 4 4-2   -.740.20  .4627.09103.2 1.99 6.1312.05 3 817 1.48 6.3513.53 8
20241215일 81800 7국451 9107 4 2강 2241맑음양호 810 6어메이징록      인디밴드캔디스골 8139.00한암 33030 2 3  535      33000국4이신우범한산업 1 610 5 316 1 3 010 30김효정47254.068평입하37 29 2925 8.042.027.11550111320 51729 0 018161621182575 0↘↗입13.639.940.512.7643939.043.5122.7121.9 33 44 1122   14.50   13.60 5  6  2VN동52.54711814  .4 2.6 3.0686817 0주행평범거리속성 1기 0 7 2 2 3 3 6 6⑥2:02.77    1.914.044.715.1  0  4-1.20 6 6  5 2.695 8958825 3 5 5 52 2 3.02 6.08 3.6 6.2  4.0    7.2   14.3   20.9  .01627-1 3 2-1   -.741.40 -.0141.45118.7 6.4916.3827.06 81728 2.41 7.0615.79 6
20241109토 91800 8국450 3 57 6 1강 1151맑음양호 610 6어메이징록      인디밴드캔디스골 8139.00한암 33333 2 4  652      33000국4이신우범한산업 1 7 9 4 216 1 3 0 9 33김용근46852.589평입보76 83 836588.060.050.92940201320 7172911 018162925172575 0↗↘선13.639.940.412.7594740.540.4119.7119.7 33 44 1122   14.30   13.00 4  0  1UN동52.54711814  .8 2.0 2.8676717 0뒷심문제거리속성 1기 2 1 4 4 4 5 6 7⑥1:59.7목   1.714.540.213.6  5 -5  .39 6 1 -2 1.96961545826 3 7 1 32 2 2.04 3.07 2.7 4.9  3.7   12.1   18.5   18.3  .02983 0 8 7 0    .641.10 -.5339.36118.718.1233.2950.8816334821.4940.1851.53 2
20241013일 8180011국451 8107 4 1강 1149맑음건조 310 6어메이징록      인디밴드캔디스골 8139.00한암 32525 2 4  730      33000국4이신우범한산업 1 8 8 3 116 1 2 0 8 25김효정47352.064우입보39 53 535037.048.034.32199 51320 71729 0 018161621183367 0→↘입13.639.940.213.1596839.240.3118.8118.3 25 50  025   13.90   13.50 7 -4  0UHUP52.74701814  .6 2.0 2.6757517 2주행평범거리속성 1기 0 1 4 2 4 4 3 3①1:58.8¾   -.114.340.413.0 -2  4 -.10 1 3 -1  .03310531890 4 4 2 42 1 3.05 1.11 3.5 5.8  4.5   27.9   45.3  164.5  .01647 0 6 5 0   -.241.00 -.0838.23118.612.0524.1634.3210223614.2930.0042.47 3
20240824토 91600 8국411 3 67 5혼전 4437맑음다습1210 6어메이징록      인디밴드캔디스골 2938.00한암 32828 2 5  868      33000국4이신우범한산업 1 9 7 2 116 1 2 0 7 28유승완46952.089우입하53 52 521745.052.040.01950 7306723172915 018161626235050 0↘↗입13.636.439.913.1584736.439.2103.3103.0 29 57  029   13.70   13.70 3  2  1NNUP53.04711714 1.4 2.4 3.8707017 2승군탐색보통걸음 1기 1 5 3   3 3 6 4④1:43.31¼   .613.939.413.5  0 -5  .00 4 4  1  .85444403560 3 6 3 42 2 1.02 6.02 1.6 3.8  1.6    4.7    7.7   16.812.72846 2 6 6 2    .239.90 -.2526.71103.210.7825.9739.98 8203110.6124.1634.76 4
20240804일 5140010국411 2 67 6 1강 1151맑음건조 310 6어메이징록      인디밴드캔디스골 2938.00한암 33333 1 5  906      33000국4이신우범한산업 110 6 1 416 1 2 0 6 33김용근47451.091우입상85 86 866689.056.036.2255010306723172911 018162925175050 0↘↗선13.636.939.413.1555936.839.6 88.3 89.3 33 67  033   13.60   13.60 2 -4 -1HU동53.04711714 1.8 2.8 4.5646417 0뒷심문제단기승부 1기 0 3 2     3 5 6⑤1:28.36    1.613.739.613.7  2  4  .50 5 3  0 2.36339564929 3 8 2 22 1 1.04 4.10 1.7 4.3  1.7    4.9    7.7    6.9  .02972 0 8 6 0    .539.10 -.2313.0188.8010.6023.2936.2020405624.5940.3450.86 2
20240721일 41400 8국550 4107 6 2강 2241흐림포화1910 6어메이징록      인디밴드캔디스골 2938.00한암 32020 2 5  949      24750국5이신우범한산업 111 5 1 316 2 1 0 5 20문세영47052.093우입보84 88 888393.060.042.24858 030672317292650181628361699 0 0↗↘입13.836.939.513.1635136.538.9 87.3 87.8 20 60  040   14.50   13.70 3  6 -2NUDN54.04721713 1.7 3.0 4.7656517-3승부최상작전마주 1   0 7 3     3 3 2①1:27.3코    .013.638.913.6 -2 -2  .30 1 3  2  .01220311282 2 4 2 32 4 3.01 7.09 2.6 6.2  5.0    7.1   13.3   10.3  .03468 0 8 8 0    .738.80 -.4411.3588.8610.7726.3542.2212284339.1863.1677.14 1
20240629토 21700 8국610 8 17 8 1강 1139맑음건조 510 6어메이징록      인디밴드캔디스골 2938.00한암 3 0 0 9 6 1017      16500국6이신우범한산업 112 4 5 116 1 0 0 4  0문세영47254.093우입하55 66 667887.074.099.0445120213323172926501816283616      →↗입13.839.341.613.1803539.439.6112.9111.3  0 50  025   14.10   13.60 4 -6  0HHUP       1713 1.5 4.0 5.5676713 4신마혈통승부최상 1관 0 1 1 1 1 1 1 1①1:52.94    -.614.540.013.7  0  3-1.00 1 1 -1  .0 32514 497 1 6 2 11 3 1.02 1.08 1.2 3.1  1.2    3.1    3.6   18.7  .04493 0 8 9 0▲ 1.841.50-1.6530.40113.765.0395.0099.0038597158.1495.0099.00 1
20240601토 2130011국630 7 87 5 1강 1131맑음건조 310 6어메이징록      인디밴드캔디스골 2938.00한암 3 0 0 1 6 1101      16500국6이신우범한산업 113 3 4 216 1 0 0 3  0장추열46954.092우입보83 87 877790.067.038.0385525213323172929 01816202622      →↘입13.837.039.713.1803538.238.3 83.4 82.8  0 67  033   14.40   13.40 2  0 -1NH동       1414 2.0 5.0 7.0646413 0걸음불변신마혈통 1기 1 7 7     8 6 5④1:23.41¾   .714.139.213.6  2 -7-1.00 4 2  1 1.03875203769 1 8 3 30 1 1.04 2.01 3.0 7.6  3.0   16.3   27.0   29.0  .02182 0 8 8 0△ 1.340.00 -.16 6.1183.1016.5127.8038.0012253916.7731.5140.23 2
20240518토 2130010국640 3 97 6 1강 1135맑음다습1010 6어메이징록      인디밴드캔디스골 2938.00한암 3 0 0 2 6 1143      16500국6이신우범한산업 114 2 3 116 1 0 0 2  0문세영47655.093우입보69 73 736881.065.056.6445120213323172926501816283616      →↗입13.836.939.513.6865537.938.2 82.7 82.4  0 50  0 0   13.90   13.90 3  3  1NNDN       1414         4.0    14-1걸음불변거리속성 1기 1 7 9     6 5 4③1:22.74     .714.438.913.4  2 -5 -.50 3 1 -2  .92464192667 4 5 2 22 2 3.0610.09 2.2 4.4  6.9   31.8   57.4   22.9  .02084 0 7 7 0   1.240.00 -.49 6.0182.9020.8341.4756.6220405621.2839.5742.86 2
20240428일 2140010국621 5 77 5 3강 3348맑음다습1010 6어메이징록      인디밴드캔디스골 2938.00한암 3 0 0 9 6 1196      16500국6이신영범한산업 115 1 2 216 1 0 0 1  0유승완48154.091평입보39 49 494340.051.031.437421925   016 011 02117162623      →↘입13.836.740.613.971 536.638.9 89.9 88.3  0  0  0 0   13.80   14.20 6 -4  0HH동       1414         7.0    14 0뒷심부족기수영향 1기 1 4 3     3 4 5④1:29.92½   .413.940.013.9  1-10-1.50 4 3 -2  .62625331675 3 9 3 52 1 1.02 1.06 2.9 6.3  2.9    6.3   10.6   14.8  .02052-1 6 4-1    .039.10 -.7110.9689.4811.3319.1431.35 8203112.9627.9438.75 4
20251116일10180010국4 2 6  7 1혼전 4454          10 7퍼플신화        한센    칼라하리 4831.00한거 5 314   1    017:30 33000국4박윤규퍼플라인 2 016 3 928 1 1 328 14김효정   52.067평무보50 32 32 4 7.029.0 5.81834131747 9181811 01611162118671717→↘입13.739.441.012.561 7                   17 21 1713   14.30   14.80 4  0  0NH동52.94531818-2.0 9.4 7.4252517 0걸음불변거리난점49기 0 7                            14.3    14.8                                 5 81010  9                                              .01410-2 1 1-2  -1.441.00  .46     118.7  .39 1.62 5.77 0 2 6 1.32 5.9511.0310
20251018토 8180011국412 8 67 3 3강 3321흐림포화1910 7퍼플신화        한센    칼라하리 4831.00한거 5 314 2 1   81      33000국4박윤규퍼플라인 2 115 2 828 1 1 327 14해리카45652.071평무상 9  1  1 7 4.028.0 9.51950 91747 9181816281611192512671717↘↘입13.739.940.912.5611039.443.3120.7121.6 17 22 1713   14.30   14.10 4 -2 -1NH동52.94531814-2.6 8.6 6.0373717 0걸음불변거리속성76기 0 7 6 4 3 5 911⑪2:00.73    3.914.343.014.8  0  4  .501111  1 4.793249390 9 6 910 90 1 1.05 3.01 1.3 4.6  1.3    6.2    7.6   13.211.21415-1 1 1-1  -1.441.40  .2840.80118.9  .86 3.17 9.47 0 3 7 1.28 2.35 6.5510
20250921일10180010국441 7 97 1 1강 1111맑음다습1310 7퍼플신화        한센    칼라하리 4831.00한거 5 315 2 1   45      33000국4박윤규퍼플라인 2 214 1 728 7 1 326 15김효정45252.567평무보12  1  1 8 4.029.0 8.81834131747 9181811 01611162118671717→↘입13.740.140.912.5521440.040.9119.0119.6 18 14 2314   14.30   13.80 3  0  1LNUP52.94531814-1.4 8.2 6.8353517 2걸음불변거리속성 5관 0 9 4 4 5 5 5 5⑤1:59.05    2.214.340.914.1 -5 -6  .30 510  0 2.66641655823 710 9 92 8 2.01 8.10 2.5 4.5  3.8    4.5   10.3   27.2  .014 9-3 1 1-3▽-1.440.90  .2238.56118.9  .61 2.59 8.84 2 5 7  .81 1.69 5.4710
20250830토 8160010국552 4107 2 1강 1131맑음포화1810 7퍼플신화        한센    칼라하리 6330.00한거 5 416 9 1   56      33000국5박윤규퍼플라인 2 313 3 128 6 1 325 16김효정45852.068평무하13 11 1117 7.038.013.81834131747 9181811 01611162118671717→↘입13.736.439.912.5602837.040.2101.9104.1 19 19 2414   14.70   14.10 5  8 -1BHDN52.94531814-1.8 8.0 6.2343417-2걸음불변조교부실36관 0 9 6   6 7 7 8⑨1:41.9목   2.314.339.513.8 -1  4 1.70 910  5 2.97677667818 4 5 9 80 7 6.05 2.06 2.2 6.5 15.4   43.3  119.3   29.3  .01410-2 2 3-2   -.839.90  .3727.76103.2 2.28 6.5613.82 1 4 9 1.02 4.69 9.23 9
20250727일111800 9국552 7 57 4 1강 1139맑음건조 310 7퍼플신화        한센    칼라하리 4831.00한거 5 416 9 1   68      33000국5박윤규퍼플라인 2 412 2 628 5 1 324 16김효정45453.067평선상22 16 163415.041.025.31834131747 9181811 01611162118671717→↘입13.740.040.912.5611640.440.6119.7119.6 20 15 2015   14.70   13.50 4 -8  1UNUP52.94531814-2.4 8.6 6.2383817 1걸음늘어거리속성60관 0 1 5 6 6 8 8 7⑦1:59.72½  2.414.740.714.1  2  0 -.50 7 5 -6 2.56860566120 3 6 5 40 6 1.04 6.03 2.8 4.2  2.8   10.6   15.1   11.0  .01732 0 4 3 0   -.741.00 -.1238.71118.9 6.2215.7125.25142842 5.3615.6526.52 3
20250628토 6170011국433 7 87 5혼전 4411흐림다습1110 7퍼플신화        한센    칼라하리 6330.00한거 5 417 9 1   75      33000국4박윤규퍼플라인 2 511 1 528 4 1 323 17김효정45452.068평선상30 27 271116.043.015.51834131747 9181811 016111621188020 0→↘입13.739.441.512.5752839.341.8112.4113.0 21 37 2121   14.40   13.60 4  8 -1BHDN53.14531814-1.2 8.6 7.4262617-1걸음불변탄력호조27관 0 9 7 7 6 810 9⑤1:52.4½    .514.741.213.5 -6  2  .70 511  4  .84322736064 8 8 9 93 5 2.05 7.08 2.3 4.9  3.5   12.0   23.4   55.0  .04317-3 3 5-3   -.441.60  .2532.14113.7 3.43 8.2515.53 1 4 9 4.67 9.9118.42 9
20250601일101800 9국550 5 57 4혼전 4459맑음건조 310 7퍼플신화        한센    칼라하리 4831.00한거 5 418 1 1   60      33000국5박윤규퍼플라인 2 610 5 528 3 1 322 18김효정45252.567평무하 5  1  13110.040.016.71834131747 9181811 016111621187525 0→↘입13.740.040.912.5582040.039.5120.3119.5 22 28 1122   14.80   14.60 3  0  0UH동53.34531814-2.2 9.0 6.8333317 0탄력늘어거리속성48기 1 1 4 4 2 2 2 4④2:00.31¾   .614.439.813.6 -3 -6 -.40 4 7 -1  .76640292158 2 7 9 71 4 2.06 9.04 3.5 4.9  4.0   18.0   27.2   50.3  .01924-1 3 1-1   -.841.00  .0738.59118.9 3.07 8.1316.73 41118 6.8212.7323.33 7
20250511일 61800 9국432 9 87 4 1강 1131맑음포화1910 7퍼플신화        한센    칼라하리 4831.00한거 5 419 2 1  107      33000국4박윤규퍼플라인 2 7 9 4 428 2 1 321 19김효정45852.567평무상 5  1  125 4.035.014.51834131747 9181811 016111621187525 0→↘입13.740.240.712.5453139.742.6120.4120.8 24 24 1224   14.80   14.00 3 -8 -1UH동53.34531814-2.6 9.4 6.8373717 0걸음불변거리속성 1   0 1 4 4 4 7 9 9⑨2:00.41¾  3.214.842.714.6  1  0  .00 9 8 -1 3.58827918510 5 5 9 80 3 1.02 8.06 2.2 3.5  2.2    3.5    5.3   10.4  .01414-2 1 1-2  -1.041.00  .1339.93118.9 3.52 8.1514.48 2 613 1.14 2.33 6.95 9
20250420일 8180010국442 5 97 3혼전 4441맑음양호 810 7퍼플신화        한센    칼라하리 4831.00한거 5 520 2 1  168      33000국4박윤규퍼플라인 2 8 8 3 328 1 1 320 20김효정45853.067평선보15  7  7 6 8.035.013.51834131747 9181811 016111621187525 0→↘입13.740.140.712.5553540.540.0119.3119.7 25 25 1325   14.10   14.20 5  4  2BNUP53.34531814-3.4 9.6 6.2494917 4걸음불변거리속성 1관 0 9 7 5 5 4 4 6⑥1:59.32    2.414.840.914.0 -3  6 -.80 6 9  1 2.47159444815 4 910 82 2 3.04 7.10 3.6 5.6  3.8    5.6   11.0    6.9  .01413-2 2 3-2   -.940.90  .1638.92118.9 2.39 6.3513.50 1 612 2.41 6.3512.79 9
20250316일10140011국452 7107 2혼전 4441맑음양호 610 7퍼플신화        한센    칼라하리 6330.00한거 5 521 2 2  271      33000국4박윤규퍼플라인 2 9 7 2 728 3 1 319 21김성현45251.069평선보18 15 1537 6.032.0 9.31550 5 933 21818172416111625197525 0→→입13.736.839.312.5715137.239.7 90.0 89.7 27 27 1327   14.60   15.40 4 -4  0NUDN53.34531814-3.6 8.8 5.2606017-4걸음불변감량기수 1관 0 5 6     7 7 8⑦1:30.01¾  1.614.139.914.2 -1 -5 -.30 7 8 -3 1.67461596532 4 811 90 3 4.0611.09 2.9 6.3  7.7   47.9   96.4   51.8  .01419-2 1 2-2  -1.239.30  .6113.6488.66 1.97 4.44 9.29 0 3 7 1.28 5.0312.00 9
20250215토 9180011국451 8107 1혼전 4451흐림건조 410 7퍼플신화        한센    칼라하리 4831.00한거 5 522 2 2  368      33000국4박윤규퍼플라인 210 6 1 228 2 1 318 22김성현45751.068평선상71 78 783133.026.0 2.51550 5 933 21818172416111625197525 0→→입13.740.239.912.5487239.443.3121.4120.8 29 29  729   14.60   12.80 4  4  0BU동53.34531814-4.2 8.2 4.0696918 0걸음늘어급하락세 1관 0 9 5 4 4 4 711⑪2:01.4½   3.414.644.215.4  0  2-1.101111  2 3.588169490 7 7 2 3110 2 7.06 3.07 3.7 9.1 14.2   86.2  227.9  177.6  .01711-4 6 2-4▼-1.941.00  .6340.70118.6  .12  .28 2.49 0 2 5 5.7517.9827.08 6
20250119일 6180011국551 9107 5혼전 4459맑음건조 310 7퍼플신화        한센    칼라하리 4831.00한거 5 017 2 3  426      24750국5박윤규퍼플라인 211 510 128 1 0 317 17김성현45551.063평선보17  7  72310.043.027.21657111450 91818172416111625196733 0↘→입13.740.340.312.6405539.938.4120.0117.8 23 23  823   14.10   13.30 3 -3 -4NUUP54.04521814-2.4 7.6 5.2555517 5걸음불변거리늘어 1관 0 5 2 2 2 1 1 1①2:00.08   -1.314.639.512.8 -8 -1-2.10 1 9 -1  .01835 6 296 2 4 9 61 1 9.06 5.10 3.2 9.1 15.9   84.9  261.0  426.8  .01931 0 3 4 0   -.640.50 -.0737.20118.8 7.4618.0727.21 51322 5.2611.9719.72 5
20241229일 4130011국534 3 87 4 3강 3311맑음건조 410 7퍼플신화        한센    칼라하리 6330.00한거 4 018 9 3  494      24750국5박윤규퍼플라인 212 4 9 328 1 0 316 18김태희45654.559평선하27 31 3150 4.038.0 9.11875111450 91818 91616111523166733 0↘↘입13.737.238.812.6728538.438.6 83.2 84.2 25 25  825   14.50   14.60 2 -2  1LNDN54.04521714-2.0 6.6 4.6606017-4걸음불변거리속성 1기 0 8 8     91010⑨1:23.2½   1.714.139.013.3 -1 -8  .10 910  6 1.87984295722 9 3 9110 1 9.05 7.02 2.7 5.1 31.4  181.3  503.7  158.9  .01424-1 1 1-1   -.840.10 1.07 8.1682.65 1.18 3.89 9.14 0 2 4  .57 1.25 4.0711
20241215일 5170011국551 7107 3 2강 2241맑음양호 810 7퍼플신화        한센    칼라하리 6330.00한거 4 020 2 3  538      24750국5박윤규퍼플라인 213 3 8 428 1 0 315 20코지  46454.087평선보44 37 373213.039.012.22141121450 9181818 016112526196733 0→↗선13.739.640.712.6617539.442.4115.3114.7 25 25  825   14.50   14.00 4  6 -1BH동54.04521714-1.4 6.8 5.4505017 0걸음불변최적거리 1기 110 6 6 8 7 7 9⑨1:55.32    1.614.542.914.6  5  6 -.89 9 4  1 1.78223847729 4 4 8 90 1 1.02 9.04 3.4 7.7  3.4    9.3   18.0   11.2  .01425-2 3 2-2   -.741.70  .6634.37113.3 2.29 6.8212.21 1 3 8 1.65 6.9615.13 8
20241117일 4170011국511 5 67 3혼전 4411흐림양호 610 7퍼플신화        한센    칼라하리 6330.00한거 4 021 2 4  626      24750국5박윤규퍼플라인 214 2 7 328 1 0 314 21장추열45855.091평선상67 66 664934.047.020.92447 81325101818 0 016112026226733 0↗→입13.739.640.712.6587539.741.0114.5114.1 25 25  825   14.60   13.80 3 -5  1HN동54.04521714-2.2 7.6 5.4505017 0걸음불변최적거리 1관 0 4 5 5 2 4 4 8⑧1:54.56    1.414.541.014.0  5  3 -.15 8 3 -7 1.67239554833 4 6 5 70 1 2.01 5.02 1.5 5.8  9.4    5.8   16.5   20.5  .01444-2 5 3-2   -.441.60  .4533.80113.3 5.6412.1420.94 41118 9.7818.7527.27 5
20241026토 5170011국510 2 67 4혼전 4441맑음다습1410 7퍼플신화        한센    칼라하리 6330.00한거 4 023 9 4  700      24750국5박윤규퍼플라인 215 1 6 228 2 0 313 23김동수45554.065평자상77 76 766643.048.016.31675 91325101818 9 01611 920275050 0→→추13.739.540.812.6656839.540.0110.9112.8 27 27  927   14.20   14.00 3  1  2BN동54.04511714-1.4 7.0 5.6444417 0기습선행최적거리 1   0 9 3 3 1 1 1 2③1:50.9½    .114.639.813.8 -7  5  .90 310  6  .13229251271 3 4 3 81 2 5.07 8.02 1.6 5.5 14.8  141.2  358.2  878.6  .03140-1 7 3-1   -.341.50  .5732.46113.3 3.83 8.7916.32 3 81410.3119.6130.18 7
20251116일10180010국4 2 6  6 6혼전 4454          10 8캠프데이비드    위드디스마코마   9431.00한거 41435   1    017:30 33000국4강환민배은정   2 015 3 114 3 2 314 35임다빈   54.080우선보50 62 627466.059.034.72049 61145 3231640251818152324404020↘→추13.736.639.912.35364                   55 64  927   13.90   13.80 4  5  0LHUP55.44981817 -.4 3.0 2.6797913 2마방기습강단마필55트 0 8                            13.9    13.8                                 1 2 2 3  3                                              .02862 0 8 7 0    .739.90  .95     117.210.5022.4634.6812284314.4728.5740.81 2
20251018토 71600 9국453 7106 6 3강 3331흐림포화1910 8캠프데이비드    위드디스마코마   2428.00한거 41538 2 1   82      33000국4강환민배은정   2 114 2 214 2 2 313 38임다빈51254.080우선보85 86 861779.058.045.72049 61145 3231640251818152324502525↘→추13.736.738.712.3467236.639.7102.1102.6 60 70 1030   14.20   13.5011 -7  0UH동55.84951717  .2 2.8 3.0696913 0마방연대마방기습 5트 0 3 5   5 6 6 4⑤1:42.12½   .413.939.113.8  0  2  .60 5 5  3  .53960555972 7 1 4 22 2 1.08 1.06 3.2 6.3  3.2   48.6   89.4   52.6  .02865 0 7 7 0    .438.70  .0227.20102.716.4233.7745.7418365116.3533.1848.26 2
20250803일13160010국452 6106 6혼전 4432흐림건조 310 8캠프데이비드    위드디스마코마   2428.00한거 41633 1 1  170      33000국4강환민배은정   2 213 1 114 1 2 212 33임다빈51054.080우선적58 61 611753.063.065.22049 61145 32316402518181523246733 0↘→추13.736.538.612.3557237.437.8102.9102.0 56 67 3333   14.60   13.70 4  6  0VHDN56.34901717  .6 2.6 3.2696913-1트립손실마방연대68트 010 7   7 9 6 2②1:42.9½    .014.239.013.5  0  4 -.40 2 2 -2  .01692 92086 7 1 3 13 1 3.02 3.10 3.0 6.8  5.3    9.5   22.3   10.4  .03584 0 7 7 0    .938.60 -.3026.88102.527.5652.5165.1832526417.6532.6846.51 2
20250706일 6170010국553 2106 4 3강 3311맑음건조 310 8캠프데이비드    위드디스마코마   2428.00한거 41836 1 1   69      33000국5강환민배은정   2 312 3 814 5 2 211 36정우주50654.070우선하78 78 787256.053.023.42042101145 32316162018181730136733 0↗↘입13.739.440.312.3757939.739.8114.2113.5 56 56 3322   14.80   13.60 4 -1 -2HH동56.34901717  .2 2.6 2.8767613 0걸음불변작전마주45트 0 4 3 3 3 3 4 4⑧1:54.22     .814.639.813.7  4  3-1.09 8 4  2 1.85842201351 4 1 3 60 5 1.06 8.09 3.2 7.7  3.2   19.0   31.3  108.3  .01748 0 6 6 0    .141.70  .7233.81112.9 5.2414.1023.41 3102011.7626.6036.12 4
20250607토 61700 7국452 5 56 6 1강 1141맑음건조 310 8캠프데이비드    위드디스마코마   2428.00한거 42040 2 1   73      33000국4강환민배은정   2 411 2 714 4 2 210 40정우주50355.570우선하77 88 888083.057.039.22042101145 32316162018181730136733 0↗↘입13.739.340.312.3797939.940.0113.3112.9 63 63 3825   14.00   12.60 5  2  4NN동56.34901717  .2 2.6 2.8767613 0선행호기작전마주54기 1 5 2 2 2 2 2 3③1:53.34     .814.839.813.6  1 10 -.60 3 2  1 1.03752262555 2 1 2 41 4 1.03 4.01 2.5 4.0  2.5    6.4   11.5    5.7  .02661 1 8 7 1    .541.70  .4033.27112.811.0024.2239.19 7142518.1038.7157.69 3
20250503토 6170011국454 1106 7혼전 4421흐림포화1810 8캠프데이비드    위드디스마코마   2428.00한거 42233 1 1  138      33000국4강환민배은정   2 510 1 614 3 2 1 9 33정우주49352.070우선적95 99 998859.056.042.92042101145 32316162018181730136733 0↗↘입13.739.240.712.8867239.739.2110.6113.0 57 57 4314   14.30   13.10 4  0 -5UU동56.34901717 -.4 3.2 2.8767613 0선전만회작전마주 1기 1 3 2 2 2 2 1 1②1:50.6½    .014.038.012.6  1  8 1.20 2 1 -4  .13939 8 480 6 2 1 41 3 2.01 7.03 3.8 8.2  4.5    8.2   14.1    9.710.52582 1 7 6 1    .441.80  .1633.06113.013.2629.4842.9310223613.1628.0938.49 2
20250405토 4170011국551 1106 7혼전 4421비  다습1310 8캠프데이비드    위드디스마코마   2428.00한거 41225 1 2  224      24750국5강환민배은정   2 6 9 5 514 2 1 1 8 25정우주48557.066기선적57 49 497127.057.032.513381022531323161620181817301399 0 0↘↗입13.739.141.212.9895539.439.9109.0111.5 50 50 5017   15.70   13.20 4 -3  2UNUP56.04921714  .6 3.8 4.4595913 3적임교체거리속성 1트 2 3 3 3 3 4 3 1①1:49.01¾  -.314.338.713.1 -4-13 1.70 1 5  1  .0 52722 989 1 7 5 32 2 5.08 3.07 3.810.9  7.6  113.7  203.3  165.312.73165 2 5 6 2    .641.70  .1931.20113.311.1921.0732.45122843 9.2321.5831.38 6
20250309일 4140011국523 7 76 6 1강 1155맑음다습1010 8캠프데이비드    위드디스마코마   2428.00한거 4 1   2 2  298      24750국5강환민배은정   2 7 8 4 314 1 1 1 0  0정우주49855.566기선적36 29 2958  .055.040.213381022531323161620181817301399 0 0↘↗입13.736.740.313.2822038.838.8 89.5 89.7 60 60 6020   14.40   13.3028  0  1NNDN56.04921717 -.2 5.2 5.0585813-3걸음불변적임교체 1기 0 611    111111⑦1:29.54    2.215.738.213.2  3  4  .20 7 4  2 2.67299288018 210 8 33 1 2.01 1.04 2.4 2.5  2.8    2.5    5.1    8.5  .04445-1 4 6-1    .539.40 -.7612.6789.2812.3726.5740.2412253911.3922.6447.73 3
20240824토 5170011국522 9 76 4 1강 1111맑음다습1210 8캠프데이비드    위드디스마코마   2428.00한거 31633 2 5  872      24750국5강환민배은정   2 8 7 3 414 2 1 1 6 33임기원49455.092기선적88 90 906881.050.028.43040 82018122316 9 0181825321699 0 0↘↘선13.739.141.513.2892539.144.5116.1115.7 60 60 6020   14.10   14.60 5  3  1NN동56.04921717 -.8 6.3 5.5515113 0전력변화작전마주 1기 2 6 3 3 5 5 6 8⑨1:56.15    3.214.345.115.9  7 -2 -.69 9 2  1 4.093139795 9 2 8 2 42 3 6.11 2.05 2.6 2.8 13.9  161.6  420.1  724.9  .02357-1 7 4-1    .142.30  .1335.11113.5 7.7718.9428.35 8223519.8034.4246.93 2
20240720토 61700 8국551 7 56 5 1강 1131맑음다습1110 8캠프데이비드    위드디스마코마   2428.00한거 32040 2 5  957      24750국5강환민배은정   2 9 6 2 314 1 1 1 5 40임기원49654.592기선적51 42 426979.061.034.83040 82018122316 9 0181825321699 0 0↘↘선13.739.241.513.2842038.941.0111.8112.2 50 50 5025   14.00   14.20 4 -6  0UU동56.04921714 -.7 7.7 7.0363613 0직전탐색선행유리 1   0 3 2 2 2 2 2 1③1:51.8½    .014.141.214.6  2  0  .10 3 1  0  .416 8532184 1 7 6 51 2 5.02 4.06 2.9 4.8  7.7   12.2   28.4    9.3  .03377 0 6 6 0    .641.70 -.0831.50113.6 9.9320.8834.82 8203112.4127.2439.95 4
20240622토 7170011국551 4106 3 2강 2251비  포화1910 8캠프데이비드    위드디스마코마   2428.00한거 32550 2 6 1033      24750국5강환민배은정   210 5 1 214 3 1 1 4 50다비드49654.578기선적59 61 613785.040.019.3 933 01550 0231619 0181817241899 0 0↘↗입13.739.242.013.282 539.341.6111.9113.4 50 50 5025   14.40   14.50 4  5 -2LU동56.04921714  .0 9.5 9.5121213 0신마혈통거리속성 1기 1 9 2 2 2 3 2 2⑦1:51.93    1.614.040.514.2  6  1 1.52 7 1 -1 1.85421715429 211 4 60 4 3.06 6.01 2.9 7.2  5.1   27.5   45.9   41.7  .02432-2 6 4-2   -.641.90  .0232.22113.9 4.0710.9619.31 5122226.6046.1556.07 2
20240526일 31700 9국641 9 46 3 2강 2219맑음건조 310 8캠프데이비드    위드디스마코마   2428.00한거 3 033 9 6 1110      16500국6강환민배은정   211 4 4 114 2 0 1 3 33다비드49556.078기선적89 48 483387.054.044.4 933 01550 0231619 0181817241899 0 0↘↗입13.739.942.613.242 339.040.5113.9112.0 33 33 3333   13.90   13.50 5 -4  0UUUP56.04891714-1.011.010.0131313 4최선후착신마혈통 1기 1 4 1 1 2 2 2 1①1:53.92½  -.414.441.414.5 -1  6-1.30 1 2 -2  .01112401497 410 2 31 3 2.03 4.01 2.2 2.4  2.9    8.3   13.3    4.3  .03038-2 7 4-2    .341.00-1.2329.47114.811.8229.4244.4112284337.8863.2466.40 1
20240420토 11300 8국611 5 16 2 2강 2223비  다습1010 8캠프데이비드    위드디스마코마   2428.00한거 3 0 0 2 7 1230      16500국6강환민배은정   212 3 3 114 1 0 0 2  0다비드48956.076하도보 8  7  730 7.033.017.7223316194510231619 01818172418      ↗↘입13.736.940.514.882 337.338.1 81.9 81.6  0  0 50 0   13.70   15.40 4  4  0NHDN       1414         9.0    14-1걸음불변부진마필 1기 0 8 3     2 2 2②1:21.9머리  .013.938.613.5 -2 -2 -.40 2 4 -4  .1 53415 892 2 8 8 61 2 3.04 7.08 1.4 2.3  6.3   24.0   41.7   36.8  .01413-3 3 2-3▽-1.139.80 -.03 4.1583.55 2.01 7.8417.67 51222 1.79 9.2615.54 5
20240323토 1140010국650 9106 4 1강 1139맑음양호 610 8캠프데이비드    위드디스마코마   2428.00한거 3 0 0 2 7 1318      24750국6강환민배은정   213 2 2 214 1 0 0 1  0임기원49156.086하무보 5  2  21011.038.013.81423 91945102316 9 01818253216      ↗↗선14.137.641.014.8 9 136.441.9 92.9 90.9  0  0  0 0   14.10   15.10 5 -4  0HH동       1414        10.0    14 0기수신마기수승부 1기 1 4 2     2 3 7⑨1:32.91    2.913.742.615.4  1  0-1.60 9 8 -3 3.09117949019 9 9 5 91 1 1.03 1.10 1.7 5.7  1.7   10.9   15.3   22.8  .02031-2 2 3-2   -.738.70-1.0612.3090.37 2.78 7.8213.83 1 3 8 4.55 9.5211.80 9
20240217토 1140011국650 9106 7혼전 4435맑음다습1210 8캠프데이비드    위드디스마코마   2428.00한거 3 0 0 2 8 1428      24750국6강환민배은정   214 1 1 114 1 0 0 0  0다비드49156.075평무보   35 3540  .052.038.4152015194411231619 01818172418      →↗입    36.639.1        37.541.6 93.6 92.0              13.90   13.50 4  0  0LL동       14 0                 0 0걸음불변기수신마 1기 2 8 7     7 810⑩1:33.67    2.714.142.215.1 -1 -2-1.201011  0 2.99776929520 2 2 3 40 1 2.08 6.02 3.7 6.0  3.9   39.8   71.1   41.612.73349 2 6 6 2    .240.00  .1016.3388.3813.1127.8738.4210223616.3628.1354.45 3
20251116일10180010국4 2 6  8 9혼전 4454          10 9차밍퀸          인디밴드지니     8139.00한암 3       1    017:30 33000국4리카디이시돌협99 0 6 1 2 5 6 2 3 5  0조상범   52.056강자보50 69 6989  .069.057.71270 6375121323533 034241320183367 0→→입14.137.841.012.89416                  100 80 80 0   14.00   13.70 4  7 -3BU동54.54681813  .0 1.6 1.6919114 0전개최상승부최상52기 1 9                            14.0    13.7                                 2 6 1 1  6                                              .04491 3 9 8 3☆ 1.641.00 -.25     118.128.4546.1257.7039597211.8421.4329.78 6
20251019일 5180011국510 7 68 9 1강 1131맑음포화1710 9차밍퀸          인디밴드지니     8139.00한암 3     2 1   73      24750국5리카디이시돌협99 1 5 3 1 5 5 1 3 4  0조상범46454.556강입보90 97 9792  .070.072.91270 6375121323533 03424132018 099 0→→입14.139.540.612.8913537.841.6117.9119.6100100 75 0   13.60   13.40 5 -3  1HNUP54.54701813  .0 1.8 1.8898914 4유망전력전개최상73기 1 2 1 1 1 1 1 1①1:57.94    -.714.040.713.7  0 -4  .90 1 1 -1  .065 1781996 1 5 1 11 5 1.02 2.04 1.8 6.1  1.8    6.1    7.5    9.7  .04493 3 9 9 3☆ 1.441.50 -.9639.46118.633.1757.3872.8632526410.8420.6931.41 4
20250914일 41400 9국552 5108 8 1강 1141맑음다습1310 9차밍퀸          인디밴드지니     2938.00한암 3     2 1   72      24750국5리카디이시돌협99 2 4 2 1 5 4 1 2 3  0조상범46854.056강입하81 91 9184  .064.045.01270 6375121323533 03424132018 099 0→→입14.136.539.412.8873936.039.2 86.3 87.2100100 67 0   13.60   14.0013  0  1LNUP55.04721413  .0 1.7 1.7909013 1전개최상마방선전48기 1 5 4     4 3 1②1:26.31¼   .013.638.413.4  0 -8  .90 2 2  1  .2 4 7441084 1 3 3 22 4 4.02 8.05 3.7 7.4  5.9    8.1   22.8   30.512.03477 2 8 8 2▲ 1.039.00 -.2211.3188.5217.3332.2444.98163348 6.8214.5226.98 6
20250614토 4130011국554 5108 9혼전 4411맑음건조 310 9차밍퀸          인디밴드지니     2938.00한암 3     2 2  246      24750국5리카디이시돌협99 3 3 1 3 5 3 1 1 2  0조상범47653.058강입보96 99 9991  .065.039.31040 8314811323533 03424132018 099 0→→입14.136.839.212.8965137.238.9 81.7 82.2100100100 0   13.80   12.90 5  4 -2LU동55.04721313 -.5 2.0 1.5929213 0마방강공전개최상58기 2 5 5     5 5 2②1:21.71½   .013.639.214.0  1  4 -.10 2 1 -1  .31428372185 4 4 1 33 3 3.01 4.05 2.6 5.8  5.3    5.8   12.1   12.610.54486 3 9 8 3☆ 1.040.10  .25 6.1982.6514.3127.7339.2514284210.8419.4636.66 6
20250511일 3130011국640 9 48 6혼전 4411흐림포화1910 9차밍퀸          인디밴드지니     2938.00한암 3 0   2 1  110      16500국6리카디이시돌협99 4 2 2 2 5 2 0 1 1  0조상범47255.056강입보99 99 9986  .066.054.71270 6375121323533 03424132018      →→입14.136.840.012.8972536.839.1 81.7 81.7100100100 0   14.00   13.80 3  0  0HH동       1313  .0 2.0 2.0868613 0마방기습마방강공 1   0 1 5     4 4 1①1:21.75    -.913.838.712.9 -1 -2  .50 1 2  0  .0 712491998 1 8 1 22 2 2.03 1.06 2.1 2.3  3.2    9.9   16.0    5.010.52885 1 8 8 1△ 1.140.00 -.68 4.9183.1621.4038.5554.6919395714.0626.6746.25 3
20250420일 21300 9국641 9 98 8 1강 1131맑음양호 910 9차밍퀸          인디밴드지니     2938.00한암 3 0 0 2 1  174      16500국6리카디이시돌협99 5 1 1 1 5 1 0 0 0  0조상범47455.056평무보77 25 2574  .053.041.71270 6375121323533 03424132018      →→입14.137.039.012.8999836.839.6 83.6 82.0              14.60   13.30 4  0  0NL동       13 0         4.0     0 0신마적응마방기습 1기 0 1 3     3 3 2②1:23.67     .014.040.313.8  0 -5-1.30 2 2  0 1.21313643589 2 311 32 1 1.02 4.01 1.6 4.0  1.6    4.0    6.4    7.912.03261 2 6 7 2    .439.80  .16 6.0282.6511.3227.8641.7212284310.2320.0042.39 5
20251116일10180010국4 2 6  8 8혼전 4454          1010이클립스블랙    섀클포드검은요정 9528.00한수 32338   1    017:30 33000국4서홍수조한수   0 014 1 613 2 3 213 38이동하   57.588우선보50 57 575382.056.031.229491621361224333127261923261980 020→↘선13.838.641.012.871 8                   70 50 4020   14.30   13.10 4  1  2VB동55.55012018 -.2 3.4 3.2696917 0직전선행승군시기66기 010                            14.3    13.1                                 3 7 3 5  3                                            12.73676 2 9 9 2△  .641.00  .13     118.410.4819.8831.16 6152523.6836.9049.63 1
20251019일 9180011국511 6 68 8혼전 4451맑음포화161010이클립스블랙    섀클포드검은요정 9528.00한수 31633 2 1   69      33000혼4서홍수조한수   0 113 2 513 1 2 212 33이동하50455.588우선하58 54 545769.069.058.629491621361224333127261923261975 025→↘선13.840.141.012.9561138.640.4118.0119.4 67 56 3322   14.20   14.10 4  6 -1LH동55.55002018 -.2 3.6 3.4676717 0강단마필기수영향57기 0 9 1 1 1 1 1 1①1:58.02    -.414.339.513.1 -1 -3  .30 1 2 -1  .061 549 994 210 5 11 2 2.05 9.02 2.0 6.6  5.9   26.3   42.9   18.712.73275 2 8 9 2▲ 1.340.90 -.9438.29119.028.4847.5958.6432526420.5937.9745.63 1
20250921일10180010국441 7 98 7 1강 1111맑음다습131010이클립스블랙    섀클포드검은요정 9528.00한수 31836 2 1   45      33000국4서홍수조한수   0 212 1 413 3 2 211 36이혁  50756.087강선적86 90 906791.061.053.61529 621361224332827261927211975 025↘↗선13.840.040.912.9651439.740.6118.0118.6 75 75 3825   14.40   14.50 5 -3  2UN동55.55002018 -.4 3.2 2.8787817 0강단마필강단마필 5   0 3 2 2 2 2 2 3④1:58.05    1.214.240.614.1  1  1  .30 4 3  2 1.63829584147 5 9 1 31 3 2.01 8.10 2.5 4.5  3.8    4.5   10.3   27.2  .03266 0 9 7 0    .740.90 -.7737.66118.917.3236.3953.6416334824.3946.4159.27 2
20250817일 9180010국520 9 78 7 1강 1151맑음양호 71010이클립스블랙    섀클포드검은요정 9528.00한수 32040 2 1   87      33000국5서홍수조한수   0 311 5 313 2 2 210 40이혁  50654.587강자적77 80 808291.069.073.51529 621361224332827261927211975 025↘↗선13.840.240.812.9492038.140.7119.4117.6 71 71 1429   14.10   15.20 5  3 -1NU동55.55002014 -.8 3.4 2.6808017 0마방기습강단마필 5   0 6 2 2 1 1 2 2③1:59.4¾    .114.441.414.5  2  1-1.50 3 1  0 2.014 160 779 3 7 1 11 2 2.04 1.07 1.6 4.3  5.0   30.6   49.2    7.8  .02878 1 9 8 1   1.540.60-1.2336.63118.938.6061.0173.4538597130.3056.7064.57 1
20250713일 71800 8국510 9 18 8 3강 3351흐림양호 61010이클립스블랙    섀클포드검은요정 9528.00한수 32244 2 1   71      33000국5서홍수조한수   0 410 4 213 1 2 2 9 44이혁  50555.087강자보90 89 896685.069.073.71529 621361224332827261927211975 025↘↗선13.840.140.712.9552538.942.9119.5118.6 71 71 1429   14.90   14.80 4 -2 -2UHDN55.55002014-1.0 2.8 1.8909017-2연대우수마방기습 5   0 3 3 3 4 2 2 2⑤1:59.51¼   .714.143.315.2  4  8 -.59 5 1 -9 1.041 9927962 5 5 2 11 1 2.07 9.01 1.6 3.3  5.8   86.1  174.6  119.611.83187 2 8 9 2▲ 1.240.80-1.1937.79118.933.5159.1273.6736546926.0445.9061.07 1
20250615일 8200013국514 9 18 6혼전 4431맑음건조 31010이클립스블랙    섀클포드검은요정 9528.00한수 32550 2 1   64     385000국5서홍수조한수   0 5 9 3 113 3 2 2 8 50해리카49757.071강선보75 80 802674.053.023.31950 921361224332041261919251275 025↘↘입13.839.440.312.9565539.642.5131.5130.7 83 83 1717   14.40   13.70 4 -1  1NLUP55.55002014-1.0 2.8 1.8909017 2강단마필연대우수 5   0 51312121210 6⑦2:11.51¼  1.714.941.714.8 -3 -8 1.00 710  9 1.84059888949 6 6 4 73 4 3.0910.11 1.4 3.4  8.1  142.6  343.5 1119.3  .03719-3 8 8-3△ -.140.30  .1650.96131.3 6.8413.6623.27 5132211.5422.0129.82 1
20250517토 51800 8국511 9 18 7 2강 2259맑음포화161010이클립스블랙    섀클포드검은요정 9528.00한수 31442 2 1   97      24750국5서홍수조한수   0 6 8 2 113 2 1 2 7 42해리카50556.571우선보75 80 808491.065.099.01950 921361224332041261919251267 033↘↘입13.840.340.212.9445939.639.9118.1117.8 80 80 2040   14.50   13.20 4 -4  2NNUP55.24991814-1.0 4.8 3.8727217 1강단마필강단마필 5   0 6 2 2 1 1 1 1①1:58.13    -.614.440.113.7  0  3 -.30 1 1 -2  .01824381896 2 1 1 11 3 1.08 6.03 1.1 3.4  1.1   19.2   29.1  110.7  .03279 2 9 7 2   1.040.50-1.6737.30118.752.7391.9999.0032526450.0090.1699.00 1
20250420일 6170010국543 4 98 4혼전 4411맑음양호 81010이클립스블랙    섀클포드검은요정 4530.00한수 31633 2 1  170      24750국5서홍수조한수   0 7 7 1 213 1 1 1 6 33해리카50254.572우선보99 99 997270.057.035.91950 921361224332041261919251299 0 0↘↘입13.839.341.113.1816440.339.5111.2112.3 75 75 2525   14.30   13.60 5  6 -2VU동55.54971714-1.0 5.3 4.3696917 0걸음불변강단마필 1   010 8 8 8 8 8 4②1:51.2½    .014.539.613.2 -1  5  .20 2 3  2  .11970142081 5 3 1 53 210.03 8.10 3.4 4.9 56.6  193.8  540.8  777.410.52868 0 8 8 0    .441.60  .0531.90113.411.0724.9635.92 8172815.6927.1836.18 1
20250316일 3170011국650 8 58 5 1강 1149흐림양호 71010이클립스블랙    섀클포드검은요정 4530.00한수 3 0   2 2  278      16500국6서홍수조한수   0 8 6 6 113 1 0 1 0  0김태희49756.071기입적24 47 4761  .064.068.31436 6315613243323 0261915231699 0 0↘↗입13.839.941.113.1446438.640.3112.6111.2 67 67  033   14.80   13.20 7 -6  0UVUP55.04971714-1.3 6.7 5.3595914 3주행평범거리속성 1   0 4 1 1 1 1 1 1①1:52.64    -.614.340.913.6  0 -3-1.20 1 1  0  .0 2 432 497 7 4 2 11 1 1.04 4.08 2.2 4.3  2.2    8.8   13.4   35.5  .02559 0 6 7 0   1.140.80 -.9930.21113.833.8456.4368.3038597121.4337.1165.78 2
20250126일 2140011국610 9 18 3혼전 4439맑음건조 31010이클립스블랙    섀클포드검은요정 4530.00한수 3 025 9 3  408      16500국6서홍수조한수   0 9 5 5 213 2 0 1 4 25씨씨웡50056.075기입적81 80 805863.059.048.3235010305210243327 0261920242299 0 0↗↘자13.837.339.513.12555                   67 67  033   14.20   13.40 4  1  1NV동55.04971414-2.0 9.0 7.0464614 0마방기습기복전력 1   010          99        중지    14.2    13.4     3-1.57   1 -1               5 5 1 20 2 6.04 2.01 1.5 2.7 19.6   68.4  186.4  969.4  .02752-1 7 5-1    .539.50 -.85     89.1418.9834.7848.3314284217.2435.7145.00 1
20241228토 4140011국630 8 88 4 1강 1149맑음건조 51010이클립스블랙    섀클포드검은요정 4530.00한수 2 0 0 9 3  506      16500국6서홍수조한수   010 4 4 213 1 0 0 3  0씨씨웡49755.075기입적47 40 403466.061.050.1235010305210243327 02619202422      ↗↘자13.837.540.213.8103937.138.5 89.6 87.6 50 50  0 0   13.70   13.70 6  5  0NHUP       1412  .011.011.0 5 514 1교체실패마방기습 1   0 9 2     2 2 2②1:29.6½    .014.238.813.4  0 -2-1.30 2 2  1  .1 855202089 5 6 2 21 1 1.02 2.09 2.2 5.3  2.2    6.1   10.4   19.3  .02354-1 6 7-1    .638.10-1.46 9.9089.7618.8534.2350.0518365112.3627.4332.84 2
20241117일 1130011국610 3 68 5 1강 1135흐림양호 71010이클립스블랙    섀클포드검은요정 4530.00한수 2 0 0 2 4  629      24750국6서홍수조한수   011 3 3 113 1 0 0 2  0문세영49955.093기입보79 35 3569  .060.036.03851 02247 9243346382619283616      ↘↗입13.837.139.213.8728537.338.5 83.2 82.5 50 50  0 0   13.80   14.30 6 -6  0HHDN       1412         3.0    14-1마방습성거리속성 1   0 4 2     3 2 1④1:23.21½   .513.739.313.7  3  9 -.71 4 1 -6  .72636261773 4 7 5 22 1 7.04 6.02 1.2 3.7 39.6  172.7  527.0  251.913.42775-1 6 5-1    .839.80  .14 6.1782.8412.4925.6136.00204056 9.3818.4628.36 4
20241006일 3140010국610 5 68 6 3강 3339흐림건조 31010이클립스블랙    섀클포드검은요정 4530.00한수 2 0 0 1 4  757      16500국6서홍수조한수   012 2 2 113 1 0 0 1  0이동하49055.090하무보 6 35 35 623.044.025.12535142247 9243331272619232619      ↘→선14.237.840.713.8 1 536.838.9 88.9 88.0  0  0  0 0   14.20   14.10 4  1  0NHUP       1412        11.0    12 2기수신마마방습성 1   010 5     4 3 2③1:28.9목    .013.839.414.3 -4 -7 -.80 3 7 -4 1.21636312187101010 62 1 1.03 5.02 1.8 7.3  1.8    7.4   10.5   28.3  .02333-2 4 6-2   -.437.90-1.29 9.4590.31 7.1414.8925.12 31020 6.1218.7527.97 6
20240907토 8120011국252 3108 7혼전 4431맑음다습111010이클립스블랙    섀클포드검은요정 3629.00한수 2 0 0 2 5  825     1100002등서홍수조한수   013 1 1 113 1 0 0 0  0해리카49755.073평무보   35 3540  .042.010.0164011202019243320412619192512      ↗→입    36.738.5        38.839.9 78.4 79.0              13.80   13.60 4  0  0LL동       12 0                 0 0걸음불변기수신마 1   0 911    111111⑪1:18.47    3.614.240.114.1  0 27  .301111  0 4.296977995 2 2 2 7110 1 3.01 4.06 2.3 7.5  7.4    9.0   18.4   12.212.73044 2 5 6 2   -.539.80  .99 3.7675.61 1.63 4.56 9.95 0 2 5 6.3413.0928.9710
20251116일112000 8국2 2 4  3 1 2강 2236          11 1월드참          테스타마블랙탄   5644.00한수 6       1    018:00 495002등심승태김세민   2 016 1 1 0 1 5 2 0  0조상범   52.556기선적85 74 7424  .024.0 4.21270 61129 7 8 0 51512 813201899 0 0→→입13.239.341.413.14718                   47 53 4020   14.30   12.30 6 -1  1UNUP55.75062014-2.2 9.0 6.8434312 2거세출주탐색우려32관 0 1                            14.3    12.3                                 3 8 1 8  1                                              .01311-4 5 4-4▼-1.841.40  .04     132.1  .31 1.40 4.15 1 612 9.4718.9531.34 5
20251004토10180011국234 8 83 3 1강 1131맑음다습1011 1월드참          테스타마블랙탄   5644.00한수 6 1   1 1   90      495002등심승태김세민   2 11512 318 3 5 2 0  0오수철50852.059기선적14  5  513  .029.0 6.2 825 71129 7 8 0171412 812231599 0 0→→입13.239.841.113.16218                   47 53 4020   13.40   15.4033 -2  0UHUP55.75061814-2.8 9.0 6.2424212 2걸음불변거리속성33관 1 2          99        중지    13.4    15.4     0  .87   9  0               7 9 911010 6.02 1.03 2.2 4.7 18.7   28.1   84.9   75.7  .01411-3 1 1-3▽-1.441.10  .31     118.9  .44 1.78 6.20 1 3 5 6.1613.3323.68 6
20250215토111600 9국223 2 73 3 1강 1131흐림건조 411 1월드참          테스타마블랙탄   5635.00한수 63346 2 4  658      495002등유재길김세민   2 21411 418 2 5 215 46오수철50852.065기도적21 16 161710.032.0 6.5 5 0 5 5   3 724 614 8 012231599 0 0↘↗입13.236.340.113.1693536.342.2103.1104.9 50 57 5721   13.80   14.70 6  1 -1HH동55.75061814-2.8 9.0 6.2424213 0걸음불변기복전력 1기 0 4 2   2 3 4 6⑨1:43.12½  1.913.441.815.4  0 -1 1.00 9 9  0 3.38938939328 4 910100 9 2.08 2.07 2.4 3.3  2.6   35.8   45.9  119.7  .01415-2 3 2-2  -1.440.10  .4928.52103.3  .53 1.98 6.54 1 4 8 1.63 4.06 9.0710
20250105일11160010국223 2 73 5 1강 1131맑음양호 711 1월드참          테스타마블랙탄   5635.00한수 63550 1 3  465      495002등유재길김세민   2 31310 318 1 5 214 50오수철50953.057기도적27 17 1717  .035.010.3 850 3 9 010 724 614 8 012231599 0 0↗→입13.236.340.413.1653536.041.0101.5103.5 54 62 6223   13.20   13.40 8 -1  1HNUP55.75061814-2.6 8.6 6.0444412 2출주취소기복전력 1기 0 3 3   3 2 2 5⑥1:41.52    1.813.840.314.7 -3  3 1.40 6 9    2.36720847829 610 9 81 8 1.10 6.05 2.0 3.4  2.0   74.1   97.4   60.0  .02225 0 3 3 0  -1.040.40  .2826.76103.4 2.38 5.5410.26 1 512 5.8813.0931.16 6
20241110일 91400 9국254 1103 4 1강 1141맑음건조 511 1월드참          테스타마블랙탄   5635.00한수 53550 2 4  641      495002등유재길김세민   2 412 9 518 1 5 214 50문정균  052.070기선적47 32 324915.045.020.61538 7 5   3 724 5 0 8 013182399 0 0↗→추13.236.839.713.15943                   54 62 6223   13.80   15.30 6 -3 -1HHDN55.75061814-2.0 7.6 5.6464612-4유망전력기복전력 1기 0 4                    취소    13.8    15.3     0  .87                      610 8 70 1 5.07 5.08 4.2 8.7  5.8   36.1   49.8   43.9  .03549 0 3 4 0   -.439.70  .05     88.93 5.4311.7220.58 41118 2.65 8.1113.93 9
20240929일 7180014국253 3103 4 3강 3331맑음건조 411 1월드참          테스타마블랙탄   5644.00한수 53853 9 4  775     1100002등유재길김세민   2 511 8 318 7 5 213 53오수철50653.063기선적71 56 56 941.037.0 7.2 5 0 5 5   3 724 614 8 012231599 0 0↘↗입13.239.941.313.1561638.143.5118.2119.7 58 67 5825   13.70   13.40 8 -3  1NNUP55.75061814 -.4 7.2 6.8313112 4선전만회최근최상 1   0 7 1 1 2 3 3 7⑩1:58.21¾  2.413.842.315.3 -2  8 1.701012  3 2.870 1957510 61412140 7 2.13 4.08 3.7 9.7  4.7  266.0  438.2  776.7  .01918-2 4 2-2   -.841.10  .2038.49119.0  .99 3.05 7.16       3.63 9.4416.8511
20240803토 9140011국234 1 83 3혼전 4451맑음건조 311 1월드참          테스타마블랙탄   5635.00한수 54150 1 5  911      495002등유재길김세민   2 610 7 518 6 5 112 50오수철49852.060기도보54 49 492733.050.016.715501110 0 6 724 614 8 012231599 0 0↘↘입13.236.839.813.1592537.336.9 85.4 86.9 55 64 6418   14.00   14.5010  1 -1BHDN55.75061814 -.6 6.2 5.6383812-4선행실패마번불리 1기 010 4     3 2 2②1:25.46     .013.736.813.4 -7 -2  .60 2 9  3 1.1 265 1 182 411 9 92 6 1.09 6.10 2.1 3.4  2.1  100.1  111.3   98.4  .03447 0 5 4 0   -.138.70  .0910.2889.00 3.75 8.2716.68 2 5 9 4.5913.6219.40 9
20240525토11180011국253 8103 4 1강 1141맑음건조 311 1월드참          테스타마블랙탄   5644.00한수 54554 9 6 1113      495002등유재길김세민   2 7 9 6 218 5 5 111 54오수철50052.557기선적10 17 1723 7.035.011.71050 71699 7 724 614 8 012231599 0 0→↘입13.239.840.613.1593539.141.4118.2118.2 60 60 6020   13.60   14.80 6  2 -6LHUP55.75061814  .0 4.6 4.6545412 2걸음불변거리속성 1기 1 9 2 2 2 2 1 2⑦1:58.21½   .714.041.514.5  1 -7 -.60 7 6 -3 2.22810784766 3 7 7 61 5 1.04 2.03 2.6 5.3  2.6    8.1   12.6   32.7  .01428 0 2 1 0  -1.041.10  .3237.77118.7 2.52 6.2811.72 51223  .68 3.70 7.19 9
20240414일 6160010국252 3103 5 3강 3331맑음건조 411 1월드참          테스타마블랙탄   5635.00한수 55060 2 7 1236      825002등유재길김세민   2 8 8 5 218 4 5 110 60오수철50758.061우도적53 46 461725.039.012.0 6 0 5 867 3 724 614 8 012231599 0 0↗→입13.236.338.913.1658736.641.0102.2104.1 67 67 6722   14.50   13.50 5  1  6NBDN55.75061814  .4 3.4 3.8656512-2강단마필보통걸음 1   0 7 2   2 3 3 4⑥1:42.25    2.213.640.714.8 -3  5 1.20 6 9  2 2.58052848717 3 5 9 82 4 5.03 3.10 4.2 6.8  7.6   20.0   45.5   21.6  .03228 0 3 3 0   -.838.90  .9128.89102.6 1.73 5.3311.97 3 814 3.30 9.5816.27 9
20240309토111800 8국232 5 83 5혼전 4441맑음건조 411 1월드참          테스타마블랙탄   5644.00한수 55566 2 7 1352      495002등유재길김세민   2 9 7 4 118 3 5 1 9 66오수철50252.059우선보19 33 335032.049.026.1 6 0 5 867 3 724 614 8 012231599 0 0↗→입13.239.441.013.1851440.638.9120.7118.5 75 75 7513   13.70   14.60 5  2  0NHUP55.75061814  .2 2.2 2.4787812 4전개최상강단마필 1관 0 6 2 2 2 3 3 4⑤2:00.7¾   1.314.539.513.5 -2-10-1.30 5 7  0 1.43864132148 1 8 5 52 3 1.02 5.03 2.9 4.2  2.9    4.2    8.0    8.9  .03447-1 5 3-1   -.341.50  .0138.08118.7 6.9014.7626.14 81728 8.5720.0031.33 5
20240203토11140012국254 2103 8혼전 4441맑음양호 711 1월드참          테스타마블랙탄   5635.00한수 56275 1 8 1440      495002등유재길김세민   210 6 3 418 2 5 1 8 75오수철51252.059강도하51 56 569242.055.026.0 867 3 3 0 0 724 614 8 012231599 0 0↗↗입13.236.339.013.1913936.940.6 88.9 89.8 86 86 8614   14.10   14.50 4 -3  1HNDN55.75061612  .0 1.0 1.0979712-2강단마필전개최상 1기 1 4 3     2 3 6⑧1:28.91    1.913.740.614.6  1  3  .50 8 7  0 3.27641827922 1 7 9 51 2 3.09 8.07 4.6 9.4  5.1   73.2  111.4  123.512.74484 2 5 5 2△  .539.80  .6614.5188.11 7.3616.3626.02 3 817 7.9417.1221.13 5
20240107일11160010국254 9103 7 1강 1131맑음포화1711 1월드참          테스타마블랙탄   5635.00한수 5 1   1 8 1515      495002등유재길김세민   211 5 2 118 1 5 1 0  0오수철50951.059강도하65 67 6717  .049.021.8 867 3 3 0 0 724 614 8 012231599 0 0↗↗입13.235.839.613.1963936.442.7103.8104.910010010017   13.70   74.9029  1 -1NUUP55.75061612  .2 1.0 1.2959512 2전개최상강단마필 1기 0 7 7   7 91010⑧1:43.83    3.014.141.514.5  1  5 1.80 8 7  6 3.99141969717 1 6 4 60 1 3.04 3.06 3.3 6.2  5.6   22.2   36.4   17.6  .03454 0 6 5 0    .039.60  .5929.52102.7 5.6111.4621.84 51223 7.2614.8141.84 6
20230617토10140011국244 2 93 8혼전 4431맑음건조 411 1월드참          테스타마블랙탄   5635.00한수 4 1   211 2117      495002등유재길김세민   212 4 1 318 2 5 1 0  0김용근50452.091강도보93 97 9795  .065.037.0266310 5 0 0 7242022 8 029251799 0 0→↗선13.236.339.713.1974336.440.9 88.6 90.010010010017   13.30   13.6027  2 -4NU동55.75061412  .3 1.0 1.3949412 0전개최상전개최상 1기 1 6 5     3 3 6⑪1:28.6½   1.813.740.574.9 10 -8  .8211 1  0 1.98016867425 110 2 40 3 2.04 5.09 3.4 6.7  4.1    8.3   14.8   30.310.54482 1 9 8 1△  .939.90 -.0614.0388.5911.5325.5837.0410223610.0018.3741.41 4
20221211일111400 9국313 3 63 9혼전 4431맑음다습1011 1월드참          테스타마블랙탄   5635.00한수 3     214 2630      41250국3유재길김세민   213 3 3 218 1 4 1 5  0김용근51256.090강도보95 98 9897  .070.060.72845111867 4 7242022 8 029251799 0 0↗↘선13.236.339.913.1973936.239.2 86.5 88.110010010020   13.30   13.40 7 -7 -2HN동55.65041412  .3 1.0 1.3939314 0전개최상전개최상 1기 2 4 1     1 1 1①1:26.51½  -.313.338.113.6  0  4 1.30 1 1  0  .02010441391 1 8 1 11 2 1.07 4.02 1.4 3.7  1.4   16.0   21.0   34.110.54498 3 9 9 3☆ 1.339.40 -.8211.8888.7326.7845.7360.7032526414.7526.2867.20 6
20221022토 9140012국553 3103 8혼전 4421맑음양호 611 1월드참          테스타마블랙탄   5635.00한수 3     214 2789      33000국5유재길김세민   214 2 2 118 1 3 1 4  0함완식50858.088강도보85 93 9393  .068.034.22559111867 4 72434 0 8 022292099 0 0↗→선13.236.240.013.3983936.338.7 86.9 87.710010010025   13.20   13.80 5  7  5BBUP54.85031412  .5 1.0 1.5939312 1여유우승전개최상 1기 211 1     1 1 1①1:26.92½  -.513.338.413.4  0  9  .70 1 1  0  .0111627 791 111 1 31 1 1.0211.01 2.5 6.7  2.5    8.1   12.8   76.910.54483 1 9 8 1☆ 1.339.50 -.1111.5388.7312.8124.4634.24122843 9.4718.0047.90 5
20220917토 8130012국434 2 83 4혼전 4411맑음양호 911 1월드참          테스타마블랙탄   5635.00한수 3     215 2895      33000국4유재길김세민   215 1 1 218 1 2 1 3  0김용근49953.091강도보79 94 9480  .056.022.3244310 867 0 7242022 8 029251799 0 0→↗선13.436.640.313.3991136.638.9 80.1 81.810010010033   13.40   14.10 7 -6 -3HU동55.85051312 1.0 1.0 2.0868612 0걸음불변탐색우려 1기 0 4 1     1 1 1①1:20.14    -.713.238.313.8  0 -7 1.20 1 1  0  .0 9 7401091 212 1 81 1 1.08 4.01 2.5 6.0  2.5   24.0   32.2   56.010.52683 1 8 7 1    .540.20  .16 4.9183.23 5.7813.2622.34 1 512 8.4915.4537.58 7
20251116일112000 8국2 2 4  3 7 2강 2236          11 2자이언트펀치    콩코드포캔데슨트 6929.00한거 51130   1    018:00 495002등송문길이종훈   3 016 8 225 1 3 526 30김정준   52.576평선보50 50 503446.053.033.7264817283917281925 028231521242971 0→↘자13.439.041.211.97512                   52 38 5714   14.40   15.00 6 -2  1HNUP54.34992014 -.6 5.4 4.8606010 2교체실패기수영향 1   0 2                            14.4    15.0                                 2 7 5 5  4                                              .03257 2 6 8 2    .341.20 -.39     131.7 7.0619.5333.74 61525 7.3720.0030.22 4
20251004토10180011국234 8 83 6 1강 1131맑음다습1011 2자이언트펀치    콩코드포캔데슨트 6929.00한거 51232 1 1   90      495002등송문길이종훈   3 115 7 725 1 3 525 32송재철50152.074우선하45 51 517456.054.031.11624112839172819252328231826212971 0↗→입13.439.441.011.991 538.843.8119.5120.9 55 40 5515   14.00   14.50 5  1 -2HU동54.34992014-1.4 6.4 5.0686810 0직전선행선행유리 5   0 4 7 6 4 5 7 8⑦1:59.54    2.614.443.615.0  2  0  .80 7 5  1 2.887 8958820 3 8 5 4018 6.02 1.03 2.2 4.7 18.7   28.1   84.9   75.712.02861 2 6 5 2    .441.80 -.1040.52118.7 7.7019.7031.07 82235 8.2220.0028.42 4
20250830토10180011국224 7 73 5혼전 4431맑음포화1811 2자이언트펀치    콩코드포캔데슨트 6929.00한거 51233 9 1   96      495002등송문길이종훈   3 214 6 625 3 3 524 33김정준50154.076우선보44 54 544646.054.031.0264817283917281925 028231521242971 0→↘자13.439.441.011.988 638.242.2116.7118.8 58 42 4711   14.10   13.80 5  2  2HN동54.34992014-1.6 6.0 4.4707010 0직전선행거리속성 5   0 3 4 3 2 2 2 3⑥1:56.7목    .814.041.614.5  2 10 1.10 6 4 -3 1.147 1874262 210 6 61 3 2.05 1.11 2.8 3.3  2.9   12.6   21.9   75.8  .02845 0 6 7 0    .241.50 -.1038.41118.7 9.5020.8431.01 51322 6.5416.5923.14 4
20250726토 91800 8국232 3 83 6 1강 1141맑음건조 411 2자이언트펀치    콩코드포캔데슨트 6929.00한거 51334 9 1   79      495002등송문길이종훈   3 313 5 525 2 3 523 34김정준49152.076평입보73 68 687686.056.048.0264817283917281925 028231521241783 0→↘자13.439.540.911.982 839.141.0117.9119.5 56 50 5017   13.90   14.4012  0  0UU동54.75002014 -.6 5.8 5.2636310 0직전선행선행유리 5   0 1 2 2 2 2 2 2④1:57.9½    .314.140.013.8 -3  3 1.50 4 7  2  .86512663467 1 7 3 31 2 3.05 8.04 2.1 4.7  5.0   18.0   25.4   68.7  .02862 1 8 8 1    .541.50 -.4939.08118.714.7531.7747.9712253920.6338.7156.19 2
20250504일11180011국252 5103 8혼전 4431맑음다습1311 2자이언트펀치    콩코드포캔데슨트 6929.00한거 51336 1 2  223      495002등송문길이종훈   3 412 4 425 1 3 522 36김정준48852.068우입상91 85 857469.063.049.0184315294323281925 028231521241783 0↘→자13.439.740.811.9691438.641.1116.9118.3 59 53 4718   13.70   13.60 4 -7 -6UU동54.75002014 -.8 5.2 4.4656510 0선전만회선행유리 1   0 1 2 1 1 1 1 3⑤1:56.9½    .313.941.614.4  0-15  .40 5 5 -1 1.034 3702373 3 8 2 21 1 1.03 6.05 3.4 6.6  3.4    6.6   13.7   64.2  .03779 3 8 7 3▲ 1.041.20 -.5437.82118.719.2135.3849.0118365117.2831.4140.40 3
20250405토10180010국451 3103 5 1강 1131비  포화1911 2자이언트펀치    콩코드포캔데슨트 6929.00한거 51433 1 2  218      41250혼3송문길이종훈   3 511 3 325 1 3 421 33이용호50357.581평입상37 28 282541.049.026.92362 9294323281918222823191620 099 0↘↗선13.439.740.911.9671138.940.4113.5116.0 56 44 4413   13.90   14.60 7 -3  3LBUP54.14992014  .4 4.4 4.8575710 4걸음불변거리속성 1관 0 8 1 1 1 1 1 1②1:53.5½    .013.739.513.6 -4  4 1.90 2 6 -4  .1 1 6561586 210 6 51 1 1.06 2.08 3.3 6.1  3.3   32.5   59.4  193.7  .02346 0 5 6 0    .040.90 -.0735.40118.8 8.7915.8826.91 5122310.5921.7634.31 5
20250216일10140011국312 5 63 4혼전 4441흐림건조 411 2자이언트펀치    콩코드포캔데슨트 7531.00한거 51535 2 2  356      41250국3송문길이종훈   3 610 2 825 1 3 420 35김성현49955.069우입하35 28 284214.041.012.91550 5294323281928 02823162519 099 0→→입13.436.739.011.9714736.041.1 88.6 89.0 60 47 4013   14.10   13.4010  1  3VN동54.14992014  .2 3.4 3.6646410 0승군탐색감량기수 1   011 7    10 8 6⑧1:28.6½   1.013.940.414.6 -2 -8  .30 810  5 1.754 5886948 4 511100 1 5.06 7.03 2.3 7.4 10.2   25.4   63.6   59.0  .02339 0 3 4 0   -.639.20  .7613.3488.38 2.32 6.7612.92 1 4 8 3.20 7.1112.0611
20241207토11140010국222 2 73 5혼전 4451맑음다습1411 2자이언트펀치    콩코드포캔데슨트 7531.00한거 41536 2 3  564      495002등송문길이종훈   3 7 9 1 725 6 3 419 36송재철50752.079우입보61 51 515833.048.020.21738 91940 9281925232823182621 099 0↗→입13.436.838.911.9635137.139.3 87.6 89.8 60 47 4013   14.10   13.70 6  7 -6VU동54.14992014  .2 3.2 3.4676710 0걸음불변보통걸음 1기 110 9     81010⑩1:27.6코   2.314.138.213.4  5 -3 1.3210 5  3 2.47656474917 6 4 6 8017 6.03 4.03 2.3 3.8 17.6   37.8   98.3   21.0  .02552 1 5 6 1   -.139.30  .5714.1088.38 4.7010.3020.15 3 814 4.8514.8824.07 8
20241026토10140011국352 1103 6혼전 4451맑음다습1411 2자이언트펀치    콩코드포캔데슨트 7531.00한거 41638 9 4  695      41250국3송문길이종훈   3 8 8 8 625 5 3 418 38송재철51057.581평입보62 60 605361.055.021.3193812294317281925232823182621 099 0→↗입13.436.739.011.9684337.238.5 86.7 88.3 60 47 4013   13.40   14.50 4  0  1HB동54.14992014 -.4 4.6 4.2616110 0전력변화작전마주 1   0 3 8     7 7 5⑥1:26.72    1.314.138.013.7  4 14 1.29 6 2  0 1.92960192238 3 6 2 6016 1.06 8.02 3.8 9.5  3.8   23.8   42.1   41.1  .02345 0 7 6 0    .339.10  .5412.6488.38 4.0511.8721.31 51322 7.8316.5325.52 6
20240929일101400 8국354 2 53 3혼전 4431맑음건조 411 2자이언트펀치    콩코드포캔데슨트 7531.00한거 4 1   9 4  772      41250국3송문길이종훈   3 9 7 7 525 4 3 4 0  0송재철49657.081평입하43 39 3931  .043.013.2193812294317281925232823182621 099 0→↗입13.536.739.111.9764336.539.8 86.9 88.6 64 50 3614   13.80   13.60 6  1 -1HN동54.14992012  .0 4.4 4.4616110 0걸음불변보통걸음 1   0 3 3     3 2 2③1:26.91¾   .313.439.614.5  1 -1 1.10 3 2 -4 2.23820624267 4 6 810215 1.04 1.02 1.7 3.6  1.7    4.5    6.4    5.1  .01525 0 4 5 0   -.539.10  .6912.8088.45 2.74 6.6013.16 1 4 8 6.9813.8534.41 6
20240818일 8140011국323 1 73 5혼전 4431맑음건조 311 2자이언트펀치    콩코드포캔데슨트 7531.00한거 41843 2 5  879      41250국3송문길이종훈   310 6 6 425 3 3 416 43송재철49757.581우입상78 77 776373.057.028.9223916326515281925232823182621 099 0→→입13.536.739.011.9754737.338.8 88.0 89.4 69 54 3815   13.50   12.30 6 -1  4UBUP54.14992012 -.2 4.2 4.0696910 2걸음불변기수영향 1   0 2 6     8 8 8⑧1:28.01¾  1.613.838.613.6  2  1  .80 8 6  4 2.26668283830 5 6 2 6014 4.05 4.03 2.8 4.5 10.8   49.9  125.0  179.5  .01953 0 8 8 0    .439.30  .3313.7288.38 8.1618.8828.85 5132215.0827.5036.41 1
20240707일 7120010국323 1 73 6혼전 4441흐림다습1311 2자이언트펀치    콩코드포캔데슨트 3923.00한거 41340 1 5  983      41250국3송문길이종훈   311 5 5 425 2 2 415 40송재철49653.582평입하70 78 786971.062.032.8223916326515281925232823182621 099 0→→입13.536.938.411.9745537.536.4 72.4 74.5 67 50 42 8   13.50   13.70 5 -4 -1HH동54.35002010  .2 4.6 4.8595910 0직전탐색기수영향 1   0 3 8     6 4 2①1:12.4동착  .013.535.912.3 -1  6 1.50 1 2  1  .0 664 1 177 7 7 4 5213 2.04 3.09 3.2 4.9  1.7   14.5   12.9   54.7  .03365 1 8 7 1    .838.20  .28 -.7775.6710.4622.1432.83 8172813.6825.9432.09 2
20240601토10120011국354 2103 4혼전 4431맑음건조 311 2자이언트펀치    콩코드포캔데슨트 3923.00한거 41442 1 6 1093      41250국3송문길이종훈   312 4 4 325 1 2 414 42송재철49054.582평입하57 61 615039.051.016.12143103148 6281925232823182621 099 0↗→입13.536.838.411.9845136.938.7 74.3 75.9 67 50 42 8   13.70   14.50 5 -2  1NNDN54.35002010  .0 5.2 5.2585810-4걸음불변보통걸음 1   0 7 6     7 7 7④1:14.3머리  .313.538.313.7  3 -9 1.49 4 1 -1  .34134463469 7 6 810312 7.06 2.04 3.7 8.7 10.9   46.8  121.7  152.8  .01853 0 5 5 0    .138.70  .82  .6775.61 3.14 9.0316.12 1 4 8 5.0413.1721.20 9
20240428일 6160010국353 2103 7 1강 1131맑음양호 911 2자이언트펀치    콩코드포캔데슨트 7531.00한거 41546 9 6 1192      41250국3송문길이종훈   313 3 3 225 2 2 413 46서승운49953.593우입하63 68 681777.056.029.33338 03148 62819333628233730 9 099 0↗→선13.536.039.511.9853935.341.2100.9103.0 73 55 36 9   13.60   13.60 5  3  0BHUP54.35002010  .6 2.8 3.4747410 2승부최상작전마주 1   0 9 4   4 2 2 4④1:40.95    1.213.740.514.5  2  1 1.60 4 2  1 1.455 4866642 1 4 5 61 2 4.03 4.02 3.5 6.4  7.2   18.3   41.3  110.3  .03457 0 6 5 0    .539.50  .3827.53102.8 7.5718.0029.32 6152811.3922.7631.54 4
20240324일11140011국322 3 73 8혼전 4451맑음양호 611 2자이언트펀치    콩코드포캔데슨트 7531.00한거 41650 2 7 1297      41250국3송문길이종훈   314 2 2 325 1 2 412 50서승운49853.593우입하64 71 717884.067.035.03275 02248122819333628233730 9 099 0↘↗선13.536.639.011.9864336.639.4 87.7 88.7 73 55 36 9   13.80   13.80 5  4  2NN동54.35002010  .4 2.8 3.2777710 0걸음불변승부최상 1   0 6 5     5 4 6⑥1:27.7¾    .413.639.113.6  5  2  .89 6 1 -4  .84329523765 2 8 3 42 1 8.0711.09 2.7 4.1 17.6   83.2  231.1  455.812.74492 2 9 7 2▲ 1.139.30  .2313.1188.3211.7222.7135.0414284215.7530.0836.65 1
20240217토 9140012국354 8103 7혼전 4451맑음다습1111 2자이언트펀치    콩코드포캔데슨트 7531.00한거 41845 2 8 1420      41250국3송문길이종훈   315 1 1 22511 2 311 45송재철49652.080우입보72 73 737266.054.016.9255315245210281925232823182621 099 0↘↘입13.536.738.911.9795136.639.5 88.2 88.3 70 50 4010   13.80   13.00 7 -5 -5UUDN55.05022010  .2 2.8 3.0787810-2강단마필기수영향 1   0 2 9     6 4 2②1:28.2½    .013.839.513.8 -3  9  .20 2 5  4  .12626533582 8 8 810211 2.05 9.02 4.712.4  4.9   12.4   30.0   82.612.73266 2 7 6 2    .339.10  .7112.6588.32 3.58 9.6616.86 0 1 4 6.4714.5022.89 8
20251116일112000 8국2 2 4  6 8 2강 2236          11 3지모션          SUMMER F레이디도 5435.00한거 51241   1    018:00 495002등리카디이강운   1 016 9 332 7 4 931 41김효정   57.067강입보50 55 555377.058.043.8183413375121323737713424162118 84646→↘입13.939.540.313.04955                   56 68 1640   13.70   13.20 4 -1  5HB동53.94432018-2.4 4.8 2.4777717 0여유우승마방기습40기 0 3                            13.7    13.2                                 4 2 3 4  7                                              .04459 1 8 7 1△  .740.30 -.40     131.410.9726.2843.81 9213318.9534.7450.37 2
20251018토112000 9국241 8 96 7 3강 3342흐림포화1911 3지모션          SUMMER F레이디도 5435.00한거 51040 2 1   78      495002등리카디이강운   1 115 8 232 6 3 930 40김효정44452.067강입상73 64 643860.055.039.2183413375121323737713424162118 84250→↘입13.939.640.213.0385938.838.7129.2128.5 54 67 1738   14.40   12.40 3 -3 -1HUUP54.04432018-2.2 4.8 2.6757517 2마방선전단기승부72기 1 4 5 5 4 3 3 2①2:09.24    -.813.739.113.2 -3  6  .30 1 4 -6  .0 62916 799 6 3 3 42 6 4.03 4.09 2.1 4.7  7.6   11.9   27.0   12.311.82952 2 7 6 2    .440.00 -.2848.71131.411.9925.9739.15 82031 9.0922.6134.03 5
20250928일 8180012국212 2 66 5혼전 4451흐림불량2011 3지모션          SUMMER F레이디도 5435.00한거 51041 9 1   26     1100002등리카디이강운   1 214 71332 5 3 929 41김효정43853.067우입하84 77 774342.051.024.2183413375121323737713424162118 94545→↘입13.940.440.113.0375540.139.1114.4116.9 61 65 1739   13.80   14.00 6 -1  1NNDN54.14432018-1.2 3.4 2.2787817-2마방선전마방선전 5   0 7 8 8 8 8 810④1:54.42     .514.437.912.4 -6 -6 2.20 410  8  .5 44715136510 4 8 83 5 3.09 4.11 2.3 7.8  6.7   58.5  109.8   53.4  .02450 0 6 5 0    .240.30  .0236.40118.7 6.4215.3124.16 1 612 6.3314.2919.78 9
20250816토 72000 8국251 9 56 8혼전 4429맑음다습1011 3지모션          SUMMER F레이디도 5435.00한거 51042 2 1   98      495002등리카디이강운   1 313 6 132 4 3 928 42김효정44452.067강입상66 70 706666.060.064.5183413375121323737713424162118 94545→↘입13.939.939.913.0197238.840.0131.9129.8 64 64 2341   14.60   12.60 4 -1 -6VUUP54.14432018-2.6 4.4 1.8878717 2강단마필마방선전44기 0 8 3 4 5 5 6 5④2:11.9¾   1.313.840.914.0  2  2-1.00 4 2 -4 1.42630503848 7 2 2 12 4 5.01 3.02 3.0 4.1  8.0   14.2   35.8   13.812.73271 2 8 7 2    .739.70 -.9049.98131.425.0447.7464.5218365116.4234.5349.33 3
20250719토 7180010국452 5106 7혼전 4431흐림포화1711 3지모션          SUMMER F레이디도 5435.00한거 51140 2 1   60      41250국4리카디이강운   1 412 51232 3 3 827 40김효정44257.567우자보95 98 987269.061.032.4183413375121323737713424162118105040→↘입13.940.340.013.0386440.438.8115.7117.7 57 62 1933   14.60   13.30 5 -1  2LB동53.84431818-1.4 3.8 2.4808017 0걸음불변강단마필79기 1 9 5 5 6 7 7 4②1:55.71¾   .014.638.412.6 -4 -1  .60 2 6  4  .41558 91289 6 1 1 53 3 1.06 6.09 4.1 8.6  4.1   16.7   24.7   14.610.52972 2 8 7 2    .840.50 -.1037.36118.7 9.7621.5932.40 8172812.9627.1535.82 5
20250614토 8180011국350 4106 6 1강 1151맑음건조 311 3지모션          SUMMER F레이디도 5435.00한거 5 738 2 1   93      41250국3리카디이강운   1 511 41132 2 2 826 38김효정44356.067우자상97 96 965781.054.028.4183413375121323737713424162118114444→↘입13.940.540.013.0236439.739.4117.2117.8 55 60 1535   13.90   12.80 2  7  1BBUP53.64431818-2.2 5.2 3.0767617 2걸음불변단기승부36기 010 5 5 4 3 2 1①1:57.21¾  -.314.639.013.3 -1 -7  .30 1 2 -2  .0192923119410 1 2 62 2 2.0410.11 2.7 8.0  5.5    9.6   22.5   39.6  .02054 0 8 6 0    .440.30 -.0737.30118.7 7.1517.6828.42 5122313.8927.1139.95 4
20250601일 81600 8국313 4 66 9 1강 1131맑음건조 311 3지모션          SUMMER F레이디도 54     한거 5 836 1 1   42      41250국3리카디이강운   1 610 3 432 1 2 725 36김효정45055.068우자상84 86 861789.068.066.8183413375121323737713424162118135038→↘입13.936.839.313.0395137.336.9100.9101.2 53 58 1637   15.20   13.30 5 -1  3HLDN53.44421818-1.2 5.4 4.2636317-2뒷심문제탄력호조45기 0 3 5   5 5 6 5②1:40.91¾   .013.937.512.8 -2  7 -.10 2 4  1  .3 591 1 483 7 2 3 23 1 1.04 6.03 1.6 3.7  1.6    5.7    7.2    5.9  .04378 3 8 9 3☆ 1.239.30 -.8025.13103.125.8148.6066.7518365125.6444.4459.00 2
20250426토 9180011국351 7 56 9 1강 1151맑음양호 811 3지모션          SUMMER F레이디도 5435.00한거 5 833 9 1  156      41250국3리카디이강운   1 7 9 21032 2 2 624 33푸르칸44352.571평자상77 79 795288.061.038.5235318375121323734 03424132420145729→↘추13.940.140.513.0563541.238.6117.1117.3 50 56 1733   14.80   13.00 4  0  1HN동53.54421818-1.0 5.6 4.6595917 0적임교체탄력호조 1기 1 411 9 8 8 8 9②1:57.11½   .015.239.713.3 -1  5-1.30 2 3 -4  .2 980 72489 6 6 4 33 2 2.03 9.04 3.6 4.8  3.8    8.9   14.1   61.6  .04371 1 8 8 1△  .940.70 -.3436.72118.811.6926.2038.5012253919.1232.7145.41 3
20250330일10180011국314 6 66 8혼전 4441맑음건조 311 3지모션          SUMMER F레이디도 5435.00한거 5 830 9 2  229      41250국3리카디이강운   1 8 8 1 932 1 2 523 30푸르칸43852.069평자하33 36 364244.057.038.3173612314811323734 03424132420145729→→추13.939.940.613.0643140.939.1117.7118.0 47 53 1829   14.60   13.50 6  2  0HU동53.54421818 -.4 5.4 5.0555517 0직전탐색적임교체 1기 0 4 7 8 8 8 8 4②1:57.78     .014.839.513.0 -5 -3 -.30 2 7  5 1.42273173387 3 8 6 33 1 1.07 8.04 2.2 7.1  2.2   17.3   24.3   38.4  .04463 0 6 8 0△  .340.90 -.2937.45118.711.6626.9038.3314284211.4919.1926.75 4
20250216일11180011국451 4106 3혼전 4451흐림건조 411 3지모션          SUMMER F레이디도 5435.00한거 5 931 2 2  355      41250국4리카디이강운   1 9 710 832 3 2 522 31정정희44152.067우자상28 24 243113.045.020.51555 6314811323730353424182415145729→→입13.940.040.613.0603140.539.6119.6119.6 47 53 1829   14.40   13.60 4  1  0HU동53.54421818 -.6 5.0 4.4626217 0걸음불변보통걸음 1기 0 2 5 5 6 8 9 8⑥1:59.61     .914.640.013.5  4  5 -.29 6 2 -1 1.36858313559 4 710 83 5 8.01 8.10 2.7 7.3 18.2   31.9   82.7  156.0  .01437 0 3 3 0   -.441.00  .0639.02118.8 5.7711.9720.54 3 814 2.60 9.4117.35 8
20250119일10180011국351 4106 4혼전 4431맑음건조 311 3지모션          SUMMER F레이디도 5435.00한거 5 933 2 3  422      41250국3리카디이강운   110 6 9 732 2 2 521 33정정희43652.070우자상46 46 463731.051.024.41431 6335320323730353424182415145729↗→입13.939.940.513.0703540.040.7119.5120.1 47 53 1829   14.50   13.70 3 -9  0UUUP53.54421818  .6 3.4 4.0646417 2마방연대보통걸음 1기 0 1 2 3 3 4 811⑩1:59.51    2.114.440.813.6  7 -7  .0910 3  0 2.47840645432 3 9 7 70 4 2.01 8.06 3.8 9.9  4.2   12.3   24.7  218.0  .02844 0 5 5 0    .241.20  .0539.71118.7 6.5315.4424.36 1 512 7.5318.1828.40 6
20241228토10160010국313 6 66 7혼전 4431맑음건조 411 3지모션          SUMMER F레이디도 54     한거 41035 9 3  500      41250국3리카디이강운   111 5 8 332 1 2 520 35정정희44352.071우자상80 83 831754.059.036.61431 6335320323730353424182415145729↗→입13.936.339.513.0644336.638.6103.1102.4 50 56 1931   14.50   13.10 5  1  0VUDN53.54421818  .2 2.6 2.8787817-2주행평범마방연대 1기 010 9   9 7 4 6⑤1:43.1½   1.014.539.813.7  2  4 -.70 5 3 -6 1.13454242252 6 6 5 40 3 1.04 4.02 1.6 5.9  1.6    7.1   10.1   55.012.73071 2 7 8 2    .839.50  .0526.62102.913.0925.7136.59 8223513.1624.7933.61 3
20241123토10180010국342 5 96 7 3강 3345맑음건조 411 3지모션          SUMMER F레이디도 5435.00한거 4 1   2 4  609      41250국3리카디이강운   112 4 7 632 1 2 5 0  0이현종43952.058우자보57 52 5266  .055.033.1 3 0 43247 6323719 03424111925175033→→추13.939.940.013.0695940.540.0118.0118.3 53 60 2033   13.80   12.7021  6  0BU동53.84431818  .2 2.2 2.4818117 0출주취소작전마주 1기 1 9 7 7 7 4 4 4④1:58.01½   .314.539.013.1 -5 -4 1.20 4 9     .93357444775 5 1 3 42 1 2.01 8.06 2.3 4.4  4.4    6.2   13.6    9.0  .02367 0 5 4 0    .441.00 -.0138.42118.5 9.1621.6833.11 71425 8.6517.8243.83 5
20240623일 7180010국351 9106 5혼전 4451맑음포화1611 3지모션          SUMMER F레이디도 5435.00한거 41036 2 6 1022      41250국3리카디이강운   113 3 6 532 5 2 519 36빅투아  052.086우자보67 55 554340.053.025.2233111445824323737253424202818175033↘→입13.939.940.213.07051                   53 60 2033   14.20   14.00 6 -1  0HU동53.84431818  .6 1.6 2.2757517 0마방기습최근최상 1기 0 3                    취소    14.2    14.0     0 -.17                      3 7 7 5012 2.01 7.09 3.2 5.3  4.4    5.3   11.4  192.0  .02747 0 5 5 0    .340.20  .12     118.6 6.0615.3925.23 51222 6.3116.4526.12 6
20240511토11180011국352 8106 6 1강 1141비  포화1611 3지모션          SUMMER F레이디도 5435.00한거 41138 2 6 1155      41250국3리카디이강운   114 2 5 532 4 2 518 38빅투아44352.086우자보89 86 867890.061.041.8233111445824323737253424202818175033↘→입13.939.740.013.0795938.742.3119.5119.7 57 64 1436   14.40   13.60 5 -6  0HU동53.84431814  .0 2.0 2.0777717 0마방기습마방기습 1기 0 4 5 4 3 6 8 9⑧1:59.52½  2.214.242.614.0  3  5 -.10 8 5  1 2.370 3896032 1 3 4 2011 7.09 9.06 2.8 7.8 18.7  189.4  386.1 1117.512.02973 2 8 8 2    .941.30 -.1539.98118.414.5629.8141.8320405615.2030.1640.88 2
20240406토10180011국341 8 96 7 1강 1151맑음양호 611 3지모션          SUMMER F레이디도 5435.00한거 41141 1 7 1265      41250국3리카디이강운   115 1 4 432 3 2 517 41빅투아43852.082우자하53 41 416756.061.049.62253 8327016323737253424202818204040→↘입13.939.840.213.0765139.640.5119.0118.3 62 69 1538   14.10   13.50 3  9  0BUUP54.14441814  .2 2.4 2.6717117 4마방기습마방기습 1기 110 4 3 3 3 3 4④1:59.0½    .514.440.813.6  0 -6 -.50 4 4 -1  .53323573572 1 5 6 3210 1.02 8.03 2.6 4.5  2.6    4.5    8.2   25.7  .02767 0 6 8 0    .741.10 -.4238.33118.515.6834.0149.5716334811.0125.1232.14 3
20251116일112000 8국2 2 4  2 2 2강 2236          11 4허쉬대보        테스타마허쉬틸드 5644.00한수 92634   1    018:00 495002등전승규박철근   1 016 2 515 1 7 226 34우인철   54.062기무보50 38 38 530.026.0 4.51560 82847102122 0 021171331255050 0→→입13.840.040.912.41016                   15 46  015   15.20   15.20 3  3  2HNDN56.05052318 -.8 9.0 8.2161614-3노쇠부진지울마필57기 1 4                            15.2    15.2                                 8 6 8 7  1                                              .0 812-1 1 1-1▽-1.640.90 -.08     132.3  .36 1.24 4.49 21017 6.3214.7427.99 7
20251026일112300 8국140 5 42 1 3강 3332흐림양호 711 4허쉬대보        테스타마허쉬틸드 5644.00한수 9 1   9 1   45      605001등전승규박철근   1 115 1 115 1 7 2 0  0김동수51552.073기무적 5  1  117  .027.0 5.91420 6284710212219142117 920275050 0→→추13.840.040.812.4 918        154.5      15 46  015   15.10   12.1010 -4 -6UHUP56.05052318 -.6 8.6 8.0181814 3걸음불변부진마필38트 0 1 8 8 8 7 6 8⑧2:34.53    3.315.242.615.2  0 -2    0 8 8  2 3.599918299   8 8 8 80 1 5.03 3.05 2.0 3.0 16.3   37.3  115.7   19.7  .014 7-4 3 3-4▼-1.740.80                 .80 1.86 5.93 2 613 8.4117.9130.42 6
20250816토 72000 8국251 8 52 2혼전 4429맑음다습1011 4허쉬대보        테스타마허쉬틸드 5644.00한수 92937 2 1  184      495002등전승규박철근   1 21412 415 1 7 224 37씨씨웡51757.589평무보 5  1  1 523.032.013.8305510284710212235 021172024225050 0→↘자13.840.140.412.4 73539.843.1136.1134.0 17 42  017   14.60   14.20 6 -2  6NBUP56.05052018 -.8 8.2 7.4242414 4노쇠부진부진마필73기 1 5 7 7 7 7 7 8⑧2:16.17    5.514.544.316.3  2  7-1.00 8 6 -4 5.689759194 9 8 4 6 80 1 5.01 3.02 3.0 4.1  8.0   14.2   35.8   13.8  .0 612-2 3 3-2  -1.339.80 -.0853.48131.9 2.50 5.7313.79 41118 4.4817.2729.33 5
20250706일11160010국122 3 72 1혼전 4434맑음건조 311 4허쉬대보        테스타마허쉬틸드 5635.00한수 9 1   1 1   87      605001등전승규박철근   1 31311 115 1 7 2 0  0유승완51052.079평무보28 13 1317  .026.0 8.21444 52847102122243721171626235050 0→↗입13.837.339.412.4 93937.039.2103.4104.1 18 45  018   15.20   14.00**  0 -2NHDN56.05052018-1.0 7.8 6.8343414-2노쇠부진휴양불리44트 2 7 9   9 910 9⑧1:43.4목   2.214.640.314.2 -2  8 -.20 810 -1 2.4797539512310 910 90 4 6.04 5.08 2.5 4.5 17.7   44.4  120.2   46.3  .0 4 4-3 2 2-3▽-1.739.40  .3327.43103.4 1.48 2.91 8.15 2 5 910.3420.3436.89 5
20230219일11180012국113 2 62 1혼전 4411맑음건조 311 4허쉬대보        테스타마허쉬틸드 5644.00한수 73140 213 2493      605001등전승규박철근   1 41210 815 2 7 222 40이동하50254.087우추상67 34 341134.040.010.32457 82433 5212233 021172326195050 0→→선13.840.640.312.4174341.541.8117.8120.2 20 50  020   13.80   13.2015  5  2NNUP56.05052018-1.8 7.4 5.6393914 4노쇠부진휴양탐색 1기 3 7121212101212⑩1:57.81    2.815.241.014.0 -1 -4 1.601011  1 4.6818984941010 9 8100 2 1.10 8.01 1.3 3.7  1.3   41.6   50.0  107.9  .0 519-3 5 5-3▽ -.840.50  .2239.33118.9 1.63 4.7410.29 0 2 5 7.2014.1219.47 7
20221106일11140012국143 1 92 4혼전 4431맑음건조 311 4허쉬대보        테스타마허쉬틸드 5635.00한수 63342 114 2735      605001등전승규박철근   1 511 9 115 1 7 221 42이동하50652.084평무하42 25 253119.042.013.42253142753 0212233 021172326195050 0→→선14.037.838.712.4126437.038.9 86.0 88.2 22 44  022   14.70   14.00 5 -1 -2HHDN56.05052018-1.0 7.0 6.0393918-6걸음불변보통걸음 1   0 211    1110 9⑦1:26.02    1.313.837.813.2 -3  3 1.70 710  4 1.7245133313712 611 93 1 1.03 3.04 3.1 6.2  3.1    6.7   13.7   27.0  .02247 1 3 4 1   -.538.00  .2611.7088.93 2.66 6.6513.40 1 4 8 3.36 9.6414.32 8
20221002일 92000 9국151 5102 6 2강 2245비  양호 611 4허쉬대보        테스타마허쉬틸드 5644.00한수 63545 115 2842      605001등전승규박철근   1 610 8 315 1 7 220 45이혁  50354.088우자하28 16 164334.055.027.72856182450 9212217 021172721195050 0→↘선14.040.039.812.4175140.240.2131.0131.2 25 50  025   15.30   13.0012 -6  0HNUP56.05052018-1.2 7.4 6.2434318 2걸음불변기수영향 1기 5 3 8 8 7 7 6 8⑦2:11.04    2.414.740.314.0  1  8 -.20 7 6  2 2.45085537017 8 3 8 60 2 3.01 2.05 3.0 7.0  4.8    7.1   14.6   10.6  .02866 2 5 5 2    .439.70 -.0251.35131.4 6.2716.4027.74 51222 6.2913.6422.44 7
20220710일10180010국152 4102 7혼전 4411맑음다습1011 4허쉬대보        테스타마허쉬틸드 5644.00한수 63647 216 3054      605001등전승규박철근   1 7 9 7 715 1 7 219 47유승완49554.084우입상95 76 765373.058.034.42650151536 02122243721171626235050 0→↘입14.040.640.412.4293141.638.7118.7118.8 29 57  014   14.80   13.70 7  4  0BN동56.05052018 -.8 7.2 6.4474718 0승부최상최근최상 1조 6 9 9 9 9 9 9 7⑤1:58.73    1.615.339.113.0  1 -5 -.80 5 4 -4 1.74691 94233 7 7 3 43 3 2.0910.01 3.3 6.4  4.1  181.6  234.7  878.5  .03469 1 7 7 1    .640.30 -.3537.77118.912.4723.1334.44 9213318.1030.0037.10 3
20220521토 9180011국121 4 72 9혼전 4441맑음건조 311 4허쉬대보        테스타마허쉬틸드 5644.00한수 63850 217 3204      605001등전승규박철근   1 8 8 6 615 1 7 218 50이혁  50054.088우자상86 70 706275.071.047.92652112346 9212217 0211727211999 0 0↘→선14.040.440.312.4423141.139.7116.9117.3 33 50  017   14.30   12.9010  0  3NN동58.05092018 -.8 6.4 5.6535318 0승부조율승부최상 1조 7 5111111 6 6 7⑤1:56.92     .414.840.513.7 -3  5  .20 5 8 -1  .9 879325469 8 6 4 12 1 2.06 2.04 1.9 4.3  4.5   34.4   72.2   14.810.64491 3 8 7 3☆ 1.540.30 -.5736.57118.821.6937.5147.8532526415.7928.3240.91 2
20220313일111800 9국152 1 52 5혼전 4411흐림불량2011 4허쉬대보        테스타마허쉬틸드 5644.00한수 64152 217 3393      605001등전승규박철근   1 9 7 5 515 4 7 217 52김용근49551.087우자보59 53 533342.053.033.72846102346 9212214 0211729251799 0 0↗↘선14.040.540.412.4372840.239.5114.2116.7 40 40  020   15.30   13.80 4  0  0NU동58.05092018  .4 4.8 5.2626220 0걸음불변보통걸음 1기 2 5 7 7 8 8 6 5④1:54.27    1.414.338.512.9 -5 -3 2.00 4 9  1 1.5 446262340 9 7 5 50 4 3.05 7.09 2.3 4.6  5.2   20.3   41.4    9.812.72867 2 5 4 2    .240.20 -.3235.80118.9 9.2421.8133.72 8172813.1625.8832.97 4
20220213일11180014국132 1 82 5혼전 4411흐림건조 211 4허쉬대보        테스타마허쉬틸드 5644.00한수 64356 118 3473      605001등전승규박철근   110 6 4 415 3 7 216 56김용근49851.085우자하53 49 494032.051.018.91833 82856 7212214 0211729251799 0 0↗↗선14.040.340.512.4502542.439.6118.3118.7 50 50  025   14.30   13.90 8 -3 -3NU동58.05092018  .3 4.0 4.3686818 0걸음불변보통걸음 1기 1 5121212 5 4 6⑨1:58.3목   1.415.340.213.8  1  3  .40 9 8  4 1.7439832823711 8 9 80 3 2.01 7.04 2.3 5.8  3.8    5.8   11.2   16.8  .02563 1 4 3 1    .240.60  .0437.89118.9 4.2911.3018.89 1 4 9 4.4111.4717.81 9
20211218토10180011국142 2 42 3 3강 3311맑음다습1211 4허쉬대보        테스타마허쉬틸드 5644.00한수 5     219 3603           1등전승규박철근   111 5 3 315 2        0김용근49554.090우자하70 60 6031  .046.016.12253101833 5212214 0211729251799 0 0→↗선14.040.340.412.4492840.442.2117.7119.9 50 50  025   14.20   14.10 3  7 -3NHDN58.05092018  .3 2.7 3.0787818-2교체실패보통걸음 1   0 8 7 8 8 41011⑪1:57.76    2.714.341.713.9  7 -1 1.1911 4 -4 2.97554878811 7 7 4 80 2 3.02 4.09 2.4 3.8  5.5    5.6   13.1   30.8  .01838 0 5 5 0   -.440.80  .1439.24118.8 4.04 9.0116.12 3 817 9.0918.1827.27 8
20211128일 8200014국152 3102 8혼전 4431맑음다습1011 4허쉬대보        테스타마허쉬틸드 5644.00한수 5     919 3655           1등전승규박철근   112 4 2 215 1        0김용근49657.090강자보52 49 4958  .054.039.22253101833 5212214 0211729251799 0 0→↗선14.039.839.812.4364339.240.6131.5131.2 67 67  033   14.00   13.8024-10  5UB동58.05092018-1.0 2.5 1.5929220 0승부호기최적거리 1   0 11212111310 9⑧2:11.54    1.414.240.214.1  0-10  .60 8 8  5 1.7514361574513 8 5 30 1 3.10 2.12 3.422.9  6.3  159.9  244.5  452.7  .02870 1 6 6 1    .239.90 -.1751.59131.213.9329.7339.17142842 7.1414.2921.43 1
20210613일10200012국132 4 82 5 3강 3331맑음다습1011 4허쉬대보        테스타마허쉬틸드 5644.00한수 5     220 3996           1등전승규박철근   113 3 1 115 2        0유승완51052.076강추보50 56 5652  .052.030.52150111557 421222437211716262399 0 0→↘입14.640.240.212.4211839.339.6130.6129.3100 50  050   14.60   12.70 7  6 -6BUUP58.05092018 1.0 1.0 2.0868618 2적임교체승부호기 1   011 6 5 4 3 3 4⑥2:10.6¾   1.014.039.513.8  3  1 -.40 6 3 -1 1.1134736354710 6 4 42 2 2.01 4.01 2.2 3.5  4.0    3.5    7.3    6.2  .03139 0 7 6 0    .139.40 -.4148.92131.8 7.4619.1530.47 82031 8.3316.6725.0011
20210424토 8180013국240 4 92 8 3강 3335맑음건조 411 4허쉬대보        테스타마허쉬틸드 5644.00한수 5     921 4132           2등전승규박철근   114 2 2 215 1        0유승완50958.072우추보45 35 3550  .060.052.11457 32870 6212224372117162623      ↘→입14.640.741.113.3231039.738.9117.3117.5100  0  0 0   14.60   13.60 8 -2  4NB동       1818         2.0    18 0기수신마적임교체 1   0 5 9 4 4 2 2 1①1:57.36   -1.114.638.512.7 -3  4  .40 1 4  3  .0122513 496 6 6 7 31 1 4.09 5.06 2.7 5.5  5.1  143.5  145.9  123.510.94470 1 7 7 1△  .740.10 -.9935.72119.219.7138.1752.12194057 8.3316.6725.00 5
20210228일15180014국240 4 92 6혼전 4435흐림건조 311 4허쉬대보        테스타마허쉬틸드 5644.00한수 5     922 4254           2등전승규박철근   115 1 1 115 1        0임다빈50554.566평무보   35 3540  .038.021.92183 02843102122 0 02117152324      →↘추    40.140.8        40.740.8117.9118.8              14.10   13.40 4  0  0LL동       18 0                 0 0걸음불변기수신마 1   0 7131212 5 5 3②1:57.91¾   .014.640.513.6  1 -6  .80 2 1  0  .34565657079 7 7 7 53 1 2.01 1.07 2.9 4.9  3.1    4.9    7.8    6.4  .02627 1 4 4 1   -.840.80 -.0537.86118.9 6.0512.8321.88 81728 7.6915.3823.08 6
20251116일112000 8국2 2 4  3 9 2강 2236          11 5드론킬러        카우보이마중물   6039.00한거 41947   1    018:00 495002등박재우이관형   2 016 7 121 1 4 621 47권중석   52.556우입보50 51 518582.075.081.61399 41945 7244514 02620221613306010↗→선13.238.840.812.67923                   63 69 5638   14.10   14.30 6  2 -1NHUP53.94972014-1.6 4.4 2.8656517 2승부최상승부최상52기 0 5                            14.1    14.3                                 1 4 4 1  1                                              .05096 4 8 9 4★ 1.940.80-1.19     131.237.4363.0881.6339597218.9532.6350.37 3
20251004토10180011국234 3 83 9 1강 1131맑음다습1011 5드론킬러        카우보이마중물   6039.00한거 42045 1 1   90      495002등박재우이관형   2 115 6 121 4 4 520 45문세영50653.573우입상82 69 698190.076.065.53644 91945 7244546332620283616335611↘↗입13.239.540.812.6802538.942.0116.9118.3 60 73 5340   14.50   13.50 4 -1 -2HHUP53.94961814-2.4 5.2 2.8656517 1전개최상승부최상68기 1 3 4 4 5 3 2 2②1:56.91¼   .014.141.814.3  0 13  .80 2 2 -2  .23010835790 4 5 3 12 4 6.02 1.03 2.2 4.7 18.7   28.1   84.9   75.7  .04496 4 9 9 4★ 2.041.40 -.8738.02118.734.2456.7565.5338597117.8134.0746.58 3
20250906토 51700 8국231 2 83 9 3강 3321흐림다습1311 5드론킬러        카우보이마중물   6132.00한거 42147 1 1   80      825002등박재우이관형   2 214 5 121 3 4 519 47문세영49355.073우입보56 66 669483.073.060.93644 91945 7244546332620283616335611↘↗입13.239.041.112.6915139.940.4110.1112.1 64 71 5736   13.70   13.9010  3  2HNUP53.94961714-2.0 5.0 3.0626212 3직전탐색전개최상 5   0 4 4 4 4 5 5 3③1:50.14     .714.539.213.5 -1 -7 1.40 3 4  3 1.21349343061 1 6 5 32 3 1.02 3.02 1.6 3.2  1.6    3.2    4.8    7.012.24492 3 8 9 3☆ 1.641.90 -.3632.00113.123.8644.6560.9319405715.0031.5850.56 3
20250628토 9140011국234 1 83 8혼전 4441맑음다습1111 5드론킬러        카우보이마중물   6132.00한거 42250 9 1  180      495002등박재우이관형   2 313 4 921 2 4 518 50문세영50053.073우입상86 84 849077.070.045.03644 91945 7244546332620283616335611↘↗입13.236.539.212.6825136.539.4 86.8 88.6 64 86 4329   13.20   13.30 7 -2  1UNDN53.94961614-2.6 5.4 2.8646413-2승부최상안정전력53기 1 1 5     3 4 4④1:26.82½   .413.738.813.9  3 -1 1.29 4 1 -1  .83820533269 4 6 6 42 2 2.03 7.11 2.8 4.4  2.9    8.3   11.6   18.710.63790 3 9 7 3☆ 1.439.30 -.0912.8788.3817.2132.1145.0310223613.4324.4433.75 4
20250511일11160010국244 3 93 9 2강 2231맑음포화1611 5드론킬러        카우보이마중물   6132.00한거 42347 2 1  122      495002등박재우이관형   2 412 3 421 1 4 417 47문세영50152.073우입상63 54 541781.066.065.23644 91945 7244546332620283616385013↘↗입13.236.140.012.6813536.039.4100.0101.7 69 85 5431   13.90   14.50 4 -6 -5HU동54.24961614-2.6 5.4 2.8646413 0안정전력승부최상 1   0 3 3   3 3 3 1②1:40.0½    .013.239.313.3  0  1 1.10 2 2 -7  .11222483186 3 8 6 22 1 4.02 2.03 3.2 4.2  5.9    9.3   20.7    7.1  .05496 4 8 9 4★ 1.540.00 -.7525.57103.129.3050.5665.1619405713.5127.1140.26 3
20250413일 7160010국243 6 43 6혼전 4431맑음포화1711 5드론킬러        카우보이마중물   6132.00한거 42550 2 1  190      82500국O박재우이관형   2 511 2 321 3 4 416 50조한별50057.066우입보92 66 661743.042.013.11340 91945 7244523 02620121918385013↘↗입13.236.239.612.6745135.640.4100.6103.1 75 92 5033   14.10   13.70 4  0  5LB동54.24961614-1.8 4.2 2.4717113 0승부최상안정전력 1   0 9 6   6 6 6 4④1:40.62½  1.013.940.014.5 -5 -3 1.40 4 9  4 1.157 8745151 5 8 7102 3 2.01 6.07 1.8 3.6  4.2    3.6    9.3   34.8  .03421-2 6 7-2   -.539.60  .6227.30102.9 2.56 6.4213.10 1 3 7 7.3014.7123.83 7
20250315토10160010국210 3 63 9혼전 4431맑음양호 611 5드론킬러        카우보이마중물   6132.00한거 42653 2 2  281      495002등박재우이관형   2 610 1 221 2 4 415 53조한별50352.062강입상96 91 911772.066.042.01782 6215010244523 02620121918385013↗↘입13.236.139.512.6785536.239.2100.9102.2 82 91 5536   13.50   14.40 4  6 -6BUUP54.24961614-1.4 3.4 2.0828213 2적임교체승부최상 1기 0 9 6   6 4 3 5③1:40.97    1.314.138.913.7 -2  3  .80 3 5 -1 1.72832423041 2 5 1 22 2 1.02 3.06 1.5 4.1  1.5    5.7    7.7   17.210.54492 4 9 9 4★ 1.139.50  .0226.63102.815.5728.5342.0318365112.5026.2335.97 4
20250216일10140011국312 5 63 9혼전 4441흐림건조 411 5드론킬러        카우보이마중물   6132.00한거 42850 2 2  356      41250국3박재우이관형   2 7 9 4 821 1 4 314 50조한별50058.062강입하83 76 767555.065.036.81782 6215010244523 02620121918434314↗↘입13.236.738.812.6668535.141.2 87.6 88.0 80 90 5040   13.90   13.70 6 -3  1HB동53.64951614 -.6 2.6 2.0828213 0과중분패적임교체 1기 2 3 2     3 2 1②1:27.64     .013.540.514.4 -4 -4  .30 2 6  3  .719 1894281 3 4 5 32 1 5.06 7.03 2.3 7.4 10.2   25.4   63.6   59.0  .04486 3 7 8 3▲ 1.039.00  .2412.5488.2513.3125.7636.78142842 7.2018.1828.95 5
20250104토10140011국351 1103 8혼전 4441맑음건조 311 5드론킬러        카우보이마중물   6132.00한거 43053 1 3  477      41250국3박재우이관형   2 8 8 3 721 2 4 313 53장추열50457.589강입보91 94 948986.068.037.9253816224320244532332620202622434314→→입13.236.638.712.6729136.839.3 87.3 88.2 89 89 5644   13.70   13.50 7 -2  5NB동53.64951614 -.6 2.2 1.6898913 0전개최상마방선전 1기 0 6 5     5 5 4④1:27.36    1.013.938.413.7  1 11  .80 4 3 -1 1.52640463846 2 4 2 22 2 2.07 3.05 4.1 8.1  4.2   28.2   45.5   44.310.53487 2 9 9 2▲ 1.239.20  .3412.9488.1114.9127.4237.8918365121.1434.0146.80 2
20241117일10140011국343 2 93 9혼전 4421맑음양호 611 5드론킬러        카우보이마중물   6132.00한거 32550 2 4  620      41250국3박재우이관형   2 9 7 2 621 1 3 312 50장추열49353.091우입보89 89 899586.075.048.82447 82746 9244532332620202622503317↗→입13.236.538.812.6778736.938.3 86.3 87.9 88 88 6338   13.50   13.60 5  4  1BN동53.84961614  .6 2.6 3.2808013 0전개최상전개최상 1기 1 8 5     6 3 1①1:26.3½   -.113.737.713.5 -3  0 1.20 1 4  1  .0164214 988 3 5 3 12 1 4.08 8.07 1.7 4.3 10.0   63.0  152.7  186.010.56199 4 9 9 4★ 1.839.20  .0512.6388.1122.1538.0048.7532526416.7728.6736.29 2
20241012토10140011국354 1103 9혼전 4441맑음건조 311 5드론킬러        카우보이마중물   6132.00한거 32745 2 4  739      41250국3박재우이관형   210 6 1 521 1 3 211 45이동하49352.090강도하93 86 869483.072.046.02535142746 9244521282620232619602020↘→선13.236.538.912.6778536.638.5 86.2 88.0 86 86 7129   13.80   13.80 5 -4  0HU동54.14961612  .6 2.4 3.0818113 0전개최상전개최상 1기 1 4 3     3 3 1②1:26.2¾    .013.538.213.6 -1 -2 1.00 2 3  1  .1192519 779 3 5 3 12 1 5.03 6.04 3.0 7.8  9.2   16.6   35.9  146.710.67599 4 9 9 4★ 1.639.20  .0712.6388.1821.4635.9245.9532526420.3936.5246.27 1
20240908일 9140011국453 1103 9혼전 4451맑음다습1011 5드론킬러        카우보이마중물   6132.00한거 33050 2 5  813      41250국4박재우이관형   211 5 4 421 1 3 210 50이혁  49552.092강도하85 87 879487.075.045.02646102141 3244514252620272119602020↗↗선13.236.538.912.6758536.538.5 86.9 87.7 86 86 7129   13.30   13.90 6  3 -4BUUP54.14961612  .6 2.8 3.4787813 1유망전력전개최상 1관 2 8 5     2 3 4⑥1:26.9½    .513.838.813.8  4  7  .16 6 2  1  .7112120 664 1 6 2 11 1 3.01 4.10 2.5 6.4  5.7    6.4   14.7   14.310.67599 4 9 9 4★ 1.939.20  .1012.3488.1820.7634.5144.9732526418.1230.9439.72 2
20240728일 9130010국454 1 53 8혼전 4421맑음다습1211 5드론킬러        카우보이마중물   6132.00한거 32244 9 5  925      33000국4박재우이관형   212 4 3 321 5 2 2 9 44씨씨웡48856.082우도하94 99 998776.064.035.61025 82141 324453138262020242275 025↘↗자13.236.838.812.6879136.438.4 80.5 82.0 83 83 6733   13.40   14.20 5  4  1NBDN53.64981612  .2 3.0 3.2808013-3과중분패거리내려 1기 1 5 6     4 2 1①1:20.51¾  -.313.338.713.9  0 -7  .70 1 1  0  .012 425 288 3 3 1 22 5 1.03 5.11 2.4 5.0  2.4    7.0   10.8    8.510.53378 2 9 8 2▲ 1.040.00  .57 6.3882.3913.3224.9035.6014284214.9626.9236.93 2
20240623일 9160010국453 4 53 8혼전 4431맑음포화1511 5드론킬러        카우보이마중물   6132.00한거 32550 2 6 1020      33000국4박재우이관형   213 3 2 121 4 2 2 8 50씨씨웡49555.093우도보90 89 891782.061.048.93357 72765 324453138262020242275 025↗↘자13.236.039.212.6828536.239.5101.8101.5 83 83 6733   14.30   13.00 3 -5  2ULUP53.64981612  .0 3.5 3.5787813 2전개최상단기승부 1기 0 1 3   3 2 2 2④1:41.81     .313.439.514.2  3 -6 -.41 4 1 -1 1.2 928503970 1 3 2 21 4 2.04 4.10 3.0 4.6  3.8   24.7   37.7   22.110.53471 2 8 8 2    .739.20  .0426.32102.617.0934.8548.8518365119.1532.8045.45 2
20240602일 5140010국421 2 73 9 2강 2241맑음건조 311 5드론킬러        카우보이마중물   6132.00한거 32842 1 6 1087      33000국4박재우이관형   214 2 1 321 3 2 1 7 42씨씨웡50153.093강도보85 86 869796.075.063.53357 72765 324453138262020242299 0 0↗↘자13.236.439.212.6917237.237.6 87.0 87.6 80 80 8020   13.20   12.90 4  4  0NHUP53.84971412-1.0 2.7 1.7898913 2전개최상전개최상 1기 0 6 9     6 7 5②1:27.0½    .014.337.713.0  0  7  .20 2 2  1  .1 962 3 481 1 6 1 13 3 4.0210.06 2.4 5.1  8.6   13.0   37.3   10.8  .06099 4 9 9 4★ 1.939.20 -.5012.0388.3230.6150.4963.4639597221.7640.9952.20 1
20240505일 8120011국551 1103 9 1강 1131비  포화1811 5드론킬러        카우보이마중물   4726.00한거 3 1   1 6 1168      33000국5박재우이관형   215 1 2 321 2 2 0 0  0씨씨웡49453.092강도하85 91 9199  .077.065.23357 72765 324453138262020242299 0 0↗↘자13.436.639.212.7933536.437.4 72.1 74.3 75 75 75 0   13.90   13.20 4 -2 -2HH동53.84971413-1.0 3.0 2.0878713 0전개최상전개최상 1기 0 2 3     3 2 1②1:12.1머리  .013.236.712.9  1 -2 1.70 2 1  0  .0 311 6 184 1 8 1 12 2 2.01 3.02 2.7 6.3  4.9    6.3   13.7   18.0  .04999 4 9 9 4★ 2.138.40 -.92-1.5075.9530.0753.5265.1938597111.6921.9552.35 5
20251116일112000 8국2 2 4  8 9 2강 2236          11 6태평히어로      사우스비베네피셜 87     한수 42537   1    018:00 495002등김윤섭에스지이 2 016 5 215 5 4 216 37마이아   55.093강입보50 55 559091.070.073.3375320265013 920501810 23530 9292943↘→선13.739.839.812.02572                   73 82  964   14.10   14.2011 -1 -2NHUP54.64832018  .8 2.0 2.8808014 2마방기습승부최상64기 2 6                            14.1    14.2                                 7 1 2 2  5                                              .04592 4 9 8 4★ 1.639.80 -.98     131.229.8754.3373.3319395731.5857.8972.76 1
20250830토10180011국224 7 78 8혼전 4431맑음포화1811 6태평히어로      사우스비베네피셜 87     한수 42640 9 2  206      495002등김윤섭에스지이 2 115 4 915 4 4 215 40마이아50956.593강입보85 85 858578.065.046.13563221240 6 920501810 23530 9292943↗↘선13.740.639.512.0288739.241.5116.4118.4 73 82  964   14.10   14.40 7  6  2NLDN54.64832018  .6 2.2 2.8808014-2전개최상마방기습76기 1 7 6 6 7 6 4 2④1:56.4½    .514.140.914.2  3  2 1.09 4 1  0  .83117755171 7 1 2 22 4 2.05 1.11 2.8 3.3  2.9   12.6   21.9   75.8  .03480 0 9 9 0△  .940.30 -.3638.27118.617.6634.0646.0932526419.6335.8143.71 1
20250712토 92000 9국231 8 88 9 1강 1149맑음건조 511 6태평히어로      사우스비베네피셜 87     한수 42842 2 1  119      495002등김윤섭에스지이 2 214 3 115 3 4 214 42마이아50754.593강입보74 77 779994.073.081.6375320265013 920501810 23530 9292943↘→선13.739.839.612.0238238.640.4132.7130.3 73 82  973   14.40   13.90 5 -5 -3UHUP54.64832018  .6 2.2 2.8808018 2전개최상전개최상55기 1 1 2 2 2 1 1 3④2:12.75    1.314.140.614.4  3  0-1.11 4 1  0 1.33620564058 7 1 1 11 3 2.07 7.08 2.0 4.3  4.4   27.0   46.8   44.5  .04494 3 9 9 3☆ 1.839.90-1.0750.90131.040.3966.7381.5938597132.6556.1269.15 1
20250608일 91800 9국444 7 98 9 1강 1131맑음건조 311 6태평히어로      사우스비베네피셜 87     한수 42338 2 1   81      41250국4김윤섭에스지이 2 313 2 815 2 3 213 38마이아50757.093우입보83 61 619492.073.082.9375320265013 920501810 23530 9173350↘→선13.740.539.512.0338739.539.3117.0116.8 70 80  070   15.10   12.90 5  4  2NB동54.34791818  .6 2.2 2.8808012 0전개최상전개최상64기 1 6 4 4 3 1 1 1①1:57.09   -1.514.439.713.9  0  3 -.50 1 1 -2  .0 41922 798 7 1 3 11 2 1.05 6.04 2.8 4.9  2.8   18.8   29.8   90.812.04489 2 9 8 2☆ 1.840.20-1.1636.84118.543.2969.1882.9438597127.5046.9059.82 1
20250503토10180011국313 4 68 9혼전 4441맑음포화1811 6태평히어로      사우스비베네피셜 87     한수 4 1   1 1  134      41250국3김윤섭에스지이 2 412 1 715 1 3 2 0  0마이아50455.593강입하94 68 6897  .075.061.4375320265013 920501810 23530 9173350↘→선13.740.439.412.0339141.139.3115.7118.2 78 78  078   14.30   13.1035 -2  1HN동54.34791818  .4 1.8 2.2888814 0여유우승전개최상 1관 1 2101010 9 9 6④1:55.71½   .915.138.612.9  1 20 1.60 4 3  0 1.5297822445711 1 5 13 1 1.06 7.01 1.8 5.1  1.8    7.6   10.0   30.510.64494 3 9 9 3☆ 1.940.50 -.6038.40118.532.2550.1161.41395972 8.4115.4531.28 7
20240901일101800 9국432 6 88 9혼전 4431맑음건조 411 6태평히어로      사우스비베네피셜 87     한수 32745 1 5  833      41250혼3김윤섭에스지이 2 511 3 615 2 3 211 45이동하48455.088강입보94 93 939181.065.051.0275313245614 920343710 2232619173350↗↘선13.740.639.412.0219141.141.5119.3119.5 78 78  078   14.70   13.40 6 -4 -3HN동54.34791818  .6 1.8 2.4868614 0직전선행전개최상 1기 2 4 8 9 7 6 6 7⑥1:59.32    1.515.740.614.0  3  0 1.19 6 3  1 1.76580819040 7 1 2 22 9 6.01 3.07 2.7 3.6 13.1   15.7   42.1   63.310.54489 3 9 7 3☆ 1.040.40 -.4439.49118.518.8436.0250.9914284221.2836.4546.93 1
20240720토 7180010국441 7 48 8혼전 4451맑음다습1111 6태평히어로      사우스비베네피셜 87     한수 32040 2 5  956      33000국4김윤섭에스지이 2 610 2 515 1 2 210 40이동하48457.588강입보86 88 888775.059.054.4275313245614 920343710 2232619 04060↗↘선13.740.739.412.0159139.738.9116.8116.0 75 75  075   14.10   13.00 4  0  1NB동53.64771818  .0 2.2 2.2868614 0승부최상작전마주 1   0 8 5 4 4 2 2 1①1:56.83    -.514.738.813.4 -1  3 -.50 1 2  1  .0 12613 495 9 1 1 21 8 2.01 8.01 2.3 2.9  3.5    2.9    5.9   11.810.53481 2 8 6 2△  .639.90 -.5435.94118.623.0139.5854.4418365122.2237.6551.25 1
20240622토 81800 8국431 1 88 9 2강 2251비  포화1911 6태평히어로      사우스비베네피셜 87     한수 32244 2 6 1032      33000국4김윤섭에스지이 2 7 9 1 415 1 2 2 9 44문세영48156.593강입보95 93 938593.061.068.9445120 9 0 5 920334510 2283616 04060→↗입13.740.639.512.0218540.637.6118.1118.5 71 86  071   15.50   12.80 5  7  1VB동53.64771818 -.2 2.0 1.8818114 0상대막강승부최상 1기 0 8 3 3 4 3 2 2③1:58.1½    .014.137.313.0  2 -9  .60 3 1 -2  .43963 1 280 6 1 2 22 1 3.02 5.01 2.3 4.0  4.4    5.0    9.3    3.3  .04494 2 9 7 2☆  .740.30 -.8738.41118.626.0049.3168.8718365127.3446.6962.25 1
20240519일 91800 9국541 7 48 6 1강 1141맑음양호 711 6태평히어로      사우스비베네피셜 87     한수 32550 2 6 1125      33000국5김윤섭에스지이 2 8 8 2 315 1 2 2 8 50유승완49055.591강입하81 85 858087.059.040.7374219 9 0 5 920161310 2162623 04060→↘입13.740.539.812.0247541.038.5119.4117.9 83 83  067   14.90   13.4013 -5  0UL동53.64771812 -.2 2.4 2.2777718 0트립손실기수영향 1기 1 1 8 8 6 6 6 7⑤1:59.41¼   .515.538.912.8  2 -3-1.20 5 3  2 1.02176 61970 6 3 4 42 1 2.01 7.05 2.6 3.9  3.0    3.9    8.3   47.8  .03580 0 8 6 0    .840.30 -.3037.60118.711.5126.4140.66 8223517.8633.9948.14 4
20240218일10180011국451 6108 8혼전 4451비  다습1211 6태평히어로      사우스비베네피셜 87     한수 33366 2 8 1408      33000국4김윤섭에스지이 2 9 7 1 215 7 2 2 6 66이동하48955.593우입보96 94 949086.063.037.12740 0205011 920343710 2232619 04060→→선13.740.539.812.0277241.138.6121.3119.4 83 83  067   14.30   12.80 6  0  4NL동53.64771812 -.3 2.8 2.5727218 0여유우승작전마주 1기 0 6 7 8 7 7 6 4⑤2:01.31     .614.939.813.4  4  2-1.39 5 1 -1  .66478 7236311 3 1 30 7 2.10 4.05 2.9 5.7  5.0   41.6   72.5  175.510.54480 0 9 5 0△  .840.50 -.2139.13118.714.1727.0437.0514284218.4430.0040.19 1
20240107일 71800 9국540 8 98 9 2강 2251맑음포화1711 6태평히어로      사우스비베네피셜 87     한수 32060 1 8 1519      33000국5김윤섭에스지이 210 6 3 115 6 1 2 5 60이동하48751.593우추보87 88 888298.072.077.12740 0205011 920343710 2232619 02575→→선13.740.540.012.0246440.138.7119.6117.6 80 80  060   15.20   13.20 5 -2 -3NUUP54.14751812 -.3 3.0 2.7686814 4추입무난부중유리 1   0 6 3 3 3 3 3 1①1:59.64    -.714.338.812.8 -1  2 -.70 1 2  1  .01441 9 795 6 4 1 12 6 2.06 6.01 3.0 4.0  3.0   18.4   34.2   30.0  .03988 3 9 9 3☆ 1.740.30-1.1737.11118.734.7660.4877.0839597234.7557.9777.29 1
20231202토 5140011국510 8 68 9혼전 4451맑음양호 611 6태평히어로      사우스비베네피셜 8727.00한수 2 050 1 9 1644      22000국5김윤섭에스지이 211 5 2 215 5 0 2 4 50이동하48554.092우입보88 89 896882.063.039.92636 7315023 920343710 2232619 03367↗→선13.737.238.912.0365937.837.2 89.4 87.5 75 75  050   14.40   13.10 4 -2  1NN동54.24721412  .0 3.0 3.0595912 0승부최상작전마주 1기 1 811    1110 4①1:29.41    -.215.237.713.2  0  6-1.40 1 1 -1  .0 785 1 592 6 5 1 33 5 1.03 8.02 1.6 5.4  1.6    5.4    7.1   13.610.54178 2 8 6 2△  .838.40 -.2111.4388.6613.6427.8539.8814284220.9333.7046.39 2
20231105일 5140011국550 9108 9혼전 4431흐림다습1211 6태평히어로      사우스비베네피셜 8727.00한수 2 033 1 9 1720      22000국5김윤섭에스지이 212 4 1 115 4 0 1 3 33이동하47953.092우입상92 76 767782.072.052.12636 7315023 920343710 2232619 05050↗→선13.737.139.212.0404337.837.9 89.3 87.9 67 67  033   14.30   12.20 6  2 -2BUUP54.84681412-1.0 4.0 3.0777712 2부중효과승부최상 1기 010 8     8 8 4②1:29.34     .014.438.313.1  0  6 -.90 2 2 -1  .71585 72287 4 6 2 13 4 3.02 9.10 3.3 8.1  5.7   12.4   25.2   13.110.65091 3 9 9 3☆ 1.638.60 -.6411.6088.8024.2041.4552.1239597219.3531.7942.59 1
20230923토 3120012국641 8 98 8 2강 2251맑음다습1411 6태평히어로      사우스비베네피셜 2822.00한수 2 0 0 910 1852      13750국6김윤섭에스지이 213 3 3 215 3 0 0 2  0이동하47354.593우입보84 65 657683.074.064.62830191025 0 920343710 2232619 099 0↘↗선13.737.238.912.7564338.635.9 75.0 74.0 50 50  0 0   13.70   14.60 5  6 -1BU동55.04631210         3.0    12 0부중효과부중효과 1기 2 8 9     9 9 4②1:15.0¾    .014.336.312.2 -1 10 -.50 2 3  1  .1 296 1 592 5 2 3 23 3 1.0311.08 2.7 4.5  2.7    8.6   14.7    5.9  .03985 3 8 8 3☆ 1.737.70-1.09-2.0976.1228.4450.2764.5739597221.2142.8659.41 3
20230819토 2120010국620 9 78 8 3강 3335맑음건조 411 6태평히어로      사우스비베네피셜 2822.00한수 2 0 0 210 1955      33000국6김윤섭에스지이 214 2 2 115 2 0 0 1  0이동하46355.093우입보58 35 357566.073.051.82830191025 0 920343710 2232619 099 0↘↗선13.837.339.312.7462537.038.9 77.0 75.5100  0  0 0   13.80   13.00 4 -3  0UUUP55.04631210         3.0    10 2걸음불변부중효과 1기 2 2 4     4 5 4③1:17.07    1.313.740.014.6  1  0-1.10 3 2 -2 1.72838514252 6 2 5 12 2 1.03 6.09 1.5 2.4  1.5    4.7    6.5    3.9  .03488 3 7 8 3☆ 1.638.10 -.99-1.0876.3922.7939.8951.7532526412.6427.7536.39 4
20230723일 11000 9국640 9 48 3혼전 4435비  불량2011 6태평히어로      사우스비베네피셜 2822.00한수 2 0 0 911 2016      33000국6김윤섭에스지이 215 1 1 115 1 0 0 0  0이동하46355.091평무보   35 3540  .046.018.13771241350 8 920343710 2232619      →↘선    37.137.8        37.338.3 62.9 62.5              13.80   13.80 4  0  0LL동       10 0                 0 0걸음불변탐색우려 1기 1 5 5     5 5 5③1:02.91¼   .213.838.313.0 -1  2  .00 3 4  0  .33644645576 9 9 9102 1 7.02 2.04 2.4 2.8 54.3   68.8  254.3   99.2  .01439 0 4 5 0   -.237.80  .53-12.462.71 4.7010.9218.08 1 3 7 9.0918.1827.27 5
20251116일112000 8외3 2 4  2 4 2강 2236          11 7몬탁챗          프레저베AGGREGAT 7142.00미수 4 821   1    018:00 495002등임채덕조금제   2 01617 523 3 2 323 21김철호   52.068평입보50 45 4534 6.037.014.21238 815 012 8101520 8 0152223171750↗↗자13.639.840.512.21935                   35 59  629   14.80   14.50 3  0  0NHUP53.04802318-1.8 7.6 5.8474712 4걸음불변조교부실37관 0 7                            14.8    14.5                                 6 3 6 6 13                                              .01622 0 2 2 0   -.840.50  .03     131.8 1.85 5.9614.24 51222 1.05 4.2111.19 8
20251026일10160010외223 5 72 3혼전 4438흐림양호 711 7몬탁챗          프레저베AGGREGAT 71     미수 4 922 9 1   46      495002등배휴준조금제   2 11516 323 2 2 322 22김철호49952.068평입보37 25 2517 9.032.011.91238 8 643 4 8 91420 9 4152223171750↗↗자13.636.939.012.2335536.240.3102.9103.9 38 63  631   13.60   14.50 4  1 -1NH동53.04802318-2.0 7.0 5.0525212 0걸음불변보통걸음68기 0 7 8   8 9 9 9⑧1:42.9½   1.614.840.114.5 -1 -2  .70 8 9  1 2.17633686436 8 2 6 9012 1.0810.01 1.5 2.5  1.5   17.3   21.9   57.1  .01516 0 2 3 0  -1.339.00  .5928.01103.0 2.11 5.0411.87 2 5 9 2.78 5.9915.79 9
20250927토10160010외232 2 82 4혼전 4431맑음다습1111 7몬탁챗          프레저베AGGREGAT 71     미수 4 923 9 1   56      495002등배휴준조금제   2 21415 223 1 2 321 23김철호50152.568우입하69 50 5017 8.036.010.31238 8 643 4 8 91420 9 4152223171750↗↗자13.736.939.112.2335535.641.9101.2103.7 40 53  040   14.00   13.40 5  0  0NHUP53.04802318-1.0 6.2 5.2606012 2걸음불변조교부실36관 0 6 3   3 3 3 4⑥1:41.2목   2.313.640.714.5 -2  1 2.20 6 8  4 3.368 890822010 4 7 9211 1.04 1.10 2.0 3.8  2.0   16.9   24.5   22.1  .01923 0 2 2 0  -1.039.10  .6027.70103.0 2.37 5.5910.25 2 5 9 1.68 5.2211.4010
20250823토10140011외254 1 52 3혼전 4431맑음건조 411 7몬탁챗          프레저베AGGREGAT 71     미수 41025 2 1   75      495002등배휴준조금제   2 31314 323 1 2 320 25해리카50052.572평입상82 81 815030.045.015.51950 9 643 4 8 9 0 0 9 4192512171750↘↘입13.737.338.912.2385537.039.4 86.8 88.5 40 60  033   13.90   12.40 5 -1  0NHDN53.04802318-1.0 7.8 6.8434312-2뒷심문제급하락세59관 0 610    10 910⑨1:26.82    1.614.038.313.4  5  5 1.29 9 4 -2 1.6344554493410 5 6100 1 5.03 2.05 2.8 3.9 11.4   22.6   61.7  380.4  .02947 0 5 2 0   -.438.50  .4012.2588.73 3.58 8.2715.46 1 4 8 4.4810.4918.61 9
20250719토 91600 9외253 2 52 4 1강 1131흐림포화1711 7몬탁챗          프레저베AGGREGAT 71     미수 41026 2 1   78      495002등배휴준조금제   2 41213 123 2 2 319 26유승완49552.579평입상59 56 561730.046.019.41444 5 643 4 8 9 8 7 9 416262320 060→↗입13.736.839.212.3365137.136.8 98.8101.3 36 64  029   13.90   13.20 3 -3  1NNUP53.14772318-1.0 7.8 6.8434312 2직전복병단기승부32관 0 7 6   6 6 6 7④1:38.8½    .013.936.712.4 -2 13 1.10 4 6 -4  .5 680 2 183 7 3 5 62 2 1.07 3.06 2.7 4.8  2.7   26.9   35.5   23.7  .02626-1 4 3-1   -.439.20  .3925.30103.0 4.2910.3719.43 81728 3.8210.2220.00 7
20250628토 9140011외234 4 82 3혼전 4441맑음다습1111 7몬탁챗          프레저베AGGREGAT 71     미수 41127 9 1   52      495002등배휴준조금제   2 51112 223 1 2 318 27유승완48252.079우입하66 55 554211.044.012.81444 5 643 4 8 9 8 7 9 416262320 060→↗입13.737.239.212.3463937.638.6 87.0 88.8 38 69  015   13.90   13.90 5  2  0BHDN53.14772318 -.4 7.6 7.2323214-6걸음불변조교부실34관 010 9     9 9 9⑤1:27.01     .613.938.013.2 -5  3 1.20 510  6 1.0487826446311 7 9 83 1 2.03 7.11 2.8 4.4  2.9    8.3   11.6   18.7  .01443-1 1 1-1   -.538.70  .3212.4188.86 2.34 6.1312.77 3 814 2.24 5.1910.5011
20250524토10200011외222 2 72 4혼전 4459맑음다습1211 7몬탁챗          프레저베AGGREGAT 7142.00미수 41129 2 1   91      495002등배휴준조금제   2 61011 423 3 2 317 29빅투아47952.088우입보32 24 243424.043.017.0295017 643 4 8 910 7 9 420281820 060→↘입13.739.940.512.3193539.840.0132.0131.2 38 77  031   14.30   14.20 5  7  0BH동53.14772318 -.8 8.0 7.2292914 0걸음불변기수영향38관 0 8 4 4 5 5 5 8⑨2:12.01½  2.113.939.713.9  5 -9  .39 9 4 -1 2.45372465636 9 6 5 80 5 1.05 4.03 1.6 3.9  1.6    9.3   10.6   22.1  .01630 0 3 3 0   -.639.80 -.1050.83131.8 3.54 9.5216.98 3 814 6.0012.2118.13 7
20250419토10200011외250 7102 6혼전 4449비  다습1011 7몬탁챗          프레저베AGGREGAT 7142.00미수 41231 2 1  176      495002등배휴준조금제   2 7 910 323 2 2 316 31빅투아48852.088우입상53 37 374946.053.024.3295017 643 4 8 910 7 9 420281820 060→↘입13.740.040.512.3103539.041.1132.6131.7 42 83  033   14.50   13.30 3 -1  0UHUP53.14772318 -.4 7.2 6.8353514 2탄력호전단기승부 1관 0 1 8 8 8 8 8 8⑥2:12.62½  1.514.341.114.2  1  6 -.10 6 5 -1 2.7613671644611 4 5 70 4 4.09 2.08 3.3 9.1  8.4  104.7  254.0  193.1  .02651 0 5 4 0    .139.80 -.3251.19131.9 6.8515.7324.34 41118 7.0017.1223.89 6
20250329토10180011외233 4 82 8 3강 3329맑음건조 311 7몬탁챗          프레저베AGGREGAT 7142.00미수 41333 9 2  239      495002등배휴준조금제   2 8 8 9 823 1 2 315 33빅투아48252.083우입하72 43 437153.063.048.3245015145012 8 910 7 9 420281820 060→→입13.740.640.212.3224740.339.5117.3118.2 45 82  036   14.20   14.10 3 -1 -1HHDN53.14772318-1.2 6.8 5.6434314-2교체실패조교부실 1관 0 2 4 4 4 5 4 3④1:57.3머리  .814.539.613.3 -2 -1  .10 4 6  3 1.0285229286110 2 4 32 3 1.02 6.09 2.7 5.1  2.7    5.1    8.7   23.3  .03482 3 5 6 3△  .940.20 -.6037.38118.917.9735.0848.2919405716.2229.9442.70 1
20250308토10200011외250 3102 6혼전 4449맑음다습1111 7몬탁챗          프레저베AGGREGAT 7142.00미수 41435 2 2  302      495002등배휴준조금제   2 9 7 8 223 1 2 314 35김철호48352.573우입보49 36 365220.050.024.5177510145012 8 91420 9 415222320 060↘↗자13.739.940.512.3133939.440.2130.4130.0 45 82  036   14.50   13.70 8  2  0HHUP53.14772318 -.6 4.4 3.8565614 2탄력늘어보통걸음 1기 0 3 7 7 7 7 7 9⑧2:10.4목   1.214.239.914.1  5 -3  .49 8 3 -1 1.4235652545711 6 6 6010 9.10 8.01 3.8 9.4 17.8  246.2  472.5  684.6  .02557 1 3 2 1    .139.80 -.2749.60131.8 6.5415.5624.49 3 817 6.1711.8319.6110
20250111토11180011외250 8 52 5혼전 4451맑음건조 511 7몬탁챗          프레저베AGGREGAT 7142.00미수 41538 2 3  454      495002등임채덕조금제   210 6 7 723 1 2 313 38빅투아48652.582우입보72 57 575227.050.020.82271 4 299 0 81011 7 8 020281820 060→→입13.740.340.112.3355539.840.8117.6117.8 50 80  040   14.30   14.20 6  0 -3UHDN53.14772318 -.2 3.0 2.8717114-5걸음불변안장교체 1기 0 1 5 6 5 5 5 7⑦1:57.6½    .914.540.813.7  3  6 -.40 7 4-10 1.01931654863 6 5 5 62 2 1.07 4.08 2.3 3.5  2.3   31.8   53.4   24.7  .02570 1 3 2 1    .040.50  .1237.41118.7 5.6111.0820.78 51322 5.2612.8820.89 7
20241201일 7230014외212 5 62 2혼전 4431맑음포화1711 7몬탁챗          프레저베AGGREGAT 7142.00미수 31641 1 3  579     5500002등임채덕조금제   211 5 6 123 2 2 312 41김철호48055.072강입하56 49 491724.042.0 9.4233310 299 0 8101520 8 015222320 060↗↘자13.739.840.212.32055        150.1      50 80  040   14.20   13.70 4 -2  1UNUP53.14772318 -.4 2.2 1.8848414 5직전탐색탐색우려 1   0 1111010 71012⑫2:30.13    3.814.340.614.2 -2 -8    01214 13 4.151804551  1212 9120 9 1.06 4.11 1.4 3.5  1.4   12.5   15.5   35.8  .03317-3 4 5-3▽ -.740.20                1.85 5.14 9.43 0 2 4 2.91 6.62 9.9712
20241102토111800 8외231 2 82 6혼전 4451맑음양호 711 7몬탁챗          프레저베AGGREGAT 7142.00미수 31845 1 4  672      495002등임채덕조금제   212 4 5 623 1 2 311 45김철호48854.066강입상67 70 706845.056.036.7 533 0 3 0 4 8101520 8 015222320 060↗↗자13.740.139.912.3496440.140.3117.2118.7 50 80  040   14.20   13.70 4 -8  1HN동53.14772018 -.8 2.6 1.8848414 0주력우수최근최상 1기 0 3 4 4 4 6 7 7⑥1:57.24    1.514.240.013.7  5 12  .89 6 1  0 2.04440534440 3 3 4 50 8 3.02 2.05 2.3 4.0  3.5    4.5    9.0    7.512.72968 2 7 5 2    .440.80 -.1338.71118.5 9.7223.0436.72 81728 6.8618.5628.13 6
20241005토11180011외252 4102 9혼전 4451맑음건조 311 7몬탁챗          프레저베AGGREGAT 7142.00미수 32050 1 4  760      495002등임채덕조금제   213 3 4 523 1 2 310 50빅투아47653.580우입보84 81 816155.062.040.4203115 3 0 4 81011 7 8 020281820 060↗→입13.740.339.812.3397239.940.5117.6119.2 50 80  040   14.50   13.80 4  2 -2VH동53.14772018 -.4 3.0 2.6797914 0걸음불변주력우수 1기 111 3 3 6 7 7 5④1:57.67    1.514.240.013.7  3 -5  .99 4 1 -8 2.25734584540 7 2 4 23 1 2.03 8.02 2.9 5.5  4.1    9.4   17.7  130.5  .03987 3 7 7 3△  .940.70 -.2239.05118.614.3029.1840.42183651 8.6521.3030.59 4
20240908일 7180011외222 1 22 4 1강 1131맑음다습1011 7몬탁챗          프레저베AGGREGAT 7142.00미수 32255 2 5  815     8000002등임채덕조금제   214 2 3 423 4 2 3 9 55김철호48155.079강입보85 81 815966.049.022.91767 3 2 0 2 8101520 8 015222320 060↘↗자13.740.439.712.3327540.740.6115.7118.2 56 78  044   14.60   13.70 5  6  1BNDN53.14772012 -.8 3.8 3.0797914-2걸음관심최근최상 1   0 9 9 9 9 9 8 7⑦1:55.74    3.014.539.613.8 -2 -3 2.00 7 9  2 3.927666068 311 6 3 60 7 2.0111.08 1.5 1.5  3.1    1.5    4.9    3.8  .02749 0 6 5 0    .040.40  .1638.06118.6 5.8912.2022.91 51223 8.0918.1824.34 3
20240804일12200010외241 1 42 5 3강 3341맑음건조 311 7몬탁챗          프레저베AGGREGAT 7142.00미수 32562 1 5  899     3850002등임채덕조금제   215 1 2 123 3 2 3 8 62김철호48454.079우입보68 70 703274.041.011.51767 3 2 0 2 8101520 8 015222320 060↘↗자13.739.739.612.3307540.139.1128.5131.0 63 88  050   15.00   13.20 8 -5  2HNUP53.14772012-1.0 4.3 3.3777714 2승부호기탐색우려 1   0 3 9 9 9 9 8 7⑥2:08.57    2.214.639.013.7 -1 17 1.10 6 7  5 2.34681234133 7 3 4 80 6 1.02 6.02 1.8 2.7  1.8    2.7    3.6    7.612.12819-2 6 4-2   -.840.00  .6751.70131.0 1.62 5.0011.48 41118 8.2618.8230.75 6
20251116일112000 8국2 2 4  3 9 2강 2236          11 8원평리스트      페더럴리시어리어 4234.00한암 42227   1    018:00 495002등정호익김용재   0 01613 220 1 5 122 27유승완   52.078평자보50 43 435225.059.044.61444 52144 7242810222419162623502525→↗입13.339.640.912.72331                   41 47 2929   13.30   14.60 8 -1 -3VHUP52.64722012-1.0 7.6 6.6404013 6걸음불변부중유리54기 0 8                            13.3    14.6                                 5 5 7 3  1                                              .04581 4 4 7 4★  .840.90 -.82     131.912.1628.2144.60122843 6.3216.8425.75 6
20250921일 8140014국244 1 93 3혼전 4431맑음다습1311 8원평리스트      페더럴리시어리어 5938.00한암 42328 2 1  135     275000국O정호익김용재   0 11512 620 1 5 121 28임다빈46355.080평자상62 57 572322.042.0 9.12049 62144 7242819312419152324502525↘→추13.336.939.812.7572836.640.8 87.4 89.6 44 50 3131   13.80   14.20 3  7  3BBDN52.64722012 -.6 7.0 6.4393913-4걸음불변보통걸음 5   0 9 5     6 6 8⑨1:27.41¾  2.813.339.714.6 -3-11 2.10 912  5 3.269258476 91212 7122 2 5.01 7.04 2.5 7.0 14.1   12.9   35.6   27.9  .01442-1 3 3-1   -.739.20  .2412.9089.07 1.61 4.75 9.09 1 4 8 5.13 9.4014.3412
20250830토10180011국224 7 73 9혼전 4431맑음포화1811 8원평리스트      페더럴리시어리어 4234.00한암 42530 9 1   54      495002등정호익김용재   0 21411 220 1 5 120 30조인권47452.064기자보39 41 413129.058.037.71635102144 7242822 02419232413502525↗↘선13.340.340.612.7304338.241.9116.7118.7 47 47  733   13.80   13.90 9 -1  0HHUP52.64722012 -.8 7.2 6.4424213 4걸음불변부중유리73기 1 2 2 2 3 3 3 5⑤1:56.71½   .813.841.414.2 -2  2  .90 5 7  1 1.141 1833462 6 9 8 32 1 2.05 1.11 2.8 3.3  2.9   12.6   21.9   75.8  .04578 4 5 8 4★  .640.60 -.4137.77118.915.3426.0437.70102236 7.4814.8524.00 6
20250628토 9140011국234 4 83 9혼전 4441맑음다습1111 8원평리스트      페더럴리시어리어 5938.00한암 42631 9 1  159      495002등정호익김용재   0 31310 520 1 5 119 31이혁  47252.087기자적59 57 574145.062.030.21529 62144 7242830 02419272119502525↘↗선13.337.139.612.7363937.039.4 87.3 89.0 50 64 2136   13.50   14.00 5  1  0HHDN52.64722012-1.0 6.2 5.2494913-6걸음불변부중유리24관 1 3 6     7 7 6⑦1:27.31     .913.838.813.9  1  2 1.20 7 6 -2 1.354465350531010 8 50 1 2.03 7.11 2.8 4.4  2.9    8.3   11.6   18.7  .03781 3 5 8 3▲  .838.80 -.3212.3089.07 9.0519.8330.16 81728 5.2213.3320.25 6
20250524토10200011국222 2 73 6혼전 4459맑음다습1211 8원평리스트      페더럴리시어리어 4234.00한암 42733 2 1   91      495002등정호익김용재   0 412 9 120 1 5 118 33임다빈47052.080기자적10  2  24326.058.039.12049 62144 7242819312419152324502525↘→추13.339.540.912.7304339.639.4131.3130.5 54 54 2331   13.90   13.60 6 -6  1HNUP52.64722012 -.6 5.0 4.4606013 8걸음불변훈련충실62기 4 2 2 2 3 3 3 5⑤2:11.34    1.413.539.114.0 -3 -4  .30 5 8  3 1.73763293550 5 8 9 32 1 1.05 4.03 1.6 3.9  1.6    9.3   10.6   22.1  .03477 3 4 6 3    .640.20 -.6250.13131.815.6527.1439.06142842 5.0011.2719.94 8
20250412토10120011국223 2 73 9혼전 4441비  다습1011 8원평리스트      페더럴리시어리어 7128.00한암 42935 2 1  197      495002등정호익김용재   0 511 8 720 4 5 117 35박태종47451.074우자보52 45 457728.063.035.911 0 82144 7242817152419202320502525↘↗선13.336.838.412.7737937.838.6 76.0 76.8 58 58 2533   13.50   15.00 4  4  0NUDN52.64721812-1.0 4.2 3.2717113-4걸음불변부중영향 1기 0 8 7     8 9 9⑦1:16.02½  1.413.938.613.6  2 -9  .40 7 5 -4 1.97079406034 4 9 6 50 4 3.08 1.02 2.3 3.5  8.8   85.5  154.4  243.2  .03984 3 5 7 3△  .939.00  .25 1.5775.6111.5724.3635.86 81728 8.4317.0222.94 7
20250315토10160010국210 3 63 9혼전 4431맑음양호 611 8원평리스트      페더럴리시어리어 5938.00한암 43137 2 2  281      495002등정호익김용재   0 610 7 120 3 5 116 37박태종48351.064강자적89 86 861751.063.037.61786 5204412242817152419202320502525↗↘선13.336.139.912.7764736.741.1102.7104.0 64 64 2736   13.70   13.7014  0  0HUUP52.64721812-2.0 4.2 2.2878713 2전개최상부중영향 1기 2 4 2   2 3 4 7⑧1:42.72    3.113.540.815.0 -1  2  .80 8 9  6 3.58064859010 3 7 3 30 3 1.02 3.06 1.5 4.1  1.5    5.7    7.7   17.2  .04186 4 7 8 4★  .939.90 -.0628.03103.012.0025.7737.62142842 9.1719.6731.06 5
20241207토10140010국252 2103 9 2강 2251맑음다습1411 8원평리스트      페더럴리시어리어 5938.00한암 33340 2 3  565      495002등정호익김용재   0 7 9 6 420 2 5 115 40박태종48151.067강자적95 92 929188.075.069.4 820 8 938 0242817152419202320502525↗↗선13.336.739.312.7685936.439.5 86.6 88.7 64 64 2736   13.50   13.00 6  2  0HUUP52.64721812-1.8 4.4 2.6838313 2승부최상전개최상 1기 1 4 3     5 5 4⑥1:26.62½   .613.738.413.7  3  7 1.39 6 3 -5  .74118543062 3 7 1 22 2 6.01 2.05 2.7 5.3 20.0   16.9   56.7  173.2  .04494 4 9 8 4★ 1.939.10 -.9112.6688.5932.0053.9369.4019405728.5746.8160.00 2
20241026토11120011국244 1 43 9혼전 4441맑음다습1411 8원평리스트      페더럴리시어리어 7128.00한암 33542 9 4  694      495002등정호익김용재   0 8 8 5 620 1 5 114 42박태종47451.080강추적38 39 397429.063.035.11550 3305710242817152419202320571429↘↗선13.336.838.412.7717536.937.4 72.7 74.9 70 60 3030   13.60   15.30 8 -6 -1HUDN52.84721812-2.2 4.8 2.6848413-2승부최상승부최상 1   0 2 3     3 5 4⑤1:12.7½    .313.536.813.0 -3  4 1.60 5 8  4  .51133 6 368 61110 42 1 1.07 4.01 1.8 3.6  1.8   21.3   28.9   72.0  .04495 3 5 6 3△  .838.40  .28 -.3075.6112.3724.9135.13102236 6.9614.9123.93 6
20240901일 9140011국253 1103 9혼전 4431맑음건조 411 8원평리스트      페더럴리시어리어 5938.00한암 33846 1 5  834      495002등정호익김용재   0 9 7 4 320 1 5 113 46해리카47052.071강추보49 50 507641.065.032.6164011214715242813 02419192512571429↗→입13.336.739.312.7655537.241.4 89.2 91.1 70 60 3030   13.90   14.90 5 -3  0NUDN52.84721812-2.4 5.0 2.6858513-4승부최상승부최상 1기 1 8 7     6 6 8⑩1:29.22    3.113.641.015.3  6  3 1.3910 4  0 4.193589192 6 51011 30 1 3.09 1.05 2.8 8.6  6.7   71.7  136.2  597.2  .04493 4 6 9 4★ 1.039.70  .0515.1388.5911.9322.5932.58142842 7.7616.7327.78 6
20240727토 9180011국241 5 93 9혼전 4451맑음불량2011 8원평리스트      페더럴리시어리어 4234.00한암 34150 9 5  934      495002등정호익김용재   010 6 3 120 1 5 112 50씨씨웡46752.082강추상86 91 918081.068.039.91025 8214715242816252419202422571429↘↗자13.339.940.212.7596439.342.9117.5120.0 70 60 3030   13.30   13.80 6  3 -2VUUP52.84721812-2.8 5.6 2.8838313 4승부최상승부최상 1기 011 3 3 3 6 8 8⑨1:57.57    3.613.941.914.9  5  5 2.01 9 4  3 4.17614938415 7 5 2 20 110.01 5.01 2.7 4.7 36.9   50.5  198.2  171.110.54496 4 9 8 4★ 1.441.20 -.2239.90118.614.8328.4539.9020405616.3929.0239.53 1
20240616일111400 8국422 3 23 9 2강 2251맑음건조 411 8원평리스트      페더럴리시어리어 5938.00한암 33645 2 6 1040      41250국4정호익김용재   011 5 2 220 1 4 111 45장추열46253.592우추상85 90 908597.070.060.3385525236011242828502419202622501733→↘입13.336.639.512.7694336.837.7 87.7 87.6 67 56 3322   13.30   13.9017 -1  2VN동52.74741412-2.2 5.6 3.4717113 0승부최상승부최상 1기 1 8 1     1 1 1①1:27.7½    .013.338.013.8  0 11 -.20 1 1 -1  .0 938 5 283 2 7 1 21 3 1.04 8.01 2.2      2.2   10.7   14.4    7.1  .04497 3 9 8 3☆ 1.439.00 -.7311.5188.6622.2143.1160.2918365132.6957.0374.12 1
20240217토 9140012국354 8103 9혼전 4451맑음다습1111 8원평리스트      페더럴리시어리어 5938.00한암 33750 2 8 1420      41250국3정호익김용재   012 4 1 120 1 3 1 8 50김동수46552.060우추보84 76 767274.070.034.51099 6193913242814312419 92027402040↗→추13.336.739.512.7674736.139.7 88.1 88.2 63 50 2525   13.30   13.30 6  4 -1NUUP52.84751412-1.6 5.4 3.8676713 1승부최상승부최상 1기 2 9 1     1 1 1①1:28.1½   -.113.339.713.9 -1  1  .20 1 2  1  .023 7592591 711 7 31 7 2.05 9.02 4.712.4  4.9   12.4   30.0   82.610.67598 4 8 8 4★ 1.539.00 -.1311.9588.7313.8125.1434.5314284210.5921.1530.31 3
20240106토 91300 9국444 6 43 9 2강 2211맑음포화1611 8원평리스트      페더럴리시어리어 5938.00한암 32842 1 8 1528      33000국4정호익김용재   013 3 1 120 2 2 1 7 42장추열46453.092기자적64 69 696993.075.071.3254711193913242828502419202622502525↗↗입13.537.239.212.7636436.838.9 80.6 81.9 57 43 1429   13.90   13.00 5 -1 -1NVUP52.84781312-1.5 6.0 4.5606012 1승부최상승부최상 1기 1 5 4     5 5 1①1:20.62½  -.413.338.113.3  0 -5 1.40 1 1 -8  .01014401592 8 5 5 13 2 1.02 5.06 2.7 2.6  2.7    2.6    5.3   11.7  .04492 4 7 8 4★ 1.839.60 -.88 5.4782.9033.3756.7571.2532526422.7539.8753.33 1
20231203일 8120014국524 2 73 9혼전 4431맑음양호 611 8원평리스트      페더럴리시어리어 7128.00한암 23350 1 9 1630     110000국5정호익김용재   014 2 3 520 1 2 1 6 50장추열46954.093기자적49 56 566572.077.027.52952 42464142428285024192026226733 0↘↗입13.537.238.812.8485137.238.1 74.1 75.6 50 50 1733   14.40   14.20 4 -7  1NN동52.34811212-1.3 7.0 5.7484812 0부중민감승부최상 1   0 6 9     9 9 5③1:14.1¾    .013.937.513.0 -6 -3 1.20 3 9  0  .23049242279131014 23 1 6.01 9.13 2.0 3.8 23.3   17.4   67.8  144.110.64494 3 6 8 3☆ 1.938.20  .03 -.4276.0611.2120.0627.53183651 5.8413.5318.38 8
20231105일 8120013국514 5 63 8혼전 4421흐림다습1211 8원평리스트      페더럴리시어리어 7128.00한암 24060 1 9 1717     110000국5정호익김용재   015 1 2 420 6 2 1 5 60김동수47253.074기선적89 88 887985.067.022.21244 8246414242814312419 920276733 0→↗추13.537.339.212.8403137.838.7 75.4 76.5 60 60 2040   13.50   13.20 4  5  1VV동52.34811212-1.0 8.5 7.5292912 0승부최상부중민감 1   01313    1313 8⑦1:15.41     .914.438.514.2 -2 -5 1.00 7 9  6 1.76377446151111312 93 6 1.07 5.04 1.5 6.9  1.5   10.2   11.8   71.410.53786 3 8 8 3▲ 1.238.40 -.08  .0176.34 6.7914.5722.24 1 4 812.3221.7625.45 3
