20251123일 1120012국6 0 5  5 4 1강 1152           1 1서프라이즈                              한거 2 0 0   1    010:35 24750국6리카디(주)나스 0 0 1 1 1 0 1 0 0 0  0정정희   56.078평무보65 64 643744.047.032.326571238532032 030 03424172415      →↘입15.038.638.212.3 199                                15.40   12.70        NN동       12 0         5.0     0 0신마적응보통걸음47기 0 1                            15.4    12.7                                11 4 3 4  1                                              .02541 0 5 5 0   -.238.20 -.53     76.51 9.3820.9332.31 7162712.0020.6531.64 5
20251123일 1120012국6 0 5  5 1 1강 1152           1 2서폭챗                                  한수 2 0 0   1    010:35 24750국6임채덕조금제   2 0 1 1 1 0 1 0 0 0  0김철호   56.069평무보59 52 52 8 6.023.0 5.91240 814 011 8101419 8 0152223      →↗자14.938.638.112.3 199                                15.30   12.70        NN동       12 0         4.0     0 0거세출주탐색우려53기 0 2                            15.3    12.7                                10 2 6 9  1                                              .013 8-3 2 2-3▽-1.938.10  .27     76.45  .78 2.20 5.88 2 5 9 1.33 6.4511.72 9
20251123일 1120012국6 0 5  5 4 1강 1152           1 3스마트라이즈    더킹    스마트파        한수 2 0 0   1    010:35 24750국6송문길박정재   2 0 2 1 2 1 2 0 0 1  0송재철   56.075평무하50 41 413316.038.019.0152210273917272825112723182621      ↗→입14.538.238.113.3 198                                14.70   12.7017  2  1NBUP       12 0         9.0     0 2교체실패보통걸음52기 1 3                            14.7    12.7                                 9 1 8 7  2                                              .01826-1 3 4-1  -1.038.10  .12     76.23 3.74 9.9219.02 41118 6.6712.9019.92 8
20250727일 1100011국620 4 75 4혼전 4431맑음건조 3 1 3스마트라이즈    더킹    스마트파        한수 2 0 0 9 2  315      24750국6송문길박정재   2 1 1 1 1 1 1 0 0 0  0송재철44955.575평무보29 22 2225 9.047.015.61460 3294323272825112723182621      →↗입14.538.238.213.3221638.537.3 62.9 62.9              14.80   13.60 4  0  0NL동       10 0         2.0     0 0거세출주보통걸음62기 2 1 9     9 9 9⑨1:02.91½  1.414.737.212.7  6 -6  .11 9 3  0 1.45385276237 9 8 7 80 1 7.08 8.07 1.5 2.5 36.2  342.4  716.6  153.1  .02345 0 4 5 0   -.236.80 -.18-13.663.54 2.98 8.8315.63 3 814 2.50 7.0615.79 9
20251123일 1120012국6 0 5  5 1 1강 1152           1 4거센무적        KNOWN AG노블주얼        한수 2 0 0   1    010:35 24750국6이관호강석대   0 0 2 1 1 0 2 0 0 0  0유승완   56.078하무보76 54 54 418.030.012.81446 6224713212624172416162623      →↗입14.437.840.113.726 8                    0  0  0 0   14.30   13.3020 -6  1HNUP       1210 2.0 5.0 7.0383810 2거세출주보통걸음53기 1 4                            14.3    13.3                                 611 5 8  2                                              .01311-1 4 4-1  -1.440.10 -.60     77.12 1.94 5.3712.83 3 814 6.6714.1924.61 7
20250705토 1100010국640 6 95 6혼전 4438맑음건조 3 1 4거센무적        KNOWN AG노블주얼        한수 2 0 0 1 2  384      24750국6이관호강석대   0 1 1 1 1 1 1 0 0 0  0유승완45055.584평무보   25 2540  .045.024.92033 71850 8212624172416162623      →→입    37.137.8        37.538.8 64.2 63.5              13.80   13.80 4  0  0NL동       10 0                 0 0거세출주기수신마58기 110 9     9 7 8⑦1:04.21¼  1.414.439.114.0  2 11 -.50 7 5  0 2.97356817439 1 1 9 60 1 1.06 1.05 3.2 5.3  3.2   42.0   62.6   36.512.72956 2 5 4 2   -.338.10  .34-11.462.71 8.0814.6924.88 5122215.5227.6954.76 4
20251123일 1120012국6 0 5  5 1 1강 1152           1 5비케이준        위드디스레인스터 4032.00한암 2 0 0   1    010:35 24750국6조현수함승원   0 0 2 1 2 1 1 0 0 1  0권중석   50.065하무보50 25 25 9 5.023.0 4.71699 41243 9 8 9 0 0 9 3211513      ↗→선13.937.240.113.156 2                    0  0  0 0   13.90   14.30 4 -3 -4NHUP       1210 1.010.011.0 9 910 2걸음불변부진마필47관 0 5                            13.9    14.3                                 3 91111  1                                              .014 3-4 1 2-4▼-2.140.10 -.03     76.78  .34 1.67 4.70 1 4 8 1.33 5.16 9.3810
20251025토 1100012국620 6 25 5혼전 4411흐림건조 5 1 5비케이준        위드디스레인스터 4032.00한암 2 0 0 9 1   88      24750국6조현수함승원   0 1 1 1 1 1 1 0 0 0  0푸르칸46354.073평무보75 88 887635.048.022.12353181243 9 8 929 0 9 3132419      →↘추13.936.937.613.1987937.140.0 64.6 64.5              14.20   13.60 4  0  0LL동       10 0         5.0     0 0신마적응기수영향28관 0 8 5     5 5 9⑪1:04.6¾   3.113.940.014.3  1 11 -.101110  0 3.89038958711 4 4 3 60 1 2.0512.02 1.5 2.3  4.0   35.3   63.4   12.710.52552 0 6 5 0   -.138.50  .63-9.9762.49 5.4311.4822.11 31020 8.1118.6326.69 6
20251123일 1120012국6 0 5  5 6 1강 1152           1 6포에버길                                한수 2 0 0   1    010:35 24750국6전승규박남성   0 0 1 1 1 0 1 0 0 0  0김용근   56.083평무보54 43 433024.048.032.22149112644 9213114172016292517      ↗↘선14.237.240.113.681 2                                14.50   13.90        LN동       12 0         2.0     0 0거세출주마방습성48기 0 6                            14.5    13.9                                 410 7 5  1                                              .02343 0 5 7 0   -.240.10 -.81     76.78 9.2820.8432.15142842 8.0015.4828.13 6
20251123일 1120012국6 0 5  5 4 1강 1152           1 7미스터크레딧                            한수 2 0 0   1    010:35 24750국6최영주박순옥   2 0 1 1 1 0 1 0 0 0  0루이스   56.082평무보69 75 755356.044.026.914 0 01536 71517 0 015 9133813      →→입14.237.238.312.78199                                14.50   13.00        LN동       12 0         3.0     0 0거세출주강단마필49기 2 7                            14.5    13.0                                 2 5 1 6  1                                              .02951 0 6 4 0   -.538.30  .34     75.78 6.0614.4126.86 5122213.3327.1042.19 3
20251123일 1120012국6 0 5  5 1 1강 1152           1 8우마루          투아너앤연지꽃   4727.00한암 2 0 0   1    010:35 24750국6김윤섭임흥호   2 0 2 1 1 1 2 0 0 1  0오수철   54.061하무보50 22 22 2 4.018.0 5.2 825 7254513 9 0191210 2122315      →→입13.938.140.113.8 3 2                    0  0  0 0   14.30   14.40 5 -1  0NHUP       1210  .012.012.0 3 310 2가는대로부진마필48기 0 8                            14.3    14.4                                 8121210  2                                              .0 6 1-4 1 1-4▼-2.440.10 -.54     77.29  .24 5.44 5.16 0 1 4 1.33 2.58 8.2011
20251018토 1100012국630 3 85 1 1강 1111흐림불량20 1 8우마루          투아너앤연지꽃   4727.00한암 2 0 0 2 1  110      24750국6김윤섭임흥호   2 1 1 1 1 1 1 0 0 0  0오수철43454.061평무보21 13 1332 3.026.0 4.6 825 7254513 9 0191210 2122315      →→입13.937.238.313.881 138.540.2 65.7 66.0              14.20   14.00 4  0  0LL동       10 0         8.0     0 0거세출주탐색우려48기 0 9 9     91112⑫1:05.710   4.314.340.014.4  0  6  .301212  0 4.698859797 2 410 9120 1 2.01 4.03 3.0 6.3  3.0    6.3   11.1   20.4  .013 6-4 1 2-4▼-1.638.60  .60-9.5063.04  .41 1.15 4.63 0 3 4  .84 1.62 4.1112
20251123일 1120012국6 0 5  5 6 1강 1152           1 9라비타                                  한암 2 0 0   1    010:35 24750국6박지헌죽마조합99 0 1 1 1 0 1 0 0 0  0이혁     54.086평무보61 66 664155.048.032.51428 6223811194728 02117272119      ↘↗선13.837.338.512.96787                                14.20   13.30        LN동       12 0         2.0     0 0거세출주마방습성49기 1 9                            14.2    13.3                                 5 7 2 3  1                                              .02349 0 6 6 0   -.238.50  .00     75.95 9.4221.1332.5310233616.0032.2639.84 2
20251123일 1120012국6 0 5  5 1 1강 1152           110걸작크라운                              한수 2 0 0   1    010:35 24750국6박윤규박덕희   1 0 1 1 1 0 1 0 0 0  0김옥성   56.063평무보41 30 30 3 2.022.0 1.1 8 0 71644 91817 8 01611151517      ↘↗추15.438.738.412.5 179                                15.80   12.80        LN동       12 0         4.0     0 0거세출주보통걸음45기 010                            15.8    12.8                                12 61012  1                                              .013 6-3 2 1-3▽-2.038.40  .19     76.67  .20  .34 1.12 0 2 5  .12 2.58 7.0312
20251123일 1120012국6 0 5  5 4 1강 1152           111순간의파이터    지금이순유로파이  8 7.00한수 2 0 0   1    010:35 24750국6이관호김용래   3 0 2 1 2 1 1 0 0 1  0문세영   56.073하추보50 41 415840.057.044.63644 922471321 045 02416283616      ↘↗입14.138.138.612.0 675                    0  0  0 0   14.70   13.10 7  7  0BHUP       1210 2.0 5.0 7.0363610 2걸음불변마방기습72기 211                            14.7    13.1                                 7 8 9 2  1                                              .02464-1 5 6-1    .338.60 -.85     76.4513.8030.2444.61183651 9.3321.9431.64 4
20251003금 1100012국650 7105 2혼전 4421흐림다습12 111순간의파이터    지금이순유로파이  8 7.00한수 2 0 0 1 1  132      24750국6이관호김용래   3 1 1 1 1 1 1 0 0 0  0조상범45656.058평무보21 13 1326 6.034.0 8.71268 622471321 016 02416132018      →↘입14.138.737.912.0 13938.137.6 63.5 63.0              14.40   12.50 4  0  0NL동       10 0         9.0     0 0거세출주보통걸음44트 1 411    111110⑦1:03.5목   1.514.737.813.1  2-16 -.50 7 5  0 1.6587841633712 9 9103 1 1.0211.07 2.8 6.4  2.8    6.4   12.3   11.8  .01321-1 1 2-1  -1.136.30 -.08-13.663.65 1.30 4.04 8.69 0 4 8 1.33 5.9910.64 8
20251123일 1120012국6 0 5  5 6 1강 1152           112랩처            나이트러우승환희 6738.00한암 2 050   1    010:35 24750국6최용구강승연  99 0 3 2 2 2 1 0 1 2 50김효정   54.070우입적50 55 558573.068.082.9193913275413181319 02013162118 099 0→↘입13.837.238.213.25085                   50 50  050   13.70   13.90 2  4  0VV동53.54431210  .0 4.5 4.5656510 0전개최상조교부실25관 012                            13.7    13.9                                 1 3 4 1  1                                              .03476 1 6 7 1   1.338.20-1.22     75.7244.8067.5782.8532526424.0038.7145.70 1
20251108토 1120011국643 5 95 8혼전 4421흐림건조 3 112랩처            나이트러우승환희 6738.00한암 2 0   2 1   44      24750국6최용구강승연  99 1 2 2 1 2 2 0 1 1  0송재철44654.075강입상83 91 9193  .069.063.0152210275413181324 02013182621 099 0↗→입13.836.838.213.2829837.338.9 76.8 76.5100100  0**   13.50   12.80 8  0  1NVUP53.54431210-4.0 6.0 2.0858510 2전개최상전개최상40기 0 8 4     5 5 7⑦1:16.8코   1.213.739.513.9  4  3 -.60 7 3 -3 1.36255535544 6 2 1 12 2 2.01 1.11 1.7 4.3  4.4    4.5   11.0  137.710.54480 1 8 7 1▲ 1.238.90 -.42 1.4575.5029.1748.1862.9632526414.5227.0738.84 3
20250913토 1100010국650 2105 9 3강 3315맑음포화19 112랩처            나이트러우승환희 6738.00한암 2 0 0 2 1  151      24750국6최용구강승연  99 2 1 2 1 2 1 0 0 0  0송재철44353.575평무보72 86 869376.069.069.6152210275413181324 02013182621      ↗→입13.836.838.113.2992536.736.9 60.6 61.4              14.20   13.60 4  0  0LN동       10 0         7.0     0 0거세출주전개최상43기 1 8 3     3 3 2②1:00.63     .013.536.512.8 -4  9  .70 2 6  0  .6112013 776 1 4 2 12 1 1.06 2.08 3.1 6.8  3.1   13.1   21.6   56.512.24486 3 7 9 3☆ 1.337.90 -.96-13.562.7132.3656.6969.6035536842.8661.3978.33 1
20251123일 2120011국6 1 6  5 5 2강 2229           2 1아파트          한센    태즈모나 6925.00한암 2 0 0   1    011:00 16500국6정호익에릭코   0 0 4 4 3 3 1 0 0 3  0루이스   54.082기입적50 53 537252.061.070.114 0 02245 72429 0 02419133813 099 0→→입14.436.938.613.07479                   33 67  0 0   13.70   13.40 4 -8  0UN동54.04991212 1.3 3.3 4.7565610 0전력변화신마혈통38기 0 1                            13.7    13.4                                 3 1 2 1  1                                              .02368 0 6 4 0    .738.60 -.90     75.7829.5252.8370.1032526422.4144.1258.57 2
20251026일 2120010국640 3 45 3 1강 1151흐림건조 5 2 1아파트          한센    태즈모나 6925.00한암 2 0 0 9 1   76      16500국6정호익에릭코   0 1 3 3 2 3 1 0 0 2  0조인권49954.067기추적32 19 1967 9.045.018.51635102245 7242921 02419232413      ↗↘선14.437.039.113.0655136.738.0 75.0 74.8  0 50  0 0   13.80   15.0012  5  1BN동       1210 3.0 2.5 5.5414110 0걸음불변가격혈통43기 1 9 4     3 2 2③1:15.0½    .013.738.613.4 -2  3 -.30 3 5  4  .4112321 984 1 7 8 82 1 1.06 2.10 2.1 3.8  2.1   26.6   36.1   95.2  .01843-2 4 3-2   -.338.20  .26-1.2676.12 4.08 9.4818.46 1 512 1.50 4.7111.4510
20250803일 2120011국613 6 65 5혼전 4439흐림건조 3 2 1아파트          한센    태즈모나 6925.00한암 2 0 0 1 2  203      16500국6정호익에릭코   0 2 2 2 1 3 2 0 0 1  0장추열49653.593평추보65 34 345828.051.022.53862 0204411242928 02419202522      →↘입14.437.238.613.0548236.740.4 78.5 76.6  0  0  0 0   13.90   13.30 3  2  0NHUP       1210-1.0 4.0 3.0676710 2걸음관심단기승부73기 1 4 2     4 3 5⑧1:18.5코   2.513.841.315.0  7 -9-1.50 8 1 -3 2.66821887716 9 3 5 60 2 7.04 6.09 2.1 7.3 15.0   40.2   37.6   56.2  .02743-2 5 4-2    .138.50  .29  .7675.95 5.6513.5222.54 51323 9.0915.9524.08 7
20250712토 11000 9국620 7 75 5 2강 2212맑음건조 5 2 1아파트          한센    태즈모나 6925.00한암 2 0 0 2 1   63      24750국6정호익에릭코   0 3 1 1 1 3 1 0 0 0  0장추열50553.593평무보27 19 194120.050.032.73350112245 7242928 02419202522      ↘↗입14.438.437.813.0 95137.137.5 62.5 62.2              14.90   13.50 4  0  0NN동       10 0         4.0     0 0거세출주가격혈통50기 1 2 5     5 6 3③1:02.53     .513.937.613.3 -1  0 -.30 3 4  0 1.32939353072 8 4 5 43 1 3.01 8.05 1.9 2.5  9.8    6.3   23.1   20.1  .01947 0 4 4 0    .136.40 -.57-14.163.43 7.9619.7832.72 92032 5.6614.6827.59 5
20251123일 2120011국6 1 6  5 2 2강 2229           2 2하이데이        레이스데리워드하 3525.00한수 2 0 0   1    011:00 16500국6박지헌박남성   0 0 3 2 2 2 3 0 0 2  0유승완   56.078하무보50 34 3413 5.028.010.51446 62238111920 5 52117162623      →↗입14.337.839.014.21716                    0  0  0 0   14.20   14.90 5 -7  0HN동       1210 -.5 9.5 9.0252510 0걸음불변보통걸음46기 1 2                            14.2    14.9                                 9 3 8 7  3                                              .01411-2 2 1-2▽-1.639.00  .07     76.51 1.52 3.1310.54 41118 1.72 5.8811.43 7
20251019일 1120012국621 6 75 1 1강 1115맑음포화17 2 2하이데이        레이스데리워드하 3525.00한수 2 0 0 2 1   99      24750국6박지헌박남성   0 1 2 2 1 2 2 0 0 1  0유승완46756.078하무보35 16 1610 3.026.0 4.81446 62238111920 5 52117162623      →↗입14.338.038.714.2156437.540.8 77.7 78.4  0  0  0 0   14.60   12.80 7  3  1LNUP       1210-3.010.0 7.0393910 2걸음불변보통걸음82기 2 910     8 8 8⑪1:17.7코   2.814.241.114.9  2  4  .6011 9 -1 4.7946392931310 6 9100 2 1.05 5.08 1.6 4.0  1.6   10.6   12.1   21.9  .014 8-3 1 1-3▽-1.638.30  .30 1.7076.45  .40 1.15 4.76 1 4 7  .75 1.47 3.7412
20250830토 2100010국650 5 55 1 1강 1131맑음불량20 2 2하이데이        레이스데리워드하 3525.00한수 2 0 0 9 1  126      24750국6박지헌박남성   0 2 1 2 1 2 1 0 0 0  0유승완46355.578평무보 5  6  613 5.032.0 8.21446 62238111920 5 52117162623      →↗입14.338.338.214.2 9 137.737.7 62.9 63.0              14.50   14.20 4  0  0LL동       10 0         9.0     0 0거세출주부진마필53기 1 610    10 9 9⑦1:02.92½  1.414.637.712.8 -3 -1  .10 710  0 1.8576645553810 7 9 90 1 1.02 5.09 2.4 3.8  2.4    3.8    6.1    5.5  .01310-3 2 2-3▽-1.336.70  .00-13.563.59 1.35 3.56 8.16 0 2 6  .91 3.88 7.5010
20251123일 2120011국6 1 6  5 1 2강 2229           2 3또순이          부활의반오스힐          한암 2 0 0   1    011:00 16500국6배휴준서상주   3 0 2 1 1 0 1 0 0 0  0오수철   54.061하무보36 17 17 0 4.017.0 6.1 825 7 643 4 8 4 0 0 9 4122315      →→입15.038.142.619.1 1 1                    0  0  0 0   14.20   14.7010 -4  1HN동       1212 1.010.011.0 1 112 0거세출주탐색우려57기 1 3                            14.2    14.7                                10111010  1                                              .013 1-4 1 2-4▼-2.442.60-1.96     78.68  .45 6.82 6.12 0 2 5 1.72 2.9410.00 8
20250914일 1120011국611 5 65 4 3강 3333맑음다습14 2 3또순이          부활의반오스힐          한암 2 0 0 2 1  185      24750국6배휴준서상주   3 1 1 1 1 1 1 0 0 0  0김정준45453.578평무보   25 2540  .028.0 8.2264817 643 4 8 4 0 0 9 4152124      →↘자    36.738.5        38.448.3 85.5 86.7              13.80   13.60 4  0  0LN동       12 0                 0 0거세출주기수신마35트 0 711    111010⑪1:25.5대차 9.915.047.919.5  1 25 1.101110  0 9.999939999 2 1 110100 1 5.02 9.04 1.7 5.0 11.8   19.0   45.2   10.511.21621-1 3 4-1  -1.442.10 1.0511.4975.61 1.02 3.31 8.22 0 2 613.4322.6437.64 5
20251123일 2120011국6 1 6  7 5 2강 2229           2 4벌교봉봉        레이스데퀸오피서 3525.00한거 3 0 0   1    011:00 16500국6최영주유성훈   2 0 4 4 4 3 1 0 0 2  0권중석   53.065평선보50 62 628721.051.042.91699 41536 71526 0 015 9211513      ↗→선13.636.739.613.88835                    0  0100 0   13.80   13.70 5 -6 -4HH동       1212 1.0 6.0 7.0717112 0전개최상작전마주42기 0 4                            13.8    13.7                                 2 6 1 3  1                                              .03465 0 5 3 0   -.139.60 -.57     76.2313.5424.7942.9214284212.0725.0037.14 3
20251018토 2120010국611 8 67 7 2강 2249흐림불량20 2 4벌교봉봉        레이스데퀸오피서 3525.00한거 3 0 0 2 1  109      16500국6최영주유성훈   2 1 3 3 3 3 3 0 0 1  0조인권46057.067평선보63 74 749575.065.061.01635101536 71526413815 9232413      ↗↘선13.636.639.813.8912037.639.0 76.9 76.6  0  0100 0   13.50   14.10 4  4  0NH동       1212         7.0    12 0뒷심부족전개최상66기 010 3     4 5 7⑦1:16.9코   1.413.839.413.7  3 -5 -.35 7 4 -2 2.26568586739 1 8 1 22 3 1.02 4.02 1.4 4.5  1.4    4.5    5.7   11.9  .04479 0 7 6 0   1.139.10-1.14  .1576.2823.2545.3561.0218395621.0540.7453.26 1
20250920토 2120011국650 6 57 6 1강 1149맑음포화18 2 4벌교봉봉        레이스데퀸오피서 3525.00한거 3 0 0 2 1   63      16500국6최영주유성훈   2 2 2 2 2 3 2 0 0 0  0조인권46557.067평무보35 25 2540  .048.041.91635101536 71526413815 9232413      ↗↘선13.637.139.113.8    36.539.3 75.3 75.9              14.10   14.30 9 -4  0LL동       12 0                 0 0마방습성마방기습 5기 0 6 2     1 1 3⑦1:15.3머리  .413.539.114.1  1  1  .50 7 6     .54514684370 4 2 9 41 2 2.04 8.10 2.6 3.7  3.0    9.7   14.2   21.4  .02837 0 5 5 0    .038.40 -.48 -.3376.1712.1825.1441.91 8203312.0023.6838.78 6
20250720일 2120010국633 5 87 7 1강 1129맑음포화17 2 4벌교봉봉        레이스데퀸오피서 3525.00한거 3 0 0 2 1  160      16500국6최영주유성훈   2 3 1 1 1 3 1 0 0 0  0조인권  057.067평무보35 25 2537  .041.016.01635101536 71526413815 9232413      ↗↘선13.636.840.213.899 1                                14.10   14.30 4  0  0NL동       12 0         3.0     0 0거세출주마방습성40기 010                    취소    14.1    14.3     0  .67      0               31010 80 1 2.01 3.08 2.4 3.3  3.0    3.3    7.7    6.7  .02642 1 5 5 1   -.740.20 -.18     76.62 3.32 8.0415.99 3 81411.2521.1837.61 7
20251123일 2120011국6 1 6  5 3 2강 2229           2 5비케이데블      지몰로지캐치나인 40 7.00한암 2 0 0   1    011:00 16500국6조현수함승원   0 0 3 2 2 2 1 0 0 2  0이혁     54.086하입보50 34 347317.046.037.61428 61243 9 8 921 0 9 3272119      ↘↗선13.436.440.013.798 5                    0  0100 0   13.20   16.00 7 -3  0NN동       1210 1.5 5.5 7.0232310 0교체실패보통걸음50관 0 5                            13.2    16.0                                 110 7 4  1                                              .01858 0 3 3 0   -.340.00 -.48     76.2814.0223.7337.61102336 6.9016.1827.14 5
20251004토 11200 9국650 9 55 2 1강 1139맑음다습10 2 5비케이데블      지몰로지캐치나인 40 7.00한암 2 0 0 1 1  121      24750국6조현수함승원   0 1 2 2 1 2 1 0 0 1  0유승완46454.078하입보42 43 434415.036.021.01446 61243 9 8 9 8 0 9 3162623      →↗입13.436.540.013.798 735.642.7 78.6 77.9  0  0100 0   13.60   14.10 6  2  1NNUP       1210  .0 6.0 6.0393910 2걸음불변탐색우려24관 0 8 1     1 1 3⑧1:18.61    3.413.242.716.0  3  9 -.30 8 5 -1 4.390 0999211 2 9 2 41 1 1.03 9.04 2.8 4.8  2.8    6.2    9.5   12.4  .01427-2 4 3-2   -.939.60 -.05 1.3876.34 3.6510.1520.97 92032 4.2913.8918.99 7
20250823토 1100011국610 5 65 1혼전 4431흐림건조 4 2 5비케이데블      지몰로지캐치나인 40 7.00한암 2 0 0 2 1  126      24750국6조현수함승원   0 2 1 2 1 2 1 0 0 0  0조한별45553.568평무보43 43 433710.038.017.21342 81243 9 8 9 0 0 9 3121918      ↘↗입13.436.738.313.799 136.138.9 62.8 62.8              13.60   13.70 4  0  0LN동       10 0         5.0     0 0거세출주탐색우려29트 0 6 3     3 3 5⑥1:02.83    1.413.638.914.1  0  0  .10 6 6  0 1.451 4814239 2 7 4 82 1 1.08 5.09 2.1 6.8  2.1   28.6   43.9   55.2  .01317-3 3 4-3▽ -.938.30  .51-12.262.76 4.10 9.2217.24 3 814 3.9210.6116.88 9
20251123일 2120011국6 1 6  5 1 2강 2229           2 6러버맨          투아너앤아이월이 4727.00한수 2 0 0   1    011:00 16500국6이관호박민규   0 0 3 2 2 2 1 0 0 2  0조한별   56.068하입보50 25 2511 4.028.0 7.11342 822471321 010 02416121918      ↘↗입14.037.639.414.12825                    0  0 50 0   13.80   13.40 8  2  1BN동       1210 -.510.510.0101012 0걸음불변부진마필54기 0 6                            13.8    13.4                                 5 5 9 8  1                                              .014 7-4 2 1-4▼-1.739.40  .08     76.62 1.41 4.08 7.12 3 814 1.72 2.9410.00 9
20250928일 1120012국651 3 55 4 1강 1121비  불량20 2 6러버맨          투아너앤아이월이 4727.00한수 2 0 0 9 1  143      24750국6이관호박민규   0 1 2 2 1 2 1 0 0 1  0김정준43655.578하무보 8  6  65015.040.012.126481722471321 013 02416152124      →↘자14.036.840.314.188 237.738.9 75.3 76.8  0  0100 0   14.00   15.10 8  3  0NHUP       1210 2.0 9.011.0 5 510 2교체실패기수영향42기 1 4 8     6 6 7⑨1:15.32    2.513.838.513.4 -3-11 1.30 912  3 2.67173556714 212 9 82 1 2.0110.12 2.0 4.7  4.2    4.7    9.0   16.8  .01837 0 3 4 0   -.839.00 -.12 -.3176.67 2.09 5.7612.11 41118 3.1910.1014.24 8
20250802토 1100011국640 7 95 1혼전 4419맑음건조 3 2 6러버맨          투아너앤아이월이 4727.00한수 2 0 0 1 1  127      24750국6이관호박민규   0 2 1 2 1 2 1 0 0 0  0조재로44755.580평무보 8  7  722 6.034.0 9.327481322471321 016 02416192422      ↗↘추14.038.138.314.122 136.640.7 65.7 64.9              14.30   14.40 4  0  0NL동       10 0         6.0     0 0거세출주부진마필48기 0 1 3     3 410⑪1:05.76    3.714.040.915.1  2 -2 -.7011 9  0 3.793159888 8 6 811 90 1 3.04 2.11 2.5 6.0  5.2   18.2   38.7   71.8  .01310-3 2 3-3▽-1.237.40  .02-11.563.54 1.51 4.04 9.27 2 5 9 2.44 9.4316.22 7
20251123일 2120011국6 1 6  5 1 2강 2229           2 7뉴카우보이      카우보이뉴패러다 4026.00한수 3 0 0   1    011:00 16500국6배휴준오상철   3 0 2 1 1 0 1 0 0 0  0해리카   57.073하무보33 16 16 0 4.019.0 5.9195010 643 4 810 0 0 9 4182612      ↘↘입15.538.539.012.7 143                    0  0  0 0   14.70   13.5032  0  0NH동       1212 1.010.011.0 2 212 0거세출주탐색우려41관 0 7                            14.7    13.5                                11 41111  1                                              .013 1-4 1 3-4▼-2.439.00 -.17     76.90  .33 6.69 5.92 1 4 8 1.72 2.9410.0010
20250406일 1120011국611 5 65 4 2강 2239맑음불량20 2 7뉴카우보이      카우보이뉴패러다 4026.00한수 3 0 0 1 4  641      16500국6유재길오상철   3 1 1 1 1 1 1 0 0 0  0김효정50757.067평무보   25 2540  .024.0 9.02099 5 5   3 7 4 0 0 8 0162118      →↘입    36.738.5        41.139.0 79.7 80.1              13.80   13.60 4  0  0LL동       12 0                 0 0거세출주기수신마 1기 1 711    111111⑪1:19.7¾   5.315.539.213.0  1 16  .301110  0 5.598995598 3 1 110110 1 4.02 5.04 1.7 6.2  9.3   16.2   39.0   11.6  .01615-2 3 3-2  -1.640.10 1.02 4.8875.61  .93 2.50 8.96 0 1 515.7929.7559.50 4
20251123일 2120011국6 1 6  3 6 2강 2229           2 8위대한함성      미스치비위대한비 3927.00한수 2 033   1    011:00 16500국6이관호황의영   0 0 4 4 3 3 2 0 1 3 33정정희   56.078평입보50 51 515684.060.069.3265712224713212013 02416172415 099 0→↘입14.036.939.013.67059                   33 33 33 0   13.80   14.10 4  7  0BN동56.04271212-1.3 6.7 5.3555512 0적임교체보통걸음64기 1 8                            13.8    14.1                                 4 2 3 2  2                                              .03044 1 7 6 1    .739.00-1.09     76.0029.0952.2769.3018365134.4864.7180.00 1
20251026일 1120011국640 5 43 7 2강 2243흐림건조 5 2 8위대한함성      미스치비위대한비 3927.00한수 2 0 0 9 1   77      24750국6이관호황의영   0 1 3 3 2 3 1 0 0 2  0정정희42756.078평입보38 29 296241.061.043.5265712224713212013 02416172415      →↘입14.036.839.613.6792537.038.1 75.9 75.1  0  0 50 0   13.50   14.70 6 -2  1HN동       1210-1.5 8.5 7.0404010 0걸음불변적임교체44기 1 1 2     4 2 2②1:15.91¼   .013.839.014.1 -1  0 -.80 2 3 -5  .21737241782 4 7 6 42 1 5.03 5.01 1.8 2.9 34.1   54.5  193.5   30.6  .04355 1 5 7 1    .738.50 -.62-1.3076.2812.6828.2443.47102336 5.6515.3825.22 4
20250914일 1120011국611 4 63 4 3강 3333맑음다습14 2 8위대한함성      미스치비위대한비 3927.00한수 2 0 0 2 1   97      24750국6이관호황의영   0 2 2 2 1 3 2 0 0 1  0빅투아42755.588평입보43 29 294228.045.021.3295116224713212013 02416202818      →↘입14.037.239.313.6604336.440.0 75.2 76.4  0  0  0 0   13.90   13.60 7 -2  0HHUP       1210-1.0 9.0 8.0444410 2걸음불변기수영향70기 1 3 2     2 1 2⑥1:15.2½   1.513.539.414.7 -2 -7 1.20 6 8 -1 1.66310836234 5 4 5 61 2 5.02 9.04 1.7 5.0 11.8   19.0   45.2   10.5  .01635 0 5 4 0   -.338.50 -.05 -.0976.34 5.9611.9821.29 3102010.4516.3526.57 7
20250727일 1100011국620 3 73 7혼전 4431맑음건조 3 2 8위대한함성      미스치비위대한비 3927.00한수 2 0 0 9 1  120      24750국6이관호황의영   0 3 1 1 1 3 1 0 0 0  0빅투아43455.588평무보32 25 257129.057.027.9295116224713212013 02416202818      →↘입14.037.338.213.6811637.138.1 62.7 62.8              14.50   14.10 4  0  0LL동       10 0         8.0     0 0거세출주기수영향44기 0 5 4     4 6 6⑧1:02.71¾  1.213.938.013.6 -1  6  .30 8 9  0 1.24938584748 3 6 5 62 1 7.08 8.07 1.5 2.5 36.2  342.4  716.6  153.1  .03761 3 5 6 3    .637.70 -.07-12.763.04 7.2816.9227.90 51222 6.2518.8226.64 7
20251123일 2120011국6 1 6  5 1 2강 2229           2 9피엔에스올미                            한수 3 0 0   1    011:00 16500국6박윤규피엔에스 2 0 1 1 1 0 1 0 0 0  0김옥성   57.063평무보51 39 39 5 1.022.0 6.4 8 0 71644 918 9 8 61611151517      ↘↗추14.037.639.813.250 1                                14.40   13.40        LN동       12 0         3.0     0 0거세출주보통걸음 1   0 9                            14.4    13.4                                 7 8 5 9  1                                              .013 7-3 1 2-3▽-1.939.80 -.12     76.84  .78 2.51 6.40 2 5 9  .12  .13  .1411
20251123일 2120011국6 1 6  5 1 2강 2229           210스톰초이스      카우보이용왕담   4026.00한거 3 0 0   1    011:00 16500국6심승태오종환   3 0 3 2 1 2 1 0 0 2  0김태훈   57.074하입적50 36 36 613.031.014.02043101144 7 813142212 9112519      ↘→입14.037.639.613.52925                    0  0  0 0   13.80   14.30 8  2  0NHDN       1413 1.0 7.5 8.5292913-2걸음불변탐색우려67기 110                            13.8    14.3                                 6 7 6 6  2                                              .01410-3 2 3-3▽-1.439.60 -.24     76.73 2.02 6.0113.99 51222 5.1710.2918.57 6
20250928일 2140011국624 3 75 2 1강 1144비  불량20 210스톰초이스      카우보이용왕담   6132.00한거 3 0 0 9 1  142      16500국6심승태오종환   3 1 2 2 1 2 1 0 0 1  0김용근54657.082평입보42 25 2511  .034.0 9.52149111144 7 813 01112 9292517      ↗↘선14.037.240.013.5423937.242.3 91.7 92.5  0  0  0 0   13.90   13.90 4 -3  0NHUP       1413-2.0 8.0 6.0555513 1신마적응탐색우려24관 0 8 6     61111⑪1:31.78    4.713.842.314.3  4  9  .5011 7 -1 4.897599696 2 8 611 90 1 1.08 4.05 1.9 4.7  1.9   14.3   19.3   30.6  .02521-2 3 2-2  -1.139.50 -.0915.2789.41 1.42 4.47 9.54 2 511 9.5719.0532.76 4
20250831일 1130011국641 8 95 1 1강 1149맑음다습13 210스톰초이스      카우보이용왕담   6132.00한거 3 0 0 9 1   53      16500국6심승태오종환   3 2 1 2 1 2 1 0 0 0  0김태훈53757.073평무보20 25 25 5  .031.010.82043101144 7 813142212 9112519      ↘→입14.037.340.313.574 137.639.2 83.1 83.2              14.20   13.50 4  0  0NL동       13 0         6.0     0 0거세출주탐색우려53기 211 5     4 5 6⑥1:23.1¾    .913.939.313.9 -2-11 -.20 6 8  0 1.85151525055 410 9 72 1 1.03 8.04 2.3 5.0  2.3    6.6    9.1   20.6  .013 9-2 2 3-2▽-1.339.80  .04 5.6083.68 1.83 5.0810.78 3 815 9.5718.7532.84 7
20251123일 2120011국6 1 6  5 4 2강 2229           211라온킹스맨      머스킷맨택서블   7628.00한수 2 0 0   1    011:00 16500국6박종곤손천수   1 0 2 1 2 1 1 0 0 1  0김정준   56.078평무보50 44 443127.044.030.02648172342 8282912 02612152124      →↘자14.137.839.911.41718                                14.10   14.20 5 10  0NL동       12 0         5.0     0 0교체실패기수영향43기 011                            14.1    14.2                                 8 9 4 5  1                                              .01832 0 5 5 0   -.539.90 -.98     77.01 7.3217.2029.98 7162712.0725.0037.14 4
20251018토 2120010국611 8 65 7 2강 2249흐림불량20 211라온킹스맨      머스킷맨택서블   7628.00한수 2 0 0 2 1  109      16500국6박종곤손천수   1 1 1 1 1 1 1 0 0 0  0이동하47656.089평무보88 25 2544  .047.030.62849152342 8282928 02612242619      →↘선14.137.937.911.4229937.539.0 76.8 76.5              14.40   11.90 4  0  0NL동       12 0         3.0     0 0거세출주기수영향45기 1 1 6     3 3 4⑤1:16.8코   1.314.139.414.2  2  3 -.31 5 3  0 2.16263586442 4 1 7 42 1 1.02 4.02 1.4 4.5  1.4    4.5    5.7   11.9  .02844 2 5 7 2   -.137.80  .06  .6575.95 6.9916.0130.62 9203211.8422.2232.61 2
20251123일 31400 9국5 1 8  7 4 3강 3339           3 1동진선더        파이널보밸리언트 1434.00한암 4 018   1    011:25 24750국5박천서민규동  -3 012 5 311 2 0 211 18루이스   52.084평추상50 47 474421.040.021.714 0 0 5   0 933 0 01410133813 099 0→→입13.737.239.412.93255                   25 25  025   14.10   13.90 3 -7  0UH동55.04221413-1.4 7.6 6.2474713 0걸음불변단기승부40관 1 1                            14.1    13.9                                 8 1 5 6  2                                              .01531-2 4 2-2   -.739.40 -.04     89.00 5.0711.2621.72 3102010.9426.1538.05 4
20251101토 4140011국520 4 27 4 2강 2251맑음건조 5 3 1동진선더        파이널보밸리언트 1434.00한암 4 020 1 1   63      24750국5박천서민규동  -3 111 4 211 1 0 210 20루이스42052.084평자상23 24 242410.040.017.214 0 0 5   0 933 0 01410133813 099 0→→입13.737.439.212.9217237.039.5 89.8 89.2 29 29  029   14.50   13.60 4  4  0LH동55.04221413-1.4 7.0 5.6535313 0주행평범배당마주74기 0 8 7     8 8 4⑤1:29.81     .914.139.713.9 -4 -4 -.40 5 9 -1 2.0574953515310 4 7 63 1 2.01 6.05 1.5 1.6  3.5    1.6    4.8    5.5  .01732-1 2 2-1   -.638.60  .0912.6389.00 3.22 9.9117.18 51323 1.79 7.1413.59 7
20251003금 7140011국530 8 87 2혼전 4451흐림다습11 3 1동진선더        파이널보밸리언트 1434.00한암 4 022 1 1   60      24750국5박천서민규동  -3 210 3 111 1 0 2 9 22김효정42452.068기자적22 18 1830 8.038.0 9.7193913 5   0 933 0 01410162118 099 0→↘입13.737.239.112.9347938.138.6 89.2 89.2 33 33  033   14.00   13.60 5 -7  0VHUP55.04221413-2.0 7.0 5.0535313 2주행평범탐색우려39관 1 410    1111 8⑧1:29.21    1.214.538.513.6 -2  1 -.10 810 -1 2.06292236141 4 410 93 3 1.03 5.02 1.9 3.7  1.9    6.4    8.6   25.6  .01712-4 2 3-4▽-1.138.80  .4612.9488.80 1.51 4.60 9.65 2 5 9 4.84 8.3915.35 8
20250831일 5120011국551 5107 5혼전 4441맑음다습13 3 1동진선더        파이널보밸리언트 14     한암 4 025 9 1   91      24750국5박천서민규동  -3 3 9 2 311 1 0 2 8 25이동하42352.089기자보38 26 265214.046.014.1284915 5   0 933 0 01410242619 099 0→↘선13.737.338.312.9438937.739.1 75.9 76.8 40 40  040   13.70   14.10 5 10  1VNDN55.04221313-2.2 7.0 4.8525213-1마방연대기수영향39관 211 8     81011⑨1:15.94    1.814.038.713.6 -2  0  .90 911  4 1.87274607227 9 311100 1 1.02 2.07 3.4 9.4  3.4   10.5   15.0   25.1  .02854-2 3 3-2   -.638.50  .66 1.1675.84 2.81 8.2014.05 2 5 9 4.76 9.8417.48 9
20250727일 61300 8국511 6 67 6 1강 1113맑음건조 3 3 1동진선더        파이널보밸리언트 1434.00한암 4 028 9 1   73      24750국5박천서민규동  -3 4 8 1 611 1 0 2 7 28김성현42351.067우자보66 84 848774.061.035.0 922 6 5   0 933 0 01410162519 099 0→↗입13.937.738.912.9388937.239.7 83.4 84.2 50 50  050   13.90   14.10 6 -1 -4UU동55.04221313-2.8 7.0 4.3595913 0뒷심문제마방연대70기 2 1 3     4 7 6⑦1:23.42    1.913.739.814.1  0  3  .30 7 7  6 2.17727644619 7 2 1 40 1 1.02 2.07 1.8 3.8  1.8    4.2    6.6    4.7  .02986 0 7 7 0    .839.60 -.01 7.5883.03 9.0120.8035.04 6152620.2439.7756.04 2
20250614토 2130010국620 8 77 7 2강 2219맑음건조 3 3 1동진선더        파이널보밸리언트 1434.00한암 4 016 2 1  119      16500국6문병기민규동  -3 5 7 7 511 2 0 1 6 16김효정42055.068기자적47 54 547755.063.077.9193913325316253319 02829162118 099 0→↘입14.037.838.912.9259637.239.2 83.3 82.5 33 33  067   13.60   14.40 5 -2  0VN동55.04221313-4.0 9.0 5.0505013 0적임교체마주성향51기 2 2 2     4 4 2②1:23.31     .013.939.914.1  1-12 -.90 2 1 -1  .22529503388 7 1 1 22 2 8.01 5.02 2.0 2.4 32.4   22.4   74.9   54.8  .03075 1 6 6 1    .939.10-1.26 5.7983.1031.7461.3377.8818365120.3438.4641.98 2
20250510토 11300 8국651 8107 9 1강 1138비  불량20 3 1동진선더        파이널보밸리언트 1434.00한암 4 020 2 1  122      16500국6문병기민규동  -3 6 6 6 411 1 0 1 5 20김효정43255.068기자적42 52 527873.075.081.2193913325316253319 02829162118 099 0→↘입14.037.838.912.9269437.240.6 83.7 83.9 33 33  067   13.70   14.80 7  1  1VN동55.04221313-4.010.5 6.5323213 0연대우수적임교체 1   0 4 4     4 5 5⑤1:23.76    1.313.640.614.4  3  5  .69 5 2  1 2.37329867845 6 1 5 12 1 1.05 8.07 2.9 5.7  2.9   14.2   24.5   77.712.04381 2 6 8 2☆ 1.939.50-1.34 7.1883.1039.6566.9381.2039607321.4337.5044.83 3
20250323일 2130010국653 9107 8 1강 1131맑음건조 4 3 1동진선더        파이널보밸리언트 1434.00한암 4 025 2 2  258      16500국6문병기민규동  -3 7 5 5 311 2 0 1 4 25김동수42754.566기자적84 85 858288.068.072.11660 7365424253341 02829 92027 099 0→→추14.037.639.112.9478237.239.8 84.1 83.5 33 33  067   14.10   13.20 5  2 -1VH동55.04221313-3.011.0 8.0232313 0마방기습연대우수 1기 1 3 4     5 4 3⑤1:24.13     .613.740.814.8  4  5-1.09 5 1 -5 1.46328705467 7 2 1 12 2 2.04 2.05 3.1 6.1  3.8   12.5   27.7   21.3  .03877 0 7 7 0△ 1.439.60-1.09 6.8383.1034.5357.6672.0739607322.2244.1257.73 2
20250216일 2130010국652 7 57 5혼전 4431흐림건조 4 3 1동진선더        파이널보밸리언트 1434.00한암 4 0 0 2 2  364      16500국6문병기민규동  -3 8 4 4 211 1 0 0 3  0김동수42255.066하추상18 31 315723.057.029.51660 7365424253341 02829 92027      →→추14.038.038.913.1109838.037.6 82.7 81.8  0  0  050   14.50   13.40 7 -9  1HN동       1312         5.0    12 0걸음불변마방기습 1기 1 1 4     4 5 4②1:22.71½   .014.138.713.2 -4 -5-1.30 2 6 -4  .2 967 61293 7 3 8 62 1 1.06 6.01 2.2 4.1  2.2   22.0   29.7   18.4  .02464 0 5 7 0    .638.80 -.06 4.9283.23 9.2219.1029.51 51223 6.0014.1519.41 7
20241229일 2130011국642 8 97 2 1강 1149맑음건조 4 3 1동진선더        파이널보밸리언트 1434.00한암 3 0 0 9 3  496      16500국6문병기민규동  -3 9 3 3 111 1 0 0 2  0이현종42754.064하선보 5 12 1225 9.035.013.818 010303618253320 02829111925      →↘추14.037.140.013.678 339.137.8 84.6 83.8  0  0  0 0   13.90   15.30 3  5  0BHUP       1312        10.0    12 1걸음불변부진마필 1기 11010    1010 7⑤1:24.62½  1.314.538.913.4 -5-16-1.30 510  3 2.17095 95251 2 9 8103 1 4.06 2.01 2.5 4.3  6.6   46.7   78.9   46.9  .01414-3 2 3-3▽-1.040.10  .26 6.6783.35 2.25 7.0313.78 1 4 7 3.13 8.7017.45 8
20241207토 2120010국614 6 17 4 1강 1131맑음다습14 3 1동진선더        파이널보밸리언트        한암 3 0 0 2 3  573      16500국6문병기민규동  -310 2 2 211 2 0 0 1  0빅투아44354.083평선보48 31 314922.046.015.82271 4303618253323332829202818      →→입14.037.139.713.6691836.942.3 78.5 79.2  0  0  0 0   14.00   13.90 5 -1 -1NH동       1212         8.0    12 0기수신마배당마주 1기 1 5 5     5 510⑩1:18.510   4.013.941.715.3  3 -5  .7510 7 -4 4.09733989610 610 8 70 2 1.05 2.06 1.5 3.2  1.5    8.1   11.6    8.1  .02041-1 4 5-1   -.239.40 -.07 2.4276.51 3.27 8.8915.76 3 815 4.8811.0217.12 7
20241102토 2120011국620 8 77 9 3강 3332맑음양호 7 3 1동진선더        파이널보밸리언트        한암 3 0 0 1 4  681      16500국6문병기민규동  -311 1 1 111 1 0 0 0  0빅투아44855.081평무보   35 3540  .055.027.92031151731 7253323332829202818      ↗→입    36.738.5        36.939.5 77.8 76.2              13.80   13.60 4  0  0LL동       12 0                 0 0걸음불변기수신마 1   0 6 2     2 2 8⑧1:17.83    2.014.040.113.9 -3 -1-1.40 811  0 2.25331705933 1 1 9 61 1 1.02 2.09 1.4 3.3  1.4    3.3    4.8    7.212.24167 3 5 7 3△  .338.90  .48  .9975.61 7.1317.9427.89 51222 9.0918.5639.85 4
20251123일 31400 9국5 1 8  9 4 3강 3339           3 2혁명의질주      레볼루셔황홀한질 5036.00한암 3 011   1    011:25 24750국5배휴준미리내   2 010 4 4 9 1 0 1 9 11김철호   52.069기입적50 48 486723.048.033.11240 8 643 4 82514 0 9 41522235050 0→↗자13.436.440.113.393 6                   25 38 50 0   14.10   14.60 5 -1  0HUDN54.55171812-1.0 6.4 5.4454513-4걸음불변선행유리60기 0 2                            14.1    14.6                                 2 5 4 4  1                                            11.21452 0 5 4 0   -.240.10 -.27     88.93 9.9422.5333.14 82134 9.3823.0832.20 5
20251019일 5180011국510 7 69 5혼전 4431맑음포화17 3 2혁명의질주      레볼루셔황홀한질 9845.00한암 3 012 2 1   95      24750국5배휴준미리내   2 1 9 3 2 9 1 0 1 8 12해리카52352.070평입상26 24 244415.041.016.3195010 643 4 825 0 0 9 41826125050 0↘↘입13.439.541.313.386 738.443.6120.4122.1 29 43 43 0   13.40   14.50 5  0  0HUUP54.55171812 -.6 5.6 5.0505013 4직전선행선행유리43기 0 3 2 3 4 5 5 7⑥2:00.45    1.814.142.714.6 -2  0  .80 6 8  0 2.595 3958229 2 9 7 62 1 1.02 2.04 1.8 6.1  1.8    6.1    7.5    9.7  .02932-1 4 3-1   -.941.80  .1241.26118.9 3.10 7.9516.26 51222 4.6913.4217.79 6
20250914일 41400 9국552 5109 2 3강 3341맑음다습13 3 2혁명의질주      레볼루셔황홀한질 5036.00한암 3 014 2 1   72      24750국5배휴준미리내   2 2 8 2 3 9 2 0 1 7 14조재로52352.078기자적38 36 3641 8.038.013.2274813 643 4 82517 0 9 41924225050 0↗↘추13.736.740.213.3791135.941.2 88.2 89.1 33 50 33 0   14.10   15.2011 -2  0HUDN54.55171812-1.2 5.4 4.2626214-4교체실패최적거리59트 0 3 1     2 2 4⑦1:28.21¾  1.913.440.414.5 -1  3  .90 7 8  4 2.156 5897126 2 9 8 91 2 4.02 8.05 3.7 7.4  5.9    8.1   22.8   30.511.21828-3 2 2-3▽ -.939.30  .0112.2189.21 2.33 6.0913.19 1 4 7 2.56 5.5012.62 9
20250629일 51800 9국510 7 69 2 3강 3356흐림양호 8 3 2혁명의질주      레볼루셔황홀한질 9845.00한암 3 016 9 1  196      24750국5배휴준미리내   2 3 7 1 1 9 1 0 1 6 16조재로52052.077우자보73 81 814847.041.032.7274813 643 4 82517 0 9 41924225050 0↗↘추13.740.041.113.3582539.242.7120.9120.9 60 40 20 0   13.70   14.70 6  1 -3NUUP54.55171812-2.4 6.6 4.2646414 4직전선행탐색우려28관 0 5 3 4 4 4 4 6⑦2:00.93    2.314.143.215.2  3 15 -.30 7 4  3 2.68815918114 2 7 1 42 1 2.07 3.09 1.8 4.9  6.0   62.3  133.6   97.8  .02946-3 6 4-3▽ -.941.20 -.3639.84119.0 8.8219.2232.7410233621.2847.0656.35 2
20250517토 21400 9국610 9 69 6 1강 1159맑음포화17 3 2혁명의질주      레볼루셔황홀한질 5036.00한암 3 020 2 1  120      16500국6배휴준미리내   2 4 6 6 2 9 6 0 1 5 20푸르칸50555.071평자보86 89 897887.066.071.7235318 643 4 825 0 0 9 41324195050 0→↘추13.736.840.113.3622536.040.5 89.6 88.1 60 40 40 0   13.70   13.60 6  0  0HN동54.55171412-1.5 6.3 4.8595914 0전력변화탄력호전72기 0 4 2     2 2 3③1:29.63     .613.740.814.7  2 -6 -.99 3 1 -7  .922 6805368 1 6 1 11 6 4.03 6.02 1.5 3.9 10.4   21.9   68.9   11.0  .03373 0 8 7 0   1.338.90-1.5411.2489.2136.6860.3671.6839607330.3848.2452.77 1
20250405토 2140011국640 9 49 1 3강 3331비  다습12 3 2혁명의질주      레볼루셔황홀한질 5036.00한암 3 0 0 1 2  226      16500국6배휴준미리내   2 5 5 5 1 9 5 0 0 4  0푸르칸51155.069평자보71 69 692529.043.017.5183613135011 825 0 0 9 413241999 0 0→→추14.037.140.213.4442336.539.4 88.9 87.8 50 25 25 0   14.10   14.10 5  1  1HNUP54.05221412-2.3 7.0 4.7545413 2주행평범탐색우려 1관 0 4 2     4 4 1②1:28.9½    .013.739.313.6 -6 -9 -.40 2 8  4  .01322502989 6 6 3 72 5 4.08 1.04 2.1 3.7  9.1   98.5  235.9  195.112.11716-3 5 4-3▽ -.638.60 -.3410.5389.48 3.8110.7017.49 3 817 4.6314.4821.72 8
20250301토 2120010국653 9109 5 1강 1141흐림건조 3 3 2혁명의질주      레볼루셔황홀한질  933.00한암 3 0 0 1 2  331      16500국6배휴준미리내   2 6 4 4 3 9 4 0 0 3  0푸르칸52054.571하자보50 59 594036.057.046.6183613135011 825 0 0 9 413241999 0 0→→추14.037.439.313.4423236.838.7 77.4 75.4 33  0 33 0   14.00   13.70 5  2  0HNDN54.05221312-3.5 8.5 5.0585813-1주행평범탄력호전 1기 0 3 5     5 4 4⑤1:17.4코    .314.139.714.1  1  1-1.90 5 4  0  .52426452777 4 5 4 22 4 7.0110.04 2.7 5.8 33.4  104.2  408.9  503.8  .03338-1 5 5-1    .338.00 -.91-1.3076.4516.5636.4946.5618365112.7026.2837.99 3
20250125토 5130011국650 9 59 1 1강 1132맑음건조 3 3 2혁명의질주      레볼루셔황홀한질 5036.00한암 3 0 0 9 3  416      16500국6조현수미리내   2 7 3 3 1 9 3 0 0 2  0푸르칸51954.562하추상43 38 383124.044.030.51686 61767 9 8 029 0 9 313241999 0 0↗→추14.037.640.213.9362337.639.1 84.5 82.8 50  0 50 0   14.00   14.20 5 -4  1UNUP54.05221312-3.010.0 7.0303012 1기습선행탐색우려 1기 3 1 2     3 3 4④1:24.55    1.114.040.113.7  0 -3-1.70 4 4 -3 1.33750494759 6 9 5 32 3 7.0311.06 2.5 4.9 25.2   94.2  285.0  254.3  .03115-4 5 4-4▼ -.339.40 -.61 4.9883.80 7.8817.7730.47122539 7.6914.6324.51 5
20241221토 1120010국610 9 19 3 1강 1131맑음다습10 3 2혁명의질주      레볼루셔황홀한질  933.00한암 2 0 0 2 3  531      24750국6조현수미리내   2 8 2 2 2 9 2 0 0 1  0푸르칸52254.065하추보19 22 2211 7.036.014.71686 61767 9 8 029 0 9 3132419      ↗→추14.338.039.814.1 42336.639.6 78.1 76.1  0  0  0 0   14.30   14.40 5 -7  1NN동       1212         7.0    12 0기수신마최적거리 1기 1 5 1     2 3 4③1:18.11     .014.040.714.2 -4 -5-1.90 3 7 -3  .750187353851110 4 71 2 1.02 6.11 1.5 2.9  1.5    2.9    3.8   28.0  .02027-2 3 1-2   -.937.60 -.60-1.7077.06 2.09 6.5114.70 1 512  .78 3.38 5.5010
20241116토 1120012국641 9 99 4혼전 4435맑음건조 3 3 2혁명의질주      레볼루셔황홀한질  933.00한암 2 0 0 2 4  640      24750국6조현수미리내   2 9 1 1 1 9 1 0 0 0  0푸르칸52753.067평무보   25 2540  .032.0 7.71499 6132513 8 029 0 9 3132419      ↘↗추    36.738.5        37.939.3 78.8 77.0              13.80   13.60 4  0  0NN동       12 0                 0 0걸음불변기수신마 1기 112 9     91010⑦1:18.87    1.714.340.414.4 -3 -6-1.50 710  0 2.07483658037 9 910103 1 6.02 5.06 3.1 6.2 19.0   28.8   72.1   46.1  .01620 0 3 3 0  -1.139.10 1.05 1.7575.61  .98 3.42 7.66 0 4 8 9.0917.8228.2411
20251123일 31400 9국5 1 8  7 3 3강 3339           3 3예스마담        피스룰즈가나도라 3932.00한암 3 0 9   1    011:25 24750국5박재우조창규   2 012 7 811 2 0 111  9김태희   52.064기입적50 45 4525 6.035.019.2 929 52047 72417 0 02620152316      ↗↗입13.636.640.113.280 7                   22 22 22 0   14.10   15.10 5 -2  1HNDN       1814 -.6 6.2 5.6424214-4걸음불변최적거리50기 0 3                            14.1    15.1                                 5 6 6 7  2                                              .01413-3 2 2-3▽-1.040.10 -.02     89.07 3.7610.3219.20 3 817 1.56 7.6914.63 7
20251019일 5180011국510 7 67 3혼전 4431맑음포화17 3 3예스마담        피스룰즈가나도라 7934.00한암 3 010 2 1   95      24750국5박재우조창규   2 111 6 111 1 0 110 10김태희46951.063평입보22 15 15 9 5.034.011.1 929 52047 72417 0 02620152316      ↗↗입13.639.841.313.2691438.844.1120.7122.4 25 25 13 0   14.10   14.00 6 -6 -1NHUP       1814  .0 4.6 4.6555514 4걸음불변거리늘어80기 2 5 3 4 5 4 4 6⑦2:00.71¾  2.114.143.215.1 -4 -1  .80 711  3 2.896 8969124 410 8 82 1 1.02 2.04 1.8 6.1  1.8    6.1    7.5    9.7  .01415-2 1 2-2  -1.341.60  .1441.26119.0 2.39 5.4511.07 1 4 8 1.56 5.37 9.4911
20250906토 3140011국511 7 67 4 1강 1131맑음다습13 3 3예스마담        피스룰즈가나도라 3932.00한암 3 011 1 1  104      24750국5박재우조창규   2 210 5 711 1 0 1 9 11임다빈47052.080기입적33 27 2735 5.037.013.91949 52047 7241710 02620152324      ↘→추13.636.739.913.2703937.041.2 89.1 89.7 29 29 1414   13.80   15.20 6  4  0NH동       1414-1.6 5.2 3.6616114 0교체실패최적거리38기 011 8     9 9 8⑧1:29.11¼  2.214.140.514.0  0  6  .80 8 8  5 2.37246898923 3 6 7 70 2 1.06 2.07 1.8 6.1  1.8    9.9   12.8   22.0  .01830-1 2 1-1   -.839.40  .1713.0789.00 2.50 6.8113.88 51223 1.28 4.88 9.38 8
20250726토 3140010국521 6 77 3 1강 1151맑음건조 4 3 3예스마담        피스룰즈가나도라 3932.00한암 3 012 9 1  106      24750국5박재우조창규   2 3 9 4 611 1 0 1 8 12정정희46452.077기입적77 63 634537.043.023.32657122047 7241716112620172415      →↘입13.636.840.013.2643536.641.7 90.6 90.3 29 29 1414   13.80   13.90 5 -2  0NH동       1414-1.6 5.8 4.2515113 0주행평범기복전력58기 1 7 7     6 7 7⑦1:30.65    2.113.841.515.2  4 -5 -.29 7 3 -3 3.08424949018 2 7 3 70 1 8.02 5.10 1.6 4.7 36.9   78.9  286.4   34.8  .01737 0 5 4 0   -.439.40 -.1913.4989.14 6.6413.9223.26 3 815 7.3817.1927.27 3
20250622일 4140010국531 9 87 4 1강 1151맑음포화15 3 3예스마담        피스룰즈가나도라 3932.00한암 3 014 2 1   88      24750국5박재우조창규   2 4 8 3 511 1 0 1 7 14임다빈46952.080기선적51 41 413715.041.019.11949 52047 7241710 02620152324      ↘→추13.636.840.013.2663937.038.8 89.6 88.1 33 33 1717   14.10   15.6013  3  0LH동       1414-1.6 5.8 4.2515114 0걸음불변최적거리44기 0 9 3     6 5 6④1:29.6¾    .913.839.713.9 -2  2-1.40 4 6  2 1.22252323157 2 8 6 82 1 2.01 4.08 2.5 5.3  3.6    5.3   11.6    6.0  .01443-1 3 3-1   -.538.90 -.0811.2889.14 3.84 9.8919.09 1 512 3.5311.4915.46 8
20250323일 4140010국511 9 67 4 1강 1152맑음건조 4 3 3예스마담        피스룰즈가나도라 3932.00한암 3 0   2 2  256      24750국5박재우조창규   2 5 7 2 411 2 0 1 0  0김효정46752.068기입적68 63 6353  .039.017.41533 8215010241719172620162118      ↗→입13.636.839.913.2644736.541.3 91.4 89.4 40 40 2020   14.40   13.0014  4  0NH동       1414-1.8 6.2 4.4565614 0주행평범최적거리 1기 1 6 2     2 2 4⑥1:31.41¼  1.814.141.615.6  2 -3-1.30 6 4 -1 1.96622908527 110 3 71 5 2.05 9.05 1.6 3.9  6.4   19.4   46.0    8.1  .01737-1 5 3-1   -.739.20  .0312.7089.07 3.53 8.8317.43 5122312.0026.4760.00 4
20241214토 5140011국513 8 17 5 1강 1151맑음양호 8 3 3예스마담        피스룰즈가나도라 3932.00한암 2 020 2 3  549      24750국5박재우조창규   2 6 6 1 311 1 0 1 5 20김효정47052.067기입상82 84 846167.047.020.6155012224320241719172620162118      ↘↗입13.636.939.913.2574737.542.2 94.1 92.1 40 40 2020   13.60   14.20 6 -7 -1HH동       1414-2.5 7.3 4.8494914 0전력변화최적거리 1기 0 2 5     91011⑪1:34.15    5.014.042.514.9  6  0-1.3211 5  3 5.397759597 4 310 4 70 4 6.0111.05 1.3 2.5 27.1   15.6   74.2   22.8  .02355 0 7 6 0   -.139.70 -.1315.3089.14 4.4110.2620.60 3 81511.7621.4636.34 4
20241103일 31400 9국630 7 37 6혼전 4451맑음양호 7 3 3예스마담        피스룰즈가나도라 3932.00한암 2 025 1 4  669      16500국6박재우조창규   2 7 5 5 211 1 0 1 4 25이동하47053.090기입상71 73 736672.066.068.02435132746 9241721 02620242619      ↘→선13.637.139.913.2444336.239.1 88.8 87.7 25 25  025   13.60   14.10 4  7  0NH동       1410-3.0 8.7 5.7363614 0전력변화탄력호전 1관 0 9 1     1 1 1③1:28.8½    .013.639.914.2  1  2-1.00 3 2 -1  .21111421390 3 5 2 21 1 1.05 3.06 1.9 2.7  1.9   10.9   17.0    7.9  .03383 0 7 6 0   1.038.60-1.4910.7289.2823.7246.5668.0218365132.1454.3964.17 1
20241006일 3140010국610 5 67 5 3강 3339흐림건조 3 3 3예스마담        피스룰즈가나도라 3932.00한암 2 0 0 1 4  757      16500국6박재우조창규   2 8 4 4 111 2 0 0 3  0김효정46853.064하입적61 35 35 912.038.016.12099 52746 9241719172620162118      →↘입13.837.340.013.2333936.639.0 88.9 88.0  0  0  033   13.80   13.50 6 -7 -1HHUP       1410 -.5 7.5 7.0282813 1직전조시거리부담 1기 1 2 1     1 2 3②1:28.97     .013.639.514.1 -1  3 -.80 2 3 -8 1.21626351888 4 8 9 81 3 1.03 5.02 1.8 7.3  1.8    7.4   10.5   28.3  .01718-1 3 2-1   -.838.40 -.3210.6589.48 3.54 8.5516.11 2 713 5.0810.4516.60 8
20240825일 3130011국610 3 67 3혼전 4411맑음다습12 3 3예스마담        피스룰즈가나도라 3932.00한암 2 0 0 2 5  863      16500국6박재우조창규   2 9 3 3 111 1 0 0 2  0김효정46553.563하입보 5 35 3511 7.038.011.01580 42141 3241719172620162118      ↘→입13.837.540.213.5462537.738.0 83.2 82.7  0  0  0 0   13.80   14.80 4  2  1BNUP       1310 1.0 6.0 7.0525210 1걸음불변거리늘어 1기 0 9 3     4 5 7③1:23.25     .913.838.913.5 -8  1 -.80 311  2 1.63356141666 61011102 2 3.02 1.08 1.5 5.5 11.6   26.0   52.9  690.0  .01428 0 2 2 0   -.739.50 -.02 4.9883.74 1.79 4.9711.00 0 4 8 1.35 4.79 9.8210
20240727토 11200 9국640 3 97 3 1강 1135맑음포화17 3 3예스마담        피스룰즈가나도라 3524.00한암 2 0 0 9 5  942      24750국6박재우조창규   210 2 2 111 1 0 0 1  0조상범46453.063하입보31 35 3512  .033.0 7.91017 92141 3241714 32620132018      →↗입14.037.339.613.5533237.641.5 78.2 79.3  0  0  0 0   14.00   13.80 5  3  0LHUP       1210         7.0    10 2기수신마보통걸음 1기 0 7 8     8 6 7⑦1:18.214   4.113.841.414.8 -2 -4  .90 7 9  3 4.297719696 7 5 9 9 90 1 1.02 1.06 2.1 4.1  2.1    4.5    8.1    3.9  .02018-1 2 2-1  -1.139.30  .10 2.3676.56  .98 3.36 7.94 1 4 811.1122.2233.33 7
20240622토 1100010국650 2107 5혼전 4435비  다습10 3 3예스마담        피스룰즈가나도라 3524.00한암 2 0 0 2 6 1039      24750국6박재우조창규   211 1 1 111 1 0 0 0  0김효정46853.066평무보   35 3540  .042.018.11643102765 3241719172620162118      ↘↘입    37.137.8        37.238.2 64.1 63.3              13.80   13.80 4  0  0NN동       10 0                 0 0걸음불변기수신마 1기 1 4 4     4 5 7⑦1:04.12    1.014.038.813.8  1 -9-1.30 7 6  0 1.06240604954 8 8 8102 1 5.0110.01 2.6 5.5  8.2   10.8   26.4   12.7  .02633 1 4 4 1   -.438.00  .53-11.762.71 4.8810.2518.14 0 4 810.0020.0030.00 4
20251123일 31400 9국5 1 8  4 6 3강 3339           3 4스티플          언캡처드금빛승리 6129.00한암 22525   1    011:25 24750국5안병기말사모   0 0 5 3 1 4 1 1 0 4 25유승완   53.578평입보50 54 544555.059.060.41446 6285617181921 0201316262399 0 0→↗입14.536.640.214.07516                   25 50 25 0   13.60   14.60 5 -7  2VNUP52.84461410 -.5 5.3 4.8626210 1주행평범거리부담68기 1 4                            13.6    14.6                                 4 7 2 2  1                                            11.82852 2 6 7 2    .640.20-1.16     89.1425.1844.3360.3921425818.7538.4649.76 2
20251018토 4130011국554 3104 5혼전 4411흐림불량20 3 4스티플          언캡처드금빛승리 6129.00한암 23333 2 1  107      24750국5안병기말사모   0 1 4 2 2 4 2 1 0 3 33씨씨웡44552.090우선보71 82 827264.067.034.9305310285617181928 0201320242299 0 0→↘선14.536.939.614.0835937.340.5 82.7 84.0 33 67 33 0   13.50   13.80 4 10  0VU동52.84461310-1.7 5.0 3.3727210 0전개최상거리속성64기 011 6     5 6 6⑨1:22.71    1.613.640.314.6  3 -1 1.00 9 6  1 1.77331837431 4 9 5 32 2 3.0410.07 2.6 9.0  6.0   25.2   36.0  148.6  .03463 0 7 8 0   1.140.40  .05 7.5182.9713.6825.0934.93214258 9.6821.7933.42 3
20250921일 4130011국553 5104 9혼전 4411맑음다습14 3 4스티플          언캡처드금빛승리 6129.00한암 25050 2 1   51      24750국5안병기말사모   0 2 3 1 1 4 1 1 0 2 50씨씨웡44652.090우입보81 87 879283.070.049.8305310285617181928 0201320242299 0 0→↘선14.536.839.614.0935537.339.0 81.6 82.7 50 50 50 0   13.60   13.50 4 -4 -2UUUP53.54451310-2.5 5.0 2.5737310 3걸음불변전개최상 5기 1 1 2     2 1 1⑤1:21.6목    .413.538.513.8  0  1  .60 5 5  4  .83133453170 3 8 2 11 1 3.06 3.08 2.6 5.4  6.1   25.4   42.0   56.510.64499 4 9 9 4★ 1.540.20 -.30 6.2982.9021.5337.1449.8218365120.0036.7350.00 1
20250823토 1100011국610 4 64 4혼전 4431흐림건조 4 3 4스티플          언캡처드금빛승리 5021.00한암 2 0 0 2 1   84      24750국6안병기말사모   0 3 2 2 2 4 2 0 0 1  0코지  44553.588평입상85 81 817246.059.046.3295017285617181928262013252619      →↘선14.537.237.614.0687536.037.7 61.4 61.6  0  0  0 0   13.90   13.50 6 -2  0NH동       1010-5.0 9.0 4.0606010 0주행평범기수영향42기 0 5 2     2 2 1①1:01.4½    .013.637.613.5  0  6  .30 1 1 -8  .013 242 881 6 3 1 21 2 1.08 5.09 2.1 6.8  2.1   28.6   43.9   55.2  .01761 0 7 5 0    .537.50 -.22-13.262.6517.7233.6346.2818365113.7330.3042.86 1
20250712토 11000 9국620 7 74 2 2강 2212맑음건조 5 3 4스티플          언캡처드금빛승리 5021.00한암 2 0 0 2 1  106      24750국6안병기황혜정   0 4 1 1 1 4 1 0 0 0  0코지  43953.588평무보 7  7  713 3.041.019.1295017285617181428152013252619      →↘선14.538.438.314.0 9 137.037.8 62.7 62.4              14.70   14.20 4  0  0LN동       10 0         5.0     0 0거세출주부진마필49기 0 7 6     6 4 4④1:02.7¾    .713.937.913.5 -5 -3 -.30 4 9  0 1.53534463566 7 8 7 62 1 3.01 8.05 1.9 2.5  9.8    6.3   23.1   20.1  .01328-1 3 3-1   -.636.50 -.42-14.363.70 3.4010.8419.10 51323 1.89 3.67 8.62 7
20251123일 31400 9국5 1 8  6 4 3강 3339           3 5마이티캡        언캡처드트루스앤 6129.00한암 4 918   1    011:25 24750국5함완식조제형   1 012 9 411 1 1 111 18우인철   51.064기선보50 39 393317.047.033.01567 61754 91217 0 016 710292599 0 0→→추13.437.039.912.840 8                   36 45 36 0   13.90   14.40 4 -5 -1NU동52.64901412 -.8 8.2 7.4292910 0걸음불변가격혈통45기 1 5                            13.9    14.4                                 6 3 7 5  1                                              .01835-2 4 4-2   -.239.90 -.51     89.21 9.8722.4733.04 81526 6.2516.9227.80 6
20251026일 6140011국513 5 66 2혼전 4431흐림양호 7 3 5마이티캡        언캡처드트루스앤 6129.00한암 41020 9 1   72      24750국5함완식조제형   1 111 8 311 1 1 110 20푸르칸49552.071기선적15  8  81113.041.012.32353181754 91217 04416 713241999 0 0→↘추13.437.139.912.8331037.040.2 90.0 89.7 40 50 40 0   13.80   14.30 3  2 -3BUUP52.64901412 -.2 8.2 8.0262610 1가는대로가격혈통46기 010 6     6 6 7⑧1:30.01¾  1.913.940.714.4 -1-13 -.50 8 9  2 2.47249737226 61011 92 2 6.0111.07 1.5 3.8 15.8   11.7   37.3   18.2  .01819-2 3 3-2   -.739.00 -.0312.7389.28 2.33 5.9312.31 1 4 7 4.23 8.5415.85 8
20251003금 6130011국553 5106 3혼전 4421흐림다습11 3 5마이티캡        언캡처드트루스앤 6129.00한암 41122 1 1   39      24750국5함완식조제형   1 210 7 211 2 1 1 9 22씨씨웡50854.590기선상24 19 193131.051.016.23053101754 91217 01316 720242299 0 0→↘선13.437.339.812.8521838.040.8 84.2 85.1 44 56 44 0   13.60   13.80 5 -3  2NLDN52.64901412  .2 8.0 8.2252510-1걸음불변가격혈통48기 1 810    111111⑩1:24.25    2.913.840.114.3  3  7  .8010 7  2 3.09168879112 91010 90 2 6.04 5.07 3.7 9.5  8.7   32.1   69.9   33.2  .01824-2 4 5-2   -.240.20  .21 7.9883.35 3.79 9.8016.20 2 5 9 8.7920.2029.52 6
20250831일 3140011국512 7 66 4 1강 1157맑음다습13 3 5마이티캡        언캡처드트루스앤 6129.00한암 41225 9 1   93      24750국5함완식조제형   1 3 9 6 211 1 1 1 8 25씨씨웡50152.590기선적27 22 224950.062.040.23053101754 91217 01316 720242299 0 0→↘선13.437.040.412.838 536.840.1 88.6 88.7 50 50 38 0   13.40   13.40 6  0  0VHUP52.64901412  .2 7.8 8.0343410 2최고선전가격혈통46기 011 4     6 6 5④1:28.63    1.513.639.613.8 -1-10  .30 4 5 -6 1.84238716438 611 6 22 1 1.06 3.07 1.5 4.7  1.5    7.5    9.3   14.4  .01867 0 5 5 0   1.038.90-1.0111.3089.5514.8827.6740.2119405618.0326.0336.36 4
20250720일 4120011국544 2 96 1 1강 1132맑음포화17 3 5마이티캡        언캡처드트루스앤 5021.00한암 41428 2 1   95      24750국5함완식조제형   1 4 8 5 511 4 1 1 7 28김태희51152.564기도적10 12 1227 6.036.011.4 929 51754 91217102216 715231699 0 0↗↗입13.437.239.012.8341436.638.6 74.0 75.3 57 57 43 0   14.10   15.50 3  3  0VHDN52.74831412 1.6 5.8 7.4404010-2가는대로기복전력74조 111 2     2 2 2④1:14.0½    .413.438.213.4 -7 -9 1.20 411  2  .52420432265 8 611101 4 9.10 8.10 1.8 4.4 38.2  463.6  900.9 1495.0  .0 715-3 1 1-3▽ -.938.10  .41 -.8776.17 2.11 5.4011.40 1 4 7 1.16 5.8810.3110
20250628토 5140011국541 8 96 2 2강 2251흐림다습11 3 5마이티캡        언캡처드트루스앤 6129.00한암 4 1   9 1   56      24750국5함완식조제형   1 5 7 4 111 3 1 1 0  0김태희52052.564기선적43 23 2330  .041.015.0 929 51754 91217102216 715231699 0 0↗↗입13.436.940.312.8531337.542.1 92.3 92.4 67 67 50 0   14.60   13.1026  6 -1BHUP52.74831412 1.2 4.4 5.6565610 2걸음불변가격혈통44기 0 8 7     9 911⑪1:32.37    4.014.142.015.5  2 10  .1011 9  0 5.298769698 5 411 7 80 3 1.0211.01 2.5 5.6  2.5    5.6    9.4   42.9  .01815-4 4 3-4▽-1.039.80 -.2315.1589.41 2.36 7.6214.95 7162710.2319.5743.81 6
20241228토 6120011국554 4106 6 1강 1141맑음건조 5 3 5마이티캡        언캡처드트루스앤 5021.00한암 32040 9 3  524      24750국5서홍수조병태  -1 6 6 3 411 2 1 1 5 40김태희51053.062우선적47 45 459036.057.025.918751130521024312323261915231699 0 0↘↘입13.436.938.712.8634337.840.4 78.7 78.2 80 80 60 0   13.90   15.10 9 -7 -1UVDN52.74831312  .2 4.0 4.2707012-1과중분패선행유리 1기 0 2 6     7 9 9⑪1:18.72    3.213.840.714.3  2  4 -.5011 9  3 3.392798792 4 4 7 6 60 2 1.02 9.03 2.1 6.2  2.1    6.2    9.5   10.6  .02779 0 5 4 0    .639.30  .31 2.5675.84 7.2115.8025.94 51223 4.4411.2919.00 6
20241027일 5130011국513 1 66 7혼전 4421흐림다습12 3 5마이티캡        언캡처드트루스앤 6129.00한암 3 1   9 4  689      24750국5서홍수조병태  -1 7 5 2 111 1 1 1 0  0김태희50654.059강선상87 99 9984  .063.038.2 8 0 72247 924312323261915231699 0 0↗↘입13.436.739.412.8975938.140.9 85.0 85.6100100 75 0   13.70   13.7043  1  2BNUP52.74831312-1.0 3.5 2.5868612 1전개최상마방연대 1   0 9 7     7 911⑪1:25.08    3.713.941.515.1  5 18 -.1011 6  2 4.195729093 1 2 8 1 30 1 2.08 2.01 1.6 4.6  7.4   38.0   66.3   20.010.53476 0 8 8 0    .841.00  .21 9.5282.7113.0225.8838.21142842 9.7818.8539.26 6
20231225월 51200 9국553 9106 9 2강 2231맑음다습12 3 5마이티캡        언캡처드트루스앤 5021.00한암 23366 2 8 1566      22000국5서홍수조병태  -1 8 4 1 311 1 1 1 3 66이혁  48852.091강도보99 98 989898.074.065.225332232692024312830261927211999 0 0→↗선13.436.638.812.8935936.538.5 75.9 74.7100100 67 0   13.60   13.30 5  3 -1BU동53.04811212-1.0 3.3 2.3878712 0전개최상전개최상 1기 0 8 3     2 2 2③1:15.9½    .013.739.213.7 -1  5 -.90 3 4  3  .7 715351388 1 3 1 11 2 2.01 9.03 3.8 6.5  4.0    6.5   13.5    9.7  .04498 3 9 9 3☆ 1.838.50 -.70 -.7375.7227.5049.8265.2318395631.7951.3069.86 1
20231119일 2120011국612 8 16 9 3강 3332맑음다습13 3 5마이티캡        언캡처드트루스앤 5021.00한암 2 050 2 9 1680      13750국6서홍수조병태  -1 9 3 3 211 1 0 1 2 50안토니48353.093강도보97 97 979794.076.077.831381038611724313953261929271799 0 0↘↗선13.436.639.112.8933236.538.2 76.1 74.4100100 50 0   13.40   14.30 5  3  0LU동53.04791210-1.5 4.5 3.0828212 0전개최상전개최상 1기 0 5 1     1 1 1①1:16.11½  -.313.639.013.3  0  4-1.50 1 1 -1  .0 41325 796 4 5 1 11 1 1.04 5.03 1.3 3.3  1.3    5.7    7.8    7.912.24498 3 9 9 3☆ 2.038.40-1.24-1.3575.8938.6061.6877.8439607339.5170.4466.35 1
20231014토 2120010국612 9 66 9 1강 1135비  다습11 3 5마이티캡        언캡처드트루스앤 5021.00한암 2 0 0 2 9 1800      22000국6서홍수조병태  -110 2 2 111 1 0 0 1  0이혁  47953.092우선보68 35 3592  .081.090.8344026386117243128302619272119      ↘→선13.536.939.012.8705535.839.5 76.6 74.9100100  0 0   13.50   13.10 4 -1  0HHUP       1210-3.0 7.0 4.0787810 2기수신마전개최상 1기 2 2 1     1 1 1②1:16.63     .013.440.114.3  0 -3-1.30 2 2 -5  .611 2692290 3 6 5 11 1 3.02 9.02 1.7 4.9  6.3   13.8   28.8    7.0  .04496 3 8 9 3☆ 2.238.30-1.72-1.0076.0047.1378.4190.82395872 8.4917.7333.14 4
20230917일 1100010국630 7 86 6 1강 1135흐림불량20 3 5마이티캡        언캡처드트루스앤 5021.00한암 2 0 0 210 1865      33000국6서홍수조병태  -111 1 1 111 1 0 0 0  0푸르칸48253.061평무보   35 3540  .052.028.21520121033 3243121132619132419      →↘추    37.137.8        36.937.8 61.9 62.1              13.80   13.80 4  0  0NN동       10 0                 0 0걸음불변기수신마 1기 1 3 2     2 3 2④1:01.9머리  .113.537.613.1 -3  6  .50 4 7  0 1.02730493378 4 4 7 51 1 1.03 2.04 2.0 3.9  2.0    4.1    6.4    4.512.02849 2 5 6 2    .237.70  .24-12.862.71 8.6918.3528.24 81526 9.7819.0534.32 4
20251123일 31400 9국5 1 8  5 6 3강 3339           3 6세명다이아      프리덤차곱따     9231.00한암 3 918   1    011:25 24750국5홍대유이기철   4 01310 312 2 1 111 18이혁     54.088평입보50 48 486176.062.064.41428 61837 7151832 0191427211999 0 0↘↗선13.436.540.012.88613                   30 30 4020   13.70   13.60 3  5  2NL동53.04391812 -.6 6.0 5.4515114 0전력변화단기승부65기 1 6                            13.7    13.6                                 3 4 3 1  4                                              .02349 0 7 8 0    .840.00-1.08     88.9326.2046.8464.4235536832.8147.6968.78 1
20251101토 4140011국520 4 25 5 2강 2251맑음건조 5 3 6세명다이아      프리덤차곱따     9231.00한암 31020 1 1   63      24750국5홍대유이기철   4 112 9 212 1 1 110 20이혁  44752.088평입보33 28 288134.057.041.31428 61837 7151832 0191427211999 0 0↘↗선13.436.640.012.8801436.639.4 88.9 88.3 22 22 4422   13.70   14.90 5 -9  0UUDN53.04391812  .0 5.6 5.6484814-4걸음불변선행유리28관 0 1 2     4 4 3③1:28.9코    .013.739.613.6 -2  9 -.40 3 5 -4 1.12527503378 1 8 5 32 3 2.01 6.05 1.5 1.6  3.5    1.6    4.8    5.5  .01974 0 5 4 0    .539.20 -.5411.7389.0011.6026.4641.30132843 7.1416.3331.36 4
20250928일 4180010국550 8105 5 1강 1121흐림불량20 3 6세명다이아      프리덤차곱따     92     한암 31122 9 1   74      24750국5홍대유이기철   4 211 8 112 1 1 1 9 22이동하43852.088평입하22 31 313222.048.030.92849151837 7151819 0191424261999 0 0→↘선13.439.940.912.8622838.842.3118.5119.6 25 25 1325   13.40   14.10 4  9  0VUUP53.04391812 1.0 4.6 5.6545412 5걸음불변거리늘어34관 110 2 2 2 2 2 5⑦1:58.5½   1.913.741.814.9 -2  2 1.30 7 9  2 2.667 9856328 3 7 6 51 1 5.03 3.05 3.8 9.4  6.3   14.5   31.9   62.3  .02353 0 3 4 0    .041.10 -.2238.78118.9 9.4419.0130.90 82033 6.8213.4021.65 7
20250831일 4130011국512 3 65 5혼전 4411맑음다습13 3 6세명다이아      프리덤차곱따     9231.00한암 31225 9 1   50      24750국5홍대유이기철   4 310 7 212 2 1 1 8 25김정준43652.076평입보38 48 485437.060.027.02648171837 7151825 0191415212499 0 0→↘자13.537.239.312.8625537.040.3 81.9 83.9 29 29 1429   13.60   14.00 5 -5  0UU동53.04391412  .8 3.4 4.2696912 0주행평범거리속성60기 0 1 2     3 4 7⑧1:21.92    2.113.439.614.1  1  2 1.10 8 7  2 2.97322826620 5 7 9 60 2 5.02 4.05 1.9 7.0 10.0   32.1   73.6   61.513.21852 0 5 7 0    .640.10  .27 7.4382.97 8.2717.0227.02 3102011.2521.2329.80 4
20250727일 51300 9국531 5 85 7 3강 3341맑음건조 3 3 6세명다이아      프리덤차곱따     9231.00한암 31428 9 1   74      24750국5홍대유이기철   4 4 9 6 112 1 1 1 7 28김정준43452.076우입보41 59 5967  .064.057.62648171837 7151825 0191415212499 0 0→↘자13.537.139.212.8716437.039.7 83.0 83.4 33 50 1733   13.50   13.1013  2  0NUUP53.04391412  .6 3.2 3.8767612 1승부최상거리속성35기 0 6 4     4 4 5④1:23.03    1.013.640.014.0 -1  0 -.10 4 5    2.15521644246 2 4 4 22 1 3.08 9.05 2.3 4.7  4.3   79.4  112.3  236.311.83368 2 6 7 2    .940.10 -.47 7.0982.8421.5342.7157.6221425812.3323.6848.09 4
20250426토 51200 9국524 8 75 9혼전 4431맑음양호 8 3 6세명다이아      프리덤차곱따     9323.00한암 31428 9 2  260      24750국5홍대유이기철   4 5 8 5 612 1 1 1 7 28이혁    052.088우입보71 74 746971.078.057.62757111670 7151832 0191427211999 0 0↗↘선13.537.238.612.84668                   33 50 1733   13.50   14.30 4  2  0HU동53.04391412 -.2 4.4 4.2636312 0주행평범승부최상 1기 1 4                    경제    13.5    14.3     0 -.37                      8 5 4 10 2 5.0211.08 2.8 4.6  8.3   13.0   31.9   10.610.64493 3 8 9 3☆ 2.038.60 -.72     75.9530.7646.2457.5632526415.2429.9139.71 2
20250330일 5120011국522 7 75 5 1강 1141눈  건조 3 3 6세명다이아      프리덤차곱따     9323.00한암 31633 9 2  234      24750국5홍대유이기철   4 6 7 4 612 1 1 1 6 33이용호43452.079기입보94 85 856577.056.037.02262 91670 71518 9 0191419162099 0 0↘↗선13.537.238.612.8496836.739.5 76.8 76.2 40 60 2040   14.20   13.10 4 -1 -1UU동53.04391412 -.5 4.8 4.3626212 0주행평범최적거리 1기 1 2 2     4 5 5⑤1:16.8½    .313.539.914.3  1 -2 -.60 5 4  1  .85224705469 4 6 3 52 1 3.07 5.08 2.7 4.5  7.4   95.3  199.8   64.2  .02158 0 7 6 0    .538.40 -.12  .3675.95 9.8623.1537.00 6152615.5033.1940.83 2
20250302일 4120011국552 5105 5혼전 4451흐림건조 4 3 6세명다이아      프리덤차곱따     9323.00한암 32040 1 2  319      24750국5홍대유이기철   4 7 6 3 512 2 1 1 5 40장추열43652.593기입적78 79 797169.065.044.93862 01670 7151835 0191420252299 0 0→↘입13.537.139.013.3505537.537.9 76.2 75.3 50 50 2525   14.10   14.20 5 -2  0UUDN53.04391412-1.7 5.0 3.3636314-2주행평범기복전력 1기 0 3 3     4 5 5④1:16.2목    .514.238.313.1  1  5 -.80 4 3 -1 1.22163182565 410 4 32 4 2.01 9.07 3.9 8.5  4.0    8.5   16.1   14.112.72968 2 7 7 2   1.238.20 -.51 -.8076.1217.3932.1844.8614284217.0030.4637.50 2
20250126일 3140011국511 7 65 6 2강 2251맑음건조 3 3 6세명다이아      프리덤차곱따     9231.00한암 32550 9 3  407      24750국5홍대유이기철   4 8 5 2 112 1 1 1 4 50장추열43152.589기입적15 39 394561.059.037.22333161236 7151835 0191420252299 0 0→→입13.537.040.113.3462836.839.8 90.6 88.6 67 67 3333   13.60   14.70 4 -1  1NNUP53.04391412-2.5 7.0 4.5464612 2승군탐색거리부담 1관 0 5 1     3 3 5⑦1:30.61¾   .814.140.014.2  3 -4-1.20 7 4  1 1.13838625556 610 7 30 310.01 4.06 2.0 5.4 35.5   46.6  185.9   70.8  .02663 1 5 6 1    .738.80 -.7411.5089.3411.5624.4037.2013284313.0427.2736.68 3
20241228토 6120011국554 4105 5 1강 1141맑음건조 5 3 6세명다이아      프리덤차곱따     9323.00한암 23366 9 3  504      24750국5홍대유이기철   4 9 4 1 412 1 1 1 3 66김효정43552.069기입적80 78 784483.048.017.61550121236 71518 512191416211899 0 0↘↗입13.537.539.413.3182837.040.3 77.8 77.3 67 67 3333   13.70   13.60 5 -2 -1NU동53.04391212-3.010.0 7.0 5 512 0강단마필기복전력 1기 1 6 4     4 5 6⑥1:17.87    2.313.640.614.7  3 -4 -.52 6 3  2 2.48140868113 711 3 92 1 1.02 9.03 2.1 6.2  2.1    6.2    9.5   10.6  .03360 0 6 5 0    .038.40 -.18  .3876.56 3.76 8.9217.61 1 4 810.5622.5734.06 4
20241124일 11200 8국620 6 25 6 1강 1135맑음건조 4 3 6세명다이아      프리덤차곱따     9323.00한암 2 050 2 4  607      24750국6홍대유이기철   410 3 3 312 2 0 1 2 50장추열43953.091우입적70 82 828494.069.077.52548 8247018151835 01914202522      ↗→입13.536.839.213.8775537.137.0 75.6 74.1 50 50 50 0   13.60   14.10 4  3  0HH동       1212         2.0    12 0교체성공강단마필 1기 0 8 2     2 2 1①1:15.64    -.613.737.913.6  0 -1-1.50 1 1 -3  .0 244 3 296 8 7 1 11 2 1.06 8.02 1.8 2.1  1.8   20.4   25.2   38.5  .02975 0 8 7 0   1.538.20-1.41-1.9176.0638.2964.1177.5439607333.6861.5447.81 1
20241027일 1120010국611 5 15 3 3강 3339흐림다습12 3 6세명다이아      프리덤차곱따     9323.00한암 2 0 0 9 4  693      24750국6홍대유이기철   411 2 2 212 1 0 0 1  0장추열44053.091하무보 5  4  42117.042.015.62548 8247018151835 01914202522      ↗→입13.537.840.014.0 7 636.638.8 75.2 75.6  0  0  0 0   13.50   14.30 4 -7  0NH동       1212         7.0    12 0걸음불변거리난점 1   0 5 4     4 4 2②1:15.26     .013.639.014.1 -2 -1  .20 2 4 -6 1.130194825871010 4 82 1 1.04 1.05 1.3 3.4  1.3    6.1    8.2   27.6  .01433-1 4 3-1   -.637.60 -.63-2.2477.06 2.92 8.9415.57 2 713 4.9413.1013.61 9
20240929일 1120012국621 3 25 8혼전 4435맑음건조 4 3 6세명다이아      프리덤차곱따     9323.00한암 2 0 0 9 4  780      24750국6홍대유이기철   412 1 1 112 1 0 0 0  0이혁  44153.092평무보   35 3540  .063.042.12959 3247018151832 01914272119      ↗↘선    36.738.5        37.840.1 77.9 77.9              13.80   13.60 4  0  0NN동       12 0                 0 0걸음불변작전마주 1기 012 3     5 8 7⑦1:17.94    3.613.540.214.3 -3 10  .00 710  0 3.99077838910 2 2 4 20 1 3.02 4.09 2.2 2.3  9.2   10.5   27.3   45.1  .03478 3 6 6 3   1.039.40  .07 2.7375.6116.2730.4242.10142842 9.6818.5631.24 9
20251123일 31400 9국5 1 8  7 1 3강 3339           3 7비케이벨        투아너앤가쉬호크 4831.00한암 4 0 3   1    011:25 24750국5조현수함승원   0 01614 726 1 0 126  3김효정   52.068하추보50 35 35 9 4.029.0 8.91939131243 9 8 9 7 0 9 3162118 01783→↘입13.837.139.812.74023                    4 30  017   14.60   14.50 3  3  0NH동52.64551713-1.810.2 8.4202013 0가는대로지울마필39관 0 7                            14.6    14.5                                 7 2 8 8  1                                            11.2 7 6-3 1 1-3▽-1.639.80  .12     89.21  .91 2.24 8.93 2 713 1.56 3.0810.24 8
20251101토 4140011국520 4 27 1 2강 2251맑음건조 5 3 7비케이벨        투아너앤가쉬호크 4831.00한암 4 0 4 1 1   63      24750국5조현수함승원   0 11513 626 3 0 125  4조한별46452.067하추상16 13 13 4 3.027.0 4.31342 81243 9 8 9 0 0 9 3121918 01783↘↗입13.837.139.812.7442837.940.6 91.7 91.1  5 32  018   14.10   14.40 4 -3  0HHUP52.64551713-2.0 9.6 7.6232313 1걸음불변부진마필23관 0 410    1010 9⑨1:31.71½  2.814.640.814.5 -2  0 -.40 911  2 3.99289819212 8 710110 3 2.01 6.05 1.5 1.6  3.5    1.6    4.8    5.5  .014 2-4 1 1-4▼-1.739.30  .2514.2389.21  .56 2.09 4.34 0 4 8  .89 2.04 5.23 9
20251004토 4130010국551 8107 1 1강 1121맑음다습10 3 7비케이벨        투아너앤가쉬호크 4831.00한암 4 0 4 1 1   52      24750국5조현수함승원   0 214121226 2 0 124  4조한별46452.067평추보 6  6  6 4 3.028.0 4.71342 81243 9 8 9 0 0 9 3121918 01783↘↗입13.837.539.412.7484737.140.8 83.2 83.4 10 33  019   14.30   14.10 2 -4  0NH동52.64551713-1.810.0 8.2222213 0가는대로부진마필47관 0 7 7     6 6 5⑥1:23.2¾   1.114.140.314.4 -3 -3  .40 6 9 -2 1.4572587784810 510112 2 2.0110.08 2.1 5.9  4.7    6.7   16.0   30.4  .0 6 1-4 1 1-4▼-1.539.70  .63 6.5083.23  .22 1.38 4.73 1 3 5  .80 1.83 4.4411
20250921일 4130011국553 5107 1혼전 4411맑음다습14 3 7비케이벨        투아너앤가쉬호크 4831.00한암 4 0 4 2 1   29      24750국5조현수함승원   0 313111126 1 0 123  4조한별46752.067하추보 9 10 10 7 4.030.0 4.91342 81243 9 8 9 0 0 9 3121918 01783↘↗입13.837.539.312.7465538.139.9 83.7 84.8  5 25  015   14.90   15.20 2  3  0VHDN52.64551713-2.4 9.4 7.0333313-4가는대로조교부실 5관 01111    111010⑩1:23.75    2.514.339.414.1 -1  1  .601011  1 2.98770738116 9 611110 1 3.06 3.08 2.6 5.4  6.1   25.4   42.0   56.5  .0 8 5-4 1 1-4▼-1.540.00  .69 8.0083.16  .23 1.47 4.94 0 2 5 1.05 2.04 6.7311
20250907일 3170010국552 4107 3혼전 4421맑음포화16 3 7비케이벨        투아너앤가쉬호크 4831.00한암 4 0 4 1 1   29      24750국5조현수함승원   0 41210 326 1 0 122  4이혁  46652.088하추보12  5  533 7.041.015.11428 61243 9 8 921 0 9 3272119 01783↘↗선13.839.941.312.7394340.144.1113.8116.3  5 37  016   14.70   15.20 2  2  0BH동52.64551713-2.4 9.6 7.2383813 0걸음불변거리속성14관 0 810101010 9 8⑨1:53.84    3.914.942.915.2 -1 -4 1.90 910  0 4.695619597 6 8 510 80 1 8.01 6.09 3.6 6.7 36.0   37.5  153.7   54.4  .01419-3 1 3-3▽ -.941.60  .1235.10113.9 3.01 7.4415.10 3 814 1.52 5.6310.7611
20250823토 5170011국550 1107 2혼전 4421흐림건조 4 3 7비케이벨        투아너앤가쉬호크 4831.00한암 4 0 4 2 1   38      24750국5조현수함승원   0 511 9 226 1 0 121  4김옥성47052.064평추보36 20 2026 6.036.0 8.1 8 0 71243 9 8 9 3 0 9 3151517 01783↘↗추13.840.041.212.7344739.942.1113.5114.8 22 22  017   15.00   13.80 3  0  0NH동52.64551713-2.0 9.0 7.0383813 0걸음불변거리속성65기 0 6 4 4 5 4 4 7⑧1:53.52½  2.214.742.315.2 -2  2 -.20 810  2 2.38346787712 7 9 8 90 1 7.08 8.11 3.5 8.9 14.3   95.2  190.1  187.6  .01412-3 2 3-3▽-1.241.30  .2833.64113.9 1.17 3.36 8.05 2 5 9 1.85 7.1912.93 9
20250803일 61700 8국522 6 77 1 2강 2211흐림건조 3 3 7비케이벨        투아너앤가쉬호크 4831.00한암 4 0 5 1 1   29      24750국5조현수함승원   0 610 8 126 1 0 120  5이용호46852.068평추상41 52 5213 6.031.012.11064 21243 9 8 91323 9 3191620 01783↗↗선13.840.141.612.7263240.340.6114.5113.6 24 29  012   14.60   14.00 7 -4  0NHUP52.64551713-2.4 9.4 7.0414113 4걸음불변탐색우려19관 0 6 7 7 7 8 8 6⑤1:54.51    1.815.040.513.8 -3 -4 -.70 5 8 -3 1.95768425326 8 7 3 83 6 5.01 7.01 2.5 2.5 12.6   14.0   41.5   19.4  .014 8-3 2 1-3▽-1.341.00 -.0831.89114.2 2.12 5.4412.05 2 511 1.22 6.1312.66 7
20250614토 4130011국554 6107 1혼전 4411맑음건조 3 3 7비케이벨        투아너앤가쉬호크 4831.00한암 4 0 5 2 1  140      24750국5조현수함승원   0 7 9 71026 2 0 119  5유승완47252.078평추상39 53 533110.038.011.31446 61243 9 8 9 8 0 9 3162623 01783→↗입13.837.839.312.7245538.438.7 83.0 83.2 31 44  013   14.80   13.50 4  5  0BH동52.64551413-3.4 9.4 6.0474713 0최고선전급하락세42기 01010    101111⑨1:23.0½   1.314.639.114.0 -2  6 -.40 911  3 1.6518133574011 5 5100 2 3.01 4.05 2.6 5.8  5.3    5.8   12.1   12.6  .01615-3 2 2-3▽-1.039.30  .34 6.0883.35 1.81 5.6211.27 1 4 8 2.74 8.2813.13 9
20250518일 4130010국554 9107 3혼전 4421맑음다습13 3 7비케이벨        투아너앤가쉬호크 4831.00한암 4 0 5 2 1   88      24750국5조현수함승원   0 8 8 6 926 1 0 118  5유승완46652.078평추보15 21 2126 7.042.014.21446 61243 9 8 9 8 0 9 3162623 01783→↗입13.837.839.112.7226838.238.2 83.5 82.9 33 47  027   14.90   15.10 3  4  0NHDN52.64551413-2.6 8.4 5.8474713-1걸음불변최적거리62기 1 510     910 9④1:23.52     .314.838.613.5 -4 -4 -.80 4 8 -3 1.3427720377110 410103 1 2.03 1.06 3.4 6.9  4.1    3.5    7.7    8.8  .01429-2 2 3-2   -.539.20  .38 6.0083.23 2.62 7.1714.20 1 3 8 1.15 4.26 9.5111
20250427일 2140011국543 8 97 2혼전 4451맑음양호 7 3 7비케이벨        투아너앤가쉬호크 4831.00한암 4 0   9 1  153      24750국5조현수함승원   0 9 7 5 526 5 0 1 0  0이용호47052.068평추보45 48 4825  .039.011.21064 21243 9 8 91323 9 3191620 01783↗↗선13.837.539.412.7155537.740.5 91.2 89.9 36 50  029   14.90   13.10 5 -2  0UH동52.64551413-3.8 8.4 4.6565613 0주행평범보통걸음 1기 0 111    11 8 9⑩1:31.22½  1.914.941.015.1 -1  6-1.101011  4 2.6778379892210 6 9110 5 2.06 5.04 3.0 5.4  3.5   17.0   23.9  238.6  .01718-3 3 2-3▽ -.738.60  .0612.9889.21 2.18 5.3411.22 1 3 5 8.4916.1437.21 6
20250323일 4140010국511 9 67 3 1강 1152맑음건조 4 3 7비케이벨        투아너앤가쉬호크 4831.00한암 4 0 6 2 2  256      24750국5조현수함승원   010 6 4 426 4 0 116  6이용호46452.080우추상24 30 3035 7.040.019.82262 9 0 0 0 8 91323 9 3191620 01783↘↗선13.837.639.112.7 86836.840.8 91.7 89.7 38 54  031   15.10   14.30 4 -3  1HN동52.64551413-4.2 8.2 4.0676713 0주행평범보통걸음 1기 0 3 5     4 8 7⑦1:31.71¼  2.114.441.114.7  0  0-1.30 7 7 -3 2.27338858221 9 3 5 50 4 2.05 9.05 1.6 3.9  6.4   19.4   46.0    8.1  .01726-2 2 1-2   -.638.50 -.0513.0089.07 4.1812.1919.76 61628 1.33 5.8811.25 6
20250222토 6140011국511 9 67 3 1강 1154맑음건조 3 3 7비케이벨        투아너앤가쉬호크 4831.00한암 4 0 6 9 2  349      24750국5조현수함승원   011 5 3 326 3 0 115  6이용호46451.080우추하14 44 444010.040.016.72262 9 0 0 0 8 91323 9 3191620 01783↘↗선13.837.538.912.7168238.639.5 91.7 89.7 42 58  033   14.60   14.30 6 -2 -1NH동52.64551413-3.2 7.6 4.4676713 0걸음불변조교부실 1관 0 610    1010 8⑤1:31.7¾   1.215.140.114.3 -5  4-1.60 510  5 1.5739853884211 3 4 83 3 1.06 3.05 1.3 6.2  1.3    9.2   12.6   37.5  .01441-1 3 2-1   -.638.60  .2213.3088.86 3.4010.2616.67 2 511 3.2810.5313.98 7
20250112일 3140010국521 7 77 4혼전 4451맑음건조 4 3 7비케이벨        투아너앤가쉬호크 4831.00한암 4 0 7 2 3  451      24750국5조현수함승원   012 4 2 226 2 0 114  7이용호46052.076우추보66 76 765636.050.024.83056171767 9 8 91323 9 3191620 01783→↘선13.837.438.912.7218237.441.1 91.3 90.2 42 58  033   14.60   13.30 4  3  0BHUP52.64551413-1.6 6.0 4.4646413 1주행평범기수영향 1기 0 8 7     7 910⑩1:31.3목   2.814.640.914.3  5  2 -.7910 5 -6 3.183688992 9 7 3 3 60 2 1.02 5.02 1.6 2.8  1.6    2.8    3.6    8.7  .01751 0 6 5 0    .038.80  .0613.8988.80 6.0113.5824.76 5132311.5922.9334.52 4
20241215일 4130011국554 8107 5혼전 4411맑음양호 8 3 7비케이벨        투아너앤가쉬호크 4831.00한암 3 0 7 2 3  539      24750국5조현수함승원   013 3 1 826 1 0 113  7이용호45852.076우추보66 81 816739.051.018.03056171767 9 8 91323 9 3191620 02080→↘선13.837.638.812.7418938.737.9 83.4 82.6 45 55  027   14.20   13.40 5  2 -2NH동52.74541413-1.8 6.2 4.4646413 0걸음불변기수영향 1기 0 511    1110 8④1:23.41¾   .314.639.013.3 -7  0-1.20 411  8  .9299111447010 3 4 93 1 1.02 7.08 3.5 8.2  3.5    8.2   14.7   14.0  .01963 0 6 6 0    .039.40  .58 6.1782.90 4.31 9.6518.04 1 4 8 6.4515.8521.82 7
20241110일 3130011국611 4 67 6 1강 1131맑음건조 5 3 7비케이벨        투아너앤가쉬호크 4831.00한암 3 0 8 2 4  647      16500국6조현수함승원   014 213 726 1 0 112  8김용근45854.088우추상87 93 938581.065.047.4283920132513 8 910 0 9 3292517 02575↗↘선13.837.638.812.7428537.938.0 82.5 82.4 40 50  020   14.00   13.00 5 -4  3HN동52.44531413 -.2 5.0 4.8636313 0걸음늘어기수영향 1기 1 3 7     8 8 4③1:22.52     .314.238.413.4  0  4 -.40 3 3 -8  .52265142078 6 1 1 23 1 1.09 4.06 1.9 6.2  1.9   49.2   63.3   80.2  .02388 1 7 6 1   1.239.30 -.22 5.9582.9017.3933.0547.3819405616.6729.0943.79 2
20241005토 3130011국611 2 67 3 3강 3311맑음건조 3 3 7비케이벨        투아너앤가쉬호크 4831.00한암 3 0 9 1 4  768      16500국6조현수함승원   015 112 626 3 0 111  9김성현45451.058평입하60 65 6556 7.042.014.9146710132513 8 9 7 0 9 3162519 03367↗↘입13.837.539.013.0468238.237.2 81.9 82.4 33 44  011   14.20   14.00 6  4  0LH동52.84531412  .2 4.2 4.4656513 0주행평범감량기수 1기 0 7 9     8 7 6④1:21.91¾   .414.037.713.0 -7 -5 -.10 411  6  .92377 21075 5 3 4 73 3 1.0210.06 1.8 4.2  1.8    4.8    7.6    6.211.21735-2 2 3-2   -.639.40  .60 5.8882.97 2.64 8.2614.94 3 817 1.45 5.5910.98 8
20251123일 31400 9국5 1 8  8 7 3강 3339           3 8준마포스        투아너앤토츠어돕 4831.00한암 3 918   1    011:25 24750국5이신우이상진   1 012 6 311 1 1 111 18조한별   56.567평자보50 54 547248.056.053.71342 81656 8182324 01715121918602020↘↗입13.636.440.313.39614                   33 44 67 0   13.90   14.30 2  1  3LBUP53.54821413-1.8 6.2 4.4626212 1승부최상단기승부46기 1 8                            13.9    14.3                                 1 8 1 3  2                                            11.23368 0 6 6 0    .440.30 -.95     89.0718.5138.0753.7215324717.1933.8548.29 3
20251109일 5130011국511 5 68 9혼전 4411맑음건조 3 3 8준마포스        투아너앤토츠어돕 4831.00한암 31020 2 1   29      24750국5이신우이상진   1 111 5 711 1 1 110 20김용근48454.082기자적71 83 838865.067.039.12149111656 8182311 01715292517502525↗↘선13.636.739.813.3993236.739.7 82.1 82.7 25 38 63 0   13.70   13.60 2  1  2NN동53.44811413-2.4 6.2 3.8666612 0적임교체승부최상62기 1 7 4     1 1 1④1:22.1½    .213.939.614.3  0  2  .40 4 4 -6  .42910663375 110 3 31 5 1.07 6.03 1.6 4.9  1.6   18.8   25.0   84.512.74491 2 8 8 2▲ 1.040.30 -.07 6.1682.9713.7927.2839.0714284213.8925.7742.70 3
20251025토 5130011국553 5108 7혼전 4411맑음건조 5 3 8준마포스        투아너앤토츠어돕 4831.00한암 31111 9 1   40      24750국5이신우이상진   1 210 4 611 1 1 0 9 11조한별48252.067기자보38 48 486633.066.038.11342 81656 8182324 0171512191867 033↘↗입13.636.739.913.3962536.639.4 81.4 82.4 14 29 57 0   13.80   14.50 3  0 -1NU동53.84811413 -.4 5.2 4.8555512 0주행평범적임교체63기 0 6 5     3 3 2②1:21.41½   .013.738.813.6 -8 -1  .60 210  6  .220 8562181 3 9 8 42 1 2.10 4.06 2.1 6.6  5.0   92.7  163.2   59.6  .04368 0 6 7 0   1.340.20 -.10 5.7583.0314.8327.4238.09 82033 5.6516.3925.21 6
20251004토 4130010국551 8108 6 1강 1121맑음다습10 3 8준마포스        투아너앤토츠어돕 4831.00한암 31212 1 1   30      24750국5이신우이상진   1 3 9 3 511 4 1 0 8 12김용근48353.082기추적64 69 697872.062.033.72149111656 8182311 0171529251767 033↗↘선13.636.739.713.3934336.540.8 82.9 83.1 17 33 50 0   13.80   13.80 3 -1  1NN동53.84811413 -.4 5.2 4.8575712 0주행평범단기승부43관 3 6 5     4 5 4④1:22.91¼   .813.840.314.5  0  0  .40 4 4 -4 1.147 5876357 1 7 4 42 4 2.0110.08 2.1 5.9  4.7    6.7   16.0   30.4  .02374 1 7 7 1   1.040.40  .13 6.7182.90 9.8821.7233.71 8203314.4028.4435.50 3
20250914일10130010국551 4108 4 3강 3311맑음다습12 3 8준마포스        투아너앤토츠어돕 4831.00한암 31414 2 1   44      24750국5이신우이상진   1 4 8 2 411 3 1 0 7 14김용근48352.082기추적20 23 236312.045.016.22149111656 8182311 0171529251750 050↗↘선13.636.839.613.3884736.839.8 81.0 82.4 20 20 40 0   13.80   15.20 4  4  0NUDN54.84801413  .2 4.4 4.6555512-1걸음불변선추겸비77기 2 7 5     2 2 2⑤1:21.0¾    .513.838.713.8 -3  3 1.10 5 8  3  .52211693965 2 9 8 91 3 3.02 8.09 2.9 6.6  4.7    6.8   14.8   23.211.21448-1 3 3-1   -.440.10  .64 6.0282.90 3.41 8.1616.20 2 713 2.97 7.2514.33 8
20250816토 5140011국552 6108 3 1강 1141맑음다습12 3 8준마포스        투아너앤토츠어돕 4831.00한암 31616 2 1   79      24750국5이신우이상진   1 5 7 1 211 2 1 0 6 16김용근48052.082기추적91 71 715049.044.016.82149111656 8182311 0171529251750 050↗↘선13.637.239.813.3234735.841.7 90.7 89.7 25 25 25 0   13.60   13.60 3 -5 -3UUUP54.84801413 -.3 4.3 4.0636312 2교체성공기복전력43기 1 3 5     2 2 4⑦1:30.7머리 2.013.842.115.2  2  1 -.90 7 5  1 2.472 3948021 9 8 5 81 2 3.02 9.01 2.1 5.4  7.7   15.3   28.0   10.9  .02946-1 6 4-1   -.538.90 -.1512.6789.28 3.21 8.8216.79 3 814 6.6714.5524.43 6
20250727일 2120011국640 7 98 4혼전 4433맑음건조 3 3 8준마포스        투아너앤토츠어돕 4727.00한암 3 0 0 9 1   36      16500국6이신우이상진   1 6 6 6 211 1 0 0 5  0김용근47955.083하추하24 32 324116.051.026.22149111656 8182311 01715292517 0 099↗↘선14.438.238.713.3 36835.638.6 75.9 74.0  0  0  0 0   14.60   13.6011  3  0LVDN54.54811413  .7 4.3 5.0505012-1교체실패최적거리54기 2 8 5     1 1 1①1:15.96   -1.113.639.513.6 -3  5-1.70 1 4 -1  .0 2 146 49711 3 8 71 1 4.07 8.06 2.4 5.0  6.7   64.9  122.0   82.5  .01851-1 4 4-1    .036.70 -.41-2.8876.56 7.6715.0026.17 3 817 9.6215.1521.16 6
20250511일 3130011국640 8 48 4 2강 2211흐림포화19 3 8준마포스        투아너앤토츠어돕 4831.00한암 3 0 0 2 2  210      16500국6유재길이상진   1 7 5 5 311 1 0 0 4  0장추열47455.093평추하36 50 506320.057.038.83862 011 0 8 7122029 8 0202522 0 099→↘입14.438.139.013.3158939.139.8 84.4 84.3  0  0  0 0   15.00   14.70 6  1  1NVDN54.54811413  .0 4.0 4.0626213-1주행평범최적거리 1   0 510    1110 9⑦1:24.4머리 1.814.639.713.6  2  4  .30 7 5  1 2.7819670933111 2 5 33 4 2.03 1.06 2.1 2.3  3.2    9.9   16.0    5.0  .01764 0 4 3 0    .439.30 -.43 7.2383.3511.4625.5238.81132843 4.1710.1316.44 7
20250329토 2140011국640 9 98 1혼전 4459흐림건조 3 3 8준마포스        투아너앤토츠어돕 4831.00한암 3 0 0 9 2  247      16500국6유재길이상진   1 8 4 4 111 1 0 0 3  0오수철47054.058평추보54 35 3522 6.034.011.01040 811 0 8 712 6 0 8 0122315 0 099→→입14.437.739.413.3 77237.540.4 92.3 90.3  0  0  0 0   14.40   13.60 5  0 -1UUUP54.54811413  .0 4.0 4.0555513 1주행평범탐색우려 1기 0 410     9 9 7⑨1:32.31    1.215.041.014.7  5-11-1.61 9 4  0 1.48575788646 9 611 90 111.03 5.06 1.8 6.1 45.7  106.4  269.3  422.1  .01714-4 2 1-4▼-1.138.50 -.0613.2089.34 1.84 5.3210.99 1 3 8 2.38 9.6215.31 9
20250223일 2130011국611 9 68 4 1강 1121맑음건조 3 3 8준마포스        투아너앤토츠어돕 4831.00한암 3 0 0 9 2  342      16500국6유재길이상진   1 9 3 3 211 3 0 0 2  0장추열48154.593평추보35 35 3552  .049.031.63862 011 0 8 7122029 8 0202522      →↘입14.938.339.113.3108238.138.4 84.7 82.8  0  0  0 0   14.90   13.60 8 -3  1HNUP       1312         4.0    12 1걸음불변거리속성 1관 0 4 7     8 7 4④1:24.7머리  .414.439.513.6  0  1-1.70 4 4  0  .7397425417511 4 8 43 3 1.02 6.10 1.8 4.5  1.8    4.5    7.6  115.0  .01443-1 4 3-1    .038.70 -.42 5.4483.55 8.5318.3131.57 82033 7.7616.5132.45 6
20241229일 1120011국630 8 88 2 2강 2235맑음건조 4 3 8준마포스        투아너앤토츠어돕 4727.00한암 2 0 0 9 3  497      24750국6유재길이상진   110 2 2 111 2 0 0 1  0장추열48054.089평무보29 35 3529  .038.019.4233316 8 010 7122029 8 0202522      →→입14.036.939.813.490 137.938.4 77.6 76.3              14.00   13.70 4  3  0BLDN       13 0         5.0     0-1기수신마탐색우려 1관 0 711    1110 5④1:17.63     .914.939.113.6  0 -2-1.30 4 4  1 2.05882335758101011 63 2 2.01 2.03 1.9 4.5  4.7    5.0   10.8   22.2  .02010-2 3 4-2  -1.038.80 -.10 -.3776.45 4.0110.9619.40 51222 9.7819.3529.07 6
20241130토 11300 9국620 9 78 6 1강 1135흐림포화18 3 8준마포스        투아너앤토츠어돕 4831.00한암 2 0 0 9 3  596      24750국6유재길이상진   111 1 1 111 1 0 0 0  0장추열48254.089평무보   35 3540  .044.027.2233316 8 010 7122029 8 0202522      →→입    37.539.6        37.240.1 83.4 83.6              14.00   13.70 4  0  0NL동       13 0                 0 0걸음불변기수신마 1기 1 4 5     4 4 6⑤1:23.4목   1.314.039.713.7  2  0  .41 5 3  0 1.56430776549 4 4 7 42 1 4.01 2.07 1.4 3.6 15.6    4.7   17.2   10.4  .01835 0 4 5 0   -.339.70 -.10 6.4683.35 7.3715.0927.23 6162812.5024.0040.16 3
20251123일 31400 9국5 1 8  7 1 3강 3339           3 9천지마켓        콩코드포뷰포인트 7330.00한암 4 0 7   1    011:25 24750국5손영표최임규  -1 016161129 3 0 228  7김옥성   52.064하입보50 35 35 2 4.025.0 5.4 8 0 7 899 5 912 8 0111115151750 050↘↗추13.737.340.313.42811                    7  4  7 0   14.50   14.20 2  3  0VHUP54.54711413 -.410.810.4212113 2가는대로부진저하34기 0 9                            14.5    14.2                                 9 9 9 9  4                                              .0 6 2-4 1 1-4▼-1.940.30 -.21     89.69  .45 1.84 5.43 1 4 7 1.56 3.0810.24 9
20251108토 7120011국551 3107 1 2강 2241흐림건조 3 3 9천지마켓        콩코드포뷰포인트 5221.00한암 4 0 7 2 1   38      24750국5손영표최임규  -1 11515 629 2 0 227  7김옥성45652.063하입보15 11 11 1 3.027.0 3.3 8 0 7 899 5 912 8 0111115151750 050↘↗추13.737.539.513.4271638.039.1 77.5 77.4  8  4  8 0   14.50   14.40 2 -4  0NH동54.54711413 -.410.410.0191913 0가는대로부진마필53기 0 610     9 910⑪1:17.54    2.514.539.614.2  0 -9 -.401111  0 2.78384627915101111110 3 2.0110.09 3.0 6.8  4.3    8.6   18.7   45.0  .0 6 1-4 1 1-4▼-1.738.50  .19  .3676.62  .36 1.51 3.30 0 1 5  .75 1.64 4.35 9
20251026일 5120011국512 7 67 1 3강 3342흐림양호 6 3 9천지마켓        콩코드포뷰포인트 5221.00한암 4 0 7 9 1   29      24750국5손영표최임규  -1 21414 529 1 0 226  7김옥성46552.063하입보16 12 12 3 4.031.0 7.2 8 0 7 899 5 912 8 0111115151750 050↘↗추13.737.539.513.4261637.439.9 78.1 77.2  8  4  4 0   14.20   14.60 3  9  1BNDN54.54711413-1.010.0 9.0222213-2걸음불변부진마필23기 01010     8 711⑪1:18.1¾   2.414.540.214.4  0 -1 -.801111  0 3.18062808220 81111110 2 8.0111.07 1.5 5.3 23.5   13.8   52.6   37.511.214 4-4 1 2-4▼-1.538.40  .08  .1776.62  .44 2.45 7.16 0 1 4 1.85 3.25 9.7711
20251003금 7140011국530 2 87 1혼전 4451흐림다습11 3 9천지마켓        콩코드포뷰포인트 7330.00한암 4 0 8 1 1   38      24750국5손영표최임규  -1 313131029 5 0 225  8문정균46651.066하입상16  9  9 3 5.027.0 4.21956 9 899 5 9121423111113182350 050→↘추13.737.240.313.4351137.540.4 90.3 90.4  8  4  4 0   13.90   13.70 2 -4 -1UUUP54.54711413-2.210.0 7.8242414 1탄력저조부진마필74기 1 1 7     7 6 9⑪1:30.32    2.314.240.314.6  0 -3 -.101111  0 3.18676788617 81111110 5 1.03 5.02 1.9 3.7  1.9    6.4    8.6   25.6  .0 6 3-4 1 2-4▼-1.739.00 -.1312.8689.62  .63 2.12 4.18 0 2 5 1.61 5.59 9.4510
20250920토 4130011국531 2 87 1혼전 4411맑음포화18 3 9천지마켓        콩코드포뷰포인트 7330.00한암 4 0 8 2 1   39      24750국5손영표최임규  -1 412121229 4 0 224  8문정균46952.066하입상11 10 10 7 4.030.0 4.11956 9 899 5 9121423111113182350 050→↘추13.737.440.113.6511837.640.1 81.5 83.7  9  9  4 0   13.80   14.10 2  0  0NU동54.54711413-2.2 9.8 7.6212114 0걸음불변부진마필 5관 0 5 6     6 710⑩1:21.52    1.813.939.013.7 -1  5 2.101011  1 1.96548777426 91011110 4 3.07 9.04 1.8 4.6  6.7   46.7  100.6   48.1  .014 3-4 1 1-4▼-1.739.80  .29 6.2083.61  .61 2.09 4.14 0 2 5 1.10 2.04 6.6211
20250907일 4130010국541 4 47 1혼전 4421맑음포화16 3 9천지마켓        콩코드포뷰포인트 7330.00한암 4 0 8 1 1   28      24750국5손영표최임규  -1 511111129 3 0 223  8문정균46452.066하입보 5  5  5 9 5.030.0 6.91956 9 899 5 9121423111113182350 050→↘추13.737.440.113.6541837.640.2 82.0 83.6  9  9  9 0   14.00   14.90 5  0  0NU동54.54711413-2.810.0 7.2202014 0걸음불변부진마필21관 0 5 6     7 7 8⑨1:22.01¼  1.913.839.514.1 -1-15 1.30 910  1 2.26251787725 71010100 3 4.08 8.02 2.2 3.5  7.8   92.2  197.7   72.0  .014 4-4 1 1-4▼-1.639.80  .21 6.0583.61  .63 1.68 6.88 1 4 8 1.33 5.03 9.30 9
20250803일 41300 9국550 4107 1혼전 4421흐림건조 3 3 9천지마켓        콩코드포뷰포인트 7330.00한암 4 0 9 1 1   73      24750국5손영표최임규  -1 610101029 2 0 222  9문정균47952.066평입상 9  9  9 9 7.034.0 5.41956 9 899 5 9121423111113182350 050→↘추13.737.340.113.6621838.341.0 85.7 85.9 10 10  5 0   14.00   14.10 3 -4  0NUUP54.54711413-3.410.4 7.0212113 1걸음불변부진마필64기 1 5 5     5 5 9⑨1:25.79    4.014.041.414.9  0 10 -.50 9 9  0 4.395799094 2 61010100 2 7.01 9.10 3.2 6.2 15.2   22.1   58.5   31.2  .014 6-4 2 2-4▼-1.440.40  .32 8.5083.55  .49 1.84 5.37 1 4 8  .90 3.45 7.9410
20250713일 4120011국553 3107 1혼전 4421흐림건조 4 3 9천지마켓        콩코드포뷰포인트 5221.00한암 4 0 9 2 1   51      24750국5손영표최임규  -1 7 9 9 429 1 0 221  9문정균46952.068하입상23 15 1511 6.035.0 7.31956 9 899 5 9121423111113182350 050→↘추13.737.139.713.6591437.439.2 76.6 76.6 10  5 15 0   14.00   14.00 4  2  0BUDN54.54711413-3.610.8 7.2181813-1걸음불변부진마필37기 0 910    101010⑥1:16.66    1.514.039.414.1 -3  5 -.10 6 9 -2 2.07161656929 71110113 1 2.01 2.10 2.6 6.1  6.0    6.1   18.2   17.8  .014 6-4 1 3-4▼-1.338.60  .19 -.1776.51 1.43 3.35 7.30 0 2 5 1.20 5.4310.3810
20250615일 2130011국521 6 77 2 1강 1112맑음건조 3 3 9천지마켓        콩코드포뷰포인트 7330.00한암 4 010 2 1   70      24750국5손영표최임규  -1 8 8 8 929 2 0 220 10이혁  46452.088하입상 5  5  521  .039.015.31428 6 899 5 91213 0111127211950 050↘↗선13.737.140.113.6701637.539.6 83.2 83.6 11  5  5 0   13.70   13.90 4 -2  0NUDN54.54711414-2.0 9.8 7.8212113-1출주취소부진마필68기 0 7 6     6 6 7⑤1:23.22½  1.814.039.914.0 -6 -5  .00 511    2.66746646025 31111 82 3 1.10 6.03 2.5 4.2  2.5   47.6   46.2  179.1  .02212-4 3 3-4▽ -.740.10  .17 6.4483.42 3.22 7.7115.30 1 512 9.4719.3545.85 5
20250518일 51400 8국542 8 47 1 2강 2241맑음다습13 3 9천지마켓        콩코드포뷰포인트 7330.00한암 4 010 2 1   87      24750국5손영표최임규  -1 9 7 7 929 1 0 220 10이혁    052.088평입상 6  2  214 5.035.0 9.61428 6 899 5 91213 0111127211950 050↘↗선13.737.040.413.65011                   11 11 16 0   13.70   14.80 2  8  0BUUP54.54711414-1.2 9.4 8.2202013 1걸음불변부진마필50기 1 9                    취소    13.7    14.8     0 -.37                      41010100 2 1.0610.01 2.2 3.5  2.2   26.9   34.6   26.9  .014 8-4 1 1-4▼-1.240.40 -.22     89.55 1.28 3.98 9.64 1 4 7  .79 3.31 7.45 9
20250503토 3130010국532 7 87 4 1강 1111흐림포화18 3 9천지마켓        콩코드포뷰포인트 7330.00한암 4 010 1 1  141      24750국5손영표최임규  -110 6 6 829 1 0 219 10임다빈46952.080평입상10 11 1135 6.042.015.11949 5 899 5 9121322111115232450 050↘→추13.737.240.113.6661836.941.7 83.3 84.7 11 11 11 0   13.90   13.90 4 -3  0UU동54.54711414-1.2 8.4 7.2333313 0걸음불변최적거리 1관 1 1 2     3 2 7⑨1:23.37    2.613.740.814.8 -1 10 1.30 910 -1 2.78717959010 711 9 80 1 6.07 7.03 2.6 5.0 20.2  120.0  323.3   89.5  .01448-2 2 1-2   -.540.30  .11 7.3983.48 2.62 7.4915.14 1 512  .99 5.08 9.55 9
20250405토 3130011국521 5 27 2 1강 1121비  다습13 3 9천지마켓        콩코드포뷰포인트 7330.00한암 4 011 1 2  225      24750국5손영표최임규  -111 5 5 729 3 0 218 11오수철45952.058평입보 6 11 1126 3.034.010.91040 8 7   8 912 7 0111112231550 050→→입13.737.240.013.6622537.540.5 82.5 83.9 12 12 12 0   14.20   15.20 2 -4  0HUDN54.54711414 -.4 6.8 6.4404013-1걸음불변단기승부 1기 0 4 6     6 4 6⑦1:22.51½  2.313.940.013.9 -4 -1 1.00 711  0 2.87444858114 61110102 3 2.01 1.02 2.1 2.3  3.2    2.3    5.5    5.3  .01512-4 1 1-4▼-1.040.10  .29 6.7383.42 1.56 5.1110.87 1 4 7  .93 1.94 4.2711
20250322토 4140011국512 9 67 2 2강 2257맑음건조 5 3 9천지마켓        콩코드포뷰포인트 7330.00한암 4 011 2 2  266      24750국5손영표최임규  -112 4 4 929 2 0 217 11오수철46052.058평입상17 14 1414 2.033.0 8.61040 8 7   8 912 7 0111112231550 050→→입13.736.940.313.6531836.242.8 92.4 90.4 13 13  6 0   14.40   15.40 4  0  0LU동54.54711414  .8 5.6 6.4494913 0걸음불변보통걸음 1기 0 810    111010⑧1:32.44    2.914.242.815.2 -3 -3-1.00 811  0 2.98611979510 511 9100 2 1.02 7.01 1.7 4.1  1.7    4.1    7.2   35.6  .01412-3 1 1-3▽-1.139.30 -.0713.2089.41 1.06 3.75 8.63 0 4 8  .12 2.67 7.1111
20250222토 6140011국511 9 67 2 1강 1154맑음건조 3 3 9천지마켓        콩코드포뷰포인트 7330.00한암 4 012 9 2  349      24750국5손영표최임규  -113 3 3 829 1 0 216 12오수철46352.058평입보38 32 3229 4.035.013.11040 8 7   8 912 7 0111112231550 050→→입13.736.940.213.6552337.241.8 92.7 90.7 13 13  7 0   14.50   14.20 4  7  0LU동54.54711414  .4 4.8 5.2575713 0주행평범보통걸음 1기 1 8 8     7 6 7⑦1:32.75    2.214.442.415.4 -4 -1-1.60 711  5 2.58961939518 311 8100 1 1.06 3.05 1.3 6.2  1.3    9.2   12.6   37.5  .01723-2 2 2-2  -1.039.40 -.1113.6089.34 2.16 6.8813.10 1 3 8 1.64 3.01 7.5311
20250126일 3140011국511 7 67 3 2강 2251맑음건조 3 3 9천지마켓        콩코드포뷰포인트 7330.00한암 4 013 9 3  407      24750국5손영표최임규  -114 2 2 729 1 0 215 13이혁  46452.091평입하25 19 195212.047.019.81942 4 4   4 91213 0111127211950 050↘↗선13.736.840.213.6632537.039.8 91.0 89.0 14 14  7 0   14.20   14.60 4 -7  0UU동54.54711413-1.0 4.8 3.8636313 0교체실패안장교체 1기 0 1 7     5 5 7⑧1:31.02½  1.214.540.014.2  2  2-1.20 8 6 -2 1.55349626243 211 9 62 110.01 4.06 2.0 5.4 35.5   46.6  185.9   70.8  .01858-1 3 3-1   -.239.10 -.2312.0089.28 4.6911.9719.75 51323 3.26 7.0713.17 8
20241229일 5140011국511 6 67 3혼전 4431맑음건조 4 3 9천지마켓        콩코드포뷰포인트 7330.00한암 3 014 9 3  493      24750국5손영표최임규  -115 1 1 629 1 0 214 14씨씨웡46252.075평입상74 76 764429.040.013.0235011 4   4 912 0 0111120242250 050↗↘선13.736.940.213.6592837.141.5 91.8 90.8 15 15  8 0   13.70   14.10 4  0 -3LUUP54.54711413 -.8 5.4 4.6555514 1직전선전최적거리 1기 0 8 6     7 911⑪1:31.82½  3.214.241.114.6  3 -9 -.6011 8  2 3.591559293 6 510 5 90 1 5.01 4.03 1.7 7.4 12.3    9.8   22.5   17.6  .01437-2 5 3-2   -.939.40 -.1113.7289.34 2.24 6.2213.02 1 4 8 5.9516.6725.39 7
20251123일 4130011국6 2 7  2 7혼전 4427           4 1원모타임        피스룰즈아마조네 3932.00한암 2 0 0   1    012:45 16500국6이신우선형조   1 0 4 4 2 3 2 0 0 3  0김용근   54.082하입보50 47 474819.051.030.62149111656 818 011 01715292517      ↗↘선14.137.439.213.55551                    0  0  033   13.60   14.00 5 -2  0HN동       1310  .0 6.7 6.7383810 0승부호기거리속성55기 1 1                            13.6    14.0                                 5 3 6 5  2                                              .02742 0 4 5 0   -.139.20  .10     83.03 7.2915.5330.60 71627 6.9820.0035.75 5
20251019일 2130011국632 6 82 7 1강 1131맑음포화17 4 1원모타임        피스룰즈아마조네 3932.00한암 2 0 0 2 1   98      16500국6이신우선형조   1 1 3 3 1 3 1 0 0 2  0김용근46354.082하추적58 39 398366.067.050.82149111656 818 011 01715292517      ↗↘선14.137.738.913.5328737.540.0 82.8 83.7  0  0  050   14.60   12.50 4 -8  1HNUP       1310 -.5 8.0 7.5424210 3승부조율승부호기63기 0 3 3     6 4 4⑤1:22.81    1.713.639.614.0  1-14  .70 5 4 -3 1.76642736631 8 2 7 22 1 1.03 9.11 1.7 3.6  1.7    3.6    4.6    4.612.03779 2 6 7 2   1.339.50 -.46 7.1383.0319.6937.3450.84194056 9.4523.1136.34 4
20250920토 1100011국621 1 72 3혼전 4431흐림불량20 4 1원모타임        피스룰즈아마조네 3524.00한암 2 0 0 2 1   64      24750국6이신우선형조   1 2 2 2 1 3 1 0 0 1  0김정준47753.578하무보 8  7  73613.045.016.92648171656 818 036 01715152124      →↘자14.137.538.213.5431137.736.5 61.0 62.4  0  0  0 0   13.80   14.70 4  0  0HHDN       1212 2.0 9.011.0101012-2교체실패부진마필 5기 21110    10 9 7④1:01.01     .314.635.912.5 -3 -1 1.20 4 7 -2 1.23665 62068 7 7 8 93 1 1.04 2.01 1.5 2.7  1.5   13.0   14.7   34.0  .01841-1 3 5-1   -.437.40  .15-13.363.15 4.67 9.5416.85 1 4 7 4.69 9.4615.79 8
20250824일 1120012국622 3 22 5 1강 1129흐림건조 4 4 1원모타임        피스룰즈아마조네 3524.00한암 2 0 0 2 1   74      24750국6이신우선형조   1 3 1 1 1 3 1 0 0 0  0정우주47853.571평무보27 25 2517  .032.0 7.92041101656 818 018 01715163013      ↗↘입14.136.940.013.599 137.241.0 77.7 78.2              14.50   13.90 4  0  0LN동       12 0         5.0     0 0거세출주보통걸음45기 111 7     6 710⑪1:17.7½   3.013.840.914.7  2-18  .5011 9  0 3.392509392 8 5 9 8100 1 3.02 2.05 2.1 2.3  9.4    9.3   27.0    4.312.02824 2 3 4 2  -1.239.30  .10 1.2876.56  .90 3.10 7.92 1 4 7 8.5716.9027.67 9
20251123일 4130011국6 2 7  6 1혼전 4427           4 2후다닥          언비터블늘푸른코  149.00한수 3 0 0   1    012:45 16500국6이동국(주)늘푸 0 0 5 5 2 4 1 0 0 4  0조성환   53.053하무보50 36 36 0 4.021.0 1.2 750 41133 5 7 0 0 019 014 725      ↘→추13.938.239.513.9 814                    0  0  0 0   14.80   15.20 2 -1 -4HH동       1312-1.010.0 9.0101012 0가는대로지울마필49기 0 2                            14.8    15.2                                10 4 711  1                                              .0 7 1-4 1 1-4▼-2.039.50  .26     83.74  .26  .40 1.16 2 5 9 2.33 4.0010.88 9
20251108토 5130011국643 9 96 1 2강 2219흐림건조 3 4 2후다닥          언비터블늘푸른코  149.00한수 3 0 0 2 1   40      16500국6이동국(주)늘푸 0 1 4 4 1 4 2 0 0 3  0오수철51857.060하무상36 24 24 1 2.023.0 5.7 825 71133 5 7 0 0 019 0122315      →→입13.938.140.013.9112039.040.9 86.5 85.5  0  0  0 0   15.00   12.70 9 -6  0HHUP       1312-1.3 9.7 8.3121212 1걸음불변부진마필57관 0 310     9 9 9⑪1:26.55    4.214.841.515.2  0 19-1.101111  0 4.293938896 8 9 8 4100 3 1.0210.04 2.6 4.3  2.6    4.3    8.7    6.0  .014 1-4 1 1-4▼-2.139.50 -.13 7.3984.00  .53 2.31 5.73 1 4 8  .12 3.67 9.33 8
20250907일 2120011국651 5106 1 1강 1149맑음포화16 4 2후다닥          언비터블늘푸른코        한수 3 0 0 1 1  160      16500국6이동국(주)늘푸 0 2 3 3 3 4 1 0 0 2  0오수철49957.061하무보 5  4  4 2 2.028.011.8 825 71133 5 7 0 0 019 0122315      →→입13.937.940.113.9 8 438.437.7 76.4 76.2  0  0  0 0   14.80   14.60 2  6  0LH동       1212  .0 9.0 9.0 4 412 0가는대로거리난점27관 0 911     9 8 7⑦1:16.4코   1.815.037.912.7 -4-18 -.30 711  2 2.15793145227 8 8 8 90 2 1.0210.04 3.1 5.6  3.1    6.1   11.2    5.6  .0 8 2-4 1 1-4▼-1.537.70 -.63-1.7777.17 1.01 4.5211.81 1 4 8  .12 4.7611.3911
20250823토 2120011국641 3 96 1 3강 3334맑음건조 4 4 2후다닥          언비터블늘푸른코        한수 3 0 0 2 1   41      16500국6이동국(주)늘푸 0 3 2 2 2 4 1 0 0 1  0해리카51757.073하무보 5  4  4 4 4.020.0 2.01950101133 5 7 0 0 019 0182612      ↘↘입13.937.540.113.938 238.240.5 78.7 78.6  0  0  0 0   14.00   14.80 7 -7  0HH동       1212-1.0 9.0 8.0 4 412 0가는대로거리난점28관 0 311    111110⑩1:18.76    4.214.840.714.6  1  1  .0010 9  0 4.295898995 7 7 9 9100 1 1.0610.01 2.9 4.3  2.9   24.1   29.0   17.211.2 8 3-4 1 1-4▼-2.238.80 -.12  .9776.95  .95 1.11 2.03 0 1 4 1.37 2.60 8.2010
20250706일 1120011국621 5 76 1혼전 4439맑음건조 3 4 2후다닥          언비터블늘푸른코        한수 3 0 0 1 1  117      16500국6이동국(주)늘푸 0 4 1 1 1 4 1 0 0 0  0오수철51657.061평무보36 25 25 7 4.019.0 2.6 825 71133 5 7 0 0 019 0122315      →→입13.936.840.113.999 137.241.3 79.0 78.3              14.20   14.10 4  0  0LL동       12 0         4.0     0 0거세출주탐색우려45기 110 8     810 9⑧1:19.0¾   3.914.041.714.8 -1 12 -.50 8 9  0 4.69453959410 5 910110 1 1.07 3.07 2.1 2.4  2.1   18.3   27.2   10.5  .013 5-3 2 2-3▽-2.239.50  .25 1.4276.56 1.83 1.68 2.62 0 2 5 1.89 3.20 8.4011
20251123일 4130011국6 2 7  8 7혼전 4427           4 3라온파라노마    언캡처드다라니   6129.00한암 4 020   1    012:45 16500국6박종곤손천수   1 0 7 7 4 6 1 0 1 5 20김성현   53.067기선적50 53 539040.065.060.8 922 62342 8282912 0261216251999 0 0→↗입13.336.939.212.98472                   25 25 50 0   13.60   13.60 9 -1 -2VU동55.04701312 2.3 3.0 5.3464613 0직전탐색가격혈통55기 1 3                            13.6    13.6                                 3 2 4 2  1                                            12.73374 2 6 6 2   1.139.20 -.43     82.7124.2043.8360.7914284216.2834.0041.97 3
20250921일 3130010국652 4108 4혼전 4441맑음다습14 4 3라온파라노마    언캡처드다라니   6129.00한암 4 025 2 1  162      16500국6박종곤손천수   1 1 6 6 3 6 1 0 1 4 25조상범48055.056기도적82 83 838452.054.035.41268 62342 82829 0 0261213201899 0 0→↘입13.336.939.212.9777237.339.0 82.5 82.7 25 25 50 0   13.50   14.2010  3  0VN동55.04701312 3.0 3.3 6.3333313 0전력변화가격혈통 5관 1 4 1     1 1 2④1:22.51¾  1.113.639.013.6  3 10  .19 4 1 -1 1.13133432847 1 4 3 31 1 5.04 7.06 3.2 6.8  7.0   17.8   39.8   23.113.22352-1 7 4-1    .140.10  .29 6.6382.7111.6924.4435.3914284221.3139.4749.40 1
20250713일 3130011국640 8 98 5 3강 3331흐림건조 4 4 3라온파라노마    언캡처드다라니   6129.00한암 4 0 0 2 1  179      16500국6박종곤손천수   1 2 5 5 2 6 2 0 0 3  0최범현47055.090하추보48 49 497371.064.062.03563222342 8282941522612193019      ↘↘입13.336.939.312.9786437.138.3 82.1 82.0  0  0 33 0   13.80   14.5010 -4  0HN동       1312 3.0 3.3 6.3333313 0신마혈통가격혈통48기 1 1 1     1 1 1②1:22.1¾    .013.539.314.2  0 -2 -.80 2 2 -1  .1122420 788 2 4 3 21 2 1.0210.01 2.4 4.0  2.4    4.0    6.9    7.213.22557 0 7 8 0△  .839.90 -.51 5.8182.7826.7648.2162.0132526420.7839.7550.94 2
20250504일 1130011국630 8 38 7 1강 1148맑음포화15 4 3라온파라노마    언캡처드다라니   6129.00한암 4 0 0 1 1  193      16500국6박종곤손천수   1 3 4 4 1 6 1 0 0 2  0최범현47255.090하추보36 31 315368.060.039.93563222342 8282941522612193019      ↘↘입13.337.939.312.9146836.840.2 82.8 83.0  0  0  0 0   14.80   13.20 4 -6  0NNUP       1312 3.5 3.5 7.0212112 1걸음불변신마혈통 1기 0 5 1     1 2 3⑤1:22.81¼   .813.840.114.5  2 -4  .30 5 3  0  .94714795661 8 1 4 41 1 5.0110.01 1.7 2.8 13.7    6.3   24.2   39.6  .02162 0 7 6 0    .839.20 -.51 5.8283.4211.3925.0439.91 9203213.7327.4133.23 2
20250405토 1120011국640 7 98 1 2강 2237비  다습12 4 3라온파라노마    언캡처드다라니   5021.00한암 4 0 0 1 2  227      16500국6박종곤손천수   1 4 3 3 3 6 1 0 0 0  0김옥성47655.060하무하25 21 21 2 6.033.013.413 0121233102829 6 02612151517      →↘추13.337.740.013.114 538.338.3 76.4 76.3  0  0  0 0   15.10   13.3065 -1  2HB동       1212 4.0 4.0 8.0101012 0거세출주부진마필 1기 01111    1111 8⑥1:16.4목   1.614.838.013.2  3  6  .20 6 3 -1 2.05792296539 710 6 83 1 1.02 3.05 2.7 4.5  2.7    4.5    7.3    6.1  .013 2-4 3 4-4▼-1.337.90 -.49-1.4077.01 3.29 7.2213.43 1 3 8 1.49 6.71 9.8710
20231231일 1120012국621 6 78 7혼전 4435흐림불량20 4 3라온파라노마    언캡처드다라니   5021.00한암 2 0 0 9 8 1547      22000국6박종곤라온랜드 2 5 2 2 2 6 2 0 0 0  0임기원47053.092평무보   25 2540  .064.029.1254013294117282336 92612253216      ↗↗선    36.738.5        37.540.5 77.2 78.0              13.80   13.60 8  5 -1NN동       12 0                 0 0출주제외연대우수 1기 012 3     4 910⑧1:17.23    2.913.340.013.4  4 10  .80 8 4    3.49067889016 3 3 5 40 2 1.07 6.01 1.6 2.4  1.6   20.6   31.5   79.9  .03850 0 6 7 0   1.039.50  .45 2.7875.61 8.7419.0329.11132843 8.3316.5925.9712
20231105일 1120010국650 8108 8혼전 4435비  양호 8 4 3라온파라노마    언캡처드다라니   5021.00한암 2 0 0 1 9 1724      22000국6박종곤손천수   1 6 1 1 1 6 1 0 0 0  0임기원46854.093평무보   25 2540  .063.052.7314329364525282936522612253216      ↘↗선    36.738.5                                        13.80   13.60 4  0  0LL동       12 0                 0 0거세출주기수승부 1기 1 7                    경제    13.8    13.6     8 -.47      0               3 3 4 20 1 5.02 2.10 3.3 5.8  8.1   13.2   32.0   21.4  .03776 3 7 8 3▲ 1.038.50 -.24     75.6122.2740.6352.74183956 9.0017.4828.25 8
20251123일 4130011국6 2 7  4 6혼전 4427           4 4선더런          에어포스티즈엠프 3835.00한수 2 0 0   1    012:45 16500국6토니  죠셉달라 0 0 5 5 1 4 1 0 0 4  0김태훈   56.073평입보50 50 507134.063.056.620431024611219 029 0181811251999 0 0↘→입13.936.739.813.59423                    0 25 50 0   13.50   14.60 5  3  3VLDN53.04751412 1.3 5.3 6.5444414-1전력변화거리속성52기 0 4                            13.5    14.6                                 1 7 5 4  1                                              .02669 1 6 7 1    .939.80 -.56     82.9718.6839.8756.5710233618.6032.0046.63 4
20251018토 3140011국631 8 84 6 1강 1141흐림불량20 4 4선더런          에어포스티즈엠프 3835.00한수 2 0 0 2 1  108      16500국6토니  죠셉달라 0 1 4 4 1 4 2 0 0 3  0이상규47553.055하입보63 37 373611.050.029.2 6 0 724611219 018 01818122314      ↗↘입13.936.640.113.5751136.139.9 89.9 88.4  0  0 33 0   13.70   13.00 5 -8  1HNUP       1412 2.3 4.7 7.0353510 4거리적응탄력호전56기 1 1 1     1 1 3⑤1:29.9¾    .413.540.814.6 -2  6-1.10 5 7  5  .729 8663469 5 5 9 41 2 2.04 4.02 1.9 5.5  5.1   44.9   73.8  129.8  .03342 0 4 4 0   -.239.20 -.2911.7389.07 8.8220.0829.15102336 2.44 6.7016.54 9
20250913토 1100010국650 2104 3 3강 3315맑음포화19 4 4선더런          에어포스티즈엠프        한수 2 0 0 2 1   85      24750국6토니  죠셉달라 0 2 3 3 1 4 1 0 0 2  0이상규46952.556하입보19 13 1368 5.044.022.0 6 0 724611219 018 01818122314      ↗↘입13.936.838.113.5861836.937.7 61.5 62.2  0  0 50 0   13.60   14.60 3  3 -3BHDN       1212 2.5 6.0 8.5252512-2걸음불변감량기수67기 0 9 4     4 5 6④1:01.5½    .913.737.313.0  2  3  .60 4 2 -6 1.53128422851 2 5 5 52 1 1.06 2.08 3.1 6.8  3.1   13.1   21.6   56.511.22043-1 2 3-1   -.538.10  .42-12.762.71 4.1811.7121.97 81526 2.04 7.9213.33 8
20250824일 1120012국622 3 24 3 1강 1129흐림건조 4 4 4선더런          에어포스티즈엠프        한수 2 0 0 2 1   53      24750국6토니  죠셉달라 0 3 2 2 2 4 1 0 0 1  0김효정46655.570하도하 9 11 117212.044.020.719391324611219 0 7 01818162118      →↘입13.936.640.313.597 237.040.0 76.5 77.0  0  0100 0   13.60   15.10 5  3  0LH동       1212 6.0 4.010.0222212 0승군탐색보통걸음44기 0 6 4     5 5 5⑦1:16.52½  1.813.640.014.6 -1  7  .50 7 8  4 2.17640817631 212 5 52 1 3.02 2.05 2.1 2.3  9.4    9.3   27.0    4.3  .02350 0 3 4 0   -.339.20 -.27  .0976.56 5.0111.0920.74 51223 2.86 6.5710.1911
20250720일 1120012국630 5 84 8 3강 3315맑음포화17 4 4선더런          에어포스티즈엠프        한수 2 0 0 2 1   77      24750국6토니  죠셉달라 0 4 1 1 1 4 1 0 0 0  0코지  45955.588평무보20 25 254230.051.025.429501724611219 051 01818252619      →↘선13.937.240.013.574 136.241.2 77.0 77.5              14.20   13.80 4  0  0NL동       12 0         3.0     0 0거세출주마방습성52기 1 3 1     1 3 4⑩1:17.0목   2.113.641.215.1  6  8  .4010 4  0 2.385 7948326 512 8 41 112.02 9.05 3.4 8.3 60.2  129.8  392.1  147.111.82858 2 6 7 2△  .238.80 -.55  .2876.73 8.2616.8725.38 82033 8.1415.6929.15 7
20251123일 4130011국6 2 7  6 7혼전 4427           4 5레베랑스        레이스데할런즈달 9030.00한수 2 025   1    012:45 16500국6안병기김길리   1 0 5 5 1 4 1 0 1 4 25문세영   56.073평입상50 60 606558.066.061.13644 928561718 038202013283616 099 0↘↗입13.636.939.612.88351                   25 25 25 0   13.60   13.50 5  4  0NVUP55.54661312 -.5 4.3 3.8656510 1주행평범거리늘어59기 1 5                            13.6    13.5                                 4 6 1 1  4                                            12.72875 2 7 8 2   1.139.60 -.67     82.9724.3144.0761.1332526420.9338.0049.74 1
20251019일 7120012국614 4 66 8혼전 4421맑음포화17 4 5레베랑스        레이스데할런즈달 3525.00한수 2 033 2 1   93     110000국O안병기김길리   1 1 4 4 3 4 1 0 1 3 33씨씨웡46956.090평입보89 85 858170.077.033.830531028561718 028 02013202422 099 0→↘선13.636.838.912.8795937.038.7 74.7 76.3 33 33 33 0   13.60   13.40 5 -3  1UV동55.54661212 1.3 2.3 3.7676712 0연대우수탄력호전 5   0 1 5     5 4 4④1:14.71     .813.638.713.5 -6  3 1.00 410  8 1.45637483859 6 9 7 22 1 1.02 9.04 1.4 4.1  1.4    4.1    5.0    6.510.64483 0 7 7 0△ 1.638.80  .03  .5675.8914.1124.4633.82183651 6.5616.0426.04 6
20250914일 1120011국611 5 66 7 3강 3333맑음다습14 4 5레베랑스        레이스데할런즈달 3525.00한수 2 0 0 2 1   75      24750국6안병기김길리   1 2 3 3 2 4 3 0 0 2  0문세영46655.573평입하50 49 497656.072.059.23644 928561718 038202013283616      ↘↗입13.636.739.812.8872036.638.3 73.7 74.8  0  0 50 0   13.60   14.20 6  0  0HH동       1210 2.0 2.5 4.5585810 0직전탐색연대우수68기 0 4 3     4 3 1②1:13.7¾    .013.637.713.4  0  7 1.20 2 2  0  .11017351479 4 8 3 12 3 5.02 9.04 1.7 5.0 11.8   19.0   45.2   10.512.23867 0 7 7 0   1.438.50-1.14-1.7376.3425.6346.5459.2435536814.9326.4239.85 3
20250803일 1120012국651 5106 7혼전 4439흐림건조 3 4 5레베랑스        레이스데할런즈달 3525.00한수 2 0 0 1 1   97      24750국6안병기김길리   1 3 2 2 1 4 2 0 0 1  0문세영45955.573우입보58 79 798938.060.048.93644 928561718 038202013283616      ↘↗입13.636.739.812.8962336.839.3 76.9 76.2100  0100 0   13.90   14.00 4 -2  0HHUP       1210  .0 3.0 3.0727210 2적임교체작전마주32관 1 4 1     1 2 2⑥1:16.91¼  1.213.639.814.2  4  6 -.80 6 2 -1 1.25525675149 2 9 1 21 2 8.0512.10 2.4 5.6 38.2  131.9  387.7  118.0  .03080 0 7 5 0    .638.90 -.85 -.2876.3422.0037.2848.88183651 8.7719.5832.53 5
20250705토 1100010국640 8 96 9혼전 4438맑음건조 3 4 5레베랑스        레이스데할런즈달 3525.00한수 2 0 0 1 1   83      24750국6안병기김길리   1 4 1 1 1 4 1 0 0 0  0문세영45355.573평무보67 82 828750.066.056.43644 928561718 038202013283616      ↘↗입13.636.937.512.8997936.338.4 63.1 62.4              14.10   13.30 4  0  0LL동       10 0         3.0     0 0거세출주적임교체42기 0 6 4     4 4 2③1:03.11¾   .313.938.714.0  0 -6 -.60 3 3  0 1.83611673575 4 3 1 12 1 1.06 1.05 3.2 5.3  3.2   42.0   62.6   36.5  .04384 3 7 9 3☆ 1.138.00 -.30-12.062.4325.9043.0956.3832526418.9729.2338.10 2
20251123일 4130011국6 2 7  8 1혼전 4427           4 6송당파티        오버애널노블파티 3641.00한암 3 0 0   1    012:45 16500국6심승태제주축산 0 0 6 1 1 0 1 0 0 0  0우인철   51.064하무보20 18 18 0 4.018.0 4.31567 61144 7 8 022 012 9102925      →→추14.038.240.513.71614                    0  0  0 0   15.40   12.9010  0 -4NHDN       1712  .5 7.8 8.3141412-4거세출주부진마필42기 0 6                            15.4    12.9                                 81110 9  1                                              .013 1-4 1 4-4▼-2.440.50 -.44     84.38  .19 4.27 4.29 0 2 5 2.33 4.0010.8810
20250914일 21700 8국650 6 58 1 2강 2249맑음다습14 4 6송당파티        오버애널노블파티 3641.00한암 3 0 0 2 1  184      16500국6심승태제주축산 0 1 5 5 1 5 1 0 0 4  0김태훈46855.073하무하 8  9  9 3 3.025.0 7.52043101144 7 8 014 012 9112519      ↘→입14.040.442.013.7101640.443.5116.8117.1  0  0  0 0   14.40   14.30 2  3  0NHUP       1712  .7 7.7 8.3181812 4거리적응부진마필62기 0 6 7 7 7 8 8 8⑧1:56.810   4.315.342.814.9  0  2  .40 8 8  0 5.497719295 6 8 8 8 80 1 3.05 5.04 2.9 4.1  4.2   12.6   24.3   37.4  .017 3-4 1 1-4▼-1.741.20 -.3634.65114.7 1.20 4.07 7.50 2 511 2.17 4.08 9.87 8
20250831일 2130011국611 8 18 1 3강 3323맑음다습13 4 6송당파티        오버애널노블파티 3641.00한암 3 0 0 9 1   31      16500국6심승태제주축산 0 2 4 4 1 5 2 0 0 3  0정우주46655.069하무하10 14 14 2 3.025.0 4.02041101144 7 8 013 012 9163013      ↗↘입14.038.040.013.7131639.240.8 84.7 85.4  0  0  0 0   14.00   14.90 2 -1  0HHDN       1412  .5 7.5 8.0212112-1걸음불변탐색우려17관 0 3 9    101111⑩1:24.71    3.214.440.714.3  2  0  .3110 8  0 3.4929687971610 8 9110 2 3.1011.08 1.4 2.7 10.0  303.6  511.1   88.3  .014 1-4 1 1-4▼-1.839.60 -.01 7.4083.93  .31  .63 3.96 0 1 4 1.18 2.37 6.00 9
20250817일 2140011국640 9 98 1 3강 3359맑음양호 8 4 6송당파티        오버애널노블파티 3641.00한암 3 0 0 2 1   31      16500국6심승태제주축산 0 3 3 3 1 5 1 0 0 2  0정우주46655.069하무보11 12 12 3 3.026.0 4.52041101144 7 8 013 012 9163013      ↗↘입14.037.740.713.7 61137.640.9 92.7 90.7  0  0  0 0   14.00   14.00 4 -7  0HHUP       1412  .5 7.5 8.0212112 2걸음불변탐색우려54기 1 4 4     5 4 6⑨1:32.71¾  2.814.041.614.9  1  1-1.70 9 8  1 3.489788792201010 8110 1 1.03 8.09 2.1 5.2  2.1    7.7   11.6    9.0  .014 2-4 1 1-4▼-1.838.60 -.6812.3090.24  .41  .76 4.46 0 1 4 2.27 3.77 7.8910
20250720일 2120010국633 4 88 1 1강 1129맑음포화17 4 6송당파티        오버애널노블파티 2640.00한암 3 0 0 2 1   56      16500국6심승태제주축산 0 4 2 2 2 5 2 0 0 1  0오수철46555.061하무보24 20 20 5 2.025.0 3.0 825 71144 7 8 0171712 9122315      →→입14.137.939.813.8111838.139.3 76.9 77.6  0  0  0 0   14.10   14.10 4  1  0NH동       1212-1.0 8.0 7.0252512 0기수신마거리난점72기 111 8    1010 9⑨1:16.96    2.414.039.214.0  2  5  .50 9 7 -1 3.18888688420 8 8 6110 2 2.01 3.08 2.4 3.3  3.0    3.3    7.7    6.7  .020 7-3 1 1-3▽-1.838.10 -.20 -.0977.01  .16  .42 3.04 0 2 5  .12 2.35 5.3711
20250621토 21200 9국650 8 58 4 2강 2239흐림포화19 4 6송당파티        오버애널노블파티 2640.00한암 3 0 0 2 1   79      16500국6유재길제주축산 0 5 1 1 1 5 1 0 0 0  0오수철46055.061평무보   25 2540  .023.0 5.4 825 7 8 0 4 7 5 617 8 0122315      →→입    36.738.5        37.639.2 77.2 76.6              13.80   13.60 4  0  0LL동       12 0                 0 0거세출주기수신마39기 010 8     9 9 8⑦1:17.21½  1.914.139.614.1 -1 -2 -.40 7 8  0 2.36873647432 1 110110 1 4.03 7.02 2.4 4.2  9.4   22.9   62.6   16.1  .01615-1 2 2-1  -1.739.00 1.14 1.3575.61  .92 2.99 5.35 0 1 514.7526.8748.59 5
20251123일 4130011국6 2 7  7 1혼전 4427           4 7월드화합        선더모카대화합   3232.00한암 3 0 0   1    012:45 16500국6김동균송한우   2 0 5 5 2 4 1 0 0 4  0문정균   55.066하입보50 36 36 2 7.029.010.41956 919371118 017 017 6131823      →↘추14.038.040.514.210 7                    0  0  0 0   14.50   15.00 2  2  4BB동       1312 -.811.010.3 9 912 0가는대로지울마필60기 1 7                            14.5    15.0                                 610 8 6  1                                              .0 7 6-3 1 1-3▽-1.440.50 -.48     84.25 1.28 4.1210.42 41118 2.33 8.0013.99 7
20251108토 4130011국644 6 97 1 1강 1114흐림건조 3 4 7월드화합        선더모카대화합   3232.00한암 3 0 0 2 1   41      16500국6김동균송한우   2 1 4 4 1 4 1 0 0 3  0조성환44651.053하입상21 19 19 0 2.024.0 3.5 750 419371118 0 0 017 614 725      ↘→추14.037.940.514.218 839.341.5 87.0 86.9  0  0  0 0   14.00   14.50 6  4  0LHUP       1312 -.711.010.3111112 1걸음불변부진마필37기 0 510     8 810⑩1:27.03    4.714.541.715.0 -1 19 -.301011  1 5.298979499 4 810 5110 1 4.0211.07 2.2 4.5  6.2   11.0   23.5    6.8  .014 1-4 1 1-4▼-1.840.10 -.23 8.4984.19  .22  .49 3.49 1 3 5  .12 2.55 7.38 8
20250927토 3120010국612 8 17 1 1강 1129맑음다습11 4 7월드화합        선더모카대화합   2924.00한암 3 0 0 9 1  107      16500국6김동균송한우   2 2 3 3 2 4 1 0 0 0  0우인철42751.067하무보23 18 18 4 9.027.0 8.21567 619371118 027 017 6102925      →→추14.638.140.514.3 2 237.339.7 78.4 76.8  0  0  0 0   14.30   13.7044 -1 -2HH동       1210  .011.511.5 4 410 0거세출주보통걸음38기 0 1 4     5 6 7⑧1:18.41    1.814.040.614.5 -2 21-1.40 810 -2 3.07356777728 911 3102 1 1.07 5.08 1.6 3.0  1.6   15.3   18.9   36.9  .013 6-3 1 1-3▽-1.637.70 -.85-1.7777.51 1.02 2.30 8.19 1 4 7 2.44 7.0615.10 8
20241116토 1120012국641 9 97 1혼전 4435맑음건조 3 4 7월드화합        선더모카대화합   2924.00한암 2 0 0 2 5  890      24750국6김동균송한우   2 3 2 2 1 4 1 0 0 1  0김동수40653.073하무보 5 25 25 3 7.029.0 7.21650 712401018 017 017 6 92027      →→추14.738.240.314.3 2 338.341.9 81.6 79.9  0  0  0 0   14.70   14.60 5 -3 -1HHUP       1210  .011.011.0 5 510 2기수신마조교부실 1관 0 211    121212⑫1:21.610   4.514.642.915.9  0  1-1.501212  1 4.898919798 7121212110 1 6.02 5.06 3.1 6.2 19.0   28.8   72.1   46.1  .020 9-2 1 1-2▽-1.438.50 -.76 1.3677.45  .90 2.90 7.24 0 1 5 1.01 3.96 4.8012
20241012토 1100011국622 1 77 6혼전 4431맑음건조 3 4 7월드화합        선더모카대화합   2924.00한암 2 0 0 2 4  748      24750국6김동균송한우   2 4 1 1 1 4 1 0 0 0  0장추열40554.091평무보   25 2540  .054.025.22548 817401218 027 017 6202522      ↗→입    37.137.8        38.439.4 65.6 66.0              13.80   13.80 4  0  0LL동       10 0                 0 0거세출주기수신마 1기 1 511    111111⑪1:05.64    3.914.739.714.6  0 -4 -.601111  0 3.998829093 7 2 210 70 1 3.02 1.04 1.9 2.5  7.4   11.7   23.6   70.5  .02665 1 4 5 1    .438.60  .34-8.9562.71 6.9916.2825.21 3 81510.2318.2735.33 4
20251123일 4130011국6 2 7  8 8혼전 4427           4 8챔피언삭스      섀클포드클래시컬 5030.00한거 3 020   1    012:45 16500국6이관호김창식   2 0 6 6 2 5 1 0 1 5 20정정희   57.077기선적50 58 588543.066.057.826571222471321121318241617241599 0 0→↘입14.236.739.613.29855                   25 50 75 0   13.70   15.80 3 -1  0LUDN57.04831412 1.3 4.0 5.3595914-1전개최상거리속성39관 0 8                            13.7    15.8                                 2 5 2 3  1                                              .03473 1 6 8 1▲ 1.039.60 -.47     82.8420.8340.3457.7718365118.6036.0048.19 2
20251101토 3140011국651 7 58 6 1강 1149맑음건조 5 4 8챔피언삭스      섀클포드클래시컬 5030.00한거 3 025 1 1   64      16500국6이관호김창식   2 1 5 5 2 5 3 0 1 4 25조상범48857.056기도상90 88 889288.067.080.01268 622471321121618241613201899 0 0→↘입14.236.440.113.2903535.942.3 92.1 90.9 25 50 75 0   13.60   13.90 6  8  0BU동57.04831412 1.7 4.7 6.3505014 0전력변화전개최상72기 1 9 3     1 1 4⑦1:32.11¼  2.813.742.915.8  5  5-1.16 7 2  0 2.990 3968814 1 4 1 11 3 3.01 7.06 2.6 4.7  4.7    5.2   12.7   11.7  .04480 0 8 7 0   1.339.90-1.5014.4188.9343.4667.3080.0039607329.2751.1465.59 1
20250920토 3140011국621 9 78 7 1강 1159맑음포화18 4 8챔피언삭스      섀클포드클래시컬 5030.00한거 3 0 0 2 1  106      16500국6이관호김창식   2 2 4 4 1 5 2 0 0 3  0조상범48357.056기도상60 35 358546.064.085.51268 6224713211216182416132018      →↘입14.236.540.013.2834335.739.5 88.1 87.3  0 33 67 0   13.40   14.00 4 -3  0HHUP       1412 1.7 4.7 6.3505013 1전력변화탄력호전 5기 1 1 1     1 1 1②1:28.1½    .013.639.913.9  0 -4 -.70 2 2 -3  .1 5 2571192 1 3 2 11 2 3.02 9.01 2.5 3.5  6.7    9.6   27.4   15.3  .03371 1 7 6 1   1.139.10-1.6410.7688.9343.5775.1785.4739607313.2133.6144.39 1
20250823토 3130011국642 6 98 5 3강 3311흐림건조 4 4 8챔피언삭스      섀클포드클래시컬 5030.00한거 3 0 0 2 1   82      16500국6이관호김창식   2 3 3 3 1 5 1 0 0 2  0조상범48757.056하입보52 36 364114.045.022.91268 6224713211216182416132018      →↘입14.236.839.913.2903536.939.3 82.4 82.7  0  0 50 0   13.50   13.60 5  3  0HHUP       1312 3.0 4.5 7.5393912 1뒷심부족거리늘어44기 1 4 1     2 2 3④1:22.41¾   .313.440.114.0 -1  4 -.30 4 5 -1 1.23418553070 2 5 8 61 1 1.0310.01 2.1 5.4  2.1    7.0   11.7    8.211.22045 0 4 4 0   -.540.20  .26 6.0483.10 5.3212.8822.88 51222 6.3512.9522.59 7
20250720일 2120010국633 4 88 3 1강 1129맑음포화17 4 8챔피언삭스      섀클포드클래시컬 3728.00한거 3 0 0 2 1   76      16500국6이관호김창식   2 4 2 2 2 5 1 0 0 1  0장추열48357.093하도하 7  8  88034.049.024.3335011224713211224252416202522      ↘↗입14.236.540.413.298 237.038.6 75.1 75.8  0  0100 0   13.60   15.60 6 -8  0HH동       1212 6.0 3.0 9.0141412 0승군탐색부진마필67기 1 1 1     3 3 5⑥1:15.1½    .613.538.513.6  0  3  .50 6 6  3 1.34141443667 111 8 62 1 2.01 3.08 2.4 3.3  3.0    3.3    7.7    6.7  .02358-2 4 4-2   -.239.00 -.36-1.1176.56 6.4215.7024.29 5122210.0018.8226.87 8
20250608일 1120011국651 7108 1 3강 3349맑음건조 3 4 8챔피언삭스      섀클포드클래시컬 3728.00한거 3 0 0 2 1  109      16500국6이관호김창식   2 5 1 1 1 5 1 0 0 0  0정우주48057.071평무보28 25 25 5 6.030.010.2204110224713211219 82416163013      ↗↘입14.237.939.713.2221636.041.6 78.8 77.5              14.40   13.40 4  0  0LL동       12 0         5.0     0 0거세출주보통걸음46기 1 9 1     2 2 8⑨1:18.87    2.613.642.415.6  6 -2-1.20 9 3  0 2.986 396872111 911 91 1 1.0810.08 3.6 8.7  3.6   17.3   30.5  192.2  .01315 0 3 3 0  -1.438.10 -.35 -.1576.95 1.53 4.5410.24 0 2 6 1.92 8.2015.00 8
20251123일 4130011국6 2 7  5 1혼전 4427           4 9럭키분천                                한수 3 0 0   1    012:45 16500국6박재우럭키팜   3 0 1 1 1 0 1 0 0 0  0조한별   57.067평무보20 16 16 1 3.021.0 2.11342 82047 7241823292620121918      ↘↗입14.338.340.313.3 9 1                                14.60   13.60        LN동       13 0         7.0     0 0거세출주부진마필36기 0 9                            14.6    13.6                                11 91110  1                                              .013 3-4 1 3-4▼-2.240.30 -.32     84.32 1.12 1.20 2.12 1 4 8 2.33 4.00 7.7711
20251123일 4130011국6 2 7  5 3혼전 4427           410피엔에스건즈    오버애널헬리건스 3641.00한암 3 0 0   1    012:45 16500국6박윤규피엔에스 2 0 3 2 1 2 1 0 0 2  0해리카   55.071하무보50 34 34 3 8.031.010.11950101644 918 916141611182612      ↘↘입14.138.240.213.2 4 7                    0  0  0 0   14.10   13.5011  9  3BLUP       1312  .010.510.5 4 412 1걸음불변거리늘어 1   010                            14.1    13.5                                 9 8 9 7  1                                              .01413-1 2 3-1  -1.440.20 -.42     84.19 1.10 3.8210.08 51222 6.9812.0020.21 6
20250907일 2120011국651 6105 1 1강 1149맑음포화16 410피엔에스건즈    오버애널헬리건스 2640.00한암 3 0 0 1 2  204      16500국6박윤규피엔에스 2 1 2 2 2 2 1 0 0 0  0이상규45452.058하무보 5  4  4 0 2.023.0 5.1 0 0 0 833 218 9 5 01611122314      →↗입14.438.140.615.3 1 238.339.6 78.0 77.9  0  0  0 0   14.30   14.40 5 -9 -3HH동       1212  .011.011.0 2 212 0거세출주거리난점 5   0 1 5     6 710⑩1:18.03    3.414.139.513.5  0  1 -.101010 -1 3.790927389 9101111110 1 1.0210.04 3.1 5.6  3.1    6.1   11.2    5.6  .013 2-4 1 1-4▼-1.838.00 -.81 -.7877.57  .54  .94 5.14 1 3 5  .12 4.7611.39 7
20250803일 2120011국613 6 65 5혼전 4439흐림건조 3 410피엔에스건즈    오버애널헬리건스 2640.00한암 3 0 0 1 1   75      16500국6박윤규피엔에스 2 2 1 2 1 2 1 0 0 0  0김태희45355.064평무보   25 2540  .037.011.9 929 51644 918 9 9 31611152316      ↗↗입    36.738.5        38.541.3 81.2 79.3              13.80   13.60 4  0  0LL동       12 0                 0 0거세출주기수신마 5   01010    101010⑪1:21.212   5.214.442.215.6  0 -2-1.401111  0 5.397949598 8 1 1 8 90 1 7.04 6.09 2.1 7.3 15.0   40.2   37.6   56.2  .01927 0 3 3 0   -.739.90  .94 4.1375.61 2.17 5.6111.87 1 3 811.6922.0942.14 4
20251123일 4130011국6 2 7  5 1혼전 4427           411더선커밍        카우보이스톰커밍 6132.00한수 3 0 0   1    012:45 16500국6조현수한명로   0 0 3 2 1 2 1 0 0 2  0권중석   53.062평입보50 56 5626 7.028.0 5.01699 41243 9 8 0 0 0 9 3211513      ↗→선14.938.139.113.11372                    0  0  0 0   14.20   13.70 5  6 -4NHUP       1312 -.5 6.5 6.0545412 1걸음불변탐색우려40기 011                            14.2    13.7                                 7 1 3 8  1                                              .014 9-3 3 2-3▽-1.739.10  .45     83.42  .72 2.54 5.03 3 814 2.33 8.0013.99 8
20251018토 2120010국611 8 65 3 2강 2249흐림불량20 411더선커밍        카우보이스톰커밍 4026.00한수 3 0 0 2 1  109      16500국6조현수한명로   0 1 2 2 2 2 2 0 0 1  0김효정48457.070평무보60 69 694020.036.017.91939131243 9 8 0 7 0 9 3162118      →↘입14.938.038.213.1 89537.938.6 76.8 76.5  0  0  0 0   14.40   13.20 4  1  0NH동       1212 1.0 7.0 8.0676712 0걸음불변거리난점62기 0 5 7     6 6 5④1:16.86    1.314.239.013.7 -2  2 -.30 4 6 -1 2.16280446442 7 3 2 72 2 1.02 4.02 1.4 4.5  1.4    4.5    5.7   11.9  .01429-1 4 2-1   -.937.70  .21  .2576.17 3.13 8.6617.86 31018 3.95 9.8817.39 8
20250920토 2120011국650 6 55 1 1강 1149맑음포화18 411더선커밍        카우보이스톰커밍 4026.00한수 3 0 0 2 1   63      16500국6조현수한명로   0 2 1 2 1 2 1 0 0 0  0김효정48257.070평무보22 25 25 1  .024.0 4.51939131243 9 8 0 7 0 9 3162118      →↘입14.938.539.613.1 11637.638.3 75.4 76.0              15.20   13.30 4  0  0NL동       12 0         7.0     0 0거세출주탐색우려 5기 2 411    10 7 8⑧1:15.4목    .514.438.113.2  1  9  .50 8 7  0  .6486935476611 311100 1 2.04 8.10 2.6 3.7  3.0    9.7   14.2   21.4  .013 6-2 1 2-2▽-1.837.00 -.48-2.1377.23  .38  .76 4.53 1 51212.0023.6838.78 5
20251123일 5180011국5 0 8  8 4 3강 3355           5 1파워질주        어플릿익마중물   6825.00한거 33333   1    013:35 24750국5성상현이관형   2 0 5 2 2 4 4 1 0 3 33송재철   54.073기입적50 51 513521.043.019.315221027401018 0 0155033182621 099 0↗→입13.939.041.013.08718                   50 50 50 0   14.70   14.60 5 -8  0UU동57.05041813  .0 4.0 4.0585814 0걸음불변거리속성53기 0 1                            14.7    14.6                                 7 7 6 7  4                                              .01435-1 4 4-1   -.541.00  .28     118.5 4.6811.2019.34 3 817 6.8015.8123.71 6
20251019일 5180011국510 7 68 3혼전 4431맑음포화17 5 1파워질주        어플릿익마중물   6825.00한거 35050 2 1   95      24750국5성상현이관형   2 1 4 1 1 4 3 1 0 2 50송재철51154.073기입적89 25 252149.034.0 9.915221027401018 0 0155033182621 099 0↗→입13.939.741.213.083 739.043.6120.7122.4 50 50 50 0   14.30   13.30 4  0 -3LUUP57.05041813 2.0 5.0 7.0303014 4걸음불변거리늘어78기 0 9 9 8 6 7 8 9⑧2:00.7½   2.114.742.714.6  5  7  .81 8 3  0 2.89612958924 3 711 90 3 1.02 2.04 1.8 6.1  1.8    6.1    7.5    9.7  .01418-3 5 3-3▽-1.441.70  .2241.46118.9 1.33 4.19 9.86 2 5 915.6326.8537.94 3
20250920토 3140011국621 9 78 3 1강 1159맑음포화18 5 1파워질주        어플릿익마중물   5823.00한거 3 0 0 2 1   62      16500국6성상현이관형   2 2 3 3 1 4 2 0 0 1  0송재철50457.074하입보16 25 2535  .043.032.915221027401018 0 0155033182621      ↗→입13.936.640.614.085 236.539.0 88.0 87.3  0  0  0 0   13.90   14.30 2  6  0BHUP       1413 2.0 5.0 7.0303013 1교체실패거리부담 5관 1 9 8     5 4 3①1:28.0½    .014.339.313.3 -2  0 -.50 1 3 -2  .0 422361692 2 8 9 42 2 3.02 9.01 2.5 3.5  6.7    9.6   27.4   15.3  .01820-2 4 5-2   -.438.90 -.7010.0789.4110.6221.5732.92 8203316.9830.2545.74 4
20250906토 2130011국621 6 78 4 1강 1111맑음다습13 5 1파워질주        어플릿익마중물   5823.00한거 3 0 0 1 1   41      16500국6성상현이관형   2 3 2 2 1 4 1 0 0 0  0송재철50457.074평무보82 25 2545  .043.020.715221027401018 0 0155033182621      ↗→입14.536.939.012.9999937.040.8 82.9 84.3              14.50   13.2042 -4  2NBUP       13 0         4.0     0 1거세출주거리늘어45기 0 3 9     4 6 7⑦1:22.92    1.713.940.414.3  2 -8  .90 7 5    2.18021887730 2 310 62 1 4.06 1.04 2.3 2.9  7.7   88.7  149.0   80.3  .01427-1 4 5-1   -.540.40  .80 8.3582.58 4.5611.6420.67 3102010.1120.4536.49 4
20241110일 1120011국610 5 68 6혼전 4435흐림건조 5 5 1파워질주        어플릿익마중물   5630.00한수 2 0 0 2 5  857      24750국6전승규이관형   2 4 1 1 1 4 1 0 0 0  0김동수  055.073평무보   25 2540  .038.015.01650 7215014211918 02016 92027      →→추    36.738.5                                        13.80   13.60 4  0  0LL동       12 0                 0 0거세출주기수신마 1관 2 7                    취소    13.8    13.6     0 -.67      0               6 6 9 80 1 1.05 4.08 1.6 3.8  1.6   11.3   15.0   12.7  .02633 1 4 5 1   -.838.50  .85     75.61 3.58 8.2214.99 2 5 9 9.7818.2732.52 4
20251123일 5180011국5 0 8  9 6 3강 3355           5 2그랜드파크      섀클포드그랜드카 8927.00한수 3 022   1    013:35 24750국5송문길(주)디알 2 010 2 1 9 1 0 2 9 22김정준   53.076기무적50 46 462737.051.029.1264817273917272225 02723152124 05050→↘자13.937.441.012.93720                   25 38  0 0   14.20   13.20 5 -6  0HUUP57.04911813-3.0 7.4 4.4505013 4적임교체거리늘어58기 2 2                            14.2    13.2                                 3 6 8 4  4                                              .03045 1 5 5 1    .141.00  .52     117.9 9.5919.9929.10 82134 8.7417.6727.36 4
20251018토 5140011국521 7 79 8혼전 4451흐림포화19 5 2그랜드파크      섀클포드그랜드카 5030.00한수 3 025 2 1  106      24750국5송문길(주)디알 2 1 9 1 4 9 1 0 2 8 25임기원50253.079기무적50 47 475064.068.041.0244413273917272245252723253216 05050→↘선13.937.040.013.0491637.438.7 88.7 88.4 29 29  0 0   13.90   13.30 6  4 -4BUUP57.04911413-2.2 7.0 4.8505013 1선전만회적임교체69기 1 8 8    1010 7④1:28.71½  1.114.238.213.2 -7 12 -.10 411  5 1.32769243448 411 9 43 1 4.03 3.09 2.4 5.3  9.1   23.0   46.6   18.7  .04376 1 7 9 1▲ 1.138.80 -.7811.3689.2815.0929.0441.0018365112.1225.4537.72 2
20250906토 2130011국621 8 79 3 1강 1111맑음다습13 5 2그랜드파크      섀클포드그랜드카 5030.00한수 3 014 1 1  105      16500국6송문길(주)디알 2 2 8 8 4 9 1 0 1 7 14김정준49057.076평무하26 26 2626 9.042.018.5264817273917272225 02723152124 099 0→↘자14.037.540.113.5491137.638.9 81.2 82.6 17 17  0 0   14.30   14.20 5  3  0HN동57.04911413-1.4 7.6 6.2343413 0교체실패거리난점34기 0 410     8 8 3②1:21.22     .013.938.513.3 -4  4  .90 2 6  0  .42850383683 810 7 73 3 4.06 1.04 2.3 2.9  7.7   88.7  149.0   80.3  .01832-1 2 3-1   -.639.50 -.18 4.9983.68 4.2311.7718.53 3 817 2.25 6.8216.22 8
20250803일 3130011국641 9 99 5 3강 3321흐림건조 3 5 2그랜드파크      섀클포드그랜드카 5030.00한수 3 016 1 1   74      16500국6송문길(주)디알 2 3 7 7 3 9 1 0 1 6 16이동하48657.088기입적63 72 725381.064.052.3284915273917272227382723242619 099 0→↘선14.037.639.813.5453938.239.5 85.0 84.0 20 20  0 0   14.10   13.80 5 -5  0UN동57.04911414-2.0 8.0 6.0333313 0주행불만기수승부78기 1 1 8     9 9 9⑨1:25.01¾  2.214.340.314.2  3 -5-1.20 9 6 -2 2.67276577231 4 5 2 30 1 2.04 8.11 2.7 6.0  3.0    6.4   11.9   26.812.12184 0 8 6 0    .939.70 -.97 6.5983.5517.9237.7152.2515324727.1445.3960.52 1
20250628토 2130010국611 9 69 4 1강 1149흐림다습11 5 2그랜드파크      섀클포드그랜드카 5030.00한수 3 0 0 9 1  102      16500국6송문길(주)디알 2 4 6 6 2 9 2 0 0 5  0김정준49157.076하무상 5  8  825 9.041.026.8264817273917272225 02723152124      →↘자14.037.540.213.847 737.638.9 83.4 82.5  0  0  0 0   14.20   15.10 5  5  0NNDN       1414-1.0 8.0 7.0202013-1걸음불변기수영향46기 0 6 6     4 4 3②1:23.44     .014.140.013.8 -6  0-1.20 2 8  2  .72547413789 4 910 42 2 1.0810.06 1.3 4.9  1.3    7.8   10.8   27.2  .01624-2 3 3-2   -.539.40 -.47 4.7683.74 5.3714.8026.76 82033 4.0011.2127.43 5
20250525일 21400 8국640 9 49 3혼전 4459맑음다습10 5 2그랜드파크      섀클포드그랜드카 5030.00한수 3 0 0 2 1   89      16500국6송문길(주)디알 2 5 5 5 3 9 1 0 0 4  0김정준49157.076하무상 5  7  71212.039.018.4264817273917272225 02723152124      →↘자14.037.340.413.833 236.841.3 91.0 89.9  0  0  0 0   14.30   14.80 5 -8  0HNUP       1414-1.0 8.7 7.7232313 1걸음불변거리탄력48기 0 1 5     6 7 5⑤1:31.08    2.814.241.315.1 -1  4 -.50 5 6 -3 3.07839908920 5 6 8 70 1 2.04 6.07 2.0 3.6  4.5    9.2   19.9    5.5  .01616-2 3 4-2   -.838.80 -.6112.2289.76 4.00 9.7518.44 3 817 6.1211.7621.99 7
20250419토 2130011국611 9 69 1 1강 1149흐림양호 9 5 2그랜드파크      섀클포드그랜드카 5030.00한수 3 0 0 2 1  184      16500국6송문길(주)디알 2 6 4 4 1 9 4 0 0 3  0김용근48757.082하무보 9  8  8 0 7.026.0 7.5214911273917272229 02723292517      ↗↘선14.037.840.313.837 537.041.3 85.9 84.3  0  0  0 0   14.80   14.1016  2  2BBDN       1414  .0 8.5 8.5111114-1가는대로부진마필 1기 0 9 9     9 7 6⑥1:25.9코   1.114.341.914.8 -3-19-1.00 6 9  0 1.68122938649 91010100 4 4.01 1.03 1.7 5.4 10.9    7.4   21.0   12.9  .0 6 1-4 1 3-4▼-1.639.60 -.15 6.1584.00  .60 1.80 7.49 1 4 7 1.59 5.8812.11 8
20241228토 4140011국630 8 89 1 1강 1149맑음건조 5 5 2그랜드파크      섀클포드그랜드카 5030.00한수 2 0 0 9 3  506      16500국6송문길(주)디알 2 7 3 3 2 9 3 0 0 2  0김용근50655.088하무보 5  2  23214.036.015.6265020194210272229 02723292517      ↘→선14.036.640.714.284 138.340.5 92.8 90.8  0  0  0 0   14.00   14.50 4  3  0LH동       1414  .0 8.0 8.0151514 0걸음불변부진마필 1기 1 710    101010⑨1:32.86    3.214.840.814.1  0 -4-1.30 9 9  1 3.39095809414 110 6 80 3 1.02 2.09 2.2 5.3  2.2    6.1   10.4   19.3  .014 8-4 3 4-4▼ -.939.70 -.3213.5089.48 2.88 7.6115.64 1 512 4.7110.4014.71 8
20241201일 3140010국651 8109 4혼전 4429맑음포화17 5 2그랜드파크      섀클포드그랜드카 5030.00한수 2 0 0 1 3  583      16500국6송문길(주)디알 2 8 2 2 1 9 2 0 0 1  0김용근51055.088평무보 7 25 251726.046.027.9265020194210272229 02723292517      ↘→선14.337.740.914.3 4 136.541.5 91.3 90.4              14.30   14.60 5  0  0NLUP       14 0        10.0     0 2기수신마거리부담 1기 1 4 7     5 4 7⑧1:31.34    2.514.041.214.5  0-10 -.40 8 8  1 3.0862192872211 911 70 2 5.0410.11 3.6 6.7  6.1   15.4   28.9   18.7  .02028 0 4 5 0   -.338.50-1.4311.8090.37 9.9117.8327.93 41118 7.2717.9122.57 6
20241027일 1120010국611 5 19 7 3강 3339흐림다습12 5 2그랜드파크      섀클포드그랜드카 3728.00한수 2 0 0 9 4  693      24750국6송문길(주)디알 2 9 1 1 1 9 1 0 0 0  0김용근52055.089평무보   25 2540  .054.029.3283920284116272229 02723292517      ↗↘선    36.738.5        37.740.7 78.2 78.6              13.80   13.60 4  0  0NL동       12 0                 0 0걸음불변기수신마 1   0 4 7     7 810⑩1:18.21½  3.014.340.914.6  3 20  .2110 7  0 4.19475909315 2 2 6 40 1 1.04 1.05 1.3 3.4  1.3    6.1    8.2   27.611.83460 2 6 7 2    .339.60  .45 3.3675.61 7.3418.9329.31 8213411.1121.4336.05 5
20251123일 5180011국5 0 8  8 7 3강 3355           5 3남산미녀        섀클포드발랄라   8927.00한암 32040   1    013:35 24750국5리카디이기선  -4 0 7 2 2 6 3 1 1 5 40김효정   52.067우입보50 62 626280.065.050.61939133853203234403034241621185050 0→↘입13.838.041.212.98616                   40 40 40 0   14.10   14.60 4 -4  0HU동55.04791813  .4 2.4 2.8808013 0마방선전마방선전52기 0 3                            14.1    14.6                                 410 2 1  5                                            10.92976 2 8 9 2   1.041.20 -.21     118.222.8139.8650.5635536821.3639.0750.15 2
20251025토 6180011국550 8 58 8 3강 3341맑음건조 5 5 3남산미녀        섀클포드발랄라   8927.00한암 32550 9 1   83      24750국5리카디이기선  -4 1 6 1 1 6 2 1 1 4 50김효정48252.067우입보67 83 837589.063.063.21939133853203234403034241621185050 0→↘입13.839.740.812.9793538.042.5119.6120.0 50 50 25 0   14.10   13.70 4  6 -3NUUP55.04791813  .3 2.5 2.8838313 1승부최상마방선전62기 0 7 3 3 3 2 2 3③1:59.63     .514.141.814.6  1  5  .30 3 2  1 1.575 1884667 2 6 3 31 4 3.01 2.08 2.9 5.0  4.6    5.7   14.4    6.211.83381 2 9 8 2△  .941.40 -.8639.53118.725.5849.1163.1621425828.0448.1762.07 2
20250927토 4170011국650 7 58 9 1강 1134맑음다습11 5 3남산미녀        섀클포드발랄라   5030.00한암 3 033 9 1   62      16500국6리카디이기선  -4 2 5 5 1 6 1 0 1 3 33김효정47755.068평입하60 81 819090.075.095.0193913385320323440303424162118 099 0→↘입13.839.441.112.9725938.840.8113.6112.7 33 33  033   13.70   13.50 3 -8  3UNUP55.04801713  .3 3.0 3.3797913 4마방연대승부최상39기 0 1 1 1 1 1 1 1①1:53.62½  -.414.140.413.7  0 -1 -.10 1 1 -1  .028 8451295 2 1 1 11 3 1.04 1.02 1.9 4.2  1.9    7.8   11.5   20.3  .04495 3 9 9 3☆ 1.941.60-1.3632.18113.448.9882.7394.9939587245.4576.8190.28 1
20250906토 2130011국621 6 78 7 1강 1111맑음다습13 5 3남산미녀        섀클포드발랄라   5030.00한암 3 050 1 1   41      16500국6리카디이기선  -4 3 4 4 3 6 1 0 1 2 50이상규47852.055우입보99 99 998886.068.062.9 6 0 73853203234 0 03424122314 099 0↗↘입13.837.438.912.9558537.039.4 81.4 82.8 50 50  050   13.80   13.10 3 -1 -3NU동55.04801313  .0 3.5 3.5818113 0뒷심문제마방연대58기 0 9 6     7 4 4③1:21.41½   .213.739.013.5  1 -2  .90 3 2 -2  .63521573474 7 2 2 10 1 4.06 1.04 2.3 2.9  7.7   88.7  149.0   80.312.02985 2 7 7 2   1.239.60 -.60 6.4582.8430.2349.9462.8835536830.3451.1456.76 1
20250817일 1130011국651 8108 7 3강 3341맑음양호 8 5 3남산미녀        섀클포드발랄라   5030.00한암 3 0 0 2 1   53      16500국6리카디이기선  -4 4 3 3 2 6 2 0 0 1  0김효정48055.068평입보52 25 254536.059.042.7193913385320323440303424162118      →↘입13.837.439.512.9514737.638.1 82.1 82.1  0  0  0 0   13.80   13.30 4  4  0BHUP       1312 2.0 3.0 5.0767612 1마방연대거리속성35기 010 3     4 4 3②1:22.11     .013.838.913.1 -2  4 -.50 2 4  1  .21247141193 5 411 22 2 3.0411.10 4.3 7.3  4.5   14.2   25.4   14.111.22846 0 6 6 0    .639.50 -.42 5.2483.2317.6531.4242.7221425811.4323.5331.99 4
20250719토 1120010국641 6 98 8혼전 4445비  불량20 5 3남산미녀        섀클포드발랄라   3728.00한암 3 0 0 2 1   66      16500국6리카디이기선  -4 5 2 2 1 6 1 0 0 0  0김효정47655.070평무보49 25 2540  .061.048.1193913385320323440303424162118      →↘입13.837.738.412.9    37.139.0 75.5 75.8              14.00   13.10 7  4  0BLDN       13 0                 0-1마방기습마방연대44기 0 6 4     4 4 6⑤1:15.5머리  .213.838.813.3  2-21  .60 5 3    3.1424260547410 1 9 42 1 1.06 4.11 2.7 6.2  2.7   17.5   24.8   18.912.72954 2 6 7 2    .737.80 -.60 -.3376.1215.8133.4148.0910233613.0423.6845.82 5
20250601일 11300 9국641 9 98 7혼전 4424맑음건조 3 5 3남산미녀        섀클포드발랄라   5030.00한암 3 0 0 1 1  129      16500국6리카디이기선  -4 6 1 1 1 6 1 0 0 0  0정정희  055.077평무보49 25 254830.055.048.6265712385320323430363424172415      →↘입13.836.940.212.99411                                14.00   13.10 4  0  0NL동       13 0         2.0     0 0거세출주마방기습47기 0 2                    취소    14.0    13.1     0 -.67      0               1 8 9 30 1 1.03 4.06 2.3 4.0  2.3    4.3    7.3    4.613.22858 2 6 9 2    .440.20 -.70     83.3517.7135.1048.5514284213.7326.0244.71 4
20251123일 5180011국5 0 8  8 5 3강 3355           5 4큐피드월드      콩코드포월드클래 7429.00한암 3 0 0   1    013:35 24750국5신삼영서순배  -1 013 4 112 1 0 012  0조한별   52.067평추상50 51 5125 9.037.014.11342 8 625 6 919 8 510 2121918 0 099↘↗입14.139.540.913.03932                   18 36  927   14.70   13.30 3 -1  0HUUP54.14371812-2.6 8.0 5.4636313 1주행평범단기승부35관 0 4                            14.7    13.3                                 9 5 710  9                                              .01717-3 3 2-3▽ -.840.90  .28     118.7 3.41 7.7714.11 1 4 7 1.94 5.5812.7710
20251101토 5170011국550 7108 1혼전 4413맑음건조 5 5 4큐피드월드      콩코드포월드클래 7330.00한암 3 0 0 1 1   62      24750국5신삼영서순배  -1 112 3 112 1 0 011  0이혁  45252.088기추보26 21 212210.039.013.61428 6 625 6 919242610 2272119 0 099↘↗선14.140.341.613.0204339.541.4112.8113.3 20 40 1030   14.50   13.70 4 -5  0NUUP54.84321712-1.0 7.4 6.4505013 3걸음불변탐색우려88기 1 5 8 8 8 8 9 8④1:52.81½   .414.740.613.3 -5 -8  .60 4 9  0  .5423062507111 8 9 83 2 1.0510.07 2.6 6.8  2.6    9.3   14.8   58.7  .01416-4 2 2-4▼ -.840.80 -.2331.36114.4 2.87 6.8513.62 2 511 3.03 8.9215.92 7
20251003금 7140011국530 2 88 1혼전 4451흐림다습11 5 4큐피드월드      콩코드포월드클래 7330.00한암 3 0 0 1 1   60      24750국5신삼영서순배  -1 211 2 212 4 0 010  0조한별46052.067기추보32 26 2624 4.031.0 6.71342 8 625 6 919 8 510 2121918 0 099↘↗입14.137.439.813.0304737.739.2 89.4 89.4 22 33 1133   14.50   13.30 5  9  0BUUP54.84321412 -.6 6.4 5.8565613 2주행평범기복전력35관 11011     9 810⑨1:29.41    1.414.539.113.7  0  2 -.10 9 9  0 2.2688345663611 9 9100 8 1.03 5.02 1.9 3.7  1.9    6.4    8.6   25.6  .017 9-4 1 1-4▼-1.538.60 -.0212.2489.41  .41 2.27 6.73 1 4 8 1.61 2.80 8.2711
20250831일 5120011국551 4108 2혼전 4441맑음다습13 5 4큐피드월드      콩코드포월드클래 5221.00한암 3 0 0 9 1   91      24750국5신삼영서순배  -1 310 1 612 3 0 0 9  0조한별45852.068기추적86 88 885222.035.0 8.51342 8 625 6 919 8 510 2121918 0 099↘↗입14.137.838.713.1257537.638.6 75.3 76.2 25 38 1338   14.50   13.40 5 -7 -3UUDN54.84321412 -.6 5.6 5.0626213-1전력변화기복전력64기 0 110    101110⑧1:15.31¾  1.214.538.213.3 -1 18  .90 8 9  3 1.2557043564211 7 5113 7 1.02 2.07 3.4 9.4  3.4   10.5   15.0   25.110.52330-3 5 4-3▽-1.337.80  .30 -.3476.34 1.76 4.00 8.53 0 2 5 7.1414.2120.39 7
20250726토 1130011국612 7 68 4 2강 2231맑음건조 4 5 4큐피드월드      콩코드포월드클래 7330.00한암 3 0 0 9 1   87      16500국6신삼영서순배  -1 4 9 9 212 2 0 0 8  0조한별44055.067우추적86 95 957158.057.036.51342 8 625 6 919 8 510 2121918 0 099↘↗입14.137.839.313.1287538.637.1 82.5 82.1 43 57 1429   14.10   13.50 5  3  0NNUP54.84281412 -.4 5.4 5.0606013 1뒷심문제최적거리42기 0 810     9 7 4③1:22.51¼   .214.538.213.4 -3 12-1.10 3 6 -1  .31187 11386 6 4 1 53 6 1.02 2.04 1.7 4.2  1.7    5.6    8.1   22.313.22957-1 6 4-1    .439.00 -.34 4.9683.3510.3123.7636.49 6152610.4721.3533.68 4
20250622일 1120011국640 8 98 2 1강 1159맑음포화15 5 4큐피드월드      콩코드포월드클래 5221.00한암 3 0 0 2 1   91      16500국6신삼영서순배  -1 5 8 8 512 1 0 0 7  0조한별42855.068기추적32 36 3629 3.038.013.81342 8 625 6 919 8 510 2121918 0 099↘↗입14.137.738.613.1188236.938.4 75.9 75.2 33 33 1733   14.30   15.20 4 -2  0NNDN54.54281412 -.4 6.2 5.8525213-2걸음불변선추겸비73기 0 5 7     6 6 4③1:15.9목    .014.138.713.5 -4-11 -.60 3 7  1  .72237362688 8 3 5 73 5 2.06 6.02 3.7 6.9  3.7   21.0   29.9   68.9  .01428-2 1 1-2   -.837.60  .27-1.1576.23 2.38 6.6313.76 3 815 1.43 2.82 6.64 9
20250524토 2140010국650 9108 2혼전 4456흐림다습13 5 4큐피드월드      콩코드포월드클래 7330.00한암 3 0 0 2 1   79      16500국6신삼영서순배  -1 6 7 7 112 1 0 0 6  0해리카43955.071기추적68 68 683720.044.025.9195010 625 6 919161710 2182612 0 099↘↘입14.137.239.513.1396837.441.6 92.7 91.2 20 60 2040   14.10   14.40 4  6  0NNUP54.54281412  .2 6.0 6.2515113 1신마적응탐색우려28관 1 7 8     91010⑨1:32.7½   3.314.341.715.2  3  5-1.00 9 6  2 4.59369929416 6 2 2 60 1 2.08 1.03 3.7 8.7  4.2   18.1   26.6  123.8  .02532-2 4 3-2   -.539.20 -.2114.4989.07 6.4715.0425.90 51222 5.6613.0119.67 8
20250426토 2130011국651 9108 6혼전 4424맑음양호 9 5 4큐피드월드      콩코드포월드클래 7330.00한암 3 0 0 9 1  163      16500국6신삼영서순배  -1 7 6 6 112 4 0 0 5  0조한별43455.067기추상71 76 768342.061.034.81342 8 625 6 919 8 510 2121918 0 099↘↗입14.238.039.113.1168936.839.8 84.2 82.5 25 50  050   14.70   13.50 8 -7  1UNUP54.54281312 -.3 6.5 6.3464612 1전력변화탄력호전 1기 1 1 6     5 7 7⑥1:24.2머리  .414.140.414.4  2  6-1.20 6 4 -1  .52714694375 9 1 1 50 4 6.0511.03 2.6 6.1 10.6   54.3  133.8 1086.7  .03363 0 7 6 0    .638.90 -.32 5.4083.3511.5122.8534.78 71627 9.6827.5933.96 2
20250301토 2120010국653 9108 5 1강 1141흐림건조 3 5 4큐피드월드      콩코드포월드클래 5221.00한암 3 0 0 1 2  331      16500국6신삼영서순배  -1 8 5 5 412 3 0 0 4  0조한별42854.565하추적66 67 674536.053.038.51882 71356 5 919 8 510 2121918      ↗↘입14.237.938.513.1 98737.837.7 77.4 75.4  0 33  033   14.80   13.40 5 -2  1NN동       1212  .0 7.0 7.0383812 0걸음불변탄력호전 1기 0 8 9     9 9 6④1:17.4¾    .314.738.713.5 -1  8-1.90 4 5  0  .52477132777 8 2 3 53 3 7.0110.04 2.7 5.8 33.4  104.2  408.9  503.8  .03342-2 5 4-2   -.137.50 -.48-1.0076.2812.4023.8038.4614284212.7026.2837.99 4
20250125토 3120011국611 9 68 2 2강 2239맑음건조 3 5 4큐피드월드      콩코드포월드클래 5221.00한암 3 0 0 9 3  418      16500국6신삼영서순배  -1 9 4 4 312 2 0 0 3  0조한별42054.069하무적26 25 25 7 8.033.019.01240 5149910 919 8 510 2121918      ↗↗입14.237.939.913.6 91637.737.7 77.5 75.5  0  0  0 0   14.50   13.90 5  4  1BN동       1212 1.0 8.0 9.0232312 0걸음불변거리난점 1관 310 8     8 8 5③1:17.53     .514.838.813.4 -2-20-2.10 3 5 -6 1.22874132675 7 4 2 73 2 1.03 3.07 1.8 4.9  1.8    9.8   12.7   28.2  .014 9-3 3 2-3▽-1.437.50 -.72-2.3077.06 3.75 9.3218.96 51222 6.6711.8815.42 8
20241222일 1120011국650 7108 1혼전 4439맑음양호 7 5 4큐피드월드      콩코드포월드클래 5221.00한암 2 0 0 2 3  520      24750국6신삼영서순배  -110 3 3 212 1 0 0 2  0조한별44053.069하무하 5  4  4 810.031.0 6.11240 5149910 919 8 510 2121918      ↗↗입14.237.940.415.312 237.838.8 77.9 76.3  0  0  0 0   14.20   15.60 7  1  0NH동       1212 6.0 5.011.0 2 212 0걸음불변거리난점 1관 1 610    10 9 7⑦1:17.91¾  1.214.539.513.9 -4 10-1.40 711  6 1.557774663481212 4120 1 6.0512.09 2.5 6.1 10.2   47.3  126.0   74.3  .01410-3 2 1-3▽-1.537.70 -.62-1.9977.34  .42 2.11 6.05 0 1 4 2.15 7.29 7.9912
20241102토 1120011국630 7 38 6 1강 1139맑음양호 7 5 4큐피드월드      콩코드포월드클래 5221.00한암 2 0 0 1 4  682      24750국6신삼영서순배  -111 2 2 112 1 0 0 1  0이혁  43053.092평무하31 35 3535  .049.028.52959 3175011 919242610 2272119      ↗↘선14.237.638.713.1338237.642.0 80.1 79.5              14.20   13.4015 -1  0LNUP       12 0         8.0     0 2기수신마기수승부 1기 0 5 7     8 911⑪1:20.11¼  5.114.242.315.6  6  0 -.5011 5  1 5.197699797 9 9 710 50 1 1.02 1.03 1.8 2.4  1.8    2.4    3.7    6.7  .02059 0 3 4 0    .039.00 -.17 3.1776.23 7.7916.7328.51 6162810.2319.7834.27 3
20240720토 1100011국610 1 18 4혼전 4435비  다습12 5 4큐피드월드      콩코드포월드클래 5221.00한암 2 0 0 2 5  962      24750국6신삼영서순배  -112 1 1 112 1 0 0 0  0신형철43053.080평무보   35 3540  .040.0 9.71729 81125 7 919271810 2161526      ↘↗추    37.137.8        37.537.6 63.4 63.2              13.80   13.80 4  0  0LN동       10 0                 0 0걸음불변기수신마 1   0 6 8     8 8 7⑧1:03.42    1.314.238.013.4  4 -8 -.81 8 4  0 2.16255404246 8 8 8110 1 1.03 7.10 1.4 3.3  1.4    3.3    4.5   18.3  .01638 0 3 3 0   -.838.00  .77-11.762.71 1.75 4.62 9.69 0 2 5 9.0918.1827.27 6
20251123일 5180011국5 0 8  7 8 3강 3355           5 5크리솔동해      크리솔라동해텐텐 9421.00한수 43366   1    013:35 24750국5전승규요시다가 2 0 4 1 1 3 2 1 1 3 66이혁     54.087강입보50 62 628388.059.044.01428 62644 9213517 020162721195050 0↘↗선13.936.740.813.38847                   67100 6733   14.10   13.60 4  1 -3NUUP56.84981814 -.7 2.7 2.0787814 4유망전력거리속성49관 1 5                            14.1    13.6                                 2 3 1 2  2                                              .03781 3 8 6 3▲  .740.80  .45     117.617.5233.0744.0021425823.3041.8655.62 1
20251025토 3140011국641 6 97 5 1강 1131맑음건조 5 5 5크리솔동해      크리솔라동해텐텐 5426.00한수 4 050 9 1   86      16500국6전승규요시다가 2 1 3 3 2 3 1 0 1 2 50이혁  50357.088강입보88 83 838987.062.038.11428 62644 9213517 0201627211999 0 0↘↗선13.936.440.513.8952536.738.4 88.6 87.2 50100100 0   13.90   14.1016 -5  0VVUP56.54931412 -.5 3.0 2.5696914 2걸음불변최적거리58트 0 4 7     4 3 2①1:28.62½  -.414.139.013.6 -1  8-1.10 1 2  0  .0 32816 694 110 1 32 1 2.04 4.06 3.1 5.5  3.5   13.0   22.1  141.7  .02188 0 7 5 0   1.039.10 -.6510.2789.2112.6924.4338.0612253918.3232.4143.55 2
20250706일 1120011국621 4 77 5혼전 4439맑음건조 3 5 5크리솔동해      크리솔라동해텐텐  440.00한수 4 0   1 2  287      16500국6전승규요시다가 2 2 2 2 1 3 2 0 1 0  0코지  49557.085강도보84 86 8689  .059.053.82156 62050 521353344201625261999 0 0↗→선14.136.739.814.0964336.439.1 76.0 75.4100100100 0   14.10   13.3023  8  1BVDN56.54931414-2.0 4.0 2.0858514-2강단마필도주강력37관 0 9 7     4 4 3③1:16.05     .913.939.614.1  1  2 -.50 3 2 -2 1.62611633351 4 6 1 32 2 1.07 3.07 2.1 2.4  2.1   18.3   27.2   10.5  .03367 0 7 5 0    .438.60-1.00-1.1576.3419.9339.0853.8032526416.9828.8055.20 2
20250126일 2140011국610 9 17 7혼전 4439맑음건조 3 5 5크리솔동해      크리솔라동해텐텐 5426.00한수 4 0 0 9 3  448      16500국6전승규요시다가 2 3 1 1 1 3 1 0 0 0  0코지  49356.587평무보   25 2540  .055.045.0224412225012213533442016252619      ↗↗선    36.639.1        36.140.1 90.0 88.0              13.90   13.50 4  0  0NL동       14 0                 0 0거세출주마방기습 1관 0 1 3     2 1 1②1:30.01½   .014.140.614.3 -2 14-1.50 2 4  0  .320 8724287 1 1 9 41 1 6.04 2.01 1.5 2.7 19.6   68.4  186.4  969.412.72867 2 6 8 2    .439.10 -.0912.3088.3816.0632.0844.9510233612.5022.6453.96 4
20251123일 5180011국5 0 8  9 4 3강 3355           5 6강철파워        라이언메선플라자 24     한수 4 0 9   1    013:35 24750국5최봉주허건호   4 016 2 221 1 0 221  9김태훈   53.072평추보50 59 594823.042.019.02043101643121320 0 017 7112519 0 099↘→입14.040.940.712.61628                   17 11  017   15.60   14.30 4  5  0NU동57.04991814-1.8 5.6 3.8727214 0발주불량거리속성59기 0 6                            15.6    14.3                                11 2 4 8  1                                            11.22541-1 5 3-1   -.540.70 -.19     119.2 4.4510.8818.99 2 713 5.8313.9520.06 7
20251025토 6180011국550 8 59 4 3강 3341맑음건조 5 5 6강철파워        라이언메선플라자 24     한수 4 010 9 1   83      24750국5최봉주허건호   4 115 1 121 1 0 220 10김동수49253.073평추보53 67 673737.035.017.21420 6164312132013 017 7 92027 0 099→→추14.040.640.612.6283240.941.6119.9120.3 18 12  018   14.90   13.20 4 -1 -4UUUP57.04991814-1.0 5.2 4.2696914 1걸음불변거리늘어44기 0 111101010 7 4⑤1:59.9¾    .815.640.914.3 -3 -2  .30 5 8  4 1.8817678875610 4 4 60 1 3.01 2.08 2.9 5.0  4.6    5.7   14.4    6.212.11435-1 6 4-1  -1.040.50 -.0239.13119.0 3.38 9.2417.24 31020 8.4119.9031.03 4
20250927토 4170011국650 9 59 6 1강 1134맑음다습11 5 6강철파워        라이언메선플라자 2431.00한수 4 0 5 9 1   62      16500국6최봉주허건호   4 21420 521 1 0 119  5박태종49457.075평추상62 65 656959.065.058.211 0 8164312132022 017 7202320 0 099↘↗선14.040.041.112.6374740.040.3114.0113.1  6 19  019   14.50   13.20 5 -1  0HNUP57.05041714-1.0 5.6 4.6656514 3주행평범탄력호전72기 1 2 9 9 6 6 5 4②1:54.02½   .014.939.913.2 -2-10 -.10 2 4 -1  .44056313189 5 2 2 23 1 1.04 1.02 1.9 4.2  1.9    7.8   11.5   20.3  .03367 1 6 6 1   1.141.00 -.8231.98113.820.8741.7258.2318395618.1839.1351.39 2
20250824일 3140011국611 9 69 7 2강 2252맑음건조 4 5 6강철파워        라이언메선플라자 2431.00한수 4 0 5 2 1   72      16500국6최봉주허건호   4 31319 821 2 0 118  5조재로50457.078평추상62 71 715384.069.074.52748131643121320 0 017 7192422      ↗↘추14.037.639.512.6233237.338.3 88.7 87.9  7 13  013   14.80   12.90 4  1  0HN동       1714-1.0 5.8 4.8585814 0적임교체탄력호조53기 1 3 9     8 7 6④1:28.7코    .114.538.113.2 -1 15 -.60 4 5 -1  .41662182176 7 5 3 23 2 4.02 1.02 1.6 5.1  9.0   16.1   39.5    8.2  .04461-1 7 7-1   1.338.10-1.7210.7989.3434.4158.3774.4918395627.7857.1463.88 1
20250727일 31400 8국650 9 59 6 3강 3359맑음건조 3 5 6강철파워        라이언메선플라자 2431.00한수 4 0 0 9 1   55      16500국6최봉주허건호   4 41218 721 1 0 017  0조재로48957.078평추하34 40 403336.064.072.92748131643121320 0 017 7192422      ↗↘추14.037.639.612.7232838.337.5 90.0 88.0  0  7  0 7   14.10   13.90 4  0  2HNUP       1714-1.4 6.6 5.2474714 1걸음불변적임교체64기 0 2 7     5 5 3②1:30.07     .014.838.112.9 -4 -3-1.60 2 6  1 1.32095 32888 8 3 3 13 1 2.06 9.02 3.2 4.9  3.8   26.8   46.5   52.812.24368 0 5 7 0    .938.10-1.7610.8089.4130.1856.7672.9135536820.5137.5053.05 3
20250628토 2130010국611 9 69 4 1강 1149흐림다습11 5 6강철파워        라이언메선플라자 2431.00한수 4 0 0 9 1   79      16500국6유재길허건호   4 51117 421 5 0 016  0김성현49255.067평추하31 34 3442 4.038.020.0 922 6 8 0 4 7 715 8 8 0162519      →↗입14.037.839.212.7384738.538.8 84.3 83.4  0  8  0 8   14.80   14.40 2  0  0HHDN       1714-2.0 7.6 5.6404014-4걸음불변거리속성42기 0 2 5     9 8 7⑥1:24.33     .914.139.913.9  1  0-1.20 6 5 -1 1.65786376560 6 1 3 60 7 1.0810.06 1.3 4.9  1.3    7.8   10.8   27.2  .01424-1 2 1-1   -.839.30  .15 6.3783.29 4.1710.6119.95 61628 2.00 3.7412.00 7
20250614토 31700 9국630 9 39 4 2강 2238맑음건조 3 5 6강철파워        라이언메선플라자 2431.00한수 4 0 0 2 1   38      16500국6유재길허건호   4 61016 421 4 0 015  0김성현49255.067하추상40 38 3835 7.040.020.4 922 6 8 0 4 7 715 8 8 0162519      →↗입14.040.341.512.7182839.341.9115.3113.9  0  8  0 8   14.50   13.60 2 -1  0HHUP       1714-2.6 8.0 5.4363614 3전력변화거리속성62기 0 2 3 3 3 5 5 7⑦1:55.33    1.414.842.114.4  1 -1-1.10 7 6  0 2.46622766445 9 2 3 42 6 1.08 3.06 1.6 2.6  1.6   21.3   25.8   97.4  .02323-2 3 2-2   -.740.90 -.3132.09114.3 4.0010.0520.40 81526 1.12 5.1911.95 6
20250531토 31400 9국630 9 89 4 1강 1159맑음건조 4 5 6강철파워        라이언메선플라자 2431.00한수 4 0 0 9 1   57      16500국6유재길허건호   4 7 915 621 3 0 014  0김성현49355.067하추상18 17 1724 5.044.020.6 922 6 8 0 4 7 715 8 8 0162519      →↗입14.037.939.812.7 61837.438.8 90.2 88.2  0  0  0 9   14.20   14.00 3 -2  0HH동       1714-2.2 9.0 6.8222213 0걸음불변탄력호조40기 0 3 7     9 9 5④1:30.21¾   .414.538.913.6 -2  0-1.10 4 6  0 1.1247130427210 4 6 73 5 2.03 9.07 2.7 4.2  2.7    5.9   10.7    3.6  .04425-2 2 2-2   -.337.90 -.6910.5089.76 5.4011.2820.60 51223 1.61 5.84 9.68 9
20250511일 21400 8국653 9 59 2 1강 1149흐림포화19 5 6강철파워        라이언메선플라자 2431.00한수 4 0 0 2 1  111      16500국6유재길허건호   4 8 814 521 2 0 013  0김성현49355.067하추하 6 11 1111 3.034.013.6 922 6 8 0 4 7 715 8 8 0162519      →↗입14.037.939.812.7 61637.639.2 91.1 89.4  0  0  010   14.70   13.90 3  1  1NN동       1712-3.010.0 7.0181813 0걸음불변감량기수 1   0 5 4     6 7 5⑤1:31.15    1.314.239.914.0 -1  1-1.20 5 6  4 1.66779446249 8 3 7 60 4 2.04 7.06 2.0 4.0  4.3   11.0   17.7    6.8  .01413-2 1 1-2  -1.238.10 -.5011.7489.76 1.91 5.7113.62 51222 1.49 2.86 6.44 8
20250420일 31400 7국610 9 19 4 1강 1159맑음양호 9 5 6강철파워        라이언메선플라자 2431.00한수 4 0 0 2 1  173      16500국6유재길허건호   4 9 713 421 1 0 012  0김성현49254.067하추상14 10 1024 5.044.031.4 922 6 8 0 4 7 715 8 8 0162519      →↗입14.037.839.812.7 91638.739.2 92.7 90.7  0  0  010   14.60   13.80 2  3 -3HHUP       1712-1.6 8.8 7.2181813 1걸음불변탄력호전 1기 0 4 6     6 6 5⑤1:32.7¾    .514.740.113.9  3 -5-1.85 5 2 -8 2.49098448764 8 5 7 42 3 1.03 5.03 1.1 2.9  1.1    2.9    3.2    5.4  .03328-3 2 3-3   -.338.50 -.8913.1289.69 9.5918.8831.35 82033 1.25 5.19 8.96 8
20250406일 2130011국630 9 89 2 1강 1159맑음불량20 5 6강철파워        라이언메선플라자 2431.00한수 4 0 0 1 2  216      16500국6유재길허건호   410 612 321 2 0 011  0오수철49757.058하추상11 12 12 9 2.031.011.11040 811 0 8 7 7 6 0 8 0122315      →→입14.038.239.612.7162838.839.0 82.7 83.2  0  0  011   14.60   14.00 4 -9  1HN동       1712-2.0 8.8 6.8181812 0걸음불변거리탄력 1관 1 110     9 8 8④1:22.74    1.814.638.913.8 -6 -4  .80 410  0 2.0539247793510 7 7 93 7 3.02 6.10 2.2 4.1  5.0    8.2   18.2   29.2  .01611-3 1 1-3▽-1.338.90 -.09 5.4283.80 2.14 5.1711.13 1 4 8  .12 3.23 7.41 8
20250308토 2130010국630 9 89 1혼전 4436맑음다습11 5 6강철파워        라이언메선플라자 2431.00한수 4 0 0 2 2  310      16500국6유재길허건호   411 511 221 1 0 010  0오수철50156.558하추상 5  9  914 3.031.0 8.71040 811 0 8 7 7 6 0 8 0122315      →→입14.038.239.512.7163538.240.2 83.5 83.7  0  0  013   15.00   14.10 2  7  3NNDN       1712-2.4 9.2 6.8252512-1걸음불변거리속성 1관 010 9     9 7 7⑧1:23.51    2.114.639.614.0 -2 -2  .30 810  2 2.3687679873010 6 8110 6 2.03 2.04 2.2 3.6  4.2    8.2   16.0   37.9  .014 9-4 1 1-4▼-1.539.00  .03 5.9983.74  .60 3.15 8.72 0 2 5 2.04 3.45 7.5411
20250223일 3140011국641 9 99 1 2강 2241맑음건조 3 5 6강철파워        라이언메선플라자 2431.00한수 4 0 0 9 2  341      16500국6유재길허건호   412 410 321 1 0 0 0  0김성현50353.570하무보 5  3  3 211.025.0 5.11650 511 0 8 7 715 8 8 0162519      →→입14.037.839.712.7 92538.339.9 92.1 90.1  0  0  014   15.50   15.3021 -4 -3HHDN       1712-2.6 8.8 6.2292912-3가는대로거리탄력 1관 1 3 9     9 9 7⑥1:32.16    2.215.040.214.1 -2 26-1.30 6 8 -3 2.98195658925 8 3 9103 2 1.03 6.07 2.5 4.4  2.5    4.7    9.0    3.4  .016 3-4 1 1-4▼-1.738.40 -.1412.6089.62  .59 2.36 5.14 1 3 8 1.96 6.3815.52 6
20240928토 6170011국610 6 69 1 2강 2246맑음건조 5 5 6강철파워        라이언메선플라자 2431.00한수 3 0 0 9 4  786      16500국6유재길허건호   413 3 9 321 1 0 0 8  0오수철47756.065하추보 7  7  7 8 2.029.0 5.8 5 0 5 5   3 7 7 6 0 8 0122315      ↘↗입14.040.241.412.7223242.044.3119.7119.2  0  0  017   14.40   14.80 5  2  0NNUP       1712-1.4 8.6 7.2252512 3걸음불변부진저하 1기 0 7111111111111⑪1:59.719   7.915.544.215.3  0  4  .101111  8 8.499999699 7 8 811110 5 1.06 1.06 1.7 4.9  1.7   10.5   13.8   21.7  .014 4-4 1 1-4▼-1.641.80  .1237.64114.2  .48 1.34 5.83 0 1 5  .12 2.23 6.4511
20240825일 41400 9국620 8 29 1 1강 1159맑음다습12 5 6강철파워        라이언메선플라자 2431.00한수 3 0 0 2 5  862      16500국6유재길허건호   414 2 8 221 1 0 0 7  0코지  47356.080하추하11  8  820 4.033.020.330991310 0 6 7 7 0 0 8 0252619      →↘선14.037.839.612.7 82837.739.7 91.9 89.9  0  0  017   14.00   14.50 5 -4  0NN동       1712-2.0 9.8 7.8242412 0걸음불변부진저하 1기 0 5 8     9 9 7⑥1:31.9¾   1.614.440.814.8  3 -5-1.65 6 3 -8 1.77882607736 9 2 5 73 1 5.02 3.08 1.4 2.2 18.3   31.8   78.8   65.6  .01414-3 1 1-3▽-1.238.30 -.4812.5089.55 3.89 9.7320.28 41118 4.00 5.9716.67 9
20240721일 3140011국650 9 59 1 1강 1153흐림불량20 5 6강철파워        라이언메선플라자 2431.00한수 3 0 0 2 5  950      16500국6유재길허건호   415 1 7 121 1 0 0 6  0오수철47856.060하추하 8  5  5 6 2.027.0 7.815501010 0 6 7 7 6 0 8 0122315      ↘↘입14.437.939.512.7 63237.440.0 91.2 89.9  0  0  020   14.70   15.00 3  4  4NNDN       1712-1.3 9.7 8.3262612-3걸음불변부진저하 1   0 9 8    10 8 8⑥1:31.23    2.114.040.614.5 -5 -3 -.60 611  7 3.2797068772811 3 9 70 4 3.02 6.10 3.4 4.5  3.8    6.5   13.1   13.9  .014 6-4 1 1-4▼-1.638.20 -.1612.5489.55  .61 1.78 7.76 3 815  .12 2.58 7.5311
20251123일 5180011국5 0 8  8 2 3강 3355           5 7신의운명        퍼지    로켓퀸   4837.00한거 4 812   1    013:35 24750국5문병기김진태a  2 016 6 926 2 2 125 12김아현   57.058기입적50 37 3721 7.037.014.9 6 0 43253162519 0 02829162013 06733→→입13.539.241.112.66510                   19 19 1313   14.80   14.60 2  5  5LB동55.24821818  .0 7.0 7.0333314 0탄력늘어기복전력55기 0 7                            14.8    14.6                                 8 910 9  2                                            11.21813-3 2 2-3▽ -.941.10  .28     118.7 3.20 7.7114.93 0 2 6  .97 3.72 8.2111
20251109일10180011국551 9 58 3 3강 3311맑음건조 3 5 7신의운명        퍼지    로켓퀸   4837.00한거 4 812 2 1   24      33000혼4문병기김진태a  2 115 5 826 1 2 124 12김아현50252.058기입적 5  1  117 4.032.010.6 6 0 43253162519 0 02829162013 06733→→입13.540.040.912.6572039.242.6121.9120.3 20 20  713   15.10   14.20 2 -4  0UU동55.24821814  .0 5.6 5.6474714 0걸음불변거리속성35기 0 2 4 4 3 8 9 8⑧2:01.9½   1.614.842.314.6 -2 14 -.70 810  2 1.77916907936 3 5 8 80 1 1.04 7.05 2.9 4.0  2.9    9.3   15.5   23.911.21414-3 1 1-3▽-1.241.10  .2039.35118.9 1.69 4.5910.55 2 713 1.30 2.48 8.2710
20251026일 7180011국521 6 78 5 2강 2241흐림양호 7 5 7신의운명        퍼지    로켓퀸   4837.00한거 4 813 9 1   27      33000국5문병기김진태a  2 214 4 726 1 2 123 13김효정48852.067기입보 5  1  126  .048.028.9193913325316251919 02829162118 06733→↘입13.539.740.912.6771640.742.7122.9122.9 20 27  7 7   13.50   12.90 9 -3 -1NUUP55.24821814 -.2 4.8 4.6585814 1출주취소거리속성64기 0 6101011111111⑪2:02.97    4.415.141.914.2  3 -5  .1911 8    5.197739094 6 3 511 30 1 1.02 7.05 1.5 2.6  1.5    2.6    3.3   11.2  .02236 0 3 5 0    .041.70 -.1242.32118.8 6.3215.2928.85132843 7.6916.5127.95 4
20250824일 71700 9국543 4 48 5 3강 3311맑음건조 4 5 7신의운명        퍼지    로켓퀸   5237.00한거 4 813 2 1  154      33000국5문병기김진태a  2 313 3 226 1 2 123 13빅투아  052.588기입보 9  7  73617.046.024.4295116325316251923 02829202818 06733→↘입13.539.241.412.68228                   20 27  7 7   14.70   14.00 7  7  1VNUP55.24821814 -.2 4.8 4.6585814 1걸음불변거리속성19관 0 9                    취소    14.7    14.0     0  .67                      4 6 9 50 2 3.01 4.07 2.2 3.8  4.3    4.4   10.4    3.211.21446-1 3 4-1   -.341.40  .23     113.5 6.3713.4624.44 81526 4.3012.6421.43 5
20250705토 61600 9국520 5 78 3 2강 2231맑음건조 3 5 7신의운명        퍼지    로켓퀸   5237.00한거 4 913 1 1  121      33000국5문병기김진태a  2 412 2 126 1 2 122 13푸르칸49352.071기입하13 12 121726.046.022.2235318325316251919 02829132419 06733→↘추13.536.240.312.6712038.039.1105.3105.0 21 21  7 7   14.50   15.00 3 -4  0UUDN55.24821814 -.2 4.8 4.6585814-2걸음불변기수영향60기 0 2 9   9 9 9 9⑨1:45.34    3.214.740.314.0  1  6 -.20 9 8 -1 3.790983677 8 3 6 9 60 2 1.04 6.09 2.4 3.4  2.4    7.1   10.6   14.4  .01628 0 4 6 0   -.340.30  .0928.51103.3 5.5111.7922.24 51323 2.60 9.2014.57 6
20250615일 6180011국410 9 68 4 1강 1132맑음건조 3 5 7신의운명        퍼지    로켓퀸   4837.00한거 4 914 2 1   46      33000국4문병기김진태a  2 511 1 626 1 2 121 14이동하48752.088평입하24 24 243718.044.018.3284915325316251926222829242619 06733→↘선13.540.040.512.6524339.742.8122.6121.3 23 31  815   14.30   14.10 2  4 -1NU동55.24821814  .0 3.8 3.8656514 0교체실패거리속성37기 0 6 3 3 5 6 810⑩2:02.66    3.614.543.615.0  1  1-1.2010 9  5 3.892269288 9 4 3 9 80 6 6.07 2.05 1.5 4.9 16.2  158.3  367.4  489.5  .01846-1 4 5-1   -.641.20  .1640.84118.7 4.1511.3118.26 3 814 4.9011.0620.00 8
20250601일101800 9국550 5 58 7혼전 4459맑음건조 3 5 7신의운명        퍼지    로켓퀸   4837.00한거 41015 1 1   40      33000혼4문병기김진태a  2 610 4 526 1 2 120 15빅투아48653.088평입하50 41 415944.061.050.4295116325316251923 02829202818 06733→↘입13.540.140.312.6475540.440.9121.8121.0 25 25  8 8   14.20   15.50 7  0  1UN동55.24821814 -.8 4.0 3.2727214 0교체실패최근최상48기 1 2 3 3 4 4 5 7⑦2:01.87    2.114.341.214.1  3  4 -.40 7 4  2 2.28957697019 3 1 2 32 1 2.06 9.04 3.5 4.9  4.0   18.0   27.2   50.312.72876 2 7 6 2    .841.10 -.5440.61118.718.1135.1150.3914284220.0028.0741.75 4
20250412토 61800 8국513 9 68 4혼전 4439비  양호 7 5 7신의운명        퍼지    로켓퀸   4837.00한거 41015 2 2  201      33000혼4문병기김진태a  2 7 9 3 426 1 2 119 15이용호48252.580평입하53 42 423131.049.030.82262 9365424251929292829191620 06733↘↗선13.540.140.512.6484338.743.8121.3120.4 25 25  8 8   14.40   14.50 9 -9  1UN동55.24821814  .4 4.4 4.8616114 0주행평범최근최상 1기 0 2 2 2 2 5 6 8⑧2:01.32    3.714.244.315.5  6  0 -.75 8 2 -1 4.583 3968710 6 4 2 52 1 6.07 7.04 1.6 3.7 16.1   88.9  229.6   41.7  .01744 0 6 5 0    .041.00 -.1639.79118.8 8.4517.8230.77 6152613.7930.3041.52 2
20250209일 7180011국550 9108 4 2강 2259맑음건조 4 5 7신의운명        퍼지    로켓퀸   4837.00한거 41116 1 2  381      33000국5문병기김진태a  2 8 8 2 326 1 2 118 16이혁  48252.087평입하38 33 332440.046.023.4275711365424251931 02829272119 06733↗↘선13.540.140.812.6492839.640.8120.6119.5 25 25  8 8   14.60   14.30 5  2 -1VU동55.24821814  .2 5.4 5.6464614 0뒷심부족급하락세 1기 011 5 5 5 710 9⑩2:00.6코   1.614.441.914.5  7 -2-1.5910 3  2 2.06425664636 4 8 7 60 1 1.06 2.08 3.3 7.0  3.3   13.9   20.9   20.5  .02036-1 5 4-1   -.240.90 -.0738.55118.9 5.2914.1723.43 51323 8.2420.0033.33 5
20250104토 8180010국450 9108 4 2강 2259맑음건조 3 5 7신의운명        퍼지    로켓퀸   4837.00한거 41117 1 3  479      33000국4문병기김진태a  2 9 7 1 226 4 2 117 17이동하48453.088평입하24 24 243047.045.030.2213311303618251926222829242619 06733→↗선13.540.240.812.6442839.640.8119.8118.5 25 25  8 8   14.30   12.90 5  0 -2LU동55.24821814 -.6 5.8 5.2505014 0걸음불변거리속성 1기 0 9 3 3 3 3 3 4⑤1:59.8½    .514.641.614.3  4  0-1.22 5 1 -3 1.03824654467 4 6 5 52 5 4.05 2.07 4.0 8.0  5.0   16.0   29.8   20.2  .01440-1 6 5-1   -.540.70 -.2637.50118.9 7.7618.4530.16 7162715.3831.5841.89 3
20241201일 41800 9국550 8108 7혼전 4444맑음포화17 5 7신의운명        퍼지    로켓퀸   4837.00한거 3 612 1 3  582      24750국5문병기김진태a  210 6 4 126 3 1 116 12이동하48454.588평입하33 30 304137.060.055.8213311303618251926222829242619 05050→↗선13.540.341.012.6361839.839.4118.1118.7 18 27  9 9   14.20   13.20 4 -1  0VUUP55.54821814 -.8 6.6 5.8454514 4걸음불변탄력호전 1기 1 9 5 4 4 3 2 1①1:58.14    -.714.339.212.9 -3  0  .40 1 4  1  .04329231191 2 9 7 12 4 4.03 9.07 3.3 8.2  6.3   14.6   30.2   17.2  .03353 0 5 7 0    .640.60 -.9337.37119.024.7642.1555.8132526416.0727.1438.43 4
20241102토 5140010국550 5108 5혼전 4451맑음양호 7 5 7신의운명        퍼지    로켓퀸   5237.00한거 3 613 1 4  678      24750국5문병기김진태a  211 5 3 826 2 1 115 13이동하48454.590평입하47 43 434230.052.024.92435131731 7251926222829242619 05050↘→선13.537.139.612.6413237.338.7 89.8 89.2 18 27  9 9   14.20   14.00 3  4 -1VUDN55.54821714  .8 6.0 6.8424214-3교체실패최적거리 1기 110 9     6 9 9⑨1:29.84    1.214.239.213.2  6 -7 -.79 9 3  1 1.55968263640 3 8 8 80 3 9.06 5.01 2.7 6.2 46.8  232.1  713.4  744.0  .01851 0 5 5 0    .138.90 -.1812.5089.07 6.9315.5324.90 41118 8.7518.7127.93 8
20241012토 51700 9국541 4 98 5 1강 1121맑음건조 3 5 7신의운명        퍼지    로켓퀸   5237.00한거 3 714 2 4  744      24750국5문병기김진태a  212 4 2 226 1 1 114 14이동하49155.090평입하69 49 493858.054.032.92435131731 7251926222829242619 05050↘→선13.539.741.312.6513940.041.0112.8113.6 18 27  9 9   14.60   14.00 5  0  0NU동55.54821714 -.2 6.0 5.8434314 0뒷심부족거리속성 1기 1 6 6 6 8 9 8 8⑥1:52.8코   1.514.240.814.0  4  5  .79 6 2  1 1.65854535531 5 7 5 50 2 7.01 7.03 2.5 5.1 14.4   15.7   53.1   74.6  .02058-1 6 5-1    .441.40 -.1932.55113.8 8.2920.8332.90 61628 8.5717.4330.19 6
20240908일 41700 8국531 6 88 7 1강 1148맑음다습11 5 7신의운명        퍼지    로켓퀸   5237.00한거 3 715 2 5  818      24750국5문병기김진태a  213 3 1 126 1 1 113 15김용근48655.091평입하92 63 634682.057.052.22550101937 6251922172829292517 05050↘↗선13.539.741.312.6493939.540.5112.4112.6 18 27  9 9   13.70   12.90 3 -2 -1NUUP55.54821714  .0 6.0 6.0464614 3적임교체단기승부 1기 1 6 2 2 2 2 3 3④1:52.41½   .514.640.714.0  3  9 -.11 4 1 -2 1.12631402766 2 6 1 31 3 5.02 5.02 2.3 4.5 11.2   17.4   49.2   20.9  .03075 0 7 7 0    .641.30 -.6331.55113.818.4436.5252.1612253928.7950.0070.18 1
20240818일 3140011국610 3 68 8 2강 2259맑음건조 3 5 7신의운명        퍼지    로켓퀸   5237.00한거 3 0 8 2 5  884      16500국6문병기김진태a  214 213 726 1 0 112  8이동하47756.087평입하26 24 244867.068.066.52753131937 6251926222829242619 0 099↗↘선13.537.239.712.7292536.936.6 87.6 86.8 10 20 10 0   14.20   14.40 4  6  0BV동55.04861414 1.0 6.0 7.0363614 0교체실패적임교체 1기 2 8 3     3 3 1①1:27.66   -1.013.737.112.9 -2 -9 -.70 1 3  2  .0 143 1 094 2 5 6 22 1 3.01 8.04 1.4 4.7 12.3    5.7   21.5   26.8  .04369 0 6 9 0▲ 1.338.20-1.40 9.8889.2131.3153.6866.5218395620.0033.1155.13 2
20240721일 3140011국650 7 58 2 1강 1153흐림불량20 5 7신의운명        퍼지    로켓퀸   5237.00한거 3 0 9 2 5  950      16500국6문병기김진태a  215 112 626 1 0 111  9씨씨웡48656.082평입보68 65 654263.050.036.41025 81937 6251922 02829202422 0 099↘↗선13.537.139.712.7382537.240.0 91.2 89.9 10 20 10 0   13.90   14.30 4 -4  0UV동55.04861414 1.0 5.3 6.3424214 0걸음불변급하락세 1   0 2 9     9 9 9⑦1:31.2목   2.114.240.614.4  6  5 -.69 7 1 -3 3.27959687229 3 6 3 30 1 3.02 6.10 3.4 4.5  3.8    6.5   13.1   13.9  .01431-3 6 4-3▽  .139.00 -.5313.1489.14 9.5122.6236.4412253918.4232.2646.44 2
20251123일 5180011국5 0 8  7 5 3강 3355           5 8희망밴드        록밴드  카밀라   88     한암 4 014   1    013:35 24750국5이동국퍼플라인 2 015 4 214 1 0 214 14문세영   52.573평추보50 60 607347.058.040.63644 91133 5 7 6311319 0283616 03333↘↗입14.138.140.412.06332                   21 21  736   14.10   14.40 5 -3  1NN동53.04651817  .0 2.8 2.8767617 0직전선행거리속성40관 1 8                            14.1    14.4                                 5 1 3 3  4                                            11.22952 0 7 6 0    .540.40  .22     118.014.6229.1440.62153247 9.7122.3333.74 3
20251019일 5180011국510 7 67 7혼전 4431맑음포화17 5 8희망밴드        록밴드  카밀라   88     한암 4 015 2 1   95      24750국5이동국퍼플라인 2 114 3 114 1 0 213 15김용근46752.082평추상70 78 788054.064.053.72149111133 5 7 6 03319 0292517 03333↗↘선14.340.539.812.0416438.142.6118.9120.6 23 23  038   14.60   13.30 6  0 -1VUUP53.04651817  .4 2.2 2.6797917 1뒷심문제탄력호전78기 111 4 2 2 2 2 2③1:58.92     .314.141.714.4 -1  9  .80 3 4  0 1.084 290547211 2 2 21 1 1.02 2.04 1.8 6.1  1.8    6.1    7.5    9.7  .03381 1 7 8 1△  .940.60 -.6040.26118.719.4640.4853.6918365117.1933.5645.06 2
20250907일 3170010국552 4107 5혼전 4421맑음포화16 5 8희망밴드        록밴드  카밀라   8852.00한암 4 016 1 1   93      24750국5이동국퍼플라인 2 213 2 514 3 0 212 16문세영45852.573평추보66 79 798850.060.042.63644 91133 5 7 6311319 0283616 05050↘↗입14.340.040.212.0387939.740.9110.1112.6 25 17  042   15.00   12.20 5  5  1BN동53.34691713  .4 2.4 2.8787817 0뒷심문제작전마주29관 011 8 8 8 8 5 5③1:50.11     .214.639.713.3 -1-11 1.90 3 4  1  .92540474074 9 1 2 30 3 8.01 6.09 3.6 6.7 36.0   37.5  153.7   54.4  .02969 0 8 7 0    .641.00  .0032.40113.216.7430.5342.6314284216.6726.7638.25 4
20250803일 71700 8국551 1107 4 2강 2211흐림건조 3 5 8희망밴드        록밴드  카밀라   8852.00한암 4 0 9 1 1   70      24750국5이동국퍼플라인 2 312 1 414 2 0 111  9문세영46952.073평추하71 81 817257.043.026.13644 91133 5 7 6311319 0283616 0 099↘↗입14.339.940.712.3466440.937.9114.3113.3 18 18  055   14.30   14.10 5  3 -3NU동54.54681713  .0 3.2 3.2707017 0전개최상조교부실25관 0 6 6 6 7 5 4 2②1:54.3½    .015.037.412.2 -1  3 -.20 2 3  2  .14686 1 273 7 2 1 52 2 4.03 7.06 3.0 7.2  8.4   19.7   36.2   50.5  .03441 0 6 6 0   -.641.20  .1832.68113.5 6.0216.5726.11 7162714.2933.1246.35 4
20250628토 31700 8국620 8 27 7 1강 1137흐림다습11 5 8희망밴드        록밴드  카밀라   8852.00한암 4 010 9 1  101      16500국6이동국퍼플라인 2 41111 314 1 0 110 10문세영46655.073평추보87 95 959573.066.067.23644 91133 5 7 6311319 0283616 0 099↘↗입14.440.240.512.3307239.540.3114.3113.1 20 20  060   15.20   12.60 4 -3  0HV동54.54681713-1.2 4.6 3.4676717 0노릴탄력전개최상48기 1 3 1 1 1 1 1 2③1:54.34     .714.340.114.1  2  2 -.40 3 1 -1 1.24329341969 6 2 1 31 1 2.03 4.06 1.6 2.2  3.9   14.3   21.8    4.8  .04482 0 7 5 0   1.040.80 -.8232.37113.622.2446.3667.1715324722.2240.0045.00 2
20250601일 21700 7국640 7 47 8 1강 1119맑음건조 3 5 8희망밴드        록밴드  카밀라   8852.00한암 4 011 1 1   68      16500국6이동국퍼플라인 2 51010 214 1 0 1 9 11이혁  46455.088평추보67 80 808287.070.085.71428 61133 5 7 6 0 019 0272119 0 099↘↗선14.440.041.312.9434740.538.5113.9112.2 11 11  056   15.20   14.20 5  0  0NV동54.54681713-1.6 5.4 3.8585817 0추입무난탄력호전62기 2 6 5 5 5 5 5 3③1:53.9목    .015.238.612.6  1 -5-1.10 3 2  1  .11677 2 492 5 4 1 12 1 3.01 8.01 2.4 2.8  5.7    6.2   12.8    4.4  .04477 0 8 6 0▲ 1.640.90-1.5730.89114.043.1669.1185.6539607335.8259.8563.53 1
20250427일 3170010국642 9 97 2 1강 1149맑음양호 7 5 8희망밴드        록밴드  카밀라   8852.00한암 4 0 0 9 1  152      16500국6이동국퍼플라인 2 6 9 9 114 2 0 0 8  0최범현46955.090하추보28 27 274537.043.032.03563221133 5 7 6 0 019 0193019 0 099↘↘입14.440.441.212.9145939.641.1114.6112.6  0  0  063   14.40   13.50 4 -2  1NVUP54.54681713-1.6 6.6 5.0464612 3적임교체탐색우려 1기 1 6 9 9 8 8 8 5②1:54.62     .015.242.014.2  1  1-1.70 2 1 -4  .4263358478610 3 1 43 2 3.01 8.06 2.9 4.7  5.1    4.7   11.6   88.7  .03013-4 5 4-4▽ -.440.60 -.4830.98114.210.0720.1232.02 8203318.7540.4350.82 2
20250329토 2140011국640 9 97 6혼전 4459흐림건조 3 5 8희망밴드        록밴드  카밀라   8852.00한암 4 0 0 9 2  247      16500국6이동국퍼플라인 2 7 8 8 214 1 0 0 7  0최범현46854.578하추보19 23 233514.051.031.8214010 4 0 4 7 6 0 019 0193019      ↗↘입14.437.739.412.9 55937.339.2 91.4 89.4  0  0  071   14.80   14.10 6  0  0NN동       1413-2.0 7.2 5.2393912 0걸음불변적임교체 1기 1 8 8     81010④1:31.41½   .314.439.813.5 -1  2-1.60 4 5 -2  .5666644537410 7 7 53 111.03 5.06 1.8 6.1 45.7  106.4  269.3  422.1  .04336-2 4 5-2    .138.30 -.6112.3089.34 9.9521.0231.83 61526 9.5217.3127.55 7
20250216일 3140011국650 9107 2 1강 1159흐림건조 4 5 8희망밴드        록밴드  카밀라   8852.00한암 4 0 0 2 2  363      16500국6이동국퍼플라인 2 8 7 7 114 5 0 0 6  0김정준46654.568평추상43 39 394212.038.021.4174314 4 0 4 7 6 01919 0152124      ↘→자14.437.839.012.9 39137.540.4 91.6 89.6  0  0  083   14.60   13.50 4  6  0NNUP       1413-1.4 7.0 5.6404012 1걸음불변탐색우려 1기 0 811     8 8 7④1:31.62    1.214.840.514.1 -3 10-1.10 4 7 -1 1.4717578864811 1 2 63 6 3.04 3.02 4.3 6.4  4.8   10.6   20.5  212.5  .01418-3 3 3-3▽-1.138.30 -.1312.8089.14 5.2412.6621.42 71627 6.1212.9620.00 6
20250119일 2130011국621 8 77 3 3강 3315맑음건조 3 5 8희망밴드        록밴드  카밀라   8852.00한암 4 0 0 2 3  430      16500국6이동국퍼플라인 2 9 6 6 414 4 0 0 5  0김정준45654.563하추상42 43 4361 8.039.013.61671 8 6   6 7 6 01919 0152124      ↗↘자14.438.238.812.9 79638.738.1 84.1 83.1  0  0  080   14.40   14.20 4 -7  1HN동       1313-1.2 7.4 6.2373712 0걸음불변보통걸음 1기 0 2 9     9 9 5④1:24.15    1.214.638.813.5 -4  2-1.20 4 8  2 2.0509016515511 1 4 83 5 3.02 6.03 2.1 3.6  8.8    7.8   23.7    6.1  .01431-1 3 2-1   -.838.90  .32 6.1283.29 2.51 6.7013.56 2 713 5.1710.2618.40 7
20241222일 2130011국611 9 67 3 1강 1119맑음양호 7 5 8희망밴드        록밴드  카밀라   8852.00한암 3 0 0 2 3  519      16500국6이동국퍼플라인 210 5 5 314 3 0 0 4  0김정준45454.063하추하23 22 2248 3.034.013.51671 8 6   6 7 6 01919 0152124      ↗↘자14.638.638.812.9 59738.238.9 84.7 83.2  0  0  0**   16.30   13.7014  1  0NH동       1312-1.3 7.8 6.5363612 0신마혈통거리속성 1기 1 910     8 7 7⑤1:24.73    1.314.440.014.2 -1 13-1.60 5 6 -1 1.6517541585111 1 7 70 4 4.01 5.06 1.3 4.2 13.8    5.5   23.8   54.7  .02517-2 1 1-2  -1.038.50  .10 5.7683.55 2.16 6.7313.46 3 815 1.82 3.28 5.9111
20240914토 6130010국630 2 87 5 1강 1141맑음포화15 5 8희망밴드        록밴드  카밀라   8852.00한암 3 0 0 2 5  807      16500국6박병일희망홀스-111 4 4 214 2 0 0 3  0김정준44154.083하추상63 59 597461.058.045.42263 91160 3242025192214152124      ↘↗자14.638.338.812.9 79741.437.5 84.5 84.2  0  0  0**   14.60   13.30 4  5  0NH동       1312-2.0 8.0 6.0393913 0신마적응신마혈통 1기 1 810    1010 9⑧1:24.5머리 1.916.338.013.7  1-12 -.10 8 7 -1 2.18099 59226 9 1 4 30 3 8.01 1.02 2.2 4.1 34.5   36.9   97.8   40.913.22554 0 6 5 0    .639.00 -.60 7.1283.3516.3530.8645.3513284311.8828.4238.49 3
20240817토 2130010국610 4 67 4 1강 1121맑음건조 4 5 8희망밴드        록밴드  카밀라   8852.00한암 3 0 0 2 5  895      16500국6박병일희망홀스-112 3 3 114 1 0 0 2  0김정준45354.083평추보41 37 376222.048.016.82263 91160 3242025192214152124      ↘↗자14.738.438.812.9 39738.437.9 83.8 82.9  0  0  0**   14.70   13.50 4 -4  0HHUP       1312-1.5 8.0 6.5414112 1걸음불변거리늘어 1관 0 310     9 9 6⑤1:23.81¼  1.514.638.713.3 -3 -2-1.00 5 8  2 1.6428211324911 1 9 93 2 5.01 1.02 1.8 6.4 11.2    8.7   20.6   24.4  .01464 0 4 4 0   -.238.60  .11 5.7183.42 3.53 9.7216.75 41118 4.3810.0016.62 8
20240720토 2120010국640 6 97 4 1강 1139흐림다습12 5 8희망밴드        록밴드  카밀라          한암 3 0 0 2 5  961      16500국6박병일희망홀스-113 2 2 214 1 0 0 1  0문정균45554.072하추보47 34 345728.049.035.61650 91160 3242020212214131823      →↗추15.238.438.212.9 19938.537.8 76.9 76.2  0  0  0**   15.20   13.20 5 -3  0NH동       1212-3.010.0 7.0303012 0걸음불변추입유리 1   0 710    1010 9⑥1:16.93     .914.738.413.5  0 13 -.60 6 6 -4 2.7529515575610 3 4 43 1 4.07 2.10 2.6 4.9  6.5   52.9  116.6   64.0  .01752-1 5 4-1    .037.20 -.53 -.4576.3910.3921.2535.58 6152610.6119.8526.97 5
20240616일 1120011국640 8 47 4 2강 2239맑음건조 5 5 8희망밴드        록밴드  카밀라          한암 3 0 0 2 6 1050      16500국6박병일희망홀스-114 1 1 114 1 0 0 0  0김정준44254.083평무보   35 3540  .039.020.6326314206010242025192214152124      ↘↘자    36.738.5        38.937.6 78.2 76.2              13.80   13.60 4  0  0LL동       12 0                 0 0걸음불변보통걸음 1기 11011    1110 9⑦1:18.21¾  1.715.238.713.2 -3-30-1.70 710  0 2.05398106237 4 411 33 1 1.04 5.03 2.2 3.5  2.2    7.6   10.5    9.1  .02334 0 4 4 0   -.638.90  .68 1.0075.61 3.5911.4420.5713284312.8624.0043.96 6
20251123일 5180011국5 0 8  6 5 3강 3355           5 9서전트라이트    섀클포드밸러드어 8927.00한암 4 0     1    013:35 24750국5홍윤화죽마조합99 016 1 1 0 1 0 1 0  0오수철   52.059평입상54 34 3412  .034.013.5 825 71150 717 0 0 0259912231599 0 0→→입13.438.941.313.12413                    6 17  611   14.40   13.00 3  6  0BVUP51.04281813 -.8 9.4 8.6242412 4거세출주단기승부42기 0 9                            14.4    13.0                                 6111111  1                                              .01516-3 3 2-3▽-1.041.30  .34     118.6 2.72 7.5513.51 0 1 4 8.7416.7424.62 5
20251101토 4140011국520 4 26 1 2강 2251맑음건조 5 5 9서전트라이트    섀클포드밸러드어 5030.00한암 4 0 5 1 1   63      24750국5홍윤화죽마조합99 11514 521 1 0 119  5김용근43052.082평입하10  7  7 910.038.015.22149111150 717 0 0 0259929251799 0 0↗↘선13.437.140.013.1372335.846.0 95.0 94.4  6 17  611   14.50   14.50 4  2  0HVUP51.04281413-1.0 8.6 7.6333312 1가는대로안장교체69기 1 3 1     1 311⑪1:35.018   6.113.546.216.9  3  0 -.4511 8 -2 7.299 29999 2 91011 71 1 2.01 6.05 1.5 1.6  3.5    1.6    4.8    5.5  .0 414-3 2 4-3▽ -.940.00 -.1617.3389.34 2.57 7.0215.21 31018 1.79 7.1413.59 6
20251004토 4130010국551 8106 2 1강 1121맑음다습10 5 9서전트라이트    섀클포드밸러드어 5030.00한암 4 0 5 1 1   52      24750국5홍윤화죽마조합99 21413 921 1 0 118  5이용호43052.068평입하 5  5  530 8.039.010.21064 21150 717 0 0 0259919162099 0 0↗↗선13.437.339.713.1563538.241.0 84.7 84.9  6 18  6 6   13.70   15.40 2 -1  0UV동51.04281413-1.0 8.6 7.6333312 0걸음불변단기승부 5   0 110    101010⑩1:24.74    2.614.540.514.5  0 -9  .401010  0 2.98976899416 7 811100 1 2.0110.08 2.1 5.9  4.7    6.7   16.0   30.4  .01514-4 2 3-4▽ -.740.20  .43 7.9083.29 1.58 4.4310.23 1 4 7 2.40 5.5011.5410
20250921일 4130011국553 5106 2혼전 4411맑음다습14 5 9서전트라이트    섀클포드밸러드어 5030.00한암 4 0 5 2 1   29      24750국5홍윤화죽마조합99 31312 821 1 0 117  5정우주43952.069평입상26 25 2526 6.039.0 9.52041101150 717 0 0 0259916301399 0 0↗↘입13.437.239.713.1613237.542.6 85.5 86.6  6 13 1313   14.10   14.20 3  0  0UVDN51.04281413-1.8 8.4 6.6414112-1걸음불변안장교체 6기 0 2 3     3 611⑪1:25.510   4.313.742.115.4  1 -3  .601110 -1 4.798429897 5 7 9 9100 1 3.06 3.08 2.6 5.4  6.1   25.4   42.0   56.5  .01419-3 2 2-3▽-1.040.70  .49 9.7083.23 1.36 4.40 9.54 1 4 8 1.05 5.10 9.6210
20250831일 3140011국512 7 66 2 1강 1157맑음다습13 5 9서전트라이트    섀클포드밸러드어 5030.00한암 4 0 6 9 1   51      24750국5최봉주죽마조합99 41211 421 3 0 116  6조인권44252.065평입보18 16 1635 5.040.013.81635101643121328 04417 723241399 0 0↗↘선13.436.940.113.1502037.040.3 89.1 89.2  7 13 1313   14.50   14.0011 -6  0UVUP51.04281413-2.0 8.0 6.0494912 1걸음불변휴양불리 5관 0 2 7     7 7 6⑨1:29.11½  2.014.139.914.2 -2 14  .20 911  2 2.35948787826 3 9 8 90 3 1.06 3.07 1.5 4.7  1.5    7.5    9.3   14.4  .01419-2 2 3-2   -.639.10 -.0712.1889.28 2.79 7.7713.81 1 4 8 1.64 5.48 9.0910
20250615일 2130011국521 5 76 3 1강 1112맑음건조 3 5 9서전트라이트    섀클포드밸러드어 5030.00한암 4 0 6 2 1  197      24750국5최봉주죽마조합99 51110 721 2 0 115  6조인권42852.065평입상38 43 4344 8.042.019.21635101643121328 04417 723241399 0 0↗↘선13.437.039.713.1743238.839.4 83.6 84.3 14 21 1414   14.80   13.40 2  0  0NVUP51.04281412-2.2 8.0 5.8535312 1적임교체급하락세 5관 0 810    10 9 9⑦1:23.61¾  2.214.539.714.0 -2 -9  .20 7 9  2 3.08090568216 2 8 5 70 2 1.10 6.03 2.5 4.2  2.5   47.6   46.2  179.1  .03027-2 3 2-2   -.540.40  .37 7.6183.10 4.0310.4419.21 3 815 3.16 6.4512.96 8
20250601일 31200 8국541 4 46 8혼전 4431맑음건조 3 5 9서전트라이트    섀클포드밸러드어 3728.00한암 4 0 7 1 1   47      24750국5최봉주죽마조합99 610 9 621 1 0 114  7조인권43752.067평입상50 50 506731.069.057.11635101643121328 04417 723241399 0 0↗↘선13.437.039.313.2602837.938.0 76.3 76.0 15 15 1515   13.80   14.20 3  0  1VV동51.04281413-3.0 8.6 5.6515113 0주행평범적임교체30관 0 8 7     7 7 6⑥1:16.34     .814.838.113.4 -1  4 -.40 6 7  1 1.34583194352 3 7 5 20 1 1.04 2.04 1.9 3.3  1.9    7.5   10.7    6.9  .04373 1 6 8 1▲ 1.538.50 -.97 -.3376.2321.5540.8257.1219405614.0432.0044.71 3
20250510토 31200 8국544 9 46 1 1강 1131흐림불량20 5 9서전트라이트    섀클포드밸러드어 3728.00한암 4 0 7 2 1  120      24750국5최봉주죽마조합99 7 9 8 521 2 0 113  7김성현43351.066평입보27 30 3024 6.042.022.4 922 61643121328 0 017 716251999 0 0→↗입13.437.139.313.2532836.739.5 75.6 76.1 17 17 1717   13.70   15.00 6  2  0VUDN51.04281413-3.0 9.4 6.4444413-2선행무리급하락세 1관 0 8 8     6 6 6⑤1:15.61     .813.839.414.2 -1 16  .60 5 6 -3 1.25022715456 6 6 7 52 2 4.05 4.03 1.7 2.5 10.8   58.4  109.5   44.3  .01315-3 1 3-3▽ -.638.50 -.02 -.3076.28 4.9713.6122.38 71627 1.33 6.5413.22 7
20250329토 3140010국511 9 66 2 1강 1142맑음건조 3 5 9서전트라이트    섀클포드밸러드어 5030.00한암 4 0 8 9 2  246      24750국5최봉주죽마조합99 8 8 7 321 1 0 112  8김성현41751.070평자상49 44 442613.041.021.11650 51963 31328 0 017 716251999 0 0→→입13.436.940.113.2522336.741.4 92.2 90.2 18 18 1818   13.60   14.10 3  4  0NUUP51.04281413-2.2 9.0 6.8484813 1걸음불변거리탄력 1기 1 6 1     2 2 3⑥1:32.23    1.113.742.115.0 -3  0-1.70 6 9  0 1.48332918943 411 5 61 1 2.0110.02 1.4 3.5  8.0    5.9   19.3    8.0  .01638-1 3 2-1   -.539.30 -.2613.2089.28 4.4211.8721.05 3 815 4.17 8.9217.50 7
20250309일 3130011국512 6 66 3혼전 4421맑음다습10 5 9서전트라이트    섀클포드밸러드어 5030.00한암 4 0 9 2 2  299      24750국5최봉주죽마조합99 9 7 6 621 5 0 111  9박태종41751.064평자보16 24 2438 5.041.011.01683 41963 31328223617 720232099 0 0↗↘선13.437.239.513.2625136.940.0 81.7 82.7 20 20 1020   13.90   15.10 2 -5  0UUDN51.04281413-1.2 7.4 6.2505013-1걸음불변최적거리 1기 0 2 3     4 4 2⑥1:21.72½   .613.639.014.1 -3 -3  .70 6 9  0 1.43216745161 5 7 8 92 5 1.02 9.05 2.1 6.8  2.1    8.2   12.3   42.4  .01429-2 1 2-2   -.839.80  .59 5.9583.10 1.96 5.2210.99 3 814 1.15 4.37 8.6011
20250222토 6140011국511 9 66 3 1강 1154맑음건조 3 5 9서전트라이트    섀클포드밸러드어 5030.00한암 4 0   9 2  349      24750국5최봉주죽마조합9910 6 5 221 4 0 1 0  0박태종42051.064평자보44 43 4331  .045.023.21683 41963 31328223617 720232099 0 0↗↘선13.437.039.613.2465936.841.0 91.8 89.8 22 22 1122   13.40   13.50 6  1  0NUUP51.04281413 -.4 5.8 5.4595914 1출주제외최적거리 1기 0 7 5     5 5 4⑥1:31.8½   1.313.941.615.1 -3 -1-1.60 6 9    1.67638878439 4 8 5 72 4 1.06 3.05 1.3 6.2  1.3    9.2   12.6   37.5  .01832 0 3 4 0   -.339.10 -.0613.2089.00 6.8913.9523.20 3101814.7527.0752.69 4
20250112일 51300 7국553 9 56 5혼전 4421맑음건조 3 5 9서전트라이트    섀클포드밸러드어 5030.00한암 4 010 2 3  449      24750국5최봉주죽마조합9911 5 4 521 3 0 110 10박태종42151.067평자보37 44 445821.059.035.81033 82550151328223617 720232099 0 0↗↗선13.437.239.113.26379                   22 22 1122   13.90   13.70 2 -2  0NUUP51.04281413  .4 4.6 5.0606014 1주행평범단기승부 1기 2 6                    발제    13.9    13.7     0-1.17                      8 5 4 30 3 2.04 1.03 2.4 4.2  4.2   11.2   22.3   57.013.21954 0 5 7 0    .639.10  .14     82.8413.5624.3235.82102336 7.9519.1026.53 5
20241228토 6120011국554 4106 4 1강 1141맑음건조 5 5 9서전트라이트    섀클포드밸러드어 3728.00한암 3 011 9 3  504      24750국5최봉주죽마조합9912 4 3 421 2 0 1 9 11박태종42151.068평선보42 40 405911.050.017.91033 82550151328223617 720232099 0 0↗↗선13.437.138.413.2578737.738.4 76.6 76.1 25 25 1325   14.10   15.10 2 -1 -1NUDN51.04281413  .0 4.2 4.2686814-1걸음불변단기승부 1기 1 8 8     6 8 5⑤1:16.61    1.113.938.713.7 -5-12 -.50 510  0 1.24975335044 5 4 8 83 2 1.02 9.03 2.1 6.2  2.1    6.2    9.5   10.6  .01553 0 3 5 0    .138.50  .60  .5875.78 3.8710.0117.93 1 512 1.11 3.76 9.8310
20241215일 4130011국554 8106 6혼전 4411맑음양호 8 5 9서전트라이트    섀클포드밸러드어 5030.00한암 3 012 2 3  539      24750국5최봉주죽마조합9913 3 2 521 1 0 1 8 12박태종43351.567평선하63 74 745820.046.013.11033 82550151328223617 720232099 0 0↗↗선13.437.239.113.2638237.640.6 85.1 84.3 29 29 1429   13.50   14.20 6  1 -1LVDN51.04281413  .4 3.6 4.0636313-1승부최상최적거리 1기 1 9 6     6 4 6⑨1:25.13    2.014.141.715.1 -1 15-1.20 910  3 2.68152868519 7 7 9110 1 1.02 7.08 3.5 8.2  3.5    8.2   14.7   14.013.23352 0 5 4 0   -.440.10  .78 7.9782.84 3.03 6.8213.09 0 2 5 2.42 6.0410.9111
20241102토 5140010국550 5106 8혼전 4451맑음양호 7 5 9서전트라이트    섀클포드밸러드어 5030.00한암 3 014 1 4  678      24750국5최봉주죽마조합9914 2 1 121 1 0 1 7 14이혁  41852.092평입하56 71 717969.065.042.42959 3226719132833 017 727211999 0 0↗↘선13.436.939.513.2536436.839.1 89.2 88.6 33 33 1733   13.70   14.10 2 -2 -3NVUP51.04281413  .2 4.2 4.4606013 1걸음불변승부최상 1기 0 8 1     1 2 2⑧1:29.21     .613.539.614.2  1 -9 -.70 8 7  6  .93840413259 1 6 3 21 1 9.06 5.01 2.7 6.2 46.8  232.1  713.4  744.0  .04492 1 8 8 1△  .938.90 -.4412.2088.8614.8230.6042.3818365121.2535.0937.84 1
20241019토 4130011국653 6106 7 1강 1131흐림포화19 5 9서전트라이트    섀클포드밸러드어 5030.00한암 3 016 2 4  723      16500국6최봉주죽마조합9915 1 7 421 1 0 1 6 16코지  42755.091평자보90 96 968993.073.061.72645112267191328 0 017 725261999 0 0↘↗선13.437.139.213.2687537.438.7 83.1 82.8 20 40 2040   14.30   13.50 5  8  1BL동51.04281312  .0 5.0 5.0545413 0전력변화탄력호전 1기 110 3     2 2 3③1:23.11¾   .313.739.114.1  2  3 -.20 3 1  0  .43838342477 4 2 1 11 1 6.07 2.08 2.4 5.7 12.1   99.5  270.9   71.6  .03383 1 8 8 1△ 1.839.90 -.58 6.4982.8429.5250.0461.6939607332.7751.1054.20 1
20251123일 5180011국5 0 8  9 5 3강 3355           510딕시맨          머스킷맨스위트록 8031.00한거 3 0 0   1    013:35 24750국5이신우정영식   2 0 8 2 1 7 1 0 0 7  0정정희   52.576평추보50 51 515824.049.026.52657121656 8181917 01715172415 0 099→↘입13.636.741.113.05325                   40 40 2020   14.20   14.40 3  1  0NUUP56.05131812 1.4 3.0 4.4626213 4승군탐색단기승부34관 010                            14.2    14.4                                 1 8 5 6  1                                              .02347 0 5 4 0   -.141.10  .75     117.7 7.8215.2026.51 31020 5.8311.1621.88 9
20251102일 5140011국520 9 79 5 1강 1151맑음양호 6 510딕시맨          머스킷맨스위트록 7135.00한거 3 0 0 1 1   51      24750국5이신우정영식   2 1 7 1 2 7 1 0 0 0  0임다빈52252.580평추보82 82 826169.053.025.01949 51656 8181916311715152324 0 099↘→추13.637.239.313.0346836.739.7 90.7 88.7 50 50 2525   14.50   12.7028  6 -5NUUP56.05131412 1.3 2.8 4.0626213 2주행평범탄력호전58기 2 9 5     4 4 4⑥1:30.71¼   .714.240.614.4  2 13-1.80 6 4  1 1.13932604863 6 6 2 52 2 1.1011.03 1.9 3.4  1.9   31.9   50.9   29.6  .03362-1 6 6-1    .338.70 -.0512.2088.93 5.5815.5625.00 6162814.1725.7538.30 4
20250419토 1120011국620 8 79 3 3강 3339흐림양호 9 510딕시맨          머스킷맨스위트록 7628.00한수 3 0 0 2 3  543      16500국6이신우정영식   2 2 6 6 3 7 5 0 0 5  0문세영50957.073평추하29 36 366140.061.054.73847181120 5181926 01715283616 0 099↗→입13.637.438.413.0368537.438.3 77.1 75.1 33 33 3333   13.90   14.60 8 -1  1ULDN56.05131412 1.7 2.7 4.3545413-1직전탐색기수영향 1기 0 3 4     6 6 4③1:17.1목    .013.939.413.7  0  6-1.40 3 3  2 1.31861333977 5 3 2 23 5 2.04 1.05 1.6 2.4  2.9   20.7   31.0   24.0  .03346-3 6 6-3    .537.90 -.63 -.7075.9519.7438.9554.6518365110.4523.2929.58 5
20250222토 3130011국622 9 29 5 2강 2229맑음건조 3 510딕시맨          머스킷맨스위트록 7135.00한수 3 0 0 9 2  352      16500국6이신우정영식   2 3 5 5 2 7 4 0 0 4  0문세영50356.093하추하27 28 288034.057.044.84153 0142010181926 01715283616 0 099→↘입13.637.339.213.0537537.640.4 86.0 84.3 33  0 3333   14.10   15.60 2 -5  0UNDN56.05131412 2.5 2.5 5.0383813-1신마혈통최적거리 1기 2 4 4     5 5 8⑥1:26.04    1.213.941.414.6  5-10-1.78 6 1  0 1.38251828148 5 2 5 32 4 5.06 3.10 2.1 2.1 17.0   71.1  380.5  977.213.22953 0 5 5 0    .340.10 -.23 7.8282.9715.7134.2144.7814284212.9023.7034.22 6
20250209일 3140011국650 9 59 4혼전 4459맑음건조 4 510딕시맨          머스킷맨스위트록 7135.00한수 3 0 0 1 2  385      16500국6이신우정영식   2 4 4 4 1 7 3 0 0 3  0문세영51356.093하추하60 51 515455.059.042.64153 0142010181926 01715283616 0 099→↘입13.637.539.113.0148236.842.7 93.5 91.5 33  0 3333   14.20   13.30 4 -2  0NNUP56.05131412  .0 3.0 3.0353513 1뒷심문제신마혈통 1기 1 9 4     4 5 9⑩1:33.53    3.714.142.915.6  9  0-1.2110 1 -2 3.99538979713 6 2 2 30 3 8.1010.05 2.7 3.8 19.3  462.5  819.2  849.6  .02953 0 7 5 0    .539.00 -.5914.9089.0014.7730.2342.6318365119.3537.0444.54 1
20250111토 3130011국620 7 79 4 1강 1125맑음건조 5 510딕시맨          머스킷맨스위트록 7135.00한수 3 0 0 2 3  462      16500국6이신우정영식   2 5 3 3 1 7 2 0 0 2  0문세영51356.093하추하23 31 316636.051.023.83847181120 5181926 01715283616      ↗→입13.636.740.013.4953238.137.9 83.1 82.7  0  0 50 0   13.60   14.90 4  3  1NNUP       1312         7.0    12 1걸음불변거리늘어 1기 211 7     6 6 6③1:23.1목    .014.238.913.3  0 -2 -.90 3 3  1  .33473122490 1 9 7 53 2 7.01 8.06 1.6 3.8 25.3   14.4   64.8   32.313.21451-1 5 4-1   -.140.30  .23 6.0083.10 5.8012.7423.84 71627 5.8414.5722.48 8
20241215일 1120012국650 9 59 4혼전 4436흐림양호 8 510딕시맨          머스킷맨스위트록 7628.00한수 2 0 0 2 3  542      24750국6이신우정영식   2 6 2 2 2 7 1 0 0 1  0문세영51555.093평추보66 50 506130.061.032.73847181120 5181926 01715283616      ↗→입14.237.938.513.4128735.941.3 78.2 76.8  0  0  0 0   14.20   13.70 6 -3  0NH동       1212         3.0    12 0기수신마기수영향 1기 1 8 3     3 2 3⑦1:18.22    1.313.641.714.9  5  5-1.00 7 2 -1 1.971 294784612 9 3 60 1 4.0112.11 2.3 3.9 10.2    8.5   21.2   51.6  .02980 0 6 5 0    .937.90 -.34  .4176.28 9.6422.0832.68 61628 7.9516.5820.0910
20241102토 1120011국630 7 39 7 1강 1139맑음양호 7 510딕시맨          머스킷맨스위트록 7628.00한수 2 0 0 1 4  682      24750국6이신우정영식   2 7 1 1 1 7 1 0 0 0  0임다빈51055.076평무보   25 2540  .050.029.02454151420 7181916311715152324      ↗↘추    36.738.5        37.638.4 76.5 75.9              13.80   13.60 4  0  0NL동       12 0                 0 0걸음불변기수신마 1기 011 8     7 7 5③1:16.58    1.514.238.713.7  0 12 -.50 3 3  0 1.54169334546 1 1 5 43 1 1.02 1.03 1.8 2.4  1.8    2.4    3.7    6.712.03455 2 5 6 2    .138.80  .45  .6775.61 7.9818.7528.97 8203310.2319.7834.27 8
20251123일 5180011국5 0 8  8 5 3강 3355           511탱글이          투아너앤노던파크 8233.00한수 5 013   1    013:35 24750국5홍윤화차청일   0 01616 729 1 0 429 13루이스   53.082평입상50 44 443228.050.028.314 0 01150 717 0 0 02599133813 02957→→입14.140.640.812.62720                   25 25  425   15.20   13.30 2  1 -1VH동54.44701817-1.6 7.8 6.2484813 0뒷심문제단기승부42기 011                            15.2    13.3                                10 4 9 5  1                                              .02953-1 5 2-1    .040.80 -.33     119.1 9.1717.6728.34 81526 6.8012.0921.88 8
20251108토 6180011국551 9108 2 2강 2259흐림건조 3 511탱글이          투아너앤노던파크 8233.00한수 5 014 2 1   39      24750국5홍윤화차청일   0 11515 629 1 0 428 14디에고47353.553평입상 5  2  212 3.036.015.5 733 01150 717 0 0 02599161919 03350→↘추14.140.540.912.6371640.639.5119.9118.1 22 22  426   14.90   14.60 2 -1  1LN동54.64701817-1.0 7.8 6.8444413 0걸음불변거리속성43기 010 8 7 7 7 7 3③1:59.91     .115.239.213.3 -4 -8 -.70 3 7 -3  .42469253679 8 7 7 63 1 6.01 5.09 2.6 5.6 16.4   16.7   56.2   97.1  .01417-4 2 1-4▼-1.340.30 -.0436.66119.1 4.15 8.8015.48 51222 2.17 3.81 8.4711
20251025토 6180011국550 8 58 3 3강 3341맑음건조 5 511탱글이          투아너앤노던파크 8233.00한수 5 014 9 1   39      24750국5홍윤화차청일   0 21414 529 1 0 427 14임다빈48153.080평입하 5  1  123 8.037.019.01949 51150 717 0 0 02599152324 03350↘→추14.140.440.912.6411640.042.6120.3120.7 27 19  027   15.10   14.40 8  2 -1VH동54.64701817 -.2 7.4 7.2383813 0걸음불변거리속성48기 111 8 8 8 5 5 5⑥2:00.32    1.214.941.914.6 -4 -9  .30 610  2 2.28644898845 6 911 52 7 3.01 2.08 2.9 5.0  4.6    5.7   14.4    6.2  .01426-2 2 1-2   -.940.80 -.1039.41119.0 3.97 9.5919.02 81526 2.80 6.2813.45 9
20250830토 5180011국530 9 88 1 3강 3351맑음포화18 511탱글이          투아너앤노던파크 8233.00한수 5 015 9 1  145      24750국5김동철김종식   1 31313 429 3 0 426 15박태종49053.573평입상16  7  721 7.034.011.111 0 82664 81515 8 01711202320 03350↘↗선14.140.140.812.6561841.241.3120.2120.1 28 24  428   14.70   13.90 8  8 -1BHUP54.64701817  .0 7.0 7.0373713 1걸음불변급하락세55기 0 9 91111111110⑩2:00.2½   2.115.141.214.4  2 -4 -.1010 8  0 2.47685728826 5 7 6 90 3 1.1111.04 2.8 4.0  2.8   83.6  102.2   86.4  .014 8-4 1 1-4▼-1.241.00  .2039.16118.9 1.57 4.7211.05 2 713 1.19 4.76 9.96 9
20250706일 5170010국552 4 58 2 1강 1111맑음건조 3 511탱글이          투아너앤노던파크 4831.00한수 5 016 1 1  134      24750국5김동철김종식   1 412121129 2 0 425 16박태종49454.075평입상17 14 1433 9.040.016.711 0 82664 81515 8 01711202320 03350↘↗선14.139.841.212.6493539.741.1113.8113.5 25 25  429   14.80   13.50 5  0  0UHDN54.64701817  .6 5.8 6.4414113-1걸음불변급하락세82기 1 1 5 5 6 7 8 6⑦1:53.81¾   .914.740.813.9 -1  9 -.20 7 8  2 1.05437554650 6 6 9100 210.02 7.08 2.9 4.2 46.7   72.0  304.1   52.7  .01417-3 2 3-3▽ -.641.30  .1832.50113.8 3.6910.0516.74 1 4 7 2.56 7.4516.67 9
20250531토 51800 9국521 5 78 2 3강 3331흐림건조 4 511탱글이          투아너앤노던파크 8233.00한수 5 016 9 1   95      24750국5김동철김종식   1 51111 329 1 0 424 16박태종48554.073평입상14  6  630 5.033.012.311 0 82664 81515 8 01711202320 03350↘↗선14.140.240.612.6503241.539.4120.9120.1 26 26  435   14.20   13.80 4 -2 -1UHUP54.64701817  .6 5.2 5.8494913 1걸음불변급하락세29관 0 1 8 8 8 8 8 6⑤2:00.91    1.214.840.013.5 -1  5 -.50 5 6 -1 2.07889256038 4 3 7 63 1 1.02 5.09 1.5 2.6  1.5    2.6    3.4    5.3  .01420-2 1 1-2  -1.240.90  .2139.29118.9 1.71 5.1012.33 31020 1.56 5.44 9.84 8
20250503토 51700 9국520 3 78 4 1강 1111흐림포화18 511탱글이          투아너앤노던파크 4831.00한수 5 017 1 1  139      24750국5김동철김종식   1 610101029 2 0 423 17조상범48055.056평입보16 12 1240 3.036.015.51268 62664 8151512131711132018 03350→↘입14.139.840.812.6515939.241.4111.5113.9 27 27  036   14.10   14.70 4 -3 -1HHUP54.64701817 -.2 5.2 5.0565613 3걸음불변작전마주 1기 0 3 4 4 4 5 7 6⑥1:51.5½    .914.240.213.8 -1  0 1.30 6 7 -1 1.26716664345 5 3 8 80 3 1.05 9.04 2.1 4.2  2.1    9.7   14.8   20.2  .01723-1 1 1-1   -.941.40  .4333.31113.5 2.75 7.2115.45 3 817 1.02 2.07 4.93 9
20250406일 4140011국514 6 68 3 2강 2231맑음포화19 511탱글이          투아너앤노던파크 4831.00한수 5 018 1 2  214      24750국5김동철김종식   1 7 9 9 429 1 0 422 18조상범48056.058평입보34 27 2731 2.038.012.2 940 81238 8151512131711132018 03350→→입14.137.338.912.6396437.141.0 89.5 90.4 29 29  038   14.90   14.00 4  5  1NNDN54.64701817 -.4 4.8 4.4656514-3걸음불변작전마주 1기 0 610     9 9 8⑧1:29.55    2.514.140.914.7  0 -7  .80 8 8  2 2.98655878811 9 210 90 2 5.0310.02 1.8 4.5 15.4   35.3  122.7   24.9  .01729 0 1 1 0   -.838.90  .4714.1988.73 2.04 5.7012.21 2 713  .12 1.59 4.8310
20250308토 4170011국551 3108 4 3강 3332맑음다습11 511탱글이          투아너앤노던파크 4831.00한수 5 019 2 2  308      24750국5김동철김종식   1 8 8 8 929 5 0 421 19빅투아48755.583평입보39 52 525445.052.028.62450151238 8151513 01711202818 03350→→입14.139.840.712.6496439.741.7111.7113.7 30 30  040   14.90   13.60 7 -1 -1UNDN54.64701817 -.6 5.4 4.8656514-1주행평범기수영향 1기 0 1 7 7 5 7 6 6⑨1:51.7½   2.414.940.514.0  3 14 1.40 9 6  4 2.46241726912 6 6 4 50 5 1.02 3.02 2.5 6.4  2.5    6.4   10.7   22.011.21738-1 6 5-1    .041.30  .1633.20113.4 8.6117.1028.55 7162717.3929.5336.73 3
20250119일 6180011국551 9108 4혼전 4459맑음건조 3 511탱글이          투아너앤노던파크 8233.00한수 5 020 2 3  426      24750국5김동철김종식   1 9 7 7 229 4 0 420 20빅투아47356.082평입하18  7  72710.036.014.82271 41525 3151513 01711202818 03350→→입14.140.440.512.6433940.439.5121.5119.3 32 32  042   14.90   14.70 4 -4 -1UNUP54.64701817-1.4 6.2 4.8626214 1걸음불변최근최상 1기 0 2 4 4 4 4 5 3④2:01.5½    .214.940.613.6  2  0-2.10 4 2  1 1.56056293171 4 610102 4 9.06 5.10 3.2 9.1 15.9   84.9  261.0  426.8  .01521-2 2 1-2  -1.240.60  .1138.40118.9 3.21 7.6314.80 2 5 9 3.7011.1118.06 4
20241221토 6170011국521 7 78 2 3강 3322흐림양호 8 511탱글이          투아너앤노던파크 4831.00한수 4 021 2 3  526      24750국5김동철김종식   110 6 6 829 3 0 419 21빅투아47356.583평입상35 53 534031.044.019.72271 41525 3151513 01711202818 03350→→입14.139.740.812.6545939.742.0116.2115.1 32 32  042   14.30   13.30 3 -1  3NNDN54.64701817-1.2 6.0 4.8626214-1뒷심문제급하락세 1기 0 6 6 6 5 5 6 7⑨1:56.23    2.314.942.614.7  8  1-1.29 9 1 -2 2.68841797715 5 4 5 72 3 6.07 2.03 3.6 7.6  9.5   57.5   95.0  156.711.22924-2 5 3-2   -.541.60  .3634.60113.4 4.6711.1119.70 3 81412.9025.8137.05 3
20241201일 41800 9국550 8108 8혼전 4444맑음포화17 511탱글이          투아너앤노던파크 8233.00한수 4 016 1 3  582      24750국5김동철김종식   111 5 5 129 2 0 318 16빅투아47254.082평입상66 60 604246.057.042.92271 41525 3151513 01711202818 04040→→입14.140.640.512.6333940.139.7118.8119.4 28 33  044   14.60   13.00 5  5  1NNUP54.74691817 -.6 6.0 5.4555514 1적임교체탄력호전 1기 0 7 4 5 6 5 5 2②1:58.84     .014.339.513.3 -1  3  .40 2 3 -4  .76241332577 7 6 3 33 2 4.03 9.07 3.3 8.2  6.3   14.6   30.2   17.2  .03355 0 6 5 0    .340.40 -.5838.27119.014.6531.3542.8814284212.5028.5740.91 3
20241026토 5170011국510 2 68 8혼전 4441맑음다습14 511탱글이          투아너앤노던파크 4831.00한수 4 011 9 4  700      24750국5김동철김종식   112 4 4 729 1 0 217 11빅투아46953.080평입상49 45 456941.072.049.1203115194415151513 01711202818 05025↗→입14.140.040.712.6406440.139.4110.8112.7 24 29  041   14.50   14.00 3 -4  1UN동55.14691717 -.6 6.2 5.6525214 0주행평범적임교체 1   0 2 2 2 5 5 5 5②1:50.8½    .014.639.213.0 -5 -4  .90 2 7  1  .0295912127610 3 8 13 1 5.07 8.02 1.6 5.5 14.8  141.2  358.2  878.612.74381 2 6 9 2☆ 1.441.00 -.4031.96113.620.6037.1549.14325264 8.8618.4627.44 7
20241005토 41700 9국551 3 58 3 1강 1121맑음건조 3 511탱글이          투아너앤노던파크 4831.00한수 4 012 1 4  767      24750국5김동철김종식   113 3 3 629 1 0 216 12정우주47352.563평입하38 30 3037 5.043.017.61464 61944151515 0 01711163013 03333↘→입14.140.040.712.6406840.040.9112.7113.3 25 31  044   14.90   15.20 5 -3 -1NU동56.04681717 -.8 5.0 4.2616114 0걸음불변보통걸음 1기 1 6 6 6 7 4 2 4⑤1:52.72½   .714.540.814.0 -1  1  .60 5 6 -3  .9515853565310 4 6 72 1 9.01 4.11 2.1 3.6 45.3   63.0  222.9  189.5  .01439 0 2 3 0   -.441.10  .3132.60113.6 4.48 9.6317.63 3 815 1.35 4.73 9.0611
20240831토 6170011국551 9108 3혼전 4431맑음건조 4 511탱글이          투아너앤노던파크 4831.00한수 4 013 9 5  848      24750국5김동철김종식   114 2 2 529 1 0 215 13이철경47253.059평입보77 77 774423.043.012.01899111950 01515 0 01711 91923 03333→↘추14.139.940.712.6436839.943.3115.7114.9 27 33  047   14.90   14.10 5  3  0LU동56.04681712  .0 4.6 4.6595917 0주행평범보통걸음 1기 1 9101010 81011⑪1:55.71    2.414.943.815.2  2-10 -.7011 9  3 4.28550929315 9 6 3100 1 2.08 2.05 3.2 6.9  4.8   31.1   60.8   87.0  .01746-1 5 4-1   -.641.40  .5034.29113.5 2.15 6.6312.01 1 4 8 7.5016.4822.45 5
20240728일 51700 8국521 5 28 4 2강 2231맑음다습12 511탱글이          투아너앤노던파크 4831.00한수 4 014 9 5  929      24750국5김동철김종식   115 1 1 429 1 0 214 14조재로48253.073평입보82 88 885764.043.025.42262111950 0151521 01711192422 03333↗↘추14.140.040.612.6377540.041.0111.6112.7 29 36  050   14.70   13.80 4 -2 -3NU동56.04681712  .4 4.6 5.0535314 0걸음불변거리속성 1기 0 6 7 7 6 5 3 4④1:51.61     .614.940.914.1 -2 10  .50 4 6  4 1.13155535562 9 3 3 52 3 2.03 3.01 2.3 1.9  2.4    9.4   14.7   58.2  .01454 0 6 5 0   -.641.00  .2032.13113.5 6.1415.9225.41 7162712.6332.1850.20 3
20251123일 6120010국5 4 6  7 8 3강 3342           6 1스톰트루퍼      카우보이레디포코 4026.00한수 22060   1    014:25 24750국5정호익에릭코   0 0 6 2 3 5 1 1 2 5 60해리카   55.573우선보50 68 689187.062.044.21950102245 7242913 0241918261299 0 0↘↘입13.936.738.813.48675                   75 75 5050   13.80   13.40 4 -6  1UN동55.54821412 -.5 2.8 2.3808014 0전개최상전개최상46기 1 1                            13.8    13.4                                 4 3 1 1  1                                            10.94478 0 8 7 0△  .838.80 -.15     75.7817.1130.9444.2335536827.9146.0760.90 1
20251026일 5120011국512 7 67 8 3강 3342흐림양호 6 6 1스톰트루퍼      카우보이레디포코 4026.00한수 22550 9 1   73      24750국5정호익에릭코   0 1 5 1 2 5 1 1 1 4 50유승완48354.578우도보97 94 949882.063.051.01446 62245 72429 9 0241916262399 0 0→↗입13.936.638.813.4916437.137.9 75.7 74.8 67 67 6733   13.50   13.40 4  3 -1NUDN55.54821410-1.0 3.3 2.3787814-2전개최상전개최상74기 2 7 2     2 1 2②1:15.74     .013.838.213.4  1 -4 -.80 2 1  0  .71140181488 1 5 1 21 1 8.0111.07 1.5 5.3 23.5   13.8   52.6   37.512.24489 1 8 7 1△  .938.60 -.30 -.5975.7220.1939.2450.9921425835.1956.9171.16 1
20250928일 2140011국624 2 77 8 1강 1144비  불량20 6 1스톰트루퍼      카우보이레디포코 6132.00한수 2 033 9 1   54      16500국6정호익에릭코   0 2 4 4 1 5 4 0 1 3 33마이아48755.593우도보74 54 549793.075.071.43752202245 7242948 024193631 999 0 0↘→선13.936.539.913.4883535.939.0 86.9 87.4 50 50 50 0   13.40   14.10 4 -1  0UUUP55.54761410-1.5 4.5 3.0747412 1선행반복전개최상46기 1 4 2     1 1 1①1:26.9½    .013.539.213.4  0  6  .00 1 1  0  .0 6 538 776 1 3 3 11 4 1.08 4.05 1.9 4.7  1.9   14.3   19.3   30.6  .04489 1 9 9 1▲ 1.739.10-1.2110.9888.8637.0059.9371.3939587241.4961.3872.70 1
20250831일 2130011국611 8 17 6 3강 3323맑음다습13 6 1스톰트루퍼      카우보이레디포코 6132.00한수 2 050 9 1   52      16500국6정호익에릭코   0 3 3 3 1 5 3 0 1 2 50마이아48155.593평도보80 65 658194.067.068.83752202245 7242948 024193631 999 0 0↘→선13.936.840.413.4951436.639.7 81.7 82.3 50 50 50 0   13.60   13.60 4 -5  0NUUP55.54761310  .0 4.0 4.0636312 1주전기수가격혈통68기 1 5 3     1 1 2③1:21.71     .213.439.614.1  2  5  .21 3 1 -4  .421 6662975 110 3 21 3 3.1011.08 1.4 2.7 10.0  303.6  511.1   88.310.92176 0 9 9 0   1.140.10-1.32 5.1483.4229.9053.7668.8435536837.6566.2782.80 1
20250803일 1120012국651 5107 5혼전 4439흐림건조 3 6 1스톰트루퍼      카우보이레디포코 4026.00한수 2 0 0 1 1   55      24750국6정호익에릭코   0 4 2 2 1 5 2 0 0 1  0마이아47655.593평도보48 36 367657.063.050.83752202245 7242948 024193631 9      ↘→선13.936.740.013.4941036.738.1 75.7 75.0  0  0100 0   13.80   14.10 4  6  0BHUP       1210  .0 4.0 4.0636310 2기수신마주전기수45기 110 2     2 1 1②1:15.7목    .013.638.613.6 -3  8 -.80 2 5  1  .01526261389 310 2 11 2 8.0512.10 2.4 5.6 38.2  131.9  387.7  118.0  .02462-1 8 7-1    .738.50-1.02-1.7176.4521.5238.8750.8432526417.5436.3643.37 1
20250705토 1100010국640 8 97 7혼전 4438맑음건조 3 6 1스톰트루퍼      카우보이레디포코 4026.00한수 2 0 0 1 1   83      24750국6정호익에릭코   0 5 1 1 1 5 1 0 0 0  0마이아46855.593평무보36 31 313140.052.030.73752202245 7242948 024193631 9      ↘→선13.937.638.113.4502536.338.8 63.4 62.7              14.10   13.60 4  0  0NL동       10 0         4.0     0 0거세출주기수신마50기 1 4 2     2 3 3④1:03.41¾   .613.839.114.1  0  8 -.60 4 4  0 2.14611794667 6 5 3 51 1 1.06 1.05 3.2 5.3  3.2   42.0   62.6   36.5  .02347 1 7 6 1    .137.40 -.25-13.063.15 9.3419.7930.70 7162712.0726.1533.33 5
20251123일 6120010국5 4 6  5 4 3강 3342           6 2레이스로즈      레이스데래피즈로 3525.00한암 3 918   1    014:25 24750국5홍대유김한수  -2 012 6 911 1 1 111 18김정준   53.078평입보50 50 504032.055.031.32648171837 7151525 01914152124 099 0→↘자13.437.138.812.85751                   18 18 36 9   13.70   13.90 4 -3 -1HH동53.54731312-1.2 7.0 5.8525212 0주행평범조교부실31관 0 2                            13.7    13.9                                 8 5 7 5  3                                              .01854 0 4 6 0    .338.80  .00     76.00 9.5621.4031.31 81526 8.1416.8527.07 6
20251026일 5120011국512 7 65 4 3강 3342흐림양호 6 6 2레이스로즈      레이스데래피즈로 3525.00한암 31020 9 1   73      24750국5홍대유김한수  -2 111 5 811 1 1 110 20송재철47353.575평입하62 62 625343.058.042.11522101837 7151517221914182621 099 0↗→입13.437.038.812.8635137.138.7 76.5 75.6 20 20 4010   13.80   13.50 8  2  1NN동53.54731312-1.2 6.4 5.2585812 0주행평범보통걸음42기 0 5 1     1 2 3④1:16.51     .813.739.013.9  0 10 -.80 4 4 -1 1.53340463858 5 6 2 31 1 8.0111.07 1.5 5.3 23.5   13.8   52.6   37.5  .02157 0 6 6 0    .538.40 -.26 -.1975.9514.5929.2142.1215324714.8129.2743.26 3
20250831일 5120011국551 3105 8혼전 4441맑음다습13 6 2레이스로즈      레이스데래피즈로 3525.00한암 31122 9 1  135      24750국5홍대유김한수  -2 210 4 711 2 1 1 9 22김정준46352.578기입적73 76 767557.063.037.32648171837 7151525 01914152124 099 0→↘자13.436.939.112.8673537.038.8 75.0 75.9 22 22 44 0   13.60   13.10 5 -1  1HN동53.54731312-2.0 6.6 4.6626212 0적임교체탄력호전74기 0 3 5     6 7 6⑥1:15.01¼   .913.838.513.5  1  0  .80 6 5 -4  .94438524351 2 9 6 30 2 1.02 2.07 3.4 9.4  3.4   10.5   15.0   25.1  .03374 1 7 7 1    .838.60 -.23 -.1576.0612.7925.0737.3414284211.9028.4234.95 2
20250726토 4120011국534 4 85 8혼전 4441맑음건조 4 6 2레이스로즈      레이스데래피즈로 3525.00한암 31212 9 1   84      24750국5홍대유김한수  -2 3 9 3 611 1 1 0 8 12김정준46352.078기입적30 39 395626.064.034.42648171837 7151525 01914152124 099 0→↘자13.436.939.513.7703237.137.7 75.2 74.9 25 25 38 0   13.70   14.50 4  3  0VU동55.04821312-1.0 5.8 4.8606012 0주행평범적임교체64관 0 4 4     4 5 4②1:15.2½    .013.638.113.1 -7 -9 -.30 2 9 -2  .11246141382 510 9 42 1 6.0911.04 2.8 5.7 16.0  224.2  352.9  872.9  .04367 1 5 8 1△  .938.30 -.37-1.5376.2810.7023.3434.36102336 4.0412.0015.09 9
20250628토 4120011국554 6105 7혼전 4441흐림다습11 6 2레이스로즈      레이스데래피즈로 3525.00한암 31414 9 1   77      24750국5홍대유김한수  -2 4 8 2 511 1 1 0 7 14이동하47252.089기입적44 45 455924.059.027.62849151837 7151519201914242619 099 0→↘선13.436.939.413.7643936.740.4 76.6 77.0 29 43 57 0   13.80   14.80 5 -4 -1UUDN55.04821312 -.6 4.6 4.0585812-1연대우수조교부실42관 0 1 6     7 710⑧1:16.64    1.413.740.314.5 -3 -8  .50 811  5 1.87924887934 61010 50 1 1.02 4.11 2.7 6.2  2.7    6.2   12.8   23.412.73181 2 5 6 2    .838.90 -.14  .6976.23 7.4516.6127.56 61628 6.1912.0023.58 6
20250525일 51300 9국551 3 55 8 1강 1141맑음양호 8 6 2레이스로즈      레이스데래피즈로 9030.00한암 31616 2 1   86      24750국5홍대유김한수  -2 5 7 1 211 3 1 0 6 16문세영48052.573평입보75 85 857584.065.047.73644 91837 7151538451914283616 099 0↘↗입13.437.139.913.7703537.640.1 83.8 84.4 33 17 67 0   13.80   14.50 6  3 -3NUUP55.04821312 -.2 4.2 4.0565613 1연대우수연대우수50관 1 5 6     6 7 9⑨1:23.83    1.913.840.714.8  3 -2  .10 9 6  5 2.48348767418 5 8 3 30 3 2.03 9.07 2.7 4.6  3.7   12.6   25.3   33.2  .03873 0 8 7 0▲ 1.140.30 -.62 7.3883.2917.5333.8947.7215324713.8934.3848.84 4
20250413일 1120011국631 9 35 8 2강 2244비  포화16 6 2레이스로즈      레이스데래피즈로 3525.00한암 3 0 0 2 1  196      16500국6홍대유김한수  -2 6 6 6 411 2 0 0 5  0문세영48255.073평입상78 76 768185.070.070.13644 91837 7151538451914283616      ↘↗입13.437.039.413.7643936.139.3 76.1 75.1 20  0 60 0   13.90   14.60 4 -5  1HN동       1312 -.2 5.8 5.6434313 0전개선전연대우수 1관 1 2 3     3 3 1①1:16.1코    .013.839.614.5  0 15 -.70 1 1 -5  .015 4642490 3 6 1 12 2 1.07 2.06 2.0 2.8  2.0   17.8   24.8   32.1  .03878 2 8 7 2▲ 1.338.30-1.40-1.3276.2831.3655.1870.1332526424.0046.4162.99 2
20250315토 2120011국653 6105 7 3강 3331맑음양호 7 6 2레이스로즈      레이스데래피즈로 3525.00한암 3 0 0 2 2  289      16500국6홍대유김한수  -2 7 5 5 311 1 0 0 4  0문세영46754.593하입상61 60 607277.076.055.64153 01670 7151538451914283616      →↘입13.437.139.013.7576436.239.7 76.6 75.6 25  0 50 0   14.10   14.20 5  4  0NN동       1312  .5 5.8 6.3353513 0전력변화탄력호전 1관 1 7 4     3 3 2③1:16.61¼   .313.940.214.6 -3-21 -.70 3 6  1 1.732 6744274 4 3 4 12 1 2.07 2.10 3.0 8.4  4.3   19.6   29.8   58.5  .03387 1 8 8 1△ 1.738.30 -.83 -.4776.1224.0043.2455.6135536825.6445.2448.08 1
20250208토 2120011국631 8 85 5혼전 4431맑음건조 5 6 2레이스로즈      레이스데래피즈로 3525.00한암 3 0 0 1 2  397      16500국6홍대유김한수  -2 8 4 4 211 4 0 0 3  0이혁  48854.588하입상39 29 294834.060.041.52757111670 7151532 01914272119      ↗↘선13.437.239.113.7555936.938.6 77.6 75.6  0  0 67 0   13.90   14.1011 -6  2HNDN       1310 1.3 6.0 7.3232313-1걸음불변탄력호전 1기 0 3 1     1 1 2③1:17.61½   .314.139.714.2 -2 12-2.10 3 5  0 1.13133412876 6 5 5 31 4 1.06 5.04 2.8 5.3  2.8   18.5   27.4   39.3  .03337-1 5 5-1    .738.20 -.51 -.7076.2312.7027.9541.4513284312.9023.7031.69 4
20241123토 21300 9국610 8 15 5혼전 4435맑음건조 4 6 2레이스로즈      레이스데래피즈로 9030.00한암 2 0 0 2 4  617      24750국6홍대유김한수  -2 9 3 3 111 3 0 0 2  0이혁  47653.092하무하12 35 354630.053.033.92959 3247018151532 01914272119      ↗↘선13.436.640.113.798 637.838.7 84.0 82.8  0  0100 0   13.40   15.30 4  7 -1NHUP       1310 2.5 6.5 9.0181810 1걸음불변거리늘어 1기 0 9 4     4 3 4④1:24.0목   1.613.939.714.1 -1 -1-1.50 4 5  1 2.13861344048 3 7 5 52 3 1.02 5.08 1.3 2.3  1.3    2.3    2.9   11.6  .01835 0 5 6 0    .240.40 -.05 6.1083.1011.2422.9533.86 9203210.7724.2433.21 5
20241026토 1120012국621 5 25 3혼전 4435맑음다습14 6 2레이스로즈      레이스데래피즈로 3525.00한암 2 0 0 9 4  704      24750국6홍대유김한수  -210 2 2 111 2 0 0 1  0이혁  47754.092하무보25 35 354219.043.023.22959 3247018151532 01914272119      ↗↘선13.936.740.013.7911336.341.5 77.9 77.6  0  0100 0   13.90   14.00 4 -9  1HNUP       1210  .0 9.0 9.0222210 2걸음불변보통걸음 1   0 2 3     2 4 7⑨1:17.93    2.613.441.915.3  5  2 -.20 9 4 -5 3.386 7958719 9 9 9 80 211.0311.09 1.7 2.2152.7  329.7 1012.6  926.7  .01432 0 4 4 0   -.539.30 -.22  .8676.45 6.1313.9123.17 3 814 3.7511.1715.6510
20240928토 1100012국640 2 45 5혼전 4435맑음건조 5 6 2레이스로즈      레이스데래피즈로 3525.00한암 2 0 0 9 4  791      24750국6홍대유김한수  -211 1 1 111 1 0 0 0  0이혁  47553.092평무보   35 3540  .057.033.72959 3247018151532 01914272119      ↗↘선    37.137.8        36.638.7 63.8 63.5              13.80   13.80 4  0  0LN동       10 0                 0 0걸음불변보통걸음 1기 111 6     6 4 6⑨1:03.8목   2.113.939.214.0  0 23-1.10 9 9  0 2.26915754631 6 6 7 30 1 2.0810.07 2.5 3.1  3.0   41.9   60.5  143.612.72863 2 5 6 2    .638.10  .07-11.462.7112.9723.5833.68142842 8.8217.4826.5410
20251123일 6120010국5 4 6  5 1 3강 3342           6 3블랙스펙터      한센    걸크러시 6925.00한수 41111   1    014:25 24750국5배휴준허영희   3 016 3 41718 2 017 11오수철   57.061기입적50 35 3514 6.037.013.1 825 7 643 4 8 0 012 9 4122315 05050→→입13.737.538.912.73835                   19 38  019   14.20   13.90 2 -5  0HL동53.54221814-1.410.0 8.6252513 0걸음불변단기승부42기 0 3                            14.2    13.9                                10 610 9 18                                              .01510-4 1 2-4▼-1.038.90  .24     76.28 2.44 6.7713.09 1 4 7 1.16 5.6211.28 9
20251108토 7120011국551 3105 1 2강 2241흐림건조 3 6 3블랙스펙터      한센    걸크러시 6925.00한수 41212 2 1   38      24750국5배휴준허영희   3 115 2 31717 2 016 12오수철46157.061기입보31 31 31 5 4.028.0 4.9 825 7 643 4 8 0 012 9 4122315 05050→→입13.737.638.912.7343237.638.5 76.5 76.4 20 40  020   14.30   15.00 5 -3  5LBDN53.54221814 -.4 9.0 8.6222213-6걸음불변부진마필29기 0 8 8     8 6 8⑧1:16.52    1.514.239.013.9 -2  0 -.40 810 -1 1.7596941533511 6 810017 2.0110.09 3.0 6.8  4.3    8.6   18.7   45.0  .014 2-4 1 1-4▼-1.638.10  .41 -.1476.34  .36 1.08 4.92 0 4 8  .75 1.64 6.0911
20251003금 8180011국441 9 95 6혼전 4431흐림다습11 6 3블랙스펙터      한센    걸크러시 4630.00한수 41313 1 1   81      33000국4배휴준허영희   3 214 1 31716 2 015 13오수철46152.059기입적18  5  51313.045.023.7 825 7 643 4 8 0 012 9 4122315 05050→→입13.740.340.912.7411639.842.1120.7120.5 21 43  021   14.70   14.10 4  0  0VUUP53.54221814 -.4 7.8 7.4303018 1걸음불변부중유리62기 011 7 7 7 7 6 6⑩2:00.71¾  1.914.342.415.0 -1 -2 -.101011  1 4.78340858131 91010 6016 1.03 3.05 3.3 7.5  3.3    7.9   13.9   10.5  .01643 0 3 6 0   -.540.80 -.1839.26119.0 5.6614.1623.71 51222 4.76 9.2116.87 9
20250907일 9170011국550 6105 7 1강 1119맑음다습14 6 3블랙스펙터      한센    걸크러시 6230.00한수 41414 1 1   65      33000국5배휴준허영희   3 31311 31715 2 014 14오수철46352.060기입상16  9  933 8.050.032.8 825 7 643 4 8 0 012 9 4122315 05050→→입13.739.641.412.7613239.741.9112.9113.6 23 46  023   14.00   14.90 3  8  0VUUP53.54221814 -.6 7.6 7.0353518 3걸음불변부중유리15관 011 7 7 7 6 6 7⑥1:52.9¾   1.214.741.014.1 -4  1  .70 610 -1 1.85939726846 7 8 8 4215 3.09 3.02 2.4 5.2  7.0  126.9  221.5  643.6  .02656 1 2 4 1    .141.50 -.1932.63113.8 9.9221.1832.79122539 5.56 9.9217.97 9
20250817일 5140011국412 7 65 7 3강 3351맑음양호 7 6 3블랙스펙터      한센    걸크러시 6230.00한수 41515 2 1   49      33000국4배휴준허영희   3 41210 71714 2 013 15오수철46252.060기입하14  7  735 7.047.020.4 825 7 643 4 8 0 012 9 4122315 05050→→입13.737.039.612.7572837.141.0 90.5 90.1 33 50  017   14.20   14.70 6  0  0HU동53.54221814  .0 6.0 6.0404018 0걸음불변부중유리34기 0 3 4     5 5 9⑩1:30.55    2.914.041.314.9 -1 20 -.601011  3 3.38152888810 7 710 8014 2.01 5.09 1.4 4.3  7.7    4.3   15.6    9.3  .02343 0 2 5 0   -.139.20  .0113.4689.00 4.8410.6020.38 2 713  .87 3.46 7.94 9
20250705토 51400 9국452 3 55 7 3강 3331맑음건조 3 6 3블랙스펙터      한센    걸크러시 6230.00한수 41616 1 1  102      33000국4배휴준허영희   3 511 9 61713 2 012 16오수철44252.060평입하27 19 193710.052.028.1 825 7 643 4 8 0 012 9 4122315 05050→→입13.737.139.512.7473236.541.3 89.9 90.4 36 55  018   14.20   14.30 4  1  0HU동53.54221814  .2 5.0 5.2525213 0걸음불변부중유리56기 0 3 6     4 5 8⑨1:29.9½   2.814.241.014.7  1  0  .20 9 8  3 2.987249187 6 7 5 8 5013 2.07 9.04 2.6 3.5  2.9   31.3   43.8   24.3  .02647 1 3 6 1    .239.10 -.2013.7589.00 7.9217.5928.05 81526 1.72 6.0312.11 8
20250607토 81400 8국412 3 65 8 3강 3331맑음건조 3 6 3블랙스펙터      한센    걸크러시 6230.00한수 41818 2 1   71      33000국4배휴준허영희   3 610 8 51712 2 011 18오수철44252.060평입상58 51 514632.058.033.7 825 7 643 4 8 0 012 9 4122315 05050→→입13.737.139.212.7445137.540.4 90.0 90.1 40 50  030   14.20   13.60 5 -1  0HU동53.54221814  .0 4.8 4.8545412 0주행평범부중유리31기 0 2 7     7 7 7⑧1:30.0목   2.214.240.014.3  3 12  .20 8 5  0 2.48374808715 6 4 4 5012 7.04 6.08 1.8 4.0 17.7   58.3  184.6   37.911.82856 2 5 7 2    .639.10 -.1713.8288.80 8.4719.4533.69 81526 7.3715.2325.53 6
20250504일 6140011국452 5105 8혼전 4455맑음다습14 6 3블랙스펙터      한센    걸크러시 6230.00한수 4 1   1 1  128      33000국4배휴준허영희   3 7 9 7 41711 2 0 0  0오수철43052.060평입하56 46 4648  .056.039.0 825 7 643 4 8 0 012 9 4122315 03367→→입13.737.139.212.7465536.540.1 87.7 88.8 44 56  033   14.70   13.20 6 -1  0HUDN54.04191814  .6 4.2 4.8535312-4주행평범부중유리 1기 0 3 6     5 5 6④1:27.71     .614.239.013.6 -1  1 1.00 4 5  2  .84524705559 6 5 5 3211 3.01 2.04 2.0 5.1  7.2    5.6   18.2   19.1  .02653 1 4 7 1    .538.80 -.3012.4888.8012.5925.9638.9912253913.0422.7849.15 3
20250323일 9180011국453 8105 8혼전 4441맑음건조 4 6 3블랙스펙터      한센    걸크러시 4630.00한수 42222 2 2  251      33000국4배휴준허영희   3 8 8 6 21710 2 0 9 22오수철42952.058평입보65 55 553626.056.027.41040 8135011 8 0 012 9 4122315 03367→→입13.740.240.512.7474339.645.6123.0122.5 44 56  033   14.90   13.90 5 -2  0HU동54.04191814 1.0 3.2 4.2575712 0주행평범부중유리 1기 0 4 6 6 6 6 911⑪2:03.09    5.314.746.516.8  8 10 -.9911 3 -6 5.597239998 5 4 7 5 6010 1.07 1.08 2.9 7.2  2.9   21.4   32.2   56.112.72959 2 5 6 2    .341.20 -.1041.83118.8 7.4218.2627.38 51222 4.7612.5016.72 8
20250215토 9180011국451 8105 7혼전 4451흐림건조 4 6 3블랙스펙터      한센    걸크러시 4630.00한수 42525 2 2  368      33000국4배휴준허영희   3 9 7 5 117 9 2 0 8 25오수철41952.058우입하30 22 224012.055.037.51040 8135011 8 0 012 9 4122315 05050→→입13.740.140.512.7494340.139.6118.3117.7 50 50  038   13.90   13.6012  4  0NUUP55.04201814  .6 2.8 3.4676712 4걸음관심부중유리 1관 0 6 7 7 7 9 9 6④1:58.3¾    .314.940.513.9 -5  0-1.10 4 9  6  .41642322472 3 611 53 9 7.06 3.07 3.7 9.1 14.2   86.2  227.9  177.6  .02753 0 3 6 0    .540.70 -.3037.10118.812.2125.7937.45 51223 3.70 7.7314.58 8
20241123토 8140011국453 3105 9 3강 3341맑음건조 4 6 3블랙스펙터      한센    걸크러시 6230.00한수 32828 2 4  611      33000국4이준철허영희   310 6 4 317 8 2 0 7 28오수철41952.065우입보77 75 757365.067.054.7 5 0 5233814311814123025122315 05050↘↗입13.737.239.112.7445937.438.9 88.8 89.3 57 57  043   14.40   13.30 5 -8  0HUDN55.04201712  .8 2.6 3.4686812-3주행평범부중유리 1기 1 2 8     7 8 6⑤1:28.81¼  1.513.939.013.6  2 -7  .30 5 3  0 2.16370334532 9 2 2 13 8 9.05 5.07 2.2 6.7 36.2  147.0  446.4  888.412.23885 3 7 8 3▲ 1.338.80 -.7213.0088.8027.3743.8854.6635536811.4922.4634.34 3
20241019토10170011국412 4 65 9 3강 3329흐림포화16 6 3블랙스펙터      한센    걸크러시 6230.00한수 33333 2 4  717      33000국4이준철허영희   311 5 3 217 7 2 0 6 33오수철42652.065강입하59 55 557656.067.053.0 5 0 5233814311814123025122315 05050↘↗입13.739.640.712.7627240.040.7110.6112.8 67 67  050   14.50   14.30 5  1  0BU동55.04201712  .8 2.0 2.8797912 0승부최상부중유리 1기 010 6 6 5 4 4 5⑤1:50.62     .514.439.613.3  2 -9 1.90 5 3 -1 1.03253444563 7 3 2 12 7 1.09 7.09 1.8 4.7  1.8   31.6   41.6  197.412.23884 3 7 8 3▲ 1.341.40 -.2932.45113.324.2541.3652.9721425812.8225.6133.75 2
20240914토 9170011국422 7 75 9 3강 3341맑음포화15 6 3블랙스펙터      한센    걸크러시 6230.00한수 34040 2 5  804      33000국4이준철허영희   312 4 2 117 6 2 0 5 40오수철43552.060강입하63 82 828479.072.059.1155010314629311814123025122315 05050↘↘입13.739.740.512.7569139.641.8111.7113.4 80 80  060   13.80   13.80 4  6  0BUUP55.04201712  .5 2.0 2.5858512 3승부최상승부최상 1기 1 9 7 7 6 6 6 5⑥1:51.7목   1.614.540.914.3  2 11 1.50 6 4  2 1.75437736831 6 3 3 12 6 2.01 1.05 2.6 3.2  2.7    3.2    5.1    7.5  .05895 4 9 9 4★ 1.741.40 -.3733.24113.227.2047.6059.1421425816.4128.7940.26 3
20240817토 6140011국432 3 85 9 3강 3341맑음건조 4 6 3블랙스펙터      한센    걸크러시 6230.00한수 35050 2 5  891      33000국4이준철허영희   313 3 1 217 5 2 0 4 50오수철42452.060강추상98 99 998588.071.050.0155010314629311814123025122315 05050↘↘입13.737.238.812.7359236.839.0 87.8 88.4100100  075   13.70   13.50 5 -4 -2HU동55.04201412 1.7 1.3 3.0828214 0승부최상승부최상 1기 2 3 2     4 4 4④1:27.81     .913.839.113.8  2  0  .30 4 2 -2 1.63137352551 4 4 1 22 5 1.03 7.01 2.2 5.4  2.2    8.7   14.0   23.5  .05098 4 9 8 4★ 1.438.60 -.4112.4088.5920.3037.8049.9614284219.2036.8947.16 2
20240713토 6140010국554 4 55 9 1강 1151맑음양호 9 6 3블랙스펙터      한센    걸크러시 6230.00한수 33333 2 5  976      24750국5이준철허영희   314 2 1 117 4 1 0 3 33오수철42454.060강추보80 90 908690.075.068.2155010314629311814123025122315 0 099↘↘입14.037.438.812.7279536.938.5 87.0 87.5100100  0**   14.00   13.00 5 -1 -2NUUP56.04151412 2.5 1.5 4.0808012 1전개최상승부최상 1기 3 7 5     5 4 3①1:27.02    -.313.738.413.5 -3  9  .40 1 4  3  .0 641201491 9 2 1 12 4 4.02 7.03 2.9 4.3  7.1   12.7   30.0   49.9  .05098 4 9 9 4★ 1.938.20-1.0011.2688.7336.3158.3168.1839607324.5945.1158.91 1
20240609일 31300 9국641 2 95 9 3강 3311맑음다습10 6 3블랙스펙터      한센    걸크러시 6230.00한수 3 0 0 2 6 1069      16500국6이준철허영희   315 1 3 117 3 0 0 2  0오수철41556.057강추보82 96 969659.074.069.01050 7425715311814123025122315      →↘입14.237.638.812.7519637.937.4 82.2 82.1100100  0**   14.20   13.10 5 -1  0LHUP       1312 2.0 1.0 3.0868612 1부중효과전개최상 1관 3 8 6     7 5 5①1:22.2¾    .014.037.913.0  0  1 -.30 1 1 -1  .01464 3 790 5 1 1 13 3 1.04 8.07 3.0 5.4  3.0    5.4   10.7    6.912.24489 3 8 8 3☆ 1.639.20 -.83 5.6782.9030.9454.2469.0335536817.1433.5438.01 2
20251123일 6120010국5 4 6  5 4 3강 3342           6 4엑설런트한센    파워블레스터닝한 3722.00한암 3 010   1    014:25 24750국5김동균박정배   1 011 4 810 1 0 110 10문정균   52.068기선보50 52 525712.046.023.11956 9193711182117 017 61318237525 0→↘추13.336.738.812.98051                   33 56 44 0   13.70   13.60 7  2  0HU동53.64301312 -.2 4.8 4.6565613 0전개최상기복전력 1   0 4                            13.7    13.6                                 5 4 6 8  1                                              .03441 0 4 4 0   -.338.80  .45     75.78 7.6313.6723.07 2 713 3.49 7.8715.79 8
20251003금 5120011국554 5105 8혼전 4431흐림다습11 6 4엑설런트한센    파워블레스터닝한 3722.00한암 3 011 1 1  128      24750국5김동균박정배   1 110 3 710 2 0 1 9 11김동수44152.073기도적74 74 749445.061.034.01420 61937111821171117 6 920277525 0→→추13.336.638.912.9884337.538.8 76.2 76.3 38 63 50 0   13.60   13.50 7 -9  0HU동53.64301312 -.4 4.6 4.2636313 0전개최상전개최상 7관 1 2 5     910 9⑥1:16.2목   1.613.739.113.6  1  2  .20 6 5 -4 2.05964515933 3 3 3 13 211.01 7.08 2.6 5.6 61.4   61.8  305.4   66.712.74478 2 7 6 2△  .739.10  .14  .8375.7812.5224.4433.9814284214.1223.0429.22 3
20250816토 4120011국552 4105 7혼전 4441맑음다습12 6 4엑설런트한센    파워블레스터닝한 3722.00한암 3 012 2 1  143      24750국5김동균박정배   1 2 9 2 610 1 0 1 8 12김동수43952.073우도적40 38 389317.058.035.31420 61937111821171117 6 920276733 0→→추13.336.738.812.9854736.738.6 75.6 75.2 29 57 43 0   13.50   14.90 5  7  0VU동54.24261312 -.2 4.0 3.8646413 0승군탐색전개최상32관 011 6     2 2 2④1:15.6½    .213.638.713.5 -5  8 -.30 4 9  5  .22122442474 1 410 51 1 3.02 6.08 2.3 7.6  9.0   24.9   60.5   67.1  .04479 1 5 5 1    .538.60  .11 -.3075.7811.9023.6735.28102336 4.7612.0219.06 9
20250713일 4120011국553 2105 5혼전 4421흐림건조 4 6 4엑설런트한센    파워블레스터닝한 3722.00한암 3 014 2 1   74      24750국5김동균박정배   1 3 8 1 510 1 0 1 7 14김용근43152.083우선보80 84 848551.058.031.6214911193711182120 017 62925176733 0↗↘선13.336.838.812.9785136.240.8 76.8 77.1 33 67 33 0   13.30   14.20 6 -4 -3HUDN54.24261312-1.2 4.8 3.6676713-1걸음불변보통걸음62관 1 4 2     2 3 5⑦1:16.8¾   1.713.540.914.9  3 11  .20 7 4  2 2.279 6927723 4 3 3 51 1 2.01 2.10 2.6 6.1  6.0    6.1   18.2   17.812.72985 2 7 7 2    .739.10  .14 1.4875.8410.2821.1131.63 5122213.2523.9135.29 4
20250601일 11300 9국641 6 95 5혼전 4424맑음건조 3 6 4엑설런트한센    파워블레스터닝한 8132.00한암 3 016 1 1  109      16500국6김동균박정배   1 4 7 7 210 4 0 1 6 16조인권42055.065기입상97 99 997346.054.040.61635101937111821121117 62324136733 0↗↘선13.637.139.512.9704337.038.5 82.9 82.4 40 60 20 0   13.60   13.20 8  2  0NNUP54.24261312-1.8 6.6 4.8585813 1선행무리최적거리 5   0 8 1     1 1 1③1:22.95     .913.339.014.2  1 -7 -.60 3 2 -2 1.12319291069 4 2 1 41 4 1.03 4.06 2.3 4.0  2.3    4.3    7.3    4.610.51956 0 7 5 0    .239.80 -.18 5.7783.0315.7629.2640.6410233613.7332.5247.60 3
20250405토 1120011국640 7 95 4 2강 2237비  다습12 6 4엑설런트한센    파워블레스터닝한 3722.00한암 3 020 1 2  227      16500국6김동균박정배   1 5 6 6 410 3 0 1 5 20조인권42755.068기입보48 60 605239.051.038.3 940 21344 41821121117 62324135050 0→↗선13.737.139.313.9564736.538.5 74.8 74.7 25 50 25 0   13.90   14.90 6 -4  1NL동53.84261312-2.0 7.3 5.3525213 0주행평범작전마주 1   0 6 1     1 1 2③1:14.8머리  .013.638.213.2 -1 -3  .20 3 4  0  .4 815351390 4 5 2 31 3 1.02 3.05 2.7 4.5  2.7    4.5    7.3    6.1  .01740-1 5 3-1    .138.10 -.48-1.7076.2812.4826.7238.3113284311.9428.1931.58 2
20250222토 1120011국651 9105 6혼전 4434맑음건조 3 6 4엑설런트한센    파워블레스터닝한 3722.00한암 3 025 9 2  354      16500국6김동균박정배   1 6 5 5 310 2 0 1 4 25조인권43054.568기입적79 79 798164.068.055.6 940 21344 41821121117 623241399 0 0→↗선13.737.338.913.9477936.640.1 78.6 76.6 33 67  0 0   13.70   14.20 8  9  2BLDN53.04221310-2.7 8.3 5.7474712-1신마혈통탄력호전 1관 010 5     3 2 2④1:18.61     .513.941.114.9  0  8-1.90 4 4 -2  .56617836768 5 4 1 32 2 6.01 5.07 3.9 8.5  8.2   11.7   26.9   36.0  .03366 0 7 6 0   1.038.40 -.89  .4076.1719.4139.4155.6314284219.3539.1648.46 1
20241229일 2130011국642 8 95 4 1강 1149맑음건조 4 6 4엑설런트한센    파워블레스터닝한 8132.00한암 2 0 0 9 3  496      16500국6김동균박정배   1 7 4 4 110 1 0 0 3  0조인권42253.071하입적10 20 204911.048.029.51743122350161821121117 6232413      ↗→선13.937.339.713.9655937.638.4 83.3 82.5  0 50  0 0   13.70   15.10 6  0  0HHUP       1310-2.0 9.5 7.5272712 1걸음불변신마혈통 1   0 1 1     1 1 1②1:23.35     .013.739.514.2 -4 -8-1.30 2 6  2  .82648242190 3 7 6 51 1 4.06 2.01 2.5 4.3  6.6   46.7   78.9   46.9  .02144 0 3 4 0    .039.60 -.12 5.4783.29 8.1117.0629.54 61628 3.13 8.7016.36 6
20241116토 2120011국610 6 15 3 2강 2239맑음건조 3 6 4엑설런트한센    파워블레스터닝한 3722.00한암 2 0 0 2 4  639      16500국6김동균박정배   1 8 3 3 210 2 0 0 2  0유승완43053.084하입적64 46 463642.042.022.52240 81740121821211917 6162623      ↗→입13.937.339.213.9505937.140.7 77.9 77.8  0 50  0 0   13.90   14.20 6 -3  0HH동       1210-2.011.0 9.0 8 812 0걸음불변조교부실 1관 0 1 5     5 5 5⑨1:17.91½  2.413.741.115.1  5  6 -.15 9 4 -4 2.68942908821 4 7 1 60 2 5.01 6.11 1.2 2.7 18.6    9.5   34.4  168.0  .01425-2 5 4-2   -.538.80 -.08 1.3176.34 4.7612.3222.48 51323 7.6924.8426.39 2
20241005토 21200 9국611 6 15 2 1강 1159맑음건조 3 6 4엑설런트한센    파워블레스터닝한 3722.00한암 2 0 0 1 4  769      16500국6김동균박정배   1 9 2 2 110 1 0 0 1  0유승완42453.084하무보14 35 35 9  .028.0 8.12240 81740121821211917 6162623      ↗→입14.537.539.813.9483537.038.6 76.6 75.4  0  0  0 0   14.50   14.20 6 -6  0HHUP       1210         9.0    10 2기수신마보통걸음 1   0 4 4     3 3 3⑥1:16.6목   1.213.939.214.2 -2  9-1.00 6 8 -3 1.72640413354 6 6 8 82 1 1.03 2.05 1.3 3.2  1.3    4.4    5.5   11.7  .02012-2 2 1-2  -1.537.90 -.12-1.8676.78  .50 2.54 8.09 1 51212.8623.8455.21 4
20240825일 1100012국630 1 85 5 1강 1135맑음다습12 6 4엑설런트한센    파워블레스터닝한 3722.00한암 2 0 0 2 5  865      24750국6김동균박정배   110 1 1 110 1 0 0 0  0이동하41553.088평무보   35 3540  .048.019.82753131240101821 8 017 6242619      ↗↘선    37.137.8        37.238.1 64.2 64.2              13.80   13.80 4  0  0LN동       10 0                 0 0걸음불변기수신마 1관 01012    12 9 9⑨1:04.23    3.114.538.514.2 -2  5 -.80 911  0 3.48343584919 7 7 8 60 1 5.02 8.06 2.1 3.7 23.5   32.7  119.5   53.8  .01847 0 4 5 0    .038.20  .48-10.762.71 4.8210.8819.77 51223 8.8217.4826.57 9
20251123일 6120010국5 4 6  5 5 3강 3342           6 5라온스필레타    미스터크한반도정 4926.00한거 31225   1    014:25 24750국5박종곤손천수   1 0 9 5 9 8 1 1 1 8 25김성현   53.066우선적50 67 677627.055.031.6 922 62342 8282912 026121625197525 0→↗입13.336.739.012.98139                   33 50 5017   13.30   13.60 8 -3 -2NU동54.54731212-2.2 5.4 3.2797912 0탄력늘어작전마주50기 1 5                            13.3    13.6                                 3 7 2 4  2                                            12.12169 0 5 3 0    .339.00  .08     75.89 9.6621.6131.58 31020 8.1419.1029.32 5
20250928일 5120011국553 1105 5혼전 4431흐림불량20 6 5라온스필레타    미스터크한반도정 4926.00한거 31428 9 1  139      24750국5박종곤손천수   1 1 8 4 8 8 3 1 1 7 28조재로47154.580기도적88 87 877463.061.025.52748132342 82829283126121924227525 0↗↘추13.336.839.112.9723236.339.4 73.7 75.9 33 50 5017   13.40   13.40 6  0  1NN동54.54731212-2.2 7.0 4.8636312 0기습선행기복전력72기 1 8 3     3 3 5⑨1:13.7¾    .913.338.413.6  5 -6 2.09 9 4  2 1.144 8693750 6 9 5 60 3 2.07 5.06 3.3 7.6  4.3   25.7   39.1   41.3  .03164 0 7 8 0    .738.70  .14  .0076.00 6.6115.6525.50 5122212.1721.1029.76 5
20250816토 4120011국552 4105 5혼전 4441맑음다습12 6 5라온스필레타    미스터크한반도정 4926.00한거 31616 2 1  101      24750국5박종곤손천수   1 2 7 3 7 8 2 1 0 6 16조재로47753.580기입적66 77 777255.057.035.32748132342 82829283126121924226733 0↗↘추13.336.839.212.9742836.638.5 75.4 75.0 20 40 4020   13.30   14.60 7  0  0NH동54.84721212-2.2 7.0 4.8636312 0적임교체기복전력39기 0 8 1     1 1 1②1:15.4코    .013.438.613.4  0  1 -.30 2 2 -8  .01518401878 3 8 4 41 2 3.02 6.08 2.3 7.6  9.0   24.9   60.5   67.1  .03063 1 7 6 1    .538.50 -.17 -.9776.0611.9323.6935.32 5122214.2927.3234.11 1
20250628토 4120011국554 6105 8혼전 4441흐림다습11 6 5라온스필레타    미스터크한반도정 4926.00한거 32020 9 1  123      24750국5박종곤손천수   1 3 6 2 6 8 1 1 0 5 20조재로47653.580기입적61 55 555832.066.036.32748132342 82829283126121924225050 0↗↘추13.637.139.012.9594336.239.9 75.4 76.0 25 50 2525   13.70   15.0011 -2  0NH동55.54701212-1.3 6.3 5.0595912 0주행평범적임교체40기 0 8 3     2 2 2④1:15.41½   .213.339.714.6 -6  8  .70 410  4  .651 5825370 8 7 7 41 1 1.02 4.11 2.7 6.2  2.7    6.2   12.8   23.4  .04381 1 5 7 1△ 1.338.50 -.26 -.0676.1213.4825.7836.33 82033 7.2215.0022.64 5
20250412토 5120011국513 5 15 3혼전 4441흐림양호 7 6 5라온스필레타    미스터크한반도정 4926.00한거 32525 2 2  222      24750국5박종곤손천수   1 4 5 1 5 8 1 1 0 4 25김정준46853.571기입상82 88 885655.050.021.6174314123310282912 026121521245050 0↘→자13.637.139.112.9593235.940.7 77.2 76.6 25 50 2525   13.70   13.20 7  2 -3LH동55.54701212-1.3 7.7 6.3464612 0교체성공기복전력 1기 110 3     1 2 4⑩1:17.2¾   1.813.741.115.0  4  0 -.5210 6  4 1.966 3906925 6 8 3 71 1 1.02 7.06 1.5 2.6  1.5    2.6    3.4    7.510.52956 0 7 6 0    .138.60  .09  .3776.17 5.8313.3121.58 3 81515.5830.6737.09 3
20250223일 1120011국640 9 45 4 1강 1139맑음건조 3 6 5라온스필레타    미스터크한반도정 4926.00한거 3 0 0 9 2  343      16500국6박종곤손천수   1 5 4 4 4 8 1 0 0 3  0송재철46856.075하입보48 57 574246.054.049.01460 3123310282925332612182621 099 0→↗입13.637.039.913.9651437.137.6 76.8 74.8  0 33 33 0   13.90   14.20 7 -1  3NL동55.04711212-1.5 8.5 7.0363612 0걸음불변기수승부 1기 0 8 1     1 1 1①1:16.86   -1.013.738.713.2 -1 -8-2.10 1 2 -4  .0104410 898 5 7 1 21 1 2.05 8.05 2.0 3.2  3.8   28.2   48.2   72.1  .01465 0 6 5 0    .438.20-1.08-2.1076.5615.9736.0149.0419405610.7726.3230.09 1
20250104토 2120011국653 6105 4혼전 4431맑음건조 3 6 5라온스필레타    미스터크한반도정 4926.00한거 3 0 0 1 3  485      16500국6박종곤손천수   1 6 3 3 3 8 1 0 0 2  0김성현47653.066하입적42 37 372117.045.014.2165711305316282912 02612162519 099 0↘→입13.637.340.014.0371036.939.4 76.6 76.2  0 50 50 0   13.60   14.30 5  4 -2NU동55.04711212  .010.010.0 5 512 0뒷심부족감량기수 1기 0 9 5     5 5 5⑤1:16.6½    .513.939.814.2 -1  5 -.30 5 6 -1 1.15431685667 8 9 7 82 1 1.0710.03 3.7 7.0  3.7   40.5   63.7   52.2  .02034-2 3 4-2   -.638.30 -.29-1.0976.78 2.70 7.9314.17 3 814 3.7410.9516.96 8
20241130토 3120010국651 7105 2 1강 1139흐림포화18 6 5라온스필레타    미스터크한반도정 4926.00한거 2 0 0 9 3  594      16500국6박종곤손천수   1 7 2 2 2 8 1 0 0 1  0김아현47155.056하무보 5  4  4 8 4.031.012.0 499 0305316282926302612162013      ↗↗입14.137.840.214.717 236.339.3 75.3 75.5  0  0  0 0   14.10   15.0011 -4  0NH동       1212        10.0    12 0기수신마거리난점 1기 1 5 2     3 2 2④1:15.31¼   .513.639.414.3 -3-14  .30 4 7 -3  .628 7653172 6 9 7 92 1 2.05 6.08 2.9 6.2  3.8   10.4   17.5   12.9  .02017-2 2 2-2  -1.537.60 -.63-2.4977.17 1.05 4.6011.98 3 814 1.59 3.01 6.9111
20240915일 1120010국631 5 35 5혼전 4431맑음다습14 6 5라온스필레타    미스터크한반도정 4926.00한수 2 0 0 2 5  801      24750국6박종곤손천수   1 8 1 1 1 8 1 0 0 0  0신형철48555.080평무보   25 2540  .042.015.71729 81325 6282920 02612161526      ↘↗추    36.738.5        37.541.2 78.7 78.7              13.80   13.60 4  0  0LL동       12 0                 0 0걸음불변기수신마 1기 1 9 8     8 7 9⑩1:18.71    3.814.141.615.0  0 12  .001010  0 4.09564949510 3 3 8 70 1 3.02 1.06 2.4 3.1  3.6    5.4   10.3   13.9  .02338 1 4 5 1   -.539.70  .82 3.4575.61 2.69 7.7215.70 41118 9.6819.3537.77 7
20251123일 6120010국5 4 6  6 8 3강 3342           6 6라라걸          올드패션레디포코 6422.00한암 3 033   1    014:25 24750국5최용구(주)선우-1 010 5 5 9 1 0 3 9 33송재철   51.575평입보50 65 656546.061.043.8152210275413181324 0201318262150 050↗→입13.536.938.612.76964                   38 38 2513   14.20   13.00 8 -3 -1NU동54.54721312  .2 3.8 4.0757513 0마방연대보통걸음58기 0 6                            14.2    13.0                                 7 2 3 2  1                                            10.92875 1 5 6 1    .838.60 -.15     75.7816.9030.6443.79153247 8.1422.4737.22 3
20250928일 5120011국553 1106 7혼전 4431흐림불량20 6 6라라걸          올드패션레디포코 6422.00한암 3 037 9 1  139      24750국5최용구(주)선우-1 1 9 4 4 9 1 0 3 8 37문세영47252.073우입하84 82 828364.069.034.83644 9275413181348 0201328361650 050↘↗입13.536.838.813.1765937.538.1 73.6 75.8 43 43 2914   13.60   13.8010  7 -1BUDN54.54721312  .2 3.6 3.8757513-1직전탐색마방연대36관 1 910    1010 9⑧1:13.61¼   .814.237.113.0  2  2 2.00 8 6  5 1.04064253454 5 4 6 40 1 2.07 5.06 3.3 7.6  4.3   25.7   39.1   41.3  .03380 1 8 8 1△ 1.338.70  .05  .2075.8412.8624.8434.7810233610.4323.6333.78 2
20250720일 51300 9국554 5106 7혼전 4431맑음포화17 6 6라라걸          올드패션레디포코 5930.00한암 3 042 2 1  157      24750국5최용구(주)선우-1 2 8 3 4 9 2 0 3 7 42장추열47052.593우입하61 71 717256.062.037.7335011275413181339 0201320252250 050↘↗입13.536.939.713.1843937.139.2 80.6 82.7 43 29 1414   13.90   14.30 4  0 -1UU동54.54721312  .6 3.6 4.2666613 0전개최상최적거리69관 1 2 5     4 3 1④1:20.6¾    .513.638.313.8  3  2 1.99 4 1 -2  .53424523163 3 8 5 32 2 3.02 8.05 3.4 9.0  5.4    9.0   22.0   28.7  .03473 0 6 6 0    .940.10 -.10 6.1383.0310.9624.9637.6513284310.8722.8336.36 4
20250622일 3130011국533 8 86 9혼전 4421맑음포화15 6 6라라걸          올드패션레디포코 5930.00한암 3 050 2 1   69      24750국5최용구(주)선우-1 3 7 2 3 9 1 0 3 6 50장추열46853.093우도하82 93 939584.068.053.2335011275413181339 0201320252250 050↘↗입13.536.839.613.1935137.539.7 82.7 83.1 50 50 5017   13.80   14.70 5 -8  0UU동54.54721312  .6 3.6 4.2666613 0승군탐색전개최상32관 0 2 5     5 5 5⑤1:22.71¼   .613.939.614.3  2 -6  .30 5 3  2 1.54943655959 3 8 3 22 1 2.0411.09 2.1 4.5  4.3   17.1   33.8   10.410.54495 2 8 8 2▲ 1.240.30 -.39 6.7182.9022.6238.7253.2118365123.8147.8356.95 1
20250518일 4130010국554 9106 7혼전 4421맑음다습13 6 6라라걸          올드패션레디포코 5930.00한암 3 040 2 1   88      24750국5최용구(주)선우-1 4 6 1 2 9 4 0 2 5 40문정균47453.066기입상92 99 999071.060.032.81956 92754131813 0 0201313182350 050→↘추13.536.739.613.1945137.039.5 83.2 82.6 40 40 4020   13.50   13.40 6  4 -2VU동54.54721312 1.4 3.6 5.0535313 0걸음불변탄력호전81기 210 2     1 1 1③1:23.2동착  .013.839.914.7  2  0 -.80 3 1 -2 1.03022634181 1 8 1 41 4 2.03 1.06 3.4 6.9  4.1    3.5    7.7    8.810.53380 1 8 8 1△  .740.30  .23 6.3082.8410.3021.8032.84 9203218.3934.0447.54 2
20250406일 3130011국651 9106 5 2강 2241맑음포화19 6 6라라걸          올드패션레디포코 5930.00한암 3 025 1 2  215      16500국6최용구(주)선우-1 5 5 5 1 9 3 0 1 4 25문정균47455.061기자적86 76 767782.064.063.11163 31938 91813 0 02013131823 0 099→→추13.637.039.713.2784736.738.9 80.5 81.8 25 25 2525   14.50   13.50 5  1  1NNUP54.04691312 2.0 3.8 5.8454512 1신마혈통탄력호전 1관 0 6 2     2 2 2②1:20.56     .013.538.113.4 -1  5 1.30 2 3 -3  .9 8 9411293 1 5 3 11 3 2.03 5.06 2.9 6.7  3.6    6.8   13.7   20.7  .03366 0 7 6 0    .839.80 -.85 5.0583.1027.9850.4763.1132526422.8942.4254.84 2
20250302일 1120011국610 8 66 5 2강 2239흐림건조 4 6 6라라걸          올드패션레디포코 6422.00한암 3 0 0 1 2  322      16500국6최용구(주)선우-1 6 4 4 3 9 2 0 0 3  0문정균46954.063하입보53 48 485025.048.028.01163 31938 91813 0 02013131823      →→추13.636.839.914.0822037.337.6 76.4 74.8  0  0 33 0   13.90   14.70 7 -1 -1NN동       1212 4.0 3.0 7.0323212 0적임교체신마혈통 1관 1 5 8     8 7 4②1:16.42½   .014.538.413.5 -4  7-1.50 2 6  1  .5 957101390 3 6 3 53 2 3.06 8.05 1.4 5.5 10.5   38.3   84.6   20.1  .03028-1 5 4-1   -.138.40 -.36-1.9576.45 7.2515.5528.02 61526 5.1917.6930.61 5
20250112일 1120011국640 8 96 8혼전 4439맑음건조 4 6 6라라걸          올드패션레디포코 6422.00한암 3 0 0 2 3  453      16500국6최용구선우패션99 7 3 3 2 9 1 0 0 2  0문정균46254.564하입하20 16 165430.060.047.41350101120121833 0 02013131823      →→추13.636.840.014.0772336.639.4 77.6 75.8  0  0 50 0   13.70   15.70 7  3  2LL동       1210 5.0 2.0 7.0191910 0걸음불변적임교체 1기 3 6 4     4 4 3⑦1:17.6목    .813.940.314.7  2-16-1.50 7 5  2 1.33920684961 3 8 4 32 1 1.02 1.03 3.4 7.8  3.4    7.8   13.1   12.2  .04348 0 6 7 0△  .538.70 -.96-1.0076.5117.2434.1847.4418365111.4823.3632.29 5
20241124일 11200 8국620 6 26 5 1강 1135맑음건조 4 6 6라라걸          올드패션레디포코 6422.00한암 2 0 0 2 4  607      24750국6최용구선우패션99 8 2 2 1 9 1 0 0 1  0이동하47853.090하입하30 25 2563  .054.041.22435132063 0183332 02013242619      ↘→선13.636.539.814.0983537.040.0 78.5 77.0  0  0100 0   13.60   14.3013 -1  0HHUP       1210 6.0 1.0 7.0202010 2기수신마보통걸음 1관 0 3 1     1 1 3⑦1:18.56    2.313.740.915.7  4  4-1.50 7 3  2 2.97538817526 7 8 8 31 1 1.06 8.02 1.8 2.1  1.8   20.4   25.2   38.5  .02055 0 5 6 0    .439.30 -.51  .6976.2311.7627.7341.19122539 9.4719.7836.03 4
20240825일 1100012국630 1 86 8 1강 1135맑음다습12 6 6라라걸          올드패션레디포코 6422.00한암 2 0 0 2 5  865      24750국6최용구선우패션99 9 1 1 1 9 1 0 0 0  0임기원47453.091평무보   25 2540  .065.040.23040 8183810183342 02013253216      ↘↘선    37.137.8        36.238.1 63.3 63.3              13.80   13.80 4  0  0NN동       10 0                 0 0걸음불변기수신마 1관 1 4 3     3 5 5⑦1:03.33    2.213.638.514.3  6 -5 -.80 7 1  0 2.563 5582134 3 3 4 22 1 5.02 8.06 2.1 3.7 23.5   32.7  119.5   53.8  .03578 3 7 8 3▲ 1.238.00 -.10-11.662.7115.5328.6040.20194056 8.8217.4826.57 3
20251123일 6120010국5 4 6  6 3 3강 3342           6 7조이라이트      레볼루셔위대한비  933.00한암 3       1    014:25 24750국5송문길강경운   2 0 9 1 1 0 8 1 2 0  0김효정   54.070우선적53 59 5977  .053.028.519391327391727251919272316211899 0 0→↘입13.336.639.513.38828                   43 57 43 0   14.00   13.9012  3  1LN동52.74041312-1.4 6.2 4.8656513 0신마적응최적전개38기 0 7                            14.0    13.9                                 1 9 5 7  8                                              .02554 0 5 5 0    .139.50 -.03     76.12 8.8418.5428.48 3 81710.4720.2230.45 4
20250831일 5120011국551 4106 8혼전 4441맑음다습13 6 7조이라이트      레볼루셔위대한비  933.00한암 31442 9 2  223      24750국5송문길강경운   2 1 8 5 7 8 7 1 2 7 42김효정41953.569기도상88 90 909171.062.036.21533 829432327251919272316211899 0 0↗→입13.336.639.613.3902836.540.8 76.2 77.5 43 57 43 0   13.30   13.60 5 -7  2HN동52.74041312-1.6 6.6 5.0636313 0전개최상전개최상44기 1 4 1     1 1 5⑩1:16.21½  2.113.440.015.1  7 10 1.2910 3 -3 2.18414928221 111 4 41 7 1.02 2.07 3.4 9.4  3.4   10.5   15.0   25.110.54471 0 8 6 0△  .739.40 -.31 1.2576.1711.9524.5736.1810233619.0534.9743.69 1
20250726토 4120011국534 4 86 8혼전 4441맑음건조 4 6 7조이라이트      레볼루셔위대한비  933.00한암 3 033 9 1   84      24750국5송문길강경운   2 2 7 4 6 8 6 0 2 6 33김효정40952.070기도상49 49 499348.075.052.719391327391727251919272316211899 0 0→↘입13.336.639.513.4922036.738.0 75.1 74.8 33 33 67 0   13.30   14.80 6  8  0VUDN53.04021312-1.6 6.6 5.0636313-1신마적응전개최상66기 111 1     1 1 1①1:15.1½   -.113.338.413.6 -5  5 -.30 1 6 -1  .01025231188 1 9 8 11 6 6.0911.04 2.8 5.7 16.0  224.2  352.9  872.912.74483 2 6 8 2▲ 1.738.60 -.74-1.3376.1225.4141.8852.7032526411.1122.0029.29 3
20250614토 4130011국554 5106 5혼전 4411맑음건조 3 6 7조이라이트      레볼루셔위대한비 5036.00한암 3 040 2 1  117      24750국5송문길강경운   2 3 6 3 1 8 5 0 2 5 40김효정40452.068기도적52 46 467143.056.031.719391327391727251919272316211899 0 0→↘입13.636.840.113.4911836.540.2 82.7 83.0 40 60 60 0   13.60   14.10 7 -4  0HUUP53.04021312  .0 5.8 5.8545412 1걸음늘어선행유리36기 0 3 2     2 2 3⑥1:22.73    1.013.340.514.8 -1  4 -.20 6 7 -2 1.345 5794548 310 7 61 5 3.01 4.05 2.6 5.8  5.3    5.8   12.1   12.6  .01861 0 5 5 0    .440.30 -.11 6.1083.23 9.2420.8531.70 5122210.9621.3031.31 3
20250426토 51200 9국524 6 76 2혼전 4431맑음양호 8 6 7조이라이트      레볼루셔위대한비  933.00한암 3 050 9 1  160      24750국5곽영효강경운   2 4 5 2 5 8 4 0 2 4 50김효정40052.070기도적31 30 303117.041.0 9.919391311 01424 02119251716211899 0 0→↘입13.636.839.413.4801436.339.6 75.8 75.9 50 50 50 0   13.90   15.10 5  3 -1BU동54.04031212 1.3 5.0 6.3494912 0선행강점마번불리 1기 1 7 1     1 1 2④1:15.82     .413.639.614.1 -5 -7  .10 4 9  1  .642 7744267 510 9101 4 5.0211.08 2.8 4.6  8.3   13.0   31.9   10.6  .02028-2 2 3-2   -.838.70  .44 -.3176.17 1.61 4.61 9.88 1 4 8 3.8110.2816.76 8
20250322토 5120011국554 9106 4혼전 4421맑음건조 4 6 7조이라이트      레볼루셔위대한비  933.00한암 3 066 2 2  265      24750국5곽영효강경운   2 5 4 1 4 8 3 0 2 3 66김효정40753.069기도보87 90 908074.054.024.81533 82565 024 02119251716211899 0 0↗→입13.636.739.613.4872037.141.0 79.4 77.7 67 67 67 0   13.80   14.40 5 -2 -2VU동54.04031212  .7 4.0 4.7585812 0전력변화선행강점 1기 1 4 5     7 911⑪1:19.4½   2.013.941.915.1  3  1-1.3011 8  7 2.58842939121 4 8 4 60 3 3.11 3.02 3.6 7.2  5.0  156.2  254.3  694.210.52367 0 7 6 0    .339.40 -.05 1.4376.23 6.2515.8824.80 5132318.6836.1745.27 1
20250215토 2120010국641 8 46 4혼전 4411흐림건조 4 6 7조이라이트      레볼루셔위대한비  933.00한암 3 050 2 2  375      16500국6곽영효강경운   2 6 3 3 3 8 2 0 1 2 50김효정40654.569기도적75 74 746971.057.041.41533 82565 024 02119251716211899 0 0↗→입13.636.839.713.4792036.339.4 77.0 75.3 50 50 50 0   13.60   13.70 5  4  1BV동54.04031212  .5 5.5 6.0444412 0적임교체조교부실 1관 0 6 1     1 1 2②1:17.06     .013.840.214.4  1  3-1.30 2 1 -7 1.021 8663487 5 4 3 51 2 2.01 1.06 1.9 3.0  3.8    3.0    6.5    5.8  .03055-1 7 5-1    .438.50 -.62-1.2176.3413.8529.3141.40 7162725.0042.9554.44 1
20250111토 4120011국653 4106 7 1강 1131맑음건조 5 6 7조이라이트      레볼루셔위대한비  933.00한암 3 0 0 2 3  461      16500국6곽영효강경운   2 7 2 2 2 8 1 0 0 0  0김효정40354.069하무하 5  4  43519.053.025.615501223461624 021192517162118      ↘↗입13.837.140.415.759 136.538.5 75.5 74.8  0  0  0 0   13.80   16.00 7  1  0NH동       1212 7.0 3.010.0 3 312 0기수신마적임교체 1기 2 2 1     1 1 1②1:15.52     .013.638.913.7 -6 -1 -.50 2 8  5  .3 915361388 71110 61 1 2.08 3.02 3.1 6.7  4.5   31.4   43.6   27.5  .04346 0 3 6 0    .338.10 -.75-2.7176.90 5.6715.6225.62 51223 2.54 9.0920.72 6
20241123토 1120011국621 7 26 5 2강 2235맑음건조 4 6 7조이라이트      레볼루셔위대한비  933.00한암 2 0 0 2 4  618      24750국6곽영효강경운   2 8 1 1 1 8 1 0 0 0  0박태종40454.080평무보   25 2540  .039.014.91550 323411024 021 92517202320      ↘↗선    36.738.5        37.042.9 81.1 79.8              13.80   13.60 4  0  0NL동       12 0                 0 0걸음불변기수신마 1기 0 1 2     3 4 8⑩1:21.11    4.413.843.716.0  7 -1-1.2010 3  0 6.09837999810 8 811 70 1 2.04 4.05 2.1 1.7  2.3    7.2   10.9  230.2  .02638 1 3 4 1   -.740.00  .85 4.6075.61 2.63 7.0914.89 3 817 5.7012.6825.20 3
20251123일 6120010국5 4 6  5 2 3강 3342           6 8분당쓰나미      섀클포드어트리비 3728.00한수 4 5 5   1    014:25 24750국5조현수이상진   1 016121217 1 1 017  5김옥성   51.563기선보50 35 3524 5.035.0 9.6 8 0 71243 9 8 0 3 0 9 315151799 0 0↘↗추13.337.139.012.84243                   14 21 36 7   13.90   14.80 3  0 -1LU동55.54641312-1.0 9.2 8.2272710 0걸음불변지울마필55기 0 8                            13.9    14.8                                 9 8 910  1                                              .01414-3 1 2-3▽-1.139.00  .49     76.12 1.53 4.55 9.61 0 2 6 1.16 4.49 9.0210
20251102일 4120011국524 6 75 2 1강 1142맑음양호 7 6 8분당쓰나미      섀클포드어트리비 3728.00한수 4 6 6 1 1   52      24750국5조현수이상진   1 115111117 4 1 016  6조한별49252.068기선적26 18 1824 7.038.011.31342 81243 9 8 0 0 0 9 312191899 0 0↘↗입13.337.239.012.8364337.339.9 78.4 77.0 15 23 38 8   13.30   14.20 7  6  0LU동55.54641312-1.0 9.2 8.2252510 0걸음불변조교부실19관 0 8 5     4 5 9⑩1:18.41    2.213.941.014.8  1  2-1.2010 9  0 3.47754808021 7 5 9100 4 3.05 3.11 2.0 5.4  8.5   40.2   78.0   43.0  .01415-3 2 3-3▽ -.838.70  .41  .8376.17 2.06 5.3911.26 1 4 7 1.28 5.1010.5110
20250914일 9120010국552 1105 1혼전 4441맑음다습12 6 8분당쓰나미      섀클포드어트리비 3728.00한수 4 6 6 2 1  111      24750국5조현수이상진   1 214101017 3 1 015  6조한별49052.068기선적20 13 1335 7.035.012.71342 81243 9 8 0 0 0 9 312191899 0 0↘↗입13.337.438.812.8185136.439.9 75.2 76.6 17 25 33 8   13.70   14.50 3 -9 -1HU동55.54641312 -.2 8.8 8.6232310 0걸음불변부진마필58기 0 2 2     2 1 6⑥1:15.21    1.713.339.614.2 -3  3 1.10 6 9 -1 1.769 9815828 7 2 9 91 3 6.04 8.10 3.5 6.0 14.5   59.0  168.5   58.3  .01411-3 2 2-3▽-1.038.30  .35  .4476.17 2.20 6.4612.65 1 4 8 1.64 5.5911.7410
20250824일 6120010국524 2 75 2혼전 4441맑음건조 4 6 8분당쓰나미      섀클포드어트리비 3728.00한수 4 7 7 2 1   48      24750국5조현수이상진   1 313 9 917 2 1 014  7조한별48752.568기선상24 14 1425 7.038.0 6.81342 81243 9 8 0 0 0 9 312191899 0 0↘↗입13.337.538.512.8148537.039.6 75.5 76.7 18 27 18 9   14.00   13.90 5  3  1BNDN55.54641312  .2 9.0 9.2191910-1걸음불변기수승부35기 011 5     6 6 7⑦1:15.51½  1.913.739.314.5 -3 15 1.00 710 -1 2.1693673641911 411112 2 4.02 7.03 2.2 3.7  9.3   14.8   34.4   45.4  .01416-4 1 2-4▼-1.238.30  .63  .7076.06  .87 2.71 6.75 0 2 5 1.41 4.94 9.7811
20250719토 3130011국522 3 75 1혼전 4421비  불량20 6 8분당쓰나미      섀클포드어트리비 5030.00한수 4 7 7 2 1   84      24750국5조현수이상진   1 412 8 417 1 1 013  7조한별47252.067기선보 6  5  5 9 6.035.0 6.81342 81243 9 8 0 0 0 9 312191899 0 0↘↗입13.337.439.212.8397238.238.7 82.4 83.4 20 30 2010   14.70   13.70 6 -2  0LU동55.54641312  .4 9.0 9.4121210 0가는대로부진마필74기 0 8 8     8 7 8⑩1:22.41    1.414.039.013.9 -1  1  .501011  4 1.65774314733 8 611110 1 1.02 2.11 2.2 3.7  2.2    3.7    5.7   21.1  .0 6 7-4 1 4-4▼-1.239.80  .76 6.8383.03  .78 2.60 6.82 0 2 6 1.52 6.5411.7610
20250608일 2130010국511 6 15 1 1강 1121맑음건조 3 6 8분당쓰나미      섀클포드어트리비 5030.00한수 4 8 8 2 1  108      24750국5유재길이상진   1 511 7 317 4 1 012  8문정균47152.066기선하 5  5  523 6.034.013.11956 9 8 0 4 712 5 0 8 013182399 0 0→↘추13.337.239.212.8587238.738.8 83.5 83.6 22 33 3322   14.60   13.80 5  1 -1VUUP55.54641312 -.4 9.4 9.0212110 1가는대로부진마필42관 11010     9 910⑧1:23.55    2.114.739.213.7  1-11 -.50 8 7 -2 2.46590377121 5 4 9 90 4 1.02 1.07 1.2 2.7  1.2    2.7    2.9    5.5  .0 6 5-4 1 3-4▼-1.040.00  .71 7.2282.90 2.07 6.5913.12 1 4 8  .86 4.76 9.04 8
20250504일 3120011국513 5 15 2 2강 2241맑음포화15 6 8분당쓰나미      섀클포드어트리비 3728.00한수 4 9 9 1 1  131      24750국5유재길이상진   1 610 6 817 3 1 011  9문정균48252.568기선보 8  7  742 4.038.015.21956 9 8 0 4 712 5 0 8 013182399 0 0→↘추13.337.038.512.8517938.339.7 77.4 78.0 25 38 3825   14.00   13.70 4  5 -1BU동55.54641312 -.8 8.0 7.2373710 0선행강점조교부실 1관 0 911    111110⑩1:17.44    2.814.639.513.8  1  5  .6010 9  2 3.091917590 7 3 310 70 3 1.10 2.04 1.5 2.7  1.5  146.3  177.5  294.2  .02015-3 2 2-3▽ -.839.20  .68 2.5175.78 2.84 7.7215.18 51323  .85 1.79 6.7310
20250405토 5120010국523 5 75 3 1강 1151비  다습13 6 8분당쓰나미      섀클포드어트리비 3728.00한수 41010 1 2  223      24750국5유재길이상진   1 7 9 5 717 2 1 010 10문정균47753.063기도상12 11 1145 4.035.013.81163 311 0 8 712 5 0 8 013182399 0 0→→추13.337.038.512.8588237.340.1 76.4 77.4 29 43 4329   14.40   13.90 5 -4 -2HU동55.54641312-1.4 7.8 6.4454510 0가는대로선행강점 1기 1 4 6     6 8 9⑧1:16.42    2.314.039.213.7  1  6 1.00 8 7 -4 2.98252838213 4 6 9 80 2 2.01 8.02 1.8 2.6  3.4    2.6    5.8   27.4  .01520-2 2 1-2  -1.039.00  .71 1.8575.78 2.11 6.7513.77 2 511  .83 1.80 6.71 8
20250301토 5120011국553 3105 1혼전 4431흐림건조 3 6 8분당쓰나미      섀클포드어트리비 3728.00한수 4 1   1 2  328      24750국5유재길이상진   1 8 8 4 617 1 1 0 0  0문정균47154.563기선보43 42 4238  .037.0 7.31163 311 0 8 712 5 0 8 013182399 0 0→→추13.336.838.412.8738738.639.7 78.1 78.4 33 50 5033   14.40   13.9013  3  1BNDN55.54641312-1.6 6.6 5.0585812-1걸음불변마번불리 1관 1 8 8     91011⑩1:18.1¾   3.114.439.713.9 -1-10  .201011  0 3.194957693 4 4 310110 1 3.01 6.05 2.2 5.1  6.2    5.1   12.7   10.0  .01416-4 2 2-4▼-1.139.50 1.08 3.2375.61  .92 3.18 7.34 0 2 511.6921.1850.52 4
20241130토 6130011국514 5 15 6 1강 1121흐림포화18 6 8분당쓰나미      섀클포드어트리비 5030.00한수 31212 9 3  591      24750국5유재길이상진   1 9 7 3 217 1 1 0 8 12장추열48154.089우선하 5 43 437451.065.034.0233316 8 010 7122029 8 020252299 0 0→→입13.337.038.912.8759237.043.7 85.0 87.1 40 60 4040   13.70   14.90 6 -2  0NU동55.54641312 -.6 4.6 4.0686812 0교체실패거리속성 1관 1 5 3     5 711⑪1:25.015   5.413.442.615.2  0 22 1.901111  6 5.699199998 3 6 4 9 40 2 2.01 4.08 1.5 2.9  5.4    2.9    8.9   41.5  .02671 1 5 7 1   1.041.00  .4411.2082.5810.6622.5633.95102336 7.7516.5426.99 6
20241019토 5130010국524 3 75 6 3강 3321흐림포화16 6 8분당쓰나미      섀클포드어트리비 5030.00한수 31414 2 4  722      24750국5유재길이상진   110 6 2 117 1 1 0 7 14마이아45954.093우선보55 77 777449.055.021.1365021 5   3 712 0 0 8 03631 999 0 0→↘선13.336.839.012.8848937.641.6 85.6 86.1 40 60 4040   14.40   13.10 7  3  0BUUP55.54641312  .0 3.5 3.5696912 1전개최상거리속성 1관 1 7 5     5 810⑩1:25.66    3.813.741.614.9  5-13  .3110 5 -4 4.897509494 2 3 4 5 70 1 2.01 3.10 2.4 3.2  2.6    3.2    6.6   25.413.23453-1 6 6-1    .341.00  .8710.2782.52 4.6112.4121.08 3 817 8.5517.7825.00 5
20240831토 4120011국554 3105 8혼전 4441맑음건조 4 6 8분당쓰나미      섀클포드어트리비 3728.00한수 3 1   9 5  850      24750국5유재길이상진   111 5 1 517 1 1 0 0  0장추열47254.093우선상95 94 9491  .054.020.024531210 0 6 7122029 8 020252299 0 0↘↗입13.336.639.413.1903538.137.5 75.8 75.8 50 75 5025   13.60   13.7024  2 -2NU동55.54641212  .3 4.0 4.3606012 0전개최상전개최상 1관 0 411    1111 9⑥1:15.81¼   .614.437.713.1 -3 -2 -.20 6 9  7 1.13988 83259 111 2 93 1 1.02 1.02 5.416.2  5.4   16.2   24.5   44.610.54477-2 8 6-2△ -.138.90  .26 -.2076.06 5.1710.6019.98 3 81410.5918.7548.53 6
20240310일 1120010국642 7 45 9 2강 2239맑음건조 4 6 8분당쓰나미      섀클포드어트리비 3728.00한수 3 0 0 2 7 1351      16500국6유재길이상진   112 4 6 417 1 0 0 5  0임기원47456.085우도하42 38 389773.077.082.21423 9 767 3 712 038 8 025321699 0 0↗↗선13.336.539.013.1922836.838.0 75.5 74.5 33 67 67 0   13.80   15.50 5 -8  0HV동55.04541210 1.5 3.0 4.5636312 0직전탐색전개최상 1기 0 2 1     1 1 1①1:15.51¾  -.313.638.513.7 -1-10 -.80 1 2  0  .0 62619 896 3 3 2 11 1 2.03 2.06 1.9 3.2  3.4    8.5   15.9    4.4  .04494 3 7 7 3☆ 1.938.60-1.24 -.9775.7842.5070.3982.2139587220.0033.9033.05 2
20240203토 3120012국654 7105 4 3강 3331맑음양호 7 6 8분당쓰나미      섀클포드어트리비 3728.00한수 3 0 0 1 8 1448      16500국6유재길이상진   113 3 5 317 1 0 0 4  0박태종48456.076평도보77 75 756340.051.023.7193114 3 0 0 712 9 0 8 020232099 0 0→↘선13.336.539.813.197 336.841.3 79.2 77.9 33 67 67 0   13.80   14.40 8  9  1BV동55.04541210 5.0 1.0 6.0515112 0뒷심부족도주강력 1기 010 4     4 5 8⑩1:19.24    3.213.841.915.5  8 12-1.0910 2  1 3.48930959215 511 5 60 1 7.03 7.06 2.9 7.6 13.9   30.1   82.3   81.712.12050-2 6 4-2    .039.60 -.02 1.5676.23 6.2613.7223.70 81526 7.5316.9219.95 7
20231210일 1120011국621 7 25 9 1강 1139맑음건조 5 6 8분당쓰나미      섀클포드어트리비 3728.00한수 2 0 0 2 9 1616      13750국6유재길이상진   114 2 4 217 1 0 0 3  0이혁  47255.092강도보90 82 829786.076.081.0344026 350 0 7121210 8 027211999 0 0↘→선13.336.639.113.1894336.438.7 75.9 75.1 33 67 67 0   13.50   14.00 6 -1  0UU동55.04541210         4.0    12 0전개최상전개최상 1기 2 1 1     1 1 1④1:15.91¾   .413.839.414.4  3  8 -.88 4 1 -5  .41511451776 5 5 1 11 3 6.02 4.08 1.5  .7 38.9   50.2  165.8  124.5  .04498 3 8 7 3☆ 2.038.70-1.33 -.6375.8948.4770.0480.9739607332.5353.5744.44 1
20231029일 1120011국641 4 95 7 1강 1121맑음양호 6 6 8분당쓰나미      섀클포드어트리비 3728.00한수 2 0 0 9 9 1746      22000국6유재길이상진   115 1 3 117 1 0 0 2  0다비드46455.079우도적88 71 719369.061.029.7192214 350 0 712 0 0 8 017241899 0 0→→입13.336.638.713.1878236.639.0 75.6 75.6 50 50 50 0   13.50   13.40 7 -6  0HUUP55.04541210         3.0    10 2뒷심부족전개최상 1기 0 2 1     1 1 2④1:15.65     .913.538.914.0 -2 10  .00 4 6  1 1.13018543060 2 3 3 61 1 2.01 6.04 3.4 6.5  3.7    6.5   13.6    6.5  .04470 0 7 6 0△  .538.80  .36  .2775.67 7.5717.9529.68 7162710.2420.4824.80 5
20251123일 6120010국5 4 6  6 7 3강 3342           6 9거센돌격        투아너앤매글레브 4727.00한수 23333   1    014:25 24750국5이신우강석대   0 0 4 1 3 3 1 1 0 3 33유승완   53.078강입보50 61 618777.062.043.71446 61656 818191517171516262399 0 0→↗입13.736.938.214.06989                   33 67 3333   14.00   13.80 3  7 -3BU동56.04541212-2.0 4.7 2.7717112 0여유우승보통걸음60기 1 9                            14.0    13.8                                 6 1 4 3  1                                            11.24581 1 8 7 1    .838.20  .07     75.5616.8630.6143.7221425823.2642.7051.88 2
20251101토 2120010국641 7 46 4혼전 4419맑음건조 5 6 9거센돌격        투아너앤매글레브 4727.00한수 2 0 0 1 1   65      16500국6이신우강석대   0 1 3 3 2 3 3 0 0 2  0조한별45456.068우입보93 69 697928.056.063.91342 81656 8181924 01715121918      ↘↗입13.737.238.214.0458936.338.3 76.4 74.4  0 50  050   13.50   12.90 5 -4  1HN동       1210-3.0 6.5 3.5575712 0최선삼착보통걸음46기 0 2 2     2 3 1①1:16.46   -1.014.039.413.8  0  7-1.90 1 1 -5  .0 4 632 798 4 1 2 31 3 1.02 2.08 2.4 3.0  2.4    3.0    5.9   10.2  .02458 0 7 4 0    .437.80 -.67-1.0075.7222.2845.7663.9214284214.0024.7637.11 4
20250928일 1120012국651 5 56 3 1강 1121비  불량20 6 9거센돌격        투아너앤매글레브 4727.00한수 2 0 0 9 1   77      24750국6이신우강석대   0 2 2 2 1 3 2 0 0 1  0조한별44755.568평입보60 31 3135 5.033.0 8.81342 81656 8181924 01715121918      ↘↗입13.736.939.114.0784737.437.6 73.7 75.1  0  0  0 0   13.80   13.40 4  4  0BHUP       1210-3.0 7.0 4.0606010 2적임교체보통걸음63트 3 6 3     4 4 4③1:13.75     .913.537.212.9 -3  3 1.20 3 6 -1 1.01857111551 4 7 6 92 2 2.0110.12 2.0 4.7  4.2    4.7    9.0   16.8  .03020-1 3 1-1  -1.338.40  .58 -.9076.06 1.55 3.98 8.81 1 4 8 1.06 4.04 7.5910
20250830토 2100010국650 5 56 8 1강 1131맑음불량20 6 9거센돌격        투아너앤매글레브 4727.00한수 2 0 0 9 1   62      24750국6이신우강석대   0 3 1 1 1 3 1 0 0 0  0조한별44455.568평무보27 19 197535.060.034.21342 81656 8181924 01715121918      ↘↗입13.736.838.414.099 136.838.0 62.2 62.4              14.20   14.50 4  0  0NL동       10 0        11.0     0 0거세출주적임교체49기 2 2 5     5 4 4④1:02.23     .713.837.913.4 -3 29  .10 4 7  0 1.13523533259 3 9 5 42 1 1.02 5.09 2.4 3.8  2.4    3.8    6.1    5.5  .04356 0 4 7 0△  .738.10 -.08-12.862.87 8.8921.1034.22 82134 5.4514.5623.44 6
20251123일 6120010국5 4 6  5 3 3강 3342           610금성여제        티즈원더레모니시 3435.00한암 4 413   1    014:25 24750국5손영표조창규   2 016161923 1 1 223 13이혁     52.586평입보50 45 454928.056.031.11428 6 899 5 911131411112721192575 0↘↗선13.436.739.513.38316                   14 14 33 0   13.90   13.90 4  2 -1VH동52.84511312-2.2 8.2 6.0454512 0걸음불변보통걸음64기 110                            13.9    13.9                                 210 8 6  6                                              .01959 0 4 4 0    .339.50 -.17     76.17 9.4521.3131.13 82134 8.1414.6127.07 7
20251026일 5120011국512 7 65 4 3강 3342흐림양호 6 610금성여제        티즈원더레모니시 3435.00한암 4 413 9 1   73      24750국5손영표조창규   2 115151823 3 1 222 13해리카44853.073평입상35 26 265311.047.023.6195010 899 5 911 91811111826122575 0↘↘입13.436.739.413.3821837.238.7 76.6 75.7 14 14 33 0   13.70   14.70 4 -3  1NV동52.84511312-3.4 8.4 5.0505012 0전개선전보통걸음39기 0 8 4     3 3 4⑤1:16.6목    .913.939.013.9  2  0 -.85 5 3 -6 1.63746464256 210 8 62 7 8.0111.07 1.5 5.3 23.5   13.8   52.6   37.5  .02541 0 3 3 0   -.238.80  .09 -.3976.12 6.8415.8923.63 31020 3.70 9.7620.93 6
20250928일 5120011국553 4105 3혼전 4431흐림불량20 610금성여제        티즈원더레모니시 3435.00한암 4 414 9 1   51      24750국5손영표조창규   2 214141723 2 1 221 14해리카44852.073평입상77 78 785837.049.015.5195010 899 5 911 91811111826122575 0↘↘입13.436.739.513.3861436.840.5 75.3 77.5 15 15 50 0   13.70   13.60 3  4  0VU동52.84511312-3.4 8.4 5.0505012 0선전만회보통걸음60기 011 7     7 710⑪1:15.38    2.513.739.514.7  2 -4 2.0011 9  2 2.78629898313 210 9100 6 2.07 5.06 3.3 7.6  4.3   25.7   39.1   41.3  .01945 0 5 6 0   -.139.30  .26 1.3076.17 3.00 7.2915.54 1 4 8 7.8316.0324.13 7
20250907일 6120011국553 7105 2혼전 4441맑음다습14 610금성여제        티즈원더레모니시 3435.00한암 4 510 1 1   26      24750국5손영표조창규   2 313131623 1 1 120 10해리카45252.073평입상55 50 504612.043.019.1195010 899 5 911 91811111826123367 0↘↘입13.436.739.613.6861336.538.9 74.0 75.6 11 11 42 0   13.60   14.40 5 -3  0NU동53.04511312-4.2 9.2 5.0505012 0걸음불변급하락세37기 0 7 4     4 1 2②1:14.04     .013.738.013.6 -5 -1 1.40 2 7  0  .83215522783 211 7 82 5 2.07 6.07 2.2 5.3  4.2   24.6   41.7  275.9  .01441-1 3 3-1   -.538.70  .12 -.7476.23 4.3010.7219.14 2 5 9 4.7610.0017.36 8
20250802토 3120011국544 3 95 2혼전 4431맑음건조 3 610금성여제        티즈원더레모니시 3435.00한암 4 510 1 1   83      24750국5손영표조창규   2 412121523 2 1 119 10이혁  45352.086평입상46 44 444220.050.019.41428 6 899 5 911131411112721193367 0↘↗선13.436.739.713.6841036.539.4 76.0 76.0 11  6 33 0   13.60   14.40 6  4  0BU동53.04511312-3.6 9.0 5.4474712 0걸음늘어급하락세60기 010 6     3 5 4⑤1:16.01½   .913.639.614.4 -2  3 -.10 5 7 -4 1.55016694648 3 9 8 92 5 1.04 3.05 2.3 5.3  2.3    8.0   13.3   13.0  .01729-1 4 4-1    .138.90  .07 -.3676.28 4.8111.6219.41 1 4 8 2.97 7.7714.91 9
20250621토 4120011국544 6 95 3혼전 4431흐림포화19 610금성여제        티즈원더레모니시 3435.00한암 4 1   2 1  120      24750국5손영표조창규   2 511111423 1 1 1 0  0이혁  45052.086하입하66 61 6138  .044.013.11428 6 899 5 911131411112721195050 0↘↗선13.436.739.713.6831036.039.5 75.0 75.7 12  6 47 0   13.90   13.40 6  0  0NU동53.54521312-2.8 8.4 5.6434312 0걸음불변보통걸음25기 0 6 6     5 4 1④1:15.02½   .513.639.314.4 -7 -7  .50 411  4  .640 3743463 4 8 6 92 4 1.0511.09 2.7 6.5  2.7    9.3   15.8  132.3  .01444-1 3 2-1   -.538.70  .24 -.7376.28 2.17 6.3513.13 1 4 8 7.6915.7936.32 8
20250510토 31200 8국544 7 45 2 1강 1131흐림불량20 610금성여제        티즈원더레모니시 3435.00한암 4 511 2 1  120      24750국5손영표조창규   2 610101323 6 1 117 11오수철45752.061평입상52 44 4423 8.038.019.8 825 7 899 5 911 71311111223155050 0→→입13.436.739.713.6801636.643.1 79.1 79.6 13  6 38 0   14.00   14.40 4  1  0NU동53.54521312-3.8 9.2 5.4484812 0걸음불변보통걸음 1   0 6 4     5 5 7⑧1:19.114   4.313.543.017.4  1 -1  .60 8 7 -3 4.798189998 6 4 7 4 62 7 4.05 4.03 1.7 2.5 10.8   58.4  109.5   44.3  .01419-1 3 2-1   -.940.00  .04 3.2076.28 3.95 9.6719.80 41118 4.00 7.8417.18 5
20250412토 5120011국513 7 15 3혼전 4441흐림양호 7 610금성여제        티즈원더레모니시 3435.00한암 4 612 2 2  202      24750국5손영표조창규   2 7 9 91223 5 1 116 12오수철45852.060하입상59 63 634415.041.014.21040 8 7   8 911 71311111223155050 0→→입13.436.839.613.6711637.039.3 76.8 76.2 13  7 40 0   13.80   15.10 3  3  0NU동53.54521312-3.2 9.2 6.0414112 0선전만회보통걸음 1기 0 5 6     6 6 5⑥1:16.81¾  1.414.039.714.4 -4 11 -.50 610 -1 1.55336655637 311 7102 6 1.02 7.06 1.5 2.6  1.5    2.6    3.4    7.5  .01934 0 4 2 0   -.538.80  .21 -.2176.28 2.75 7.3014.20 1 4 7 3.9012.2716.36 8
20250322토 5120011국554 5105 1혼전 4421맑음건조 4 610금성여제        티즈원더레모니시 3435.00한암 4 6 6 2 2  265      24750국5손영표조창규   2 8 8 81123 4 1 015  6오수철44752.060하입하22 15 15 8 4.032.0 7.01040 8 7   8 911 713111112231599 0 0→→입13.436.839.713.6711636.339.8 77.4 75.7  7  7 36 0   14.00   14.90 2 -8  0UU동55.04561312-1.8 9.0 7.2282812 0가는대로부진마필 1기 0 2 3     3 3 2②1:17.43     .013.840.715.1 -9 -3-1.30 211  3  .536 7784981 51010112 5 3.11 3.02 3.6 7.2  5.0  156.2  254.3  694.2  .0 6 4-4 1 2-4▼-1.438.70  .35 -.7776.34  .80 2.65 6.96 0 1 5 1.10 2.13 6.2111
20250309일 5120011국513 3 65 1 1강 1149맑음다습10 610금성여제        티즈원더레모니시 3435.00한암 4 7 7 2 2  297      24750국5손영표조창규   2 9 7 71023 3 1 014  7오수철45052.060하입보29 22 22 6 4.031.013.51040 8 7   8 911 713111112231599 0 0→→입13.437.039.713.6601637.540.0 78.1 77.4  7  7 36 0   13.80   14.70 3  7 -1LU동55.04561312-1.6 9.6 8.0242412 0걸음불변부진마필 1기 110 6     9 910⑩1:18.13    2.414.040.514.9  2  0 -.6510 8  2 3.78364828411 411 7 90 4 1.06 2.11 1.5 6.3  1.5   13.2   17.1   62.7  .014 4-4 1 2-4▼-1.339.00  .07  .7176.45 3.23 7.2013.48 1 4 8 3.13 5.2612.1411
20250215토 5120011국514 7 65 2 1강 1149흐림건조 4 610금성여제        티즈원더레모니시 3435.00한암 4 7 7 2 2  372      24750국5손영표조창규   210 6 6 923 2 1 013  7오수철45053.060하무상31 26 2623 4.033.011.71040 8 7   8 911 713111112231599 0 0→→입13.436.939.513.6642336.640.2 77.6 76.6  8  8 31 0   13.70   14.70 4 -1  1HN동55.04561312-2.0 9.2 7.2333312 0탄력늘어보통걸음 1기 0 3 4     4 5 5⑦1:17.61½  1.413.840.714.7  1 -2 -.90 7 6 -2 2.06619847036 411 6112 3 1.02 1.06 2.3 6.9  2.3    7.4   10.8   13.3  .01813-2 2 1-2  -1.138.80  .27  .2076.28 1.92 5.6411.71 1 4 7 2.94 4.6511.41 9
20250119일 5120010국544 6 95 2 1강 1142맑음건조 3 610금성여제        티즈원더레모니시 3435.00한암 4 8 8 2 3  427      24750국5손영표조창규   211 5 5 823 1 1 012  8오수철45252.058하무상27 17 1726 3.035.014.1 850 3 4   4 911 713111112231599 0 0↗→입13.436.939.513.6662536.739.8 77.1 76.5  8  8 33 0   13.60   14.10 2 -6  0HU동55.04561312 -.6 7.8 7.2303012 0탄력늘어단기승부 1기 0 4 2     4 4 3⑤1:17.14    1.213.740.214.7 -3  1 -.60 5 8 -3 1.86225776442 610 8 92 2 1.07 2.07 2.7 6.3  2.7   19.9   32.6   34.5  .01813-3 1 1-3▽-1.038.80  .21  .0976.28 2.32 7.1514.06 1 3 8 1.11 2.23 5.6610
20250104토 6120011국532 4 85 2 3강 3341맑음건조 3 610금성여제        티즈원더레모니시 3435.00한암 4 9 9 1 3  481      24750국5손영표조창규   212 4 4 723 1 1 011  9해리카45152.071하무보27 18 1837 5.036.010.71021 7 4   4 911 918111118261299 0 0→↗입13.436.739.713.6821837.039.2 76.5 76.2  9  9 36 0   13.60   14.60 6  7  0LUDN55.04561312  .0 7.2 7.2313112-1걸음불변보통걸음 1기 210 4     4 3 4⑦1:16.5머리 1.713.639.314.1 -4  3 -.40 711  1 1.95436615127 21110110 4 1.02 7.08 1.9 3.2  1.9    3.2    4.2   11.1  .01432-1 1 1-1  -1.038.90  .30 -.1876.28 1.51 5.1710.69 0 2 6  .87 3.57 7.3611
20241123토 5130011국513 1 15 4 1강 1121맑음건조 4 610금성여제        티즈원더레모니시 6234.00한암 31010 2 4  614      24750국5손영표조창규   213 3 3 523 1 1 010 10오수철44852.065평선보12 12 1257 6.042.017.0 5 0 5 3 0 5 911 713111112231599 0 0↘↗입13.436.740.113.6932038.439.1 84.4 84.7 10 10 40 0   13.60   15.20 4 -8 -1HU동55.04561312 -.2 7.0 6.8393912 0걸음불변거리속성 1기 2 3 3     6 8 9⑨1:24.42½  3.313.639.614.6 -1 -9 -.40 910  0 3.587824972 2 11110 70 1 2.01 9.08 1.5 2.8  5.5    2.8    7.9   17.7  .01443-1 2 3-1   -.540.70  .36 7.8583.16 3.06 8.5716.98 3 815  .76 4.22 8.77 8
20241027일 5130011국513 1 65 3혼전 4421흐림다습12 610금성여제        티즈원더레모니시 6234.00한암 31111 9 4  689      24750국5손영표조창규   214 2 2 423 3 1 0 9 11이혁  45752.592기무적 8 11 116818.053.026.12959 3 3 0 5 9111314111127211999 0 0↗↘선13.436.740.113.6942336.740.3 83.5 84.1 11 11 33 0   14.20   14.80 4  5  1VNUP55.04561312  .0 6.0 6.0474712 1체중불리거리속성 1   011 5     2 3 5⑧1:23.56    2.213.640.915.2 -2-17 -.10 810  1 2.678 9815612 111 9 71 3 2.08 2.01 1.6 4.6  7.4   38.0   66.3   20.0  .01847 0 4 5 0    .240.60  .11 7.3283.16 8.0217.1526.12 41118 5.4311.5215.56 9
20240929일 5120011국533 1 85 3혼전 4441맑음건조 4 610금성여제        티즈원더레모니시 3435.00한암 31212 9 4  777      24750국5손영표조창규   215 1 1 623 2 1 0 8 12이혁  47452.092기입적82 83 838258.048.015.32959 3 3 0 5 9111314111127211999 0 0↗↘선13.436.739.713.6841837.639.9 76.7 77.7 13 13 38 0   13.40   13.90 9 -3 -3NU동55.04561312  .8 6.8 7.6303012 0기습선행기복전력 1기 0 610    10 910⑪1:16.72½  2.414.239.714.8  2 18  .8011 9  3 2.688678084 8 211 6 90 2 8.06 3.05 3.4 7.5 16.7  109.2  179.3  738.1  .03156-1 6 5-1   -.239.40  .18 1.3476.28 3.25 8.9715.29 1 3 8 7.6316.0326.52 6
20251123일 7120011국4 4 4  7 4혼전 4421           7 1성실대로        섀클포드행복을찾 3728.00한암 41122   1    015:15 33000국4심승태이동훈  -1 016 11317 2 2 218 22조성환   51.054기선적50 52 526517.041.011.4 750 41144 7 8 8 0 012 914 7257129 0↘→추13.337.038.512.76264                   25 38 1919   14.00   13.70 3-10  0UU동53.14831812-1.0 5.2 4.2555512 0적임교체최적거리67기 2 1                            14.0    13.7                                 610 910  2                                              .03040-2 4 3-2   -.938.50  .80     75.78 2.02 5.2111.43 0 2 5 4.00 9.9116.7610
20251102일 4120011국524 6 77 7 1강 1142맑음양호 7 7 1성실대로        섀클포드행복을찾 3728.00한암 41117 1 1   52      24750국5심승태이동훈  -1 115 81217 1 2 117 17조성환48551.054기선하55 45 457330.058.035.0 750 41144 7 8 8 0 012 914 7257129 0↘→추13.336.938.712.7684737.337.7 76.2 74.8 20 33 2013   13.70   13.50 4  8  0VU동53.14831812-1.0 5.8 4.8515113 0걸음불변적임교체42기 011 6     5 6 2②1:16.27     .014.038.813.7 -3 -4-1.20 2 5  2 1.21154141683 3 3 4 33 1 3.05 3.11 2.0 5.4  8.5   40.2   78.0   43.0  .04355 0 6 5 0    .738.30  .05 -.7775.8410.6522.9635.04194056 8.9720.3836.19 4
20251003금 5120011국554 5107 4혼전 4431흐림다습11 7 1성실대로        섀클포드행복을찾 3728.00한암 41218 1 1   62      24750국5심승태이동훈  -1 214 71117 1 2 116 18우인철48951.067기선보70 70 706946.057.031.71567 61144 7 8 822 012 91029257129 0→→추13.336.938.712.7734737.039.2 76.1 76.2 21 43 2114   13.70   13.40 4  0 -4HU동53.14831812-1.2 7.4 6.2484812 0전력변화기복전력69기 1 3 6     6 7 8④1:16.13    1.513.739.513.5  1  2  .10 4 3  0 1.95737665736 8 2 4 43 111.01 7.08 2.6 5.6 61.4   61.8  305.4   66.7  .02359 0 6 7 0    .538.70  .14  .6375.8410.5621.7231.65 71627 8.2420.9432.14 5
20250907일 6120011국553 4107 3혼전 4441맑음다습14 7 1성실대로        섀클포드행복을찾 3728.00한암 41320 1 1   68      24750국5심승태이동훈  -1 313 61017 2 2 115 20정우주48755.071기선적77 68 685836.046.024.02041101144 7 8 813 012 91630137129 0↗↘입13.336.938.912.7712837.038.7 74.3 75.6 23 38 31 8   13.50   13.60 6 -6  0HL동53.14831812 -.4 8.0 7.6343412 0최고선전기복전력29기 0 3 2     5 7 4④1:14.3코    .313.737.913.4  1  0 1.40 4 3 -4 1.13637493970 4 4 4 63 3 2.07 6.07 2.2 5.3  4.2   24.6   41.7  275.9  .01644 0 5 4 0   -.338.50  .26 -.1675.95 8.1514.7423.95 4111812.7025.7135.95 2
20250726토 4120011국534 4 87 1혼전 4441맑음건조 4 7 1성실대로        섀클포드행복을찾 3728.00한암 41421 9 1  105      24750국5심승태이동훈  -1 412 5 917 1 2 114 21정우주48755.071기선보11 10 102911.038.0 9.32041101144 7 8 813 012 91630138317 0↗↘입13.336.839.012.7771337.038.1 75.5 75.2 25 25 33 8   13.80   15.40 5  7  3BBDN52.84831812  .4 7.6 8.0323212-6걸음불변마번불리52기 0 9 3     3 3 2③1:15.51¾   .313.538.513.6 -4 -2 -.30 3 7 -1  .41940262070 3 610112 2 6.0911.04 2.8 5.7 16.0  224.2  352.9  872.9  .01422-3 2 3-3▽-1.038.50  .69 -.6475.95 1.37 4.36 9.28 0 2 5 2.02 6.0013.3111
20250621토 61800 8국542 8 97 2 3강 3358흐림포화19 7 1성실대로        섀클포드행복을찾 8927.00한암 41523 2 1   95      41250국5심승태이동훈  -1 511 4 117 1 2 113 23김정준48952.076기선적43 22 222437.043.022.42648171144 7 8 8 9 012 91521248317 0→↘자13.339.641.312.775 539.143.9121.5122.1 27 36 27 9   13.60   14.30 5 -3  1HNUP52.84831812  .8 7.0 7.8353513 6직전선행탐색우려62관 0 2 2 2 2 4 5 8⑧2:01.58    3.613.843.715.4  0 -4  .70 8 8  0 4.096109692 7 1 8 6 52 1 5.04 7.08 2.3 5.7 10.4   21.4   48.0   27.9  .02919-3 5 4-3▽ -.741.70 -.0541.23118.9 5.4812.1522.3710233612.6823.9033.70 5
20250518일10120010국543 7 97 2 2강 2249맑음다습11 7 1성실대로        섀클포드행복을찾 3728.00한암 41625 2 1   82      33000국5심승태이동훈  -1 610 3 817 1 2 112 25정우주49351.571기선보13 13 1342 7.039.014.62041101144 7 8 813 012 91630138317 0↗↘입13.336.938.912.7684336.739.5 75.5 76.1 30 40 3020   14.40   15.5011  3 -1NHDN52.84831712 1.4 6.2 7.6343413-5걸음불변조교부실28관 0 5 2     2 2 2⑤1:15.5목    .613.639.114.3 -3 -3  .70 5 8 -3 1.15022705362 4 3 9 61 1 1.04 1.03 2.2 4.1  2.2    6.5   11.5    8.1  .01428-2 2 2-2   -.938.70  .52  .3175.95 2.22 6.3814.63 51222 1.30 5.0311.16 6
20250301토 7170011국453 6107 5혼전 4421흐림건조 3 7 1성실대로        섀클포드행복을찾 5030.00한암 41827 1 2  326      33000국4토니  이동훈  -1 7 9 2 117 1 2 111 27푸르칸49652.069기선적 5 29 293719.042.013.31836131567 51921132518181324198317 0→→추13.339.241.612.7783238.943.6114.7115.2 33 44 2222   14.20   14.40 8 -5  1HNUP52.84831712 1.2 4.4 5.6474713 5선행호기거리속성 1기 0 2 3 3 3 3 5 9⑪1:54.74    2.014.443.315.5  0 -1  .201111  5 2.389 8948821 21010100 1 2.0811.03 3.4 5.3  3.8   48.3   86.4  140.7  .01837 0 3 5 0   -.542.10  .3734.37113.6 2.40 6.6213.31 0 2 6 2.80 9.2219.7110
20250105일 8120011국434 2 87 2혼전 4441맑음양호 7 7 1성실대로        섀클포드행복을찾 3728.00한암 42030 1 3  468      33000국4토니  이동훈  -1 8 8 1 717 2 2 110 30이상규49751.064기선보61 62 623117.031.0 8.414 014202710192118 018181223148317 0↘→입13.336.838.712.7725937.941.4 79.1 79.5 38 50 2525   13.70   13.60 2  6  0BU동52.84831312  .0 4.0 4.0585812 0걸음불변마번불리 1기 0 7 9     91111⑪1:19.12    4.814.241.314.4  5 10  .1011 6  1 4.898809597 2 6 7 5110 2 7.11 2.03 1.8 3.8 36.1  578.9 1020.3 1727.1  .01420-4 4 3-4▽-1.339.80  .88 4.0475.78 1.75 3.99 8.43 0 1 4 4.3011.3417.59 7
20241221토 7120011국523 8 77 6 1강 1149흐림양호 8 7 1성실대로        섀클포드행복을찾 3728.00한암 3 1   2 3  525      41250국5토니  이동훈  -1 9 7 3 617 1 2 1 0  0이상규48751.064우선적52 48 4887  .052.027.914 014202710192118 018181223148020 0↘→입13.336.838.512.7746836.639.4 76.7 76.0 43 57 1429   13.60   14.7029 -4 -1UUDN53.24821312  .0 3.2 3.2666612-1전개최상최적거리 1기 0 1 1     1 1 6⑤1:16.7목    .613.739.713.6  0 -1 -.70 5 5  0  .74520684861 2 7 2 51 1 6.04 4.08 2.2 3.3 13.7   56.1  149.7   48.5  .03468 0 5 4 0    .338.70  .42  .6875.67 6.8817.6327.91 6162815.0025.5359.52 4
20240525토 81300 8국552 2107 9혼전 4431맑음건조 3 7 1성실대로        섀클포드행복을찾 5030.00한암 32537 9 6 1116      33000국5토니  이동훈  -110 6 2 317 1 2 1 8 37송재철48852.082강선보74 82 829162.068.048.4214310264220192124 018181826218020 0↗→입13.336.839.012.7877537.439.7 83.0 84.0 50 67 1733   13.40   13.50 4  4  0NU동53.24821312-1.6 3.8 2.2787813 0걸음불변전개최상 1기 1 5 2     2 3 5⑦1:23.0머리 2.013.640.114.7  2  6  .20 7 5  1 2.27640686119 2 5 2 11 1 2.03 6.09 3.3 5.7  3.3    5.9   11.1   67.612.74495 2 7 8 2▲ 1.240.50  .11 8.2182.5219.3634.2948.42183651 9.2123.3134.26 4
20240428일 8130010국412 2 67 5 2강 2231맑음양호 9 7 1성실대로        섀클포드행복을찾 5030.00한암 32842 9 6 1190      33000국4토니  이동훈  -111 5 1 217 1 2 1 7 42조인권48252.079우선보75 88 888782.052.023.31238 02642201921 0 018182324137525 0↘↗선13.336.839.112.7876437.038.8 81.2 82.4 60 60 2040   13.60   14.0010 -2 -2UU동53.54821312-1.6 4.8 3.2696913 0걸음불변최적거리 1기 1 1 2     2 2 2④1:21.21     .713.438.313.5  0  6  .90 4 4  2  .82323381955 2 7 3 51 3 1.03 3.08 1.4 3.7  1.4    5.5    6.3    5.6  .01878 0 8 5 0    .140.10  .74 6.4882.58 5.5813.8023.30 7162713.4827.6737.41 3
20240218일 4130012국521 8 77 4혼전 4431흐림다습11 7 1성실대로        섀클포드행복을찾 5030.00한암 32040 2 8 1414      24750국5토니  이동훈  -112 4 2 117 2 1 1 5 40김태훈48853.574우선보62 83 838565.057.033.92399122450101921292018181125196733 0↘↗입13.336.939.112.7836837.039.0 83.4 82.5 50 50 2550   13.30   13.30 4 -2  0HNUP53.54801312-1.8 5.5 3.8656512 1트립손실거리속성 1기 0 3 1     1 1 1①1:23.4½    .013.639.614.0 -1  7 -.90 1 2 -2  .02623472580 2 9 3 31 3 2.07 3.11 2.0 4.0  3.7   24.8   44.9  120.813.23559 0 8 7 0    .440.00  .38 6.4982.6511.3324.2933.9414284211.2421.7636.19 4
20240121일 4120011국524 6 77 6 1강 1131흐림포화18 7 1성실대로        섀클포드행복을찾 3728.00한암 32550 2 8 1480      24750국5토니  이동훈  -113 3 1 517 1 1 1 4 50김태훈48153.576우선보98 97 978691.061.032.123991224501019212920181811251999 0 0↘↗입13.536.738.712.7836837.138.6 75.0 75.6 67 67 3367   13.80   13.70 4  0  1NN동53.54791212-2.0 6.0 4.0666612 0유망전력보통걸음 1기 1 5 2     4 6 4③1:15.04     .713.338.313.3 -1 -2  .70 3 4  3  .83245413658 3 7 1 62 2 1.08 2.01 2.0 2.9  2.0   26.5   31.8   63.0  .03588 1 8 7 1    .938.70  .25  .2375.72 8.8121.1232.08 5122318.8437.9248.84 2
20231223토 2120011국612 9 67 7 1강 1131맑음양호 9 7 1성실대로        섀클포드행복을찾 3728.00한암 2 033 2 8 1583      13750국6토니  이동훈  -114 2 4 417 1 0 1 3 33조인권48353.073기선적80 81 818789.070.059.01433102450101921 0 0181823241399 0 0→↗선13.536.939.112.7724336.438.0 76.1 74.1 50 50  050   13.80   13.70 3  1 -1NU동54.04751212-3.0 8.5 5.5505012 0전력변화탄력호전 1기 0 5 1     1 1 1①1:16.16   -1.013.839.013.7  0  0-1.70 1 1 -1  .0 21019 498 4 6 2 11 2 1.09 5.07 1.4 5.7  1.4   24.5   27.7   52.0  .03381 1 7 7 1   1.438.10 -.86-1.9076.0627.3647.3059.0039587234.0949.7349.86 1
20231203일 21200 9국612 8 17 5혼전 4431맑음양호 6 7 1성실대로        섀클포드행복을찾 3728.00한암 2 050 1 9 1636      13750국6토니  이동훈  -115 1 3 317 1 0 1 2 50김태훈48354.079기선보70 67 676569.056.034.42820131630 719212920181811251999 0 0↘↘입13.536.839.812.780 437.437.9 76.6 75.0 50 50  050   13.60   13.00 3  3  0VN동54.04751212  .0 9.0 9.0151512 0걸음불변단기승부 1기 0 4 2     2 2 2④1:16.6목    .013.838.413.7  2  8-1.35 4 2 -6  .21461172388 510 5 51 1 1.03 2.07 1.4 2.3  1.4    5.3    7.1   12.6  .02163-1 6 5-1    .438.40 -.48-1.5976.39 9.6022.3734.36 9203218.2832.0930.07 2
20251123일 7120011국4 4 4  5 5혼전 4421           7 2하트케이        퍼지    해동의별 1433.00한거 5 416   1    015:15 33000국4송문길강경운   2 016 4 824 1 1 324 16김정준   53.078평입보50 49 495222.055.024.4264817273917272525 42723152124205030→↘자13.337.238.312.64075                   23 41 1832   13.80   13.60 5 -8  1UN동54.14601714-1.8 7.0 5.2515114 0주행평범기수영향47관 1 2                            13.8    13.6                                 8 611 5  9                                              .01850 0 4 7 0    .338.30  .42     75.78 6.4215.6024.37 41118 6.0011.7118.53 8
20251019일 6120011국444 4 45 5혼전 4441맑음포화17 7 2하트케이        퍼지    해동의별 1433.00한거 5 417 2 1   94      33000국4송문길강경운   2 115 3 724 1 1 323 17유승완46052.078평입상87 80 805447.057.027.01446 6273917272530242723162623205030→↗입13.337.138.312.6477538.038.4 75.5 76.6 24 43 1933   14.10   13.10 5  3  0BUDN54.14601714-1.4 6.2 4.8606014-2주행평범조교부실27관 010 9    10 9 7⑦1:15.53    1.713.838.413.6  0  2  .80 7 7  1 1.86683345831 8 4 4 50 4 1.02 5.02 1.9 3.5  1.9    3.5    5.4   25.912.72870 2 6 7 2    .538.60  .39 1.1975.72 6.7616.3026.96 61526 8.7720.6931.62 4
20250913토 31400 8국430 2 85 8 1강 1151맑음포화19 7 2하트케이        퍼지    해동의별 5237.00한거 5 418 2 1   83      33000국4송문길강경운   2 214 21424 1 1 322 18김정준45852.076평입상80 67 676168.060.051.5264817273917272525 42723152124225622→↘자13.336.739.412.6664337.038.6 86.3 87.7 25 40 2035   13.60   13.30 8 -3  0NUDN54.34601714-1.8 6.6 4.8606014-2적임교체탄력호전29관 0 7 6     7 7 6④1:26.3¾    .414.137.513.1 -2 -1 1.00 4 6 -3  .41149232069 2 6 4 43 8 4.02 2.01 2.2 4.3  9.8   17.5   48.6    8.812.03375 2 7 7 2    .639.00 -.5011.6288.6617.8835.3651.4718365112.8427.0039.08 4
20250719토 8160010국452 4105 8혼전 4431흐림포화17 7 2하트케이        퍼지    해동의별 5237.00한거 5 419 2 1  142      33000국4송문길강경운   2 313 1 124 1 1 321 19김용근45952.082평입상58 42 421736.056.032.7214911273917272529332723292517225622↗↘선13.336.140.112.6783236.638.5100.2101.9 37 32 2137   13.60   14.50 5  7  0VUUP54.34601714-1.8 6.6 4.8606014 2주행평범적임교체35관 010 4   4 4 8 7⑥1:40.2머리  .813.638.613.3 -3 -3  .90 6 9  2 1.51453211655 4 4 7 50 3 3.01 9.05 3.3 6.8  5.1    6.8   10.3   25.5  .04346 0 5 9 0△  .540.10 -.0425.66103.2 9.5020.8332.68 82033 7.9217.8226.77 6
20250615일 9140010국554 2105 6혼전 4439맑음건조 3 7 2하트케이        퍼지    해동의별 5237.00한거 5 520 2 1   83      33000국5송문길강경운   2 412101324 5 1 320 20김정준46252.076우입하38 39 395921.054.025.2264817273917272525 42723152124225622→↘자13.336.839.212.6625536.040.5 88.4 88.8 39 33 1739   13.40   15.10 5 -3 -1HU동54.34601714-2.2 6.2 4.0717114 0걸음불변추입유리35관 0 3 6     5 6 6⑥1:28.41    1.613.640.214.5 -1 -5  .10 6 7  3 1.949 7815633 7 2 5 72 7 8.03 5.04 3.8 9.3 13.8   36.3   80.1   74.2  .01744 0 4 7 0    .139.10  .2512.8288.59 6.9215.4225.23 5122210.7723.9430.00 4
20250510토 5140011국523 6 75 3혼전 4441흐림불량20 7 2하트케이        퍼지    해동의별 5237.00한거 5 521 2 1  118      33000혼4송문길강경운   2 511 91224 4 1 319 21김정준46752.576평입보68 68 684240.047.022.9264817273917272525 42723152124225622→↘자13.336.739.312.6685136.640.9 89.8 90.0 28 33 1733   13.90   13.30 5 -2  1NN동54.34601714-1.4 6.0 4.6686814 0걸음불변급하락세 1   0 6 4     6 7 9⑩1:29.81¼  2.013.442.015.1  6  2 -.1910 4 -2 2.07927868023 4 6 2 90 610.07 9.01 1.8 4.0 43.3  414.7  707.0 1444.4  .01419-2 6 5-2   -.139.40  .3113.9688.59 6.0812.1122.93 1 4 8 9.5919.3227.81 4
20250405토 6140011국521 5 75 6 3강 3332비  포화17 7 2하트케이        퍼지    해동의별 5237.00한거 5 522 1 2  222      33000혼4송문길강경운   2 610 81124 3 1 318 22김정준46552.068평입하67 66 666946.057.048.9174314294323272525 42723152124256313↘→자13.336.639.312.6735137.039.2 88.1 88.4 29 35 1835   13.90   13.60 5  4  0NUUP54.64591714-2.4 7.2 4.8666614 2주행평범최적거리 1관 2 8 6     8 7 5③1:28.13     .613.938.513.3 -3  0  .60 3 6  3  .93346433964 2 3 2 23 5 1.08 1.07 2.3 4.0  2.3   22.2   30.4   43.812.12863 2 6 5 2    .539.20 -.3212.5488.5218.0834.8848.8518365111.8628.7840.41 3
20250301토 6120011국442 3 95 4혼전 4421흐림건조 3 7 2하트케이        퍼지    해동의별 1433.00한거 5 523 1 2  327      33000국4송문길강경운   2 7 9 7 624 2 1 317 23김정준46552.071평입상69 68 685937.053.021.9174314294323272525 42723152124256313↘→자13.337.038.312.6627537.038.7 75.2 76.0 31 38 1938   14.00   13.10 5 -4  0HU동54.64591714-1.0 6.8 5.8575714 0주행평범보통걸음 1관 1 4 7     7 7 5⑤1:15.2½    .313.938.513.6  2  7  .50 5 3 -5 1.34540453668 7 5 4 50 4 1.09 8.07 2.9 6.0  2.9   32.1   53.1   34.4  .01848 0 6 6 0    .238.50  .59  .6775.67 5.8013.5821.94 5122210.1119.9027.27 4
20250126일 7120010국454 2105 4혼전 4411맑음건조 3 7 2하트케이        퍼지    해동의별 1433.00한거 5 625 9 3  403      33000국4송문길강경운   2 8 8 6 524 1 1 316 25김정준45852.066평입상73 66 664614.045.013.61671 8194210272525 427231521242971 0↗↘자13.337.038.412.6616837.637.9 74.4 75.8 33 40 2033   14.10   14.20 5  1 -1NUDN55.04591714 -.2 6.2 6.0555514-5걸음불변보통걸음 1관 3 8 7     7 8 6④1:14.4코    .314.037.413.1 -4  0 1.00 4 8 -1  .53969162766 7 7 7 93 3 7.0210.02 3.2 5.1 13.8   27.7   72.0   20.7  .01850 0 3 2 0   -.338.50  .77  .4175.72 3.17 6.9413.60 1 4 8 3.45 7.5013.88 9
20241222일 8170010국410 9 65 5혼전 4421맑음양호 6 7 2하트케이        퍼지    해동의별 5237.00한거 4 626 2 3  513      33000국4송문길강경운   2 9 7 5 124 1 1 315 26김용근45853.088평입하35 50 504132.051.023.62650201942102725293327232925172971 0↘→선13.339.441.212.6714338.541.1114.1113.0 36 43 1436   13.80   13.90 5  4 -1NHUP55.04591714  .4 5.6 6.0555514 3걸음불변거리속성 1관 0 7 1 1 1 4 8 9⑥1:54.1¾    .814.141.614.2 -3 -1-1.00 6 9  6 1.040 2571259 4 6 8 80 2 1.02 5.08 2.4 7.2  2.4    7.2   14.2   33.0  .01854 0 4 5 0    .041.60  .2332.39113.5 6.5713.4923.60 3 814 8.2415.7124.08 6
20241116토 7140010국452 4105 5혼전 4451비  건조 3 7 2하트케이        퍼지    해동의별 5237.00한거 4 728 2 4  634      33000국4송문길강경운   210 6 41024 2 1 314 28김정준45953.575평입보77 75 755259.052.025.11222 9284116272525 427231521242971 0↗↗자13.336.739.312.6645136.739.6 88.9 89.2 36 43 1436   13.50   13.00 4  0  2HN동55.04591414  .0 5.2 5.2616114 0뒷심문제최적거리 1관 0 3 6     6 7 9⑧1:28.9목   1.013.839.913.9  5 -1 -.19 8 3 -2 1.15834574547 5 5 4 70 2 6.02 9.08 5.211.5  6.4   11.5   30.2   25.9  .02946 0 7 6 0    .339.30  .2513.1688.59 6.6316.0925.10 1 51214.1228.4237.50 2
20241019토 7140011국411 4 65 5 3강 3351흐림포화16 7 2하트케이        퍼지    해동의별 5237.00한거 4 723 2 4  720      33000국4송문길강경운   211 5 3 924 1 1 213 23김정준46052.075평입보57 50 504224.046.019.21222 9284116272525 427231521243367 0↗↗자13.336.839.212.6565137.237.5 87.8 87.4 31 38 1531   13.70   13.70 7 -1  0HUUP55.54591414  .6 4.0 4.6666614 1마방선전최적거리 1관 0 3 4     4 4 3②1:27.8목    .013.537.713.0 -3 -4 -.30 2 5  0  .0 559 3 382 4 4 5 62 1 1.05 2.03 1.8 3.7  1.8   11.7   17.2   26.111.22551 0 4 4 0   -.338.80  .4111.3788.59 4.9610.4819.16 31020 5.2211.1122.26 7
20240831토 8130010국453 2 55 6 3강 3331맑음건조 4 7 2하트케이        퍼지    해동의별 5237.00한거 4 825 9 5  846      33000국4송문길강경운   212 4 2 124 2 1 212 25유승완46452.089평입상39 53 535847.057.031.81950 73163152725302427231626233367 0↘↗입13.337.138.812.6637537.538.9 82.2 83.1 33 42 1733   13.30   14.20 5 -5  0HUUP55.54591414 -.2 3.2 3.0808014 1마방선전마방선전 1관 0 4 6     6 7 6⑥1:22.2½    .913.739.213.7  1 10  .20 6 5 -4 1.64843433647 5 5 6 50 3 3.0110.06 3.1 4.1  6.3   11.9   25.5   51.311.22564 0 5 7 0    .440.00  .49 7.1582.58 9.0420.4731.77 8152610.2022.1231.71 4
20240728일10120011국454 2105 7혼전 4421맑음다습12 7 2하트케이        퍼지    해동의별 1433.00한거 4 927 9 5  924      33000국4송문길강경운   213 3 1 424 1 1 211 27유승완45452.087평입보82 71 717143.062.026.61950 73163152725302427231626234060 0↘↗입13.437.238.012.6449136.239.8 74.7 76.2 36 45  936   13.40   14.50 5  0  0NUDN56.24601414  .0 2.2 2.2868612-2주행평범마방선전 1관 0 9 3     3 4 4⑥1:14.7½    .713.339.514.2 -3 -6 1.30 6 9  3  .853 6764554 8 3 5 62 2 4.07 1.08 2.2 6.0  9.3   74.7  182.0  152.812.72886 2 6 8 2△  .938.40  .50 1.0075.61 6.3216.4826.63 51323 7.5516.2223.25 7
20240622토 9140011국531 4 85 5 3강 3351비  불량20 7 2하트케이        퍼지    해동의별 5237.00한거 41030 2 6 1031      33000국5송문길강경운   214 2 2 824 3 1 210 30송재철46052.082우입하59 60 605637.052.022.02143103250 62725251927231826214060 0↗→입13.537.039.012.6436836.839.7 89.3 88.8 40 50 1040   13.50   14.30 5  2  0LU동56.24601414  .0 2.4 2.4828212 0주행평범작전마주 1기 0 9 1     2 2 4⑨1:29.3½   1.713.440.014.5  3 -4 -.30 9 6  0 2.54736615232 3 6 5 91 8 2.04 6.01 2.0 5.6  4.5   17.5   38.2   27.411.22354 0 5 5 0    .138.90  .3312.8488.59 5.3913.0322.02 3 817 7.1415.0225.62 6
20240518토 9140011국453 4105 6혼전 4451맑음양호 8 7 2하트케이        퍼지    해동의별 5237.00한거 41133 2 6 1136      33000국4송문길강경운   215 1 1 724 2 1 2 9 33송재철46452.082우입보94 95 956266.050.021.42143103250 62725251927231826214060 0↗→입13.637.238.812.6338236.041.1 88.8 89.6 44 56  044   13.60   14.00 5  2 -5NU동56.24601414  .2 3.6 3.8737314 0걸음불변작전마주 1기 0 7 2     4 5 9⑦1:28.84    1.213.540.814.3  1 -2  .80 7 6  4 2.772 5887040 8 2 2 62 7 3.04 8.10 2.5 5.1  6.5   22.7   42.5  182.310.52161 0 7 6 0    .038.90  .3613.6488.59 5.3111.7921.43 3102011.1123.1134.72 5
20251123일 7120011국4 4 4  2 3혼전 4421           7 3컴플리트스텝    지롤라모골든로즈 1733.00한암 51616   1    015:15 33000국4이신우장석영   1 013 1 812 3 2 012 16조한별   52.068평선보50 53 537427.043.014.51342 81656 818 72415171512191899 0 0↘↗입13.136.639.412.88618                   44 44 4422   13.40   14.50 2  0  0HH동52.34841412-2.2 7.6 5.4585812 0전개선전급하락세 1   0 3                            13.4    14.5                                 211 8 9  5                                              .02542 0 5 5 0   -.539.40  .43     76.06 2.76 7.3114.47 2 5 9 7.0015.3222.94 6
20251109일 7120011국522 3 72 4 3강 3331맑음건조 3 7 3컴플리트스텝    지롤라모골든로즈 1733.00한암 51818 2 1   27      33000혼4이신우장석영   1 112 6 712 2 2 011 18조한별50352.068기선보33 33 336211.043.017.61342 81656 818 72415171512191899 0 0↘↗입13.136.839.612.8731636.039.2 75.0 75.5 38 38 3825   13.90   13.20 8 -3  0HH동52.44801412-1.2 7.4 6.2464612 0걸음불변기복전력 5   0 3 1     1 1 1③1:15.0½    .013.439.414.5 -3 24  .20 3 6 -3  .029 3632186 310 9 81 4 4.07 9.02 2.4 4.0  8.9   32.1   67.7  144.7  .01941 0 3 3 0   -.538.60  .09 -.9076.28 3.56 9.3417.61 1 4 7 2.27 6.5915.41 9
20250913토 8120011국524 1 72 3혼전 4431맑음포화17 7 3컴플리트스텝    지롤라모골든로즈 1733.00한암 52020 2 1  144      33000국5이신우장석영   1 211 5 612 1 2 010 20조한별47952.068기선보35 32 3246 8.042.014.51342 81656 818 72415171512191899 0 0↘↗입13.136.739.112.8821437.738.1 74.2 76.4 29 43 4329   13.70   15.6015 -2  0NHDN52.44801412-1.4 6.4 5.0505012-2걸음불변기복전력 5   0 6 9     8 9 8⑨1:14.2¾   1.413.937.513.2  0 -4 1.60 9 9  1 1.56274254137 5 7 8 80 3 2.07 2.08 2.2 2.6  3.2   32.7   53.5  102.8  .01434-1 2 2-1   -.639.00  .54  .6075.95 2.66 8.1814.46 2 5 9 3.53 6.9414.72 8
20250601일 61400 9국453 2102 4 2강 2242맑음건조 3 7 3컴플리트스텝    지롤라모골든로즈 4436.00한암 52222 1 2  273      33000국4강성오장석영   1 310 4 212 1 2 0 9 22정정희48352.068우선적23 43 435351.060.036.41555 52164 8222111 0251917241599 0 0→→입13.136.639.812.8742336.241.4 89.7 90.2 33 50 3333   13.50   14.00 5  6  0NHUP52.44801412-1.6 5.4 3.8656512 2직전탐색조교부실41관 0 8 2     2 3 5⑦1:29.72½  2.413.741.015.6 -1 -3  .20 7 8  6 2.58210918211 4 7 4 41 1 4.05 6.03 2.9 7.1  6.2   17.9   40.5   49.9  .03361 0 6 7 0    .639.60 -.2913.7688.8611.7624.0636.4413284311.9623.7836.56 3
20250426토 6120011국414 4 62 7혼전 4431맑음양호 8 7 3컴플리트스텝    지롤라모골든로즈 1733.00한암 52525 9 1  159      33000국4강성오장석영   1 4 9 3 512 2 2 0 8 25조한별48652.068우선적48 63 637929.056.021.81342 81944 922211515251912191899 0 0↘↗입13.137.038.212.8547536.939.8 75.8 76.8 50 67 3333   13.30   14.70 5 -1  0UH동52.44801412-1.4 4.4 3.0696912 0승부호기최적거리 1   0 2 5     5 7 7⑥1:15.81     .513.539.414.0  4 -5  .95 6 2 -7 1.97133776861 8 2 6 70 2 1.05 7.05 1.8 5.3  1.8   12.4   16.8   22.6  .02766 0 5 6 0    .338.80  .65 1.6275.61 5.2613.5421.81 41118 3.7611.6820.56 9
20250323일 6120011국414 2 62 5혼전 4431맑음건조 4 7 3컴플리트스텝    지롤라모골든로즈 1733.00한암 5 1   2 2  254      33000국4강성오장석영   1 5 8 2 412 1 2 0 0  0조한별49152.065우선적93 93 9376  .063.032.41882 72164 822211515251912191899 0 0↗↘입13.137.238.612.8418536.140.3 75.4 76.7 60 80 2040   14.10   13.0030 -6  1HNDN52.44801413-1.0 4.0 3.0656512-2승부조율승부호기 1   0 3 2     2 2 2⑤1:15.41¾   .513.339.914.7 -4  5 1.00 5 9  5 2.968 4856060 9 8 3 41 1 1.06 2.01 1.5 4.4  1.5    4.2    5.8   15.010.53777 0 8 7 0    .938.60  .03  .8975.95 9.5821.7932.44 9203210.2319.3542.35 6
20240825일10140010국453 2102 7혼전 4451맑음다습12 7 3컴플리트스텝    지롤라모골든로즈 4436.00한암 43333 2 5  856      33000국4강성오장석영   1 6 7 1 112 1 2 0 6 33임기원48651.092강선적69 56 568571.067.063.03040 81857 322213622251925321699 0 0↘↘선13.137.038.712.8458536.441.0 90.0 90.0 60 80 2040   13.10   14.20 7 -2 -1LUUP52.44801413-2.0 3.7 1.7787812 1트립손실작전마주 1   0 9 3     3 4 6⑧1:30.05    1.813.541.315.4  4  2  .01 8 4 -2 3.38018877822 2 1 3 10 6 3.01 2.01 2.5 5.2  5.9    6.8   15.3    9.712.73588 2 8 7 2▲ 1.239.10 -.5614.3088.3827.7846.5062.9532526421.6239.5151.33 2
20240707일 6130011국553 2 52 7 1강 1131흐림다습13 7 3컴플리트스텝    지롤라모골든로즈 4436.00한암 4 1   1 5  984      33000국5강성오장석영   1 7 6 4 312 1 2 0 0  0이혁  48452.092강선적31 36 3678  .067.046.52646101857 322212523251927211999 0 0↗↗선13.637.538.112.8429736.239.6 80.8 82.5 50 75  050   13.40   15.5026  1  1VNUP52.54781312-2.5 3.5 1.0909012 1승부최상거리속성 1관 011 3     1 3 2③1:20.8½    .013.139.214.2 -3  1 1.20 3 6  2  .326 2631675 9 2 5 21 1 1.03 7.06 2.5 4.4  2.5    8.0   14.7   47.313.43380 2 5 6 2   1.239.40  .27 6.8882.3918.1633.2946.50183956 8.2618.0044.07 6
20240106토 7120010국553 5102 9 3강 3341맑음포화16 7 3컴플리트스텝    지롤라모골든로즈 1733.00한암 45050 1 8 1530      33000국5강성오장석영   1 8 5 3 312 5 2 0 4 50임기원48351.092강선보59 64 648577.075.055.425401320631622213622251925321699 0 0↗↗선13.637.837.812.8 79837.041.9 78.7 78.7 50 75  050   13.70   14.40 9  1  0VUDN52.54781312-3.0 4.0 1.0868612-1승부호기승부최상 1   010 3     3 3 8⑩1:18.711   3.913.441.715.5  6 17  .2910 4 -1 4.495379796 6 9 1 6 20 5 6.08 9.08 2.9 5.3 10.9  223.4  374.7  194.012.24491 3 7 9 3☆ 1.738.60 -.52 3.1175.8423.8242.1455.4318365118.6936.7144.95 2
20231105일 9130010국553 5102 8혼전 4431흐림다습12 7 3컴플리트스텝    지롤라모골든로즈 4436.00한암 36666 1 9 1716      33000국5강성오장석영   1 9 4 2 212 4 2 0 3 66임기원46651.093우선보71 67 678382.075.043.83143291327 022213622251925321699 0 0↘↗선13.637.139.012.8777937.840.3 83.4 84.6 67100  067   13.60   13.50 8  6  0BU동52.54781312         3.0    12 0승부호기승부호기 1   0 9 4     6 7 7⑦1:23.46    1.913.740.014.4  2 -6  .80 7 5  1 2.78660828320 7 7 4 30 4 4.01 6.05 3.0 7.7  5.9    8.5   16.8   15.913.43483 2 8 8 2▲ 1.740.30  .05 8.5082.7116.7131.7443.8418365117.5932.5639.23 2
20230910일 9130010국441 4 92 8 2강 2231맑음양호 7 7 3컴플리트스텝    지롤라모골든로즈 4436.00한암 3     210 1877      33000국4강성오장석영   110 3 1 112 3 2 0 2  0임기원47251.093강선보91 99 9985  .067.057.837401116 9 822213622251925321699 0 0→↘선13.637.638.912.8429837.238.7 80.8 82.5100100  0**   13.60   13.30 5 -6 -2HUUP53.34811312         1.0    12 1승부최상승부호기 1   0 3 1     2 1 1③1:20.85     .913.638.513.5 -1 -4 1.00 3 4  1  .92730352052 7 9 1 11 3 3.02 7.04 3.1 4.8  4.8    5.6   14.3   10.613.43586 3 9 9 3☆ 1.239.30 -.59 6.0282.9724.7742.4257.81214258 7.1415.1346.03 6
20230806일 81200 9국554 5102 9혼전 4441맑음건조 2 7 3컴플리트스텝    지롤라모골든로즈 1733.00한암 3     110 1984      22000국5강성오장석영   111 2 1 212 2 1 0 1  0임기원47652.593강선보95 96 9690  .072.053.437401116 9 822213622251925321699 0 0→↘선14.238.138.312.8 19937.037.4 74.7 74.2100100  0**   14.20   13.10 6  7 -2VU동54.04861212         1.0    12 0승부최상승부최상 1   0 9 1     1 1 1①1:14.71¼  -.213.637.713.3 -2-10 -.30 1 3 -1  .0 239 6 49210 5 1 11 2 3.05 9.10 4.0 7.7  4.7   17.6   42.9   27.210.54495 3 9 9 3☆ 1.636.90 -.91-2.2076.2824.1941.2053.3821425811.1121.5655.59 5
20230625일 3120011국611 9 62 9 1강 1136맑음양호 9 7 3컴플리트스텝    지롤라모골든로즈 1733.00한암 3 0 0 911 2094      13750국6강성오장석영   112 1 1 112 1 0 0 0  0임기원48654.093평무보   35 3540  .076.091.43039 7264614222136222519253216      ↘→선    36.738.5        38.537.2 76.4 75.1              13.80   13.60 4  0  0NL동       12 0                 0 0걸음불변승부최상 1   0 2 3     2 2 2①1:16.4머리  .014.237.613.1 -3  8 -.70 1 4  0  .01795 43788 1 111 11 1 4.02 2.09 1.7 4.5  7.7   28.5   59.7   96.2  .05893 4 7 9 4★ 2.038.60-1.33 -.0675.6152.2279.3991.4439607318.3734.2981.69 2
20251123일 7120011국4 4 4  4 3혼전 4421           7 4천행챗          미스치비어맨다녹 3927.00한암 4 619   1    015:15 33000국4배휴준조금제   2 016 62131 2 2 431 19김철호   54.569기무적50 51 514420.041.010.71240 8 643 4 8 91419 9 4152223601030→↗자13.937.338.414.03772                   28 38 2417   13.50   14.30 3  3  3HL동52.74251712-3.8 9.0 5.2545412 0기습선행급하락세30관 0 4                            13.5    14.3                                10 91011 12                                              .03121-2 4 3-2   -.838.40  .69     75.89 2.09 5.1910.69 1 4 8 3.00 7.2113.2411
20251101토 9120011국454 4104 3혼전 4441맑음건조 5 7 4천행챗          미스치비어맨다녹 3927.00한암 4 620 1 1   58      33000국4배휴준조금제   2 115 52031 1 2 430 20김철호44652.069기무적54 41 4135 9.040.012.21240 8 643 4 8 91419 9 4152223561133→↗자13.937.438.614.0316436.638.6 75.6 75.4 25 36 2118   14.20   13.40 7 -6  0UHDN52.84221712-2.2 8.8 6.6393912-2걸음불변급하락세51관 0 1 2     2 2 2③1:15.6코    .013.539.314.3 -7 10 -.40 310  2  .0251744208310 6 9 9111 2.08 8.04 2.2 5.5  4.0   86.0  142.0  974.1  .01427-2 2 3-2   -.838.00  .49 -.6176.06 2.38 5.9912.18 3 814 2.08 6.2814.11 9
20250913토 21400 8국422 1 24 3 1강 1141맑음포화19 7 4천행챗          미스치비어맨다녹 2637.00한암 4 620 2 1  128      33000국4배휴준조금제   2 214 4 531 1 2 429 20조상범43652.056기무적28 28 2814 3.032.010.11268 6 643 4 8 91213 9 4132018561133→↘입13.937.139.614.0413937.239.1 87.2 88.7 30 37 1919   14.00   14.80 4 -1  0NH동52.84221712-2.8 9.2 6.4454512 0걸음불변조교부실27관 0 7 7     7 7 5⑤1:27.25    1.314.238.013.4 -3  2 1.10 5 8 -1 2.74564424839 7 5 8 80 1 1.03 1.05 1.7 1.7  1.7    7.5   10.3    3.8  .01414-1 1 1-1  -1.238.80  .2212.0289.07 1.20 3.9410.10 3 815 1.09 2.31 5.21 8
20250817일 6140011국452 6104 1 1강 1131맑음양호 7 7 4천행챗          미스치비어맨다녹 2637.00한암 4 721 2 1   69      33000국4배휴준조금제   2 313 3 431 1 2 428 21김태훈43452.073기무적37 23 2317 5.033.0 7.9204310 643 4 8 9 3 0 9 4112519561133↘→입13.937.239.614.0313936.840.3 89.0 89.6 27 35 1923   14.30   13.00 3  1 -1LHUP52.84221712-2.6 9.6 7.0373712 2걸음불변조교부실29관 0 8 9     7 8 6⑦1:29.0목   1.114.040.214.8 -2 -1  .50 7 9 -1 1.3723876724510 5 8110 4 3.01 3.10 3.0 5.3  7.1    8.2   23.1    7.9  .01415-2 1 2-2  -1.138.90  .2112.8489.14  .97 3.36 7.86 1 3 5  .75 3.35 6.9011
20250726토 5120011국413 1 64 2혼전 4421맑음건조 4 7 4천행챗          미스치비어맨다녹 3927.00한암 4 722 9 1   42      33000국4배휴준조금제   2 412 21931 1 2 427 22유승완43552.578기자적65 49 493315.040.0 9.51446 6 643 4 8 9 8 7 9 4162623561133→↗입13.937.338.814.0405137.937.7 75.2 76.0 28 36 2420   13.90   13.50 3 -1  1NNDN52.84221712-1.8 9.6 7.8323212-2최고선전조교부실30관 0 7 9     8 8 8⑦1:15.23    1.814.337.613.0 -3  3  .40 710  2 1.9498214352410 810100 2 4.0311.08 2.4 7.0  7.5   19.7   41.3   33.3  .01646-2 2 2-2   -.738.20  .52 -.1376.12 1.47 4.04 9.47 0 2 6 2.19 7.3510.9010
20250706일 41400 8국452 3104 1 1강 1141맑음건조 3 7 4천행챗          미스치비어맨다녹 2637.00한암 4 723 1 1   48      33000국4배휴준조금제   2 511 1 331 1 2 426 23김태훈43252.073기무하 5  2  2 4 5.023.0 3.8204310 643 4 8 9 3 0 9 4112519631325↘→입13.937.039.914.0442537.038.7 88.2 88.1 29 33 2121   13.90   14.90 3  7 -1VH동52.94211712-1.0 9.6 8.6262612 0가는대로부진마필51관 0 8 6     8 8 6④1:28.22½   .513.938.513.5 -4 13 -.20 4 8 -1  .82252292863 5 8 8 83 3 5.07 2.05 2.7 5.5  9.7   81.2  155.7   78.9  .0 6 3-4 1 1-4▼-1.938.70  .2511.1789.21  .26 1.18 3.83 3 814 1.10 4.32 8.63 8
20250615일 9140010국554 2104 4혼전 4439맑음건조 3 7 4천행챗          미스치비어맨다녹 2637.00한암 4 824 2 1   43      33000국5배휴준조금제   2 610 3 231 1 2 425 24유승완41952.578기선적66 38 383524.046.016.61446 6 643 4 8 9 8 7 9 4162623631325→↗입13.937.039.814.0422836.641.4 89.9 90.3 30 39 2222   14.50   13.00 4 -4 -2UHUP52.94211712-1.4 9.8 8.4292912 2최고선전조교부실22관 0 1 8     8 9 9⑩1:29.91½  3.113.940.914.9  1  2  .3010 9 -1 3.486259187 7 8 9 6 80 1 8.03 5.04 3.8 9.3 13.8   36.3   80.1   74.2  .01656-2 3 3-2   -.539.20 -.0313.5389.14 3.26 8.4416.57 3 814 9.2316.9028.85 7
20250517토 6120010국432 7 84 1 1강 1142맑음포화16 7 4천행챗          미스치비어맨다녹 3927.00한암 4 825 2 1   96      33000국4배휴준조금제   2 7 9 21831 2 2 424 25김태훈41754.074기선보 6  5  514 6.029.0 8.4204310 643 4 8 9 3 0 9 4112519711414↘→입13.937.039.114.0623237.937.6 75.8 75.5 32 36 2318   14.70   13.50 2 -6  0NNDN52.74221712-1.0 9.4 8.4272712-5가는대로지울마필45기 0 510     9 9 6④1:15.81¾   .314.537.513.0 -6 -2 -.30 410 -1  .32882 92772 4 7 9 93 2 1.06 8.01 1.8 4.1  1.8   12.5   18.9   40.5  .0 712-3 1 2-3▽-1.638.40  .55 -.5976.12  .88 2.17 8.42 41118 1.47 6.9012.61 8
20250503토 6170011국454 1104 1혼전 4421흐림포화18 7 4천행챗          미스치비어맨다녹 2637.00한암 4 1   1 1  138      33000국4배휴준조금제   2 8 8 1 331 1 2 4 0  0김태훈41954.073기선하13 12 12 3  .030.0 4.8204310 643 4 8 9 3 0 9 4112519711414↘→입13.939.141.914.0871640.640.8113.5115.9 33 38 2419   14.50   13.50 6  0  2VNUP52.74221712-1.8 8.8 7.0404012 5걸음불변탐색우려 1기 011 8 810 91011⑩1:53.56    2.914.739.613.5 -1 -2 1.201011  1 3.094804968 6 31110 90 1 2.01 7.03 3.8 8.2  4.5    8.2   14.1    9.7  .014 6-4 2 5-4▼-1.742.40  .4534.86113.8  .65 2.47 4.77 2 5 911.5420.8149.48 7
20250323일 7120011국524 4 24 4 1강 1133맑음건조 4 7 4천행챗          미스치비어맨다녹 3927.00한암 4 927 2 2  253      33000국5배휴준조금제   2 9 7 21731 1 2 422 27김성현42152.071기선보32 33 332411.038.0 9.81650 5135011 8 9 0 0 9 4162519711414→→입13.936.839.014.0763937.043.2 79.8 80.4 35 40 2520   13.80   14.00 2  9 -3VH동52.74221712-2.8 8.8 6.0494912 0마방연대외곽불리 1기 011 6     7 811⑪1:19.814   4.613.843.216.3  1  3  .501110  2 5.899419999 4 5 4 6100 4 1.03 5.01 1.5 1.9  1.5   13.8   20.0  483.0  .02827-3 2 3-3▽-1.240.10  .66 4.5675.95 1.20 3.98 9.76 41118 2.06 6.3214.71 8
20250308토 6120011국454 7104 6혼전 4441맑음다습11 7 4천행챗          미스치비어맨다녹 3927.00한암 4 928 2 2  306      33000국4배휴준조금제   210 6 11631 1 2 421 28장추열41854.593기선보27 24 246340.056.026.63862 0135011 8 947 0 9 4202522711414→↘입13.936.839.014.0803936.939.8 75.9 76.7 37 42 2621   14.30   14.4010 -5  2HLDN52.74221712-2.8 9.0 6.2454512-5걸음불변마방연대 1기 0 2 6     6 8 8⑧1:15.91¾  1.413.839.314.0  0 -3  .80 8 8 -2 1.66732776736 4 910 60 3 7.01 4.09 4.411.8 12.1   30.8   62.5  105.8  .01979 0 5 5 0    .339.00  .17  .8575.95 7.5517.6226.58 71627 8.5418.8924.00 6
20241228토11170011국523 6 74 5혼전 4413맑음건조 4 7 4천행챗          미스치비어맨다녹 2637.00한암 31030 9 3  499      41250국5임채덕조금제   211 5 4 231 1 2 420 30김성현42153.063기선적36 22 221211.040.010.9165711 299 0 810 0 0 8 0162519711414↘→입13.939.141.714.0872539.442.5115.7115.8 39 44 2822   13.90   15.40 3  1 -3NNUP52.74221712-2.8 9.2 6.4444417 3거리적응최적거리 1기 1 7 4 4 5 8 910⑨1:55.71¾  2.214.343.114.4 -1  1 -.60 910  7 3.29327857917 4 9 8100 3 1.0610.06 2.3 4.7  2.3   12.4   18.6   16.0  .01725-2 2 2-2  -1.042.40  .4235.04113.6 1.81 5.4710.89 1 4 8 2.63 6.2515.1010
20241208일 7140011국552 7104 2 3강 3357맑음다습13 7 4천행챗          미스치비어맨다녹 2637.00한암 31031 2 3  557      41250국5임채덕조금제   212 4 3 131 1 2 419 31코지  42056.087기선적54 49 494655.050.029.8224412 299 0 810 0 0 8 0252619711414↗↗선13.936.739.814.0662537.043.2 92.9 93.1 39 44 2822   13.60   13.60 3 -1  3NBUP52.74221712-3.2 9.2 6.0494917 2걸음늘어탐색우려 1트 0 6 4     5 8 9⑪1:32.94    4.513.942.515.4  8 -2  .5111 3 -5 4.899519898 6 110 4 50 1 7.02 4.10 4.210.4 16.1   41.1  101.1   65.8  .01757-1 6 4-1   -.140.10 -.1916.6488.93 8.7916.8229.82 7162716.4432.4741.30 3
20241117일 5120011국444 4 44 5혼전 4431맑음양호 6 7 4천행챗          미스치비어맨다녹 3927.00한암 31133 2 4  625      33000국4임채덕조금제   213 3 21531 1 2 418 33김성현42253.060기선적57 49 494522.049.014.8146710 3 0 4 810 0 0 8 0162519711414↗↘입13.937.138.814.0574737.038.7 75.3 75.8 41 47 2924   13.90   14.10 4  1  1NNDN52.74221712-1.6 8.6 7.0373717-5주행불만탄력호전 1기 0 7 4     6 6 6④1:15.31¼   .613.638.413.6 -4 -4  .40 4 8  0 1.54040433461 8 6 7 92 2 2.04 4.08 2.0 3.4  3.8   13.6   23.0    6.0  .03353-2 3 5-2   -.338.40  .46 -.0776.00 3.48 7.6114.84 2 5 9 5.8812.0917.9510
20241019토10170011국412 4 64 1 3강 3329흐림포화16 7 4천행챗          미스치비어맨다녹 2637.00한암 31135 2 4  717      33000국4임채덕조금제   214 2 1 131 1 2 417 35이상규42652.055기선적48 36 36 4 7.026.0 3.81299 4 3 0 4 810 0 0 8 0122314671717↗↘입13.939.241.514.0793538.741.7110.2112.4 44 44 2525   13.70   13.80 8 -1  0NHUP52.84211712-1.4 7.4 6.0474712 5걸음불변탐색우려 1트 0 6 1 1 1 1 1 1③1:50.2½    .113.940.614.1 -5  1 1.90 3 8 -2  .620 5713573 4 9 6111 2 1.09 7.09 1.8 4.7  1.8   31.6   41.6  197.4  .014 8-4 1 3-4▼-1.741.70  .6331.65113.6  .50 1.83 3.78 0 1 4 1.28 4.88 8.4410
20240824토 7120011국553 3104 1 1강 1141맑음다습12 7 4천행챗          미스치비어맨다녹 3927.00한암 31237 2 5  870      33000국5임채덕조금제   215 1 61431 1 2 416 37김성현42552.067기선보34 29 2936 5.036.010.3 611 2 2 0 2 810 0 0 8 0162519671717↘↗입13.937.038.714.0605537.238.6 75.5 76.0 47 47 2727   13.40   14.70 3  3 -4NHDN52.84211312-2.8 7.2 4.4626212-1걸음불변감량기수 1기 0 7 3     6 6 6⑥1:15.5머리 1.113.738.613.8 -4  4  .30 610  1 1.44650393846 7 7 9112 1 9.01 1.04 2.5 9.3 29.9   40.7  144.2  190.5  .01419-3 1 1-3▽ -.938.50  .71  .2975.89 1.52 4.4410.28 1 3 5 1.02 3.88 6.6911
20251123일 7120011국4 4 4  3 9혼전 4421           7 5킹오브드래곤    컬러즈플혜성여왕 3031.00한수 31650   1    015:15 33000국4이준철(주)메타 0 0 6 1 4 5 6 1 2 6 50김용근   53.083강입보50 69 698482.071.050.221491144642031 043 03025292517 099 0↗↘선13.637.138.212.85989                   75 75 5050   13.60   13.70 5  4 -4NU동55.55061412 -.3 2.5 2.3818114 0전개최상마방선전48기 0 5                            13.6    13.7                                 7 3 2 1  6                                            10.64990 3 9 9 3☆ 1.438.20 -.21     75.6722.1338.8350.1932526419.0031.5345.00 2
20251019일 3120011국541 6 93 9혼전 4421맑음포화17 7 5킹오브드래곤    컬러즈플혜성여왕 3031.00한수 32040 2 1   97      24750국5이준철(주)메타 0 1 5 4 3 5 5 1 1 5 40김용근51657.083우입적79 79 799276.078.055.121491144642031 043 03025292517 099 0↗↘선13.737.138.212.8548736.738.2 74.5 74.9 67 67 3367   13.60   14.40 8 -6  0ULDN54.04951412 -.3 2.7 2.3808014-1전개최상전개최상50기 0 1 3     4 4 3②1:14.51¾   .013.638.513.7  0  1  .30 2 2  1  .31320271287 7 2 3 12 5 4.0210.01 3.4 6.1  4.9    8.6   19.8    9.712.74488 2 9 9 2☆ 1.838.10 -.36 -.3875.6723.0842.0055.0832526418.5827.9342.99 3
20250823토 4130011국552 1 53 9혼전 4411흐림건조 4 7 5킹오브드래곤    컬러즈플혜성여왕 5433.00한수 3 1   2 1  145      24750국5이준철김병진  -1 2 4 3 1 5 4 1 1 0  0김용근51557.082강입하57 59 5991  .074.045.4214911446420314343313025292517 099 0↗↘선13.737.238.812.8639136.939.0 80.7 82.8 67 67 3367   13.90   13.6043  0  2NBUP54.04951412  .5 1.0 1.5929214 1유망전력전개최상52기 1 7 3     3 2 2⑥1:20.71     .813.639.114.4  5 20  .91 6 1 -5 1.33718452053 6 2 5 10 4 4.02 2.03 2.5 5.0  8.4   13.1   34.4   62.410.64489 3 9 9 3☆ 1.739.80  .08 6.8482.6519.9035.2145.43355368 8.0415.9331.58 7
20241020일 7120012국554 3103 9혼전 4431맑음다습14 7 5킹오브드래곤    컬러즈플혜성여왕 3031.00한수 2     2 5  875     110000국5이준철김병진  -1 3 3 2 2 5 3 1 1 2  0김용근49855.090강입보99 98 9885  .069.024.3255010314629314343313025292517 099 0↘↗선13.937.038.112.8689537.039.2 74.9 76.4100100 50 0   13.90   13.5015  4  1NVDN54.04951412  .5 1.0 1.5929212-2전개최상마방선전 1   0 7 9     5 7 7④1:14.91     .813.738.813.6 -2  8 1.30 4 6  5 1.1614163555210 5 4 83 3 4.0812.08 4.4 9.2  7.1   53.1  109.8   88.910.53483 2 9 8 2☆ 1.238.70  .65 1.2675.56 7.3815.2224.25 2 5 9 4.48 9.3827.6010
20240706토 31400 9국541 5 43 9 3강 3341흐림포화17 7 5킹오브드래곤    컬러즈플혜성여왕 5433.00한수 2     1 5  997      24750국5이준철김병진  -1 4 2 1 1 5 2 1 0 1  0김용근49054.091강입보93 25 2599  .078.077.1255010314629314343313025292517 099 0↘↗선14.036.538.912.8889637.038.3 88.3 87.8100100100**   14.00   13.10 6 -8  0UUUP54.04951412  .0 1.0 1.0999912 2마방기습전개최상 1기 1 3 4     3 3 3②1:28.37     .013.938.613.5  1 -5 -.30 2 1  0 1.21246141183 1 3 9 12 2 7.01 6.03 1.7 3.3 22.4   13.3   50.9  177.6  .05099 4 9 9 4★ 2.039.20 -.7512.3588.1837.3560.6577.1435536810.5922.3663.10 4
20240525토 1120010국642 6 43 9 2강 2231맑음건조 3 7 5킹오브드래곤    컬러즈플혜성여왕 3031.00한수 2 0 0 9 6 1123      16500국6이준철김병진  -1 5 1 1 1 5 1 0 0 0  0김용근49554.089평무보   25 2540  .065.065.83167 5425715314343313025292517      ↘↘선    36.738.5        36.637.4 74.4 73.7              13.80   13.60 4  0  0LL동       12 0                 0 0거세출주마방기습 1기 111 6     3 2 1①1:14.46   -1.114.037.813.1  0  7 -.40 1 1  0  .0 118 6 297 3 310 12 1 1.0811.10 1.8 3.1  1.8   38.1   48.5   63.9  .05885 4 7 9 4★ 1.238.10 -.62-1.4775.6130.4851.6665.8421425810.2319.4640.81 6
20251123일 7120011국4 4 4  1 9혼전 4421           7 6한센스타        한센    라비치스 6925.00한수 32060   1    015:15 33000국4이동국최상일   1 0 6 2 5 5 2 1 2 5 60문세영   54.073강선보50 69 699983.069.043.93644 91133 5 7 8315919 028361699 0 0↘↗입12.936.338.412.39751                   75 2510025   13.10   14.60 7 -2  2NN동53.54661212 1.0 1.3 2.3868610 0전개최상전개최상74관 1 6                            13.1    14.6                                 1 7 1 2  2                                              .04495 3 9 9 3☆ 1.238.40  .30     75.3318.1631.1843.8518365119.0032.4345.88 1
20251004토 7120011국454 6101 9혼전 4431맑음다습10 7 6한센스타        한센    라비치스 6925.00한수 32550 1 1  115      33000국4이동국최상일   1 1 5 1 4 5 1 1 1 4 50문세영48052.073강도하42 46 469951.071.048.03644 91133 5 7 8315919 028361699 0 0↘↗입12.936.437.712.3967235.939.9 75.0 75.8 67 3310033   13.40   15.70 9  7  0LU동55.04521212 1.3 1.0 2.3868610 0전개최상전개최상70관 1 8 1     1 1 1②1:15.04     .013.139.314.6  0 -2  .80 2 2  0  .741 2804183 1 1 8 21 1 6.02 9.08 3.0 7.2 12.0   15.4   42.3  174.610.64495 3 6 8 3☆ 1.439.10  .52 1.7375.0019.6236.3747.9818365110.4820.0929.65 6
20250803일 9120011국554 2101 9혼전 4431흐림건조 3 7 6한센스타        한센    라비치스 6925.00한수 3 1   1 1  152      33000국5이동국최상일   1 2 4 4 3 5 1 1 1 0  0임다빈48252.080강도하87 91 9199  .070.048.11949 51133 5 7 8 0 019 015232499 0 0↘→추12.936.438.012.3968736.442.0 77.8 78.5 67 6710033   13.50   13.2044 -6  0UU동55.04521212  .5 1.0 1.5919110 0승부조율전개최상45관 1 1 1     1 1 7⑧1:17.812   3.313.441.815.7  6 20  .53 8 2  1 3.594 99793 7 2 1 1 11 1 1.08 7.05 3.5 7.9  3.5   31.7   44.2   72.810.54493 3 9 7 3☆ 1.339.90  .35 4.0675.1721.1736.5348.0718365110.7121.3042.14 4
20240928토 9120011국424 1 71 9혼전 4431맑음건조 5 7 6한센스타        한센    라비치스 6925.00한수 2     9 5  906      33000국4토니  최상일   1 3 3 3 2 5 2 1 1 2  0송재철46252.082강도보94 95 9599  .071.035.62239162542 019232415181818262199 0 0→→입12.936.437.912.3939636.339.0 74.0 75.610010010050   12.90   14.00 5  0 -3NU동55.04521210  .5 1.0 1.5919110 0전개최상전개최상 1기 1 7 1     1 1 2④1:14.0¾    .213.038.614.2  3  3 1.30 4 1  0  .635 9592769 1 1 2 21 2 2.11 2.05 1.6 2.7  4.9  190.5  302.9  481.910.54495 3 9 9 3☆ 1.639.00  .75 1.2675.1114.9225.8535.64122539 6.1612.8137.68 8
20240825일 8120013국654 3101 9혼전 4411맑음다습12 7 6한센스타        한센    라비치스 6925.00한수 2     2 5  858      82500국O토니  최상일   1 4 2 2 1 5 1 1 0 1  0송재철45955.082강도보92 25 2598  .075.027.62239162542 019232415181818262199 0 0→→입13.136.338.312.3999936.638.4 74.4 75.3100100100**   13.10   12.50 7  4  0BUUP55.04521210  .0 1.0 1.0979710 2유망전력전개최상 1   0 7 1     1 1 1②1:14.42½   .012.938.314.0  1  7  .60 2 1  0  .52119321481 1 6 8 51 1 8.01 3.07 3.0 7.4 15.3   25.4   67.6   69.210.64994 3 8 7 3☆ 1.639.00  .81  .6975.2810.4319.1127.60102336 6.9813.1926.48 8
20240706토 1100012국610 1 61 8혼전 4435흐림포화17 7 6한센스타        한센    라비치스 6925.00한수 2 0 0 1 5  999      24750국6토니  최상일   1 5 1 1 1 5 1 0 0 0  0이혁  45255.091평무보   25 2540  .066.026.82646102542 0192321 01818272119      ↗↗선    37.137.8        35.635.7 59.5 60.4              13.80   13.80 4  0  0NL동       10 0                 0 0거세출주기수신마 1기 1 3 1     1 1 1①0:59.53    -.513.136.112.5  0  8 -.10 1 1  0  .0 1 1 1 093121212 61 1 1.09 3.04 1.6 5.5  1.6   41.3   58.1  101.7  .04075 3 6 8 3▲ 1.237.30  .27-14.562.71 8.8217.4426.84 51222 8.3316.6725.00 3
20251123일 7120011국4 4 4  8 7혼전 4421           7 7청룡의칼        카우보이캐리어   4026.00한거 32244   1    015:15 33000국4박지헌청수    -1 010 2 4 9 4 2 2 9 44이혁     55.586강입보50 63 638570.066.040.11428 62238111926283321172721196040 0↘↗선13.636.838.112.78185                   63 50 3850   13.70   13.00 5  5  4NN동55.04441713 -.6 2.8 2.2747412 0전개최상보통걸음66기 1 7                            13.7    13.0                                 4 1 4 3  7                                            12.73472 2 7 7 2   1.138.10  .30     75.4516.1328.8340.1214284212.0027.0340.59 3
20251019일 6120011국444 4 48 8혼전 4441맑음포화17 7 7청룡의칼        카우보이캐리어   4026.00한거 32537 2 1   94      33000국4박지헌청수    -1 1 9 1 3 9 3 2 1 8 37이혁  43752.086우도상96 95 959772.064.033.41428 62238111926283321172721197525 0↘↗선13.636.838.413.1887537.337.4 73.8 74.9 57 43 4343   13.60   13.40 8 -5 -4UU동55.84451713 -.6 2.8 2.2747412 0뒷심문제전개최상48기 1 2 7     4 4 1②1:13.8목    .013.737.413.0  0  1  .80 2 2 -2  .11252 7 884 7 5 3 42 6 1.02 5.02 1.9 3.5  1.9    3.5    5.4   25.910.54483 2 8 6 2▲ 1.038.40  .33 -.3175.6110.5122.1833.39 9203215.7926.7234.19 2
20250824일 6120010국524 2 78 5혼전 4441맑음건조 4 7 7청룡의칼        카우보이캐리어   4026.00한거 31428 2 1  133      24750국5박지헌청수    -1 2 8 3 2 9 2 1 1 7 28이혁  43656.086우도적49 43 437834.062.034.51428 622381119262833211727211999 0 0↘↗선13.636.739.013.4913936.538.0 73.4 74.7 50 33 5033   14.10   16.20 9  5  2NNDN55.74481713  .4 3.0 3.4656513-5교체실패도주강력64기 1 7 4     4 4 2①1:13.41    -.213.637.713.4 -3-19 1.10 1 4  1  .0 91524 789 4 7 9 52 5 4.02 7.03 2.2 3.7  9.3   14.8   34.4   45.4  .01958 0 5 6 0    .838.40  .03-1.0175.8911.9423.2734.49 7162711.2719.7532.61 6
20250622일 5170011국542 9 98 5혼전 4411맑음포화15 7 7청룡의칼        카우보이캐리어   6132.00한거 31633 2 1  153      24750국5박지헌청수    -1 3 7 2 2 9 1 1 1 6 33이혁  45554.588우선보62 59 596637.057.036.81428 622381119262833211727211999 0 0↘↗선13.639.141.713.4922338.144.7114.1114.7 50 50 33 0   14.20   14.60 9 -7  0UU동55.74481713  .4 3.0 3.4727212 0걸음불변거리속성50기 0 2 1 1 1 1 2 4⑧1:54.1¾   2.814.144.316.2  5 -1  .09 8 3 -2 3.582 1978911 4 8 6 41 4 2.0410.03 4.3 9.2  4.6   10.5   22.6   32.0  .01870 0 5 5 0    .442.20 -.1833.92113.612.7325.3636.7810233610.7119.9029.71 4
20250420일 6170010국543 4 98 7혼전 4411맑음양호 8 7 7청룡의칼        카우보이캐리어   6132.00한수 32040 2 1  170      24750국5박지헌청수    -1 4 6 1 1 9 2 1 1 5 40조인권45654.565우선보92 90 906862.044.013.7163510223811192632 0211723241399 0 0↗↘선13.639.041.613.4954739.342.2112.5113.6 60 60 8020   14.00   13.70 5  7 -2BUUP55.74481713  .4 3.0 3.4727212 4전개최상거리속성 1기 0 9 6 6 7 3 3 2④1:52.53    1.314.242.314.6 -1 10  .20 4 5  4 1.45921827137 1 8 2 82 210.03 8.10 3.4 4.9 56.6  193.8  540.8  777.410.53444-2 8 4-2   -.842.10  .4533.00113.5 2.91 7.1713.68 41118 6.9318.7229.12 6
20250315토 3130011국611 9 18 9 1강 1118맑음양호 7 7 7청룡의칼        카우보이캐리어   6132.00한수 3 025 2 2  288      16500국6박지헌청수    -1 5 5 5 4 9 1 0 1 4 25조인권44656.069우도하76 85 859882.068.070.8 940 21560 0192632 0211723241399 0 0→↗선13.636.739.713.6965136.938.0 82.1 81.0 50 50 75 0   13.80   14.30 4 -3  0UV동55.54501313  .5 3.5 4.0666612 0전개최상전개최상 1기 2 2 1     1 1 1①1:22.16   -1.014.039.113.7  0 -2-1.20 1 1 -1  .0 11913 399 1 4 1 11 1 1.02 2.03 1.5 2.8  1.5    2.8    4.6   13.3  .04492 1 8 5 1☆ 1.439.90 -.88 4.6282.9033.5857.8270.8039607326.0344.0354.84 1
20250215토 3130011국631 7 88 8 2강 2211흐림건조 4 7 7청룡의칼        카우보이캐리어   6132.00한수 3 033 2 2  374      16500국6박지헌청수    -1 6 4 4 3 9 3 0 1 3 33이혁  44856.087우도보88 98 989397.071.067.02757111560 019262833211727211999 0 0↗↘선13.636.740.213.6972837.138.9 83.3 82.6 67 67100 0   13.90   13.90 4  2  0NV동55.54501313  .3 4.0 4.3717112 0전개최상전개최상 1기 2 5 3     3 3 2③1:23.36    1.113.840.014.3  1  0-1.20 3 2  0 1.43124432263 1 9 2 22 3 1.05 1.04 2.4 4.3  2.4    8.4   11.4    9.0  .04482 0 9 7 0▲ 1.540.30-1.08 5.7383.2330.0951.8667.0239587237.0663.8373.26 1
20250119일 2130011국621 8 78 5 3강 3315맑음건조 3 7 7청룡의칼        카우보이캐리어   6132.00한수 3 0 0 2 3  430      16500국6박지헌청수    -1 7 3 3 2 9 2 0 0 2  0이혁  44856.091우도적17 35 359550.067.050.81942 42033 019262833211727211999 0 0↘↗선13.636.740.114.3991036.938.5 82.9 81.9 50 50100 0   13.60   15.30 4 -8  1UV동55.04511312  .5 5.0 5.5646412 0교체실패전개최상 1기 0 3 1     1 1 2②1:22.95     .013.939.213.9  0 -8-1.20 2 2 -3  .8111828 993 110 6 31 2 3.02 6.03 2.1 3.6  8.8    7.8   23.7    6.110.94479 0 6 5 0   1.140.10 -.58 5.1283.1619.2437.1750.8115324718.9732.4846.70 2
20241221토 2130012국651 9 58 7혼전 4435맑음다습10 7 7청룡의칼        카우보이캐리어   6132.00한수 2 0 0 2 3  530      24750국6박지헌청수    -1 8 2 2 1 9 1 0 0 1  0이혁  45655.091우도보72 25 257336.064.027.61942 42033 019262833211727211999 0 0↘↗선13.736.840.314.3923536.042.4 84.7 84.3100100100 0   13.70   14.60 5  3  0LUUP55.04511312-1.0 5.0 4.0787812 1신마적응거리속성 1기 111 1     1 1 2⑦1:24.71¼  1.013.641.915.3  2  5 -.10 7 5  0 1.181 1978751 710 9 71 1 3.0410.12 2.8 3.8  4.5   15.2   22.1  127.2  .02582 0 6 5 0    .840.60 -.12 7.1683.35 8.1117.1327.57 71627 6.6714.7518.09 8
20241116토 1120012국641 9 98 2혼전 4435맑음건조 3 7 7청룡의칼        카우보이캐리어   4026.00한수 2 0 0 2 4  640      24750국6박지헌청수    -1 9 1 1 1 9 1 0 0 0  0이동진45155.055평무보   25 2540  .026.0 4.9 0 0 02063 01926 0 02117121417      ↗→추    36.738.5        36.639.0 77.2 75.4              13.80   13.60 4  0  0LL동       12 0                 0 0걸음불변보통걸음 1기 0 8 2     2 2 2④1:17.2착변  .113.740.114.6 -1  2-1.50 4 5  0  .42320563479 6 6 7121 1 6.02 5.06 3.1 6.2 19.0   28.8   72.1   46.1  .01413-1 2 1-1▽-1.638.60 1.14  .1575.61  .37 1.10 4.85 1 1 3 9.0917.8228.24 7
20251123일 7120011국4 4 4  7 7혼전 4421           7 8마이티러브      레이스데마이티젬 3525.00한암 32537   1    015:15 33000국4서홍수조병태  -1 0 9 1 7 8 9 2 1 8 37김태희   52.564우추상50 58 586242.061.033.0 929 5223712243123232619152316 02575↗↗입14.037.838.212.7 997                   57 43  057   14.00   13.00 4 -3 -1NU동53.44011312  .0 5.2 5.2666612 0마방기습마방기습48기 0 8                            14.0    13.0                                11 5 7 4  9                                              .02784 1 5 5 1    .738.20 -.11     76.0610.6021.8833.00102336 6.0018.0226.47 5
20251026일 5120011국512 7 67 5 3강 3342흐림양호 6 7 8마이티러브      레이스데마이티젬 3525.00한암 31428 9 1   73      24750국5서홍수조병태  -1 1 8 7 6 8 8 1 1 7 28김태희40153.064우추하47 53 536648.068.054.3 929 5223712243123232619152316 0 099↗↗입14.137.938.212.7 49637.337.0 75.0 74.1 50 33  050   14.20   13.60 7  9  1VN동53.54011312  .2 5.2 5.4646412 0마방기습마방기습68기 111 7     6 4 1①1:15.04    -.714.037.313.0 -7 -1 -.80 1 8  2  .0 251 3 39611 2 3 12 8 8.0111.07 1.5 5.3 23.5   13.8   52.6   37.510.93077 0 6 7 0   1.137.10 -.77-1.9976.1225.9342.8154.3235536820.3735.7746.05 2
20250907일 6120011국553 3107 7혼전 4441맑음다습14 7 8마이티러브      레이스데마이티젬 3525.00한암 31633 1 1  112      24750국5서홍수조병태  -1 2 7 6 5 8 7 1 1 6 33김태희40252.564우추하49 50 505916.061.042.2 929 5223712243123232619152316 0 099↗↗입14.138.138.212.7 59737.538.8 74.9 76.3 60 40  060   14.80   13.80 5 -4 -1HUDN53.54011312-1.2 5.0 3.8727212-1부중효과마방기습35기 0 2 9     910 9⑨1:14.9머리  .914.238.013.6  3  5 1.30 9 6  1 1.7596451585011 2 6 20 7 2.07 6.07 2.2 5.3  4.2   24.6   41.7  275.9  .02875 0 4 5 0    .637.50 -.54 -.0376.2317.1730.9642.24183651 7.9414.2921.07 6
20250803일 41300 9국550 4107 7혼전 4421흐림건조 3 7 8마이티러브      레이스데마이티젬 9030.00한암 32040 1 1   73      24750국5서홍수조병태  -1 3 6 5 2 8 6 1 1 5 40김태희39753.064강추상58 69 698551.070.039.7 929 5223712243123232619152316 0 099↗↗입14.138.138.812.7149638.738.5 83.5 83.7 75 50  075   15.00   13.60 4 -4 -1NHUP53.54011312-2.0 5.0 3.0838312 1부중효과부중효과82기 1 6 9     8 9 7⑦1:23.55    1.814.838.913.8  2 -3 -.50 7 5 -1 2.1639025592510 3 7 40 6 7.01 9.10 3.2 6.2 15.2   22.1   58.5   31.212.73382 2 7 8 2△ 1.439.10 -.33 6.8083.2313.9327.8539.72102336 9.9118.9730.00 6
20250705토 3120011국510 4 67 8 2강 2241맑음건조 3 7 8마이티러브      레이스데마이티젬 3525.00한암 32550 1 1   81      24750국5서홍수조병태  -1 4 5 4 4 8 5 1 1 4 50김태희40054.064강추하67 70 707253.066.042.1 929 5223712243123232619152316 0 099↗↗입14.138.038.212.7119738.137.4 75.9 75.6100 67  067   15.60   13.50 9  0 -1LHDN53.34021312-2.3 4.7 2.3898912-1주행평범부중효과50기 01011    1010 9⑤1:15.91½   .515.037.713.6 -1 13 -.30 5 6  2  .53689 9376311 4 6 33 5 9.04 9.05 2.0 6.9 43.8   94.9  288.5  218.2  .04486 2 5 6 2△ 1.137.40 -.48 -.6276.1715.1830.0542.09142842 9.0919.2031.37 6
20250503토 3130010국532 5 87 8 1강 1111흐림포화18 7 8마이티러브      레이스데마이티젬 9030.00한암 33366 1 1  181      24750국5서홍수조병태  -1 5 4 3 1 8 4 1 1 3 66김태희38754.564강추상58 81 819084.064.042.2 929 5223712243123232619152316 0 099↗↗입14.137.838.812.7289639.038.8 82.1 83.6100 67  067   15.10   14.10 6  1 -1VNUP53.34021312-5.0 6.5 1.5909012 1추입무난거리속성 1기 01010    1010 8⑧1:22.1코   1.415.638.113.5  4 -7 1.21 8 4  3 1.5669536783410 2 1 30 4 6.07 7.03 2.6 5.0 20.2  120.0  323.3   89.512.03982 2 7 7 2△ 1.139.40 -.21 7.0283.0315.3729.7642.2112253919.8044.6753.50 2
20250322토 5120011국554 9107 6혼전 4421맑음건조 4 7 8마이티러브      레이스데마이티젬 3525.00한암 3     2 2  265      24750국5서홍수조병태  -1 6 3 2 3 8 3 1 1 2  0김태희39455.570강추상99 98 9885  .058.032.51436 6315613243123232619152316 0 099↘↗입14.137.638.212.7399937.638.5 77.4 75.7100100  0**   14.60   13.00 6  4  3BB동53.34021212-4.0 5.0 1.0959512 0승부최상추입유리 1기 0 911    1111 6④1:17.4목    .015.139.414.1  3 -2-1.30 4 1 -7  .5366838498110 2 1 33 3 3.11 3.02 3.6 7.2  5.0  156.2  254.3  694.210.53373 0 7 5 0    .637.90  .03 -.0775.9510.6021.4932.48 92032 9.8919.1542.60 6
20250209일 5120011국544 8 97 9혼전 4441맑음건조 4 7 8마이티러브      레이스데마이티젬 3525.00한암 3     1 2  383      24750국5서홍수조병태  -1 7 2 1 2 8 2 1 0 1  0김태희39652.570강추상99 98 9889  .072.052.61436 6315613243123232619152316 0 099↘↗입14.137.438.313.1479937.937.1 76.6 74.8100100  0**   14.10   13.40 5  4 -2LU동54.04071212         1.0    12 0기수신마승부최상 1기 1 5 8     8 8 5②1:16.62½   .014.637.913.0 -6-11-1.70 2 8  3  .4 980 31386 9 4 2 13 2 2.08 1.05 3.8 9.7  4.4   31.7   50.6  149.110.54698 4 9 9 4★ 1.537.80 -.52 -.9375.8925.2542.0052.5832526411.3921.1845.87 5
20250104토 1120012국640 8 97 8혼전 4435맑음건조 3 7 8마이티러브      레이스데마이티젬 3525.00한암 3 0 0 1 3  486      24750국6서홍수조병태  -1 8 1 1 1 8 1 0 0 0  0김태희40754.062평무보   25 2540  .057.040.2187511305210243123232619152316      ↘↘입    36.738.5        37.137.6 76.3 74.7              13.80   13.60 4  0  0NL동       12 0                 0 0걸음불변기수신마 1기 2 1 6     8 6 1①1:16.31½  -.314.138.413.4 -4  3-1.60 1 5  0  .0 744 9 896 1 1 3 23 1 5.04 1.06 3.0 5.4 14.9   60.6  142.2  365.5  .03773 3 6 7 3    .638.40  .13 -.5575.6115.4329.3240.23122539 8.9117.4828.74 2
20251123일 7120011국4 4 4  7 6혼전 4421           7 9사이클론스타    지롤라모나스티캣 1733.00한거 42525   1    015:15 33000국4강환민신승열  -3 015 2 914 1 3 012 25해리카   56.073우입적50 62 625422.056.024.31950101245 423 013 01818182612 03367↘↘입13.537.338.212.83589                   40 50  050   13.60   15.00 5  6  2NN동55.84581412 -.4 3.2 2.8727212 0승부최상배당마주52기 0 9                            13.6    15.0                                 9 4 5 6  1                                              .03362 0 4 7 0    .338.20  .42     75.78 6.3615.5424.25 51222 6.0011.7118.53 9
20251019일 6120011국444 4 47 9혼전 4441맑음포화17 7 9사이클론스타    지롤라모나스티캣 1733.00한거 42727 2 1   94      33000국4안병기신승열  -3 114 1 814 1 3 011 27마이아46254.593우입보74 70 707762.074.055.8375220285617181946 020133631 9 03367↘→선13.537.538.112.8239437.740.5 77.3 78.4 40 50  050   13.80   14.10 9 -2 -2UH동55.84581412-1.0 3.2 2.2747412 0주행평범승부최상64기 0 3 4     7 7 9⑪1:17.3½   3.513.640.515.0  7 17  .8911 4  0 3.693728891 811 2 6 10 4 1.02 5.02 1.9 3.5  1.9    3.5    5.4   25.912.74494 2 8 8 2☆ 1.838.80 -.55 2.7975.8426.3945.0355.78395872 6.1416.3828.21 5
20250817일 7120011국552 2107 6혼전 4431맑음양호 7 7 9사이클론스타    지롤라모나스티캣 1733.00한거 43030 2 1  153      33000국5안병기신승열  -3 213 3 714 4 3 010 30코지  44556.088우입보97 94 947571.066.046.0295017285617181928 02013252619 03367→↘선13.537.538.212.8279236.539.7 75.9 76.2 44 56 1156   14.10   13.40 8 -6 -1NN동55.84581412-1.0 3.2 2.2747412 0마방선전기수영향 5   0 5 4     4 5 5⑥1:15.9¾   1.013.839.714.1  2-16  .30 6 4  3 2.25613775548 8 3 1 32 4 1.0210.07 2.1 5.1  2.1    5.1    7.9   23.410.53569 0 8 8 0   1.038.10 -.32  .5075.8916.0032.6846.0414284221.9242.1153.15 1
20250621토 4120011국544 5 97 6혼전 4431흐림포화19 7 9사이클론스타    지롤라모나스티캣 1733.00한거 42222 2 1  143      24750국5안병기신승열  -3 312 2 614 3 2 0 9 22코지  46157.088우자적94 96 968273.068.040.0295017285617181928 02013252619 05050→↘선13.537.438.212.8298937.037.9 74.4 75.1 38 50 1325   14.00   13.30 8  0  3VL동55.34571412-1.4 4.0 2.6747412 0선전만회마방선전 5   01110    10 8 4①1:14.4½    .014.137.613.4  0  3  .50 1 1 -4  .0184119158111 1 1 43 3 1.0511.09 2.7 6.5  2.7    9.3   15.8  132.310.52385 1 8 9 1   1.237.90 -.09 -.5175.8414.4227.2039.9610233615.3826.3230.79 3
20250426토 51200 9국524 6 77 4혼전 4431맑음양호 8 7 9사이클론스타    지롤라모나스티캣 1733.00한거 41212 9 1  160      24750국5안병기신승열  -3 411 1 514 2 1 0 8 12코지  45854.088기자적97 97 976767.058.026.4295017285617181928 02013252619 0 099→↘선13.537.438.312.8317937.038.3 75.2 75.3 29 43 2943   14.20   13.60 8  3 -3BU동56.54551412 -.6 4.6 4.0606012 0뒷심문제기수영향 1기 011 5     5 4 4①1:15.2¾   -.214.038.313.3 -4  3  .10 1 5  2  .02136312290 9 2 1 52 2 5.0211.08 2.8 4.6  8.3   13.0   31.9   10.610.52965-1 8 8-1    .437.90  .25 -.4175.89 6.2116.1726.36 7162715.2423.3637.94 4
20250302일 1120011국610 8 67 4 2강 2239흐림건조 4 7 9사이클론스타    지롤라모나스티캣 1733.00한거 4 0 0 1 2  322      16500국6안병기신승열  -3 51010 414 1 0 0 7  0코지  45556.585기자적44 41 415034.058.042.72156 62269 8181928 02013252619      ↗→선13.537.338.712.8355136.937.5 75.9 74.3 17 33 3333   13.90   15.60 5 -1  0NNDN       1412  .2 5.2 5.4464613-2마주성향마주성향 1기 0 8 7     5 5 1①1:15.92½  -.514.238.313.6 -2  1-1.50 1 3  0  .0 335 8 597 6 2 4 43 1 3.06 8.05 1.4 5.5 10.5   38.3   84.6   20.1  .03257 0 5 6 0    .537.70 -.40-1.7576.0613.4329.6842.7313284310.3921.7736.73 4
20250126일 2140011국610 9 17 5혼전 4439맑음건조 3 7 9사이클론스타    지롤라모나스티캣 4436.00한거 4 0 0 9 3  408      16500국6안병기신승열  -3 6 9 9 114 2 0 0 6  0마이아45456.593기자보22 36 364652.062.050.2274015 911 8181946 020133631 9      ↘↗선13.537.039.712.8432536.341.8 92.0 90.0 17 33 3333   14.00   15.30 5  1  1NNUP       1412 -.2 6.8 6.6414113 1걸음불변마주성향 1기 0 9 2     3 3 4⑧1:32.0코   2.013.942.315.6  5-11-1.51 8 3  0 2.38014938829 2 6 3 20 3 6.04 2.01 1.5 2.7 19.6   68.4  186.4  969.4  .02752-1 7 6-1    .639.10 -.8413.3089.0721.6537.2150.2318365118.0637.7444.24 1
20241222일 3130011국650 9 57 7 2강 2241맑음양호 7 7 9사이클론스타    지롤라모나스티캣 4436.00한거 3 0 0 2 3  518      16500국6안병기신승열  -3 7 8 8 214 1 0 0 5  0마이아46556.093기자상82 79 796190.067.050.0274015 911 8181946 020133631 9      ↘↗선13.537.439.412.8494337.739.7 85.1 83.9 20 40 4040   14.20   13.10 4  3  0NN동       1312  .0 7.5 7.5363613 0걸음불변최적거리 1기 0 8 6     6 5 3⑤1:25.17    1.714.040.815.3  2  4-1.40 5 3 -1 2.57254676842 4 3 3 32 2 1.02 3.04 1.7 2.6  1.7    2.6    4.3   15.113.41983 0 8 7 0   1.139.90 -.55 7.0683.1615.9033.2450.0115324722.9042.5757.86 3
20241124일 41300 9국650 2 57 5혼전 4431맑음건조 4 7 9사이클론스타    지롤라모나스티캣 4436.00한거 3 0 0 2 4  604      16500국6안병기신승열  -3 8 7 7 114 1 0 0 4  0푸르칸46156.064기입적85 63 635935.061.045.41499 61867 41819 8 02013132419      ↘↗추13.537.040.113.880 538.537.1 82.9 82.4 25 25 5025   13.60   14.10 6 -3  0NNUP       1312  .7 8.3 9.0202012 1전력변화탄력호전 1   0 5 7     8 6 4③1:22.94     .714.237.713.1 -1  3 -.70 3 4 -1 1.22486 11270 2 9 5 43 1 3.01 8.07 3.1 4.3  3.7    6.4   13.8   12.513.43356 0 5 5 0    .639.90 -.60 5.3383.3514.7630.5945.41102336 7.8919.7429.18 5
20241013일 2120010국610 5 17 4 2강 2242맑음건조 3 7 9사이클론스타    지롤라모나스티캣 1733.00한거 3 0 0 2 4  736      16500국6안병기신승열  -3 9 6 6 314 1 0 0 3  0마이아45856.093하입보19 17 176338.053.029.63650211867 4181946 020133631 9      →↘선13.536.740.014.584 237.037.9 75.3 74.8  0  0 67 0   14.20   14.90 4 -2  0NN동       1210 1.0 8.5 9.5161612 0걸음불변부진마필 1기 0 8 1     1 1 1③1:15.3½    .013.638.214.1 -2  9 -.50 3 5 -3 1.3 937171189 1 9 5 31 1 1.03 6.01 1.2 2.1  1.2    5.7    6.6   14.6  .01449-3 5 3-3    .238.50 -.42-1.9176.45 7.9218.5829.56132843 4.8513.4621.26 7
20240915일 2120010국652 5107 2혼전 4433맑음다습14 7 9사이클론스타    지롤라모나스티캣 1733.00한거 3 0 0 2 4  800      16500국6안병기신승열  -310 5 5 214 1 0 0 0  0정정희44956.081하입보 7  9  932  .040.0 6.61438 01867 41819 9 02013172415      ↘↗입13.536.740.014.589 237.239.5 77.0 76.5  0  0100 0   13.50   14.8039  7  1NL동       1210  .011.011.0 6 612 0출주취소부진마필 1기 010 9     5 4 3⑧1:17.0½   1.814.240.014.9  0 -5 -.30 8 8    2.96450696733 5 9 9100 1 3.0111.05 3.2 5.6  4.6    8.5   16.6   11.8  .02211-4 4 5-4▽-1.239.00  .24 -.1776.45  .71 2.47 6.60 3 81410.2318.7545.30 7
20231209토 1120010국620 7 27 2 2강 2231맑음건조 5 7 9사이클론스타    지롤라모나스티캣 1733.00한거 2 0 0 2 9 1626      13750국6안병기신승열  -311 4 4 114 2 0 0 2  0다비드  055.079하입보 7  9  929 8.036.0 8.71922141623 7181918 02013172418      →→입13.536.740.014.587 2                    0  0100 0   14.10   15.40 5 -5  0HN동       1210         8.0    12 0걸음불변부진마필 1관 1 3                    취소    14.1    15.4     0 -.47                      3 9 7 90 2 1.05 7.11 1.4 1.6  1.4   12.1   15.2    5.1  .01413-3 3 3-3▽-1.240.00  .19     76.45 1.08 3.41 8.66 3 814 2.97 6.03 9.68 8
20231104토 2120010국610 9 67 6혼전 4435흐림건조 4 7 9사이클론스타    지롤라모나스티캣 1733.00한거 2 0 0 1 9 1734      22000국6안병기신승열  -312 3 3 114 1 0 0 1  0다비드45455.079하무보 6 35 354225.052.034.61922141623 7181918 02013172418      →→입13.536.640.114.590 136.641.4 79.5 77.5  0  0100 0   13.50   14.80 4  2  1NNUP       1210        11.0    10 2걸음불변배당마주 1기 1 8 9     6 6 8⑧1:19.54    1.914.142.415.4  2 -4-1.50 8 6 -5 3.08519959030 4 9 8 32 1 9.03 7.09 1.6 3.9 97.6  401.7 1282.2 1866.412.72845 2 4 6 2    .339.40 -.56  .8076.4510.9324.6034.60122539 6.9019.4023.73 6
20231007토 2100012국650 8 57 5혼전 4435맑음다습13 7 9사이클론스타    지롤라모나스티캣 1733.00한거 2 0 0 110 1830      33000국6안병기신승열  -313 2 2 214 2 0 0 0  0오수철45854.064평무보   35 3540  .047.017.2197515295819181911 02013122315      →↘입    37.137.8        36.641.3 65.4 65.2              13.80   13.80 8 -4  0LL동       10 0                 0 0기수신마기수영향 1   0 6 3     3 411⑪1:05.44    3.413.541.114.8  0  5  .001111    3.69516999413 6 6 6100 2 5.0412.05 2.1 4.6  8.7   22.1   66.4   59.9  .02022-1 5 6-1   -.138.50  .56-9.6962.71 3.93 8.7317.24 1 3 8 8.3316.6725.00 6
20230813일 1100010국610 8 67 5혼전 4435흐림포화15 7 9사이클론스타    지롤라모나스티캣 1733.00한수 2 0 0 210 1966      33000국6안병기신승열  -314 1 1 114 1 0 0 0  0오수철  054.064평무보   35 3540  .040.012.7197515295819181911 02013122315      →↘입    37.137.8                                        13.80   13.80 4  0  0NL동       10 0                 0 0걸음불변기수신마 1관 110                    취소    13.8    13.8     0  .17      0               5 5 8110 1 5.01 7.05 1.8 5.1 15.3   13.2   43.0   17.5  .02330 1 4 5 1   -.637.80  .68     62.71 2.34 7.2412.66 1 3 510.2320.0033.02 7
20251123일 7120011국4 4 4  6 5혼전 4421           710메니윈          ADIOS CH스패니시 9329.00한수 5 529   1    015:15 33000국4조현수최몽주   2 016 11317 6 1 417 29유승완   53.578우선상50 65 657348.054.023.41446 61243 9 818 843 9 31626237525 0→↗입13.336.738.412.78072                   33 47 3313   13.30   13.30 8  4 -4BH동55.44581312-3.4 5.8 2.4797913 0전개선전가격혈통40기 010                            13.3    13.3                                 3 8 3 8  6                                              .02554 0 6 6 0    .238.40  .68     75.56 7.0114.8723.41 3 81411.0019.8229.12 4
20250928일 5120011국553 1106 5혼전 4431흐림불량20 710메니윈          ADIOS CH스패니시 9329.00한수 5 625 9 1  139      24750국5조현수최몽주   2 115 91217 5 1 316 25유승완46257.078평선상93 88 888459.062.026.31446 61243 9 818 843 9 31626237129 0→↗입13.536.938.412.7696836.238.6 72.8 75.0 29 43 2914   13.50   13.60 4 -2  0NL동55.14571312-2.2 6.4 4.2676713 0기습선행가격혈통46기 0 6 2     2 2 2②1:12.81¼   .013.337.613.3 -5 -2 2.00 2 7  0  .214 5431177 9 2 4 51 5 2.07 5.06 3.3 7.6  4.3   25.7   39.1   41.310.53168 0 7 7 0    .838.30  .48 -.3075.67 7.0815.9826.33 7162710.4322.7829.76 3
20250831일 5120011국551 4106 5혼전 4441맑음다습13 710메니윈          ADIOS CH스패니시 9329.00한수 5 626 9 1   49      24750국5조현수최몽주   2 214 81117 4 1 315 26유승완46457.078우입적98 91 917356.054.025.91446 61243 9 818 843 9 31626236733 0→↗입13.536.938.612.7745936.838.4 74.3 75.2 31 54 23 8   13.60   13.00 4  1  1NB동54.84561312-1.4 5.6 4.2646413 0걸음불변가격혈통51관 0 8 3     2 3 3③1:14.31¼   .213.538.013.6 -4 -2  .90 3 7  3  .22129362273 3 4 2 51 4 1.02 2.07 3.4 9.4  3.4   10.5   15.0   25.110.51850 0 7 6 0    .238.40  .37 -.2775.78 7.9816.8525.88 7162711.9022.9534.95 4
20250803일 51200 8국551 4106 6 2강 2241흐림건조 3 710메니윈          ADIOS CH스패니시 9329.00한수 5 721 1 1   51      24750국5조현수최몽주   2 313 71017 3 1 214 21유승완46656.578우입상91 78 786360.053.037.61446 61243 9 818 843 9 31626236040 0→↗입13.537.038.812.9635136.837.7 75.3 74.6 25 50 25 0   13.60   14.00 3 -3  0NL동54.54541312-1.4 6.2 4.8575713 0선행무리단기승부27관 0 7 1     1 1 1②1:15.31½   .013.638.113.0 -2 -3 -.80 2 4  0  .3 72912 684 4 5 3 41 3 2.04 8.07 3.1 5.5  3.2    8.3   14.3    8.7  .01947 0 7 5 0    .338.10 -.15-1.2175.95 9.3923.9237.61 9203217.5831.2146.07 3
20250712토 5120010국513 3 66 5혼전 4441맑음건조 5 710메니윈          ADIOS CH스패니시 9329.00한수 5 723 2 1   59      24750국5조현수최몽주   2 412 6 917 2 1 213 23유승완46956.578기입적88 86 868061.061.051.11446 61243 9 818 843 9 31626235050 0→↗입13.536.938.912.9714736.638.4 75.7 75.0 27 36 27 9   13.70   13.70 7  7  2VB동54.04501312-1.2 5.6 4.4646413 0기습선행가격혈통58관 010 2     2 2 3③1:15.74     .613.638.814.0 -1  5 -.80 3 4 -3  .81619371761 4 5 1 21 2 2.01 8.06 1.5 4.1  5.8    4.1   10.5    9.1  .03161 0 7 7 0    .738.30 -.52 -.8375.9519.9038.1151.1121425822.6445.3854.67 1
20250524토 51200 9국532 5 86 5 1강 1111맑음다습12 710메니윈          ADIOS CH스패니시 9329.00한수 5 816 2 1  136      24750국5조현수최몽주   2 511 5 817 1 1 112 16유승완46455.078기입하47 43 436517.054.032.61446 61243 9 818 843 9 31626233367 0→↗입13.537.038.712.9645536.338.5 74.6 74.8 20 40 2020   14.30   14.30 8 -8 -1UNDN53.74451312 -.4 4.8 4.4646413-1걸음불변가격혈통34관 0 3 1     1 1 2②1:14.62½   .013.738.213.7 -5  3  .20 2 7 -3  .412 9401283 4 3 6 61 1 1.07 8.03 1.8 3.4  1.8   17.6   30.3   71.7  .02162 0 3 4 0    .438.20  .05 -.8975.89 8.4320.3432.59 51223 4.4912.4319.45 6
20250329토 4130011국552 9106 4혼전 4431맑음건조 3 710메니윈          ADIOS CH스패니시 2935.00한수 5 918 9 2  245      24750국5조현수최몽주   2 610 4 517 1 1 111 18조인권46155.569평입하39 47 4762 7.047.019.2 940 2 0 0 0 81819 0 9 32324133367 0→↗선13.537.039.312.9815537.640.0 85.1 84.1 22 33 11 0   13.60   14.60 7  7  1VN동53.74451312-1.0 4.4 3.4727213 0주행평범최적거리 1관 011 9     8 9 9⑪1:25.1¾   2.014.340.814.3  1  0-1.201110  7 2.97848767322 4 8 8 90 1 3.02 1.02 3.8 6.6  4.6    6.6   11.8   38.5  .01747 0 2 3 0   -.140.30  .61 7.8182.84 4.28 9.5119.24 1 3 8 1.06 4.04 8.8810
20250209일 4130011국544 6 96 5혼전 4421맑음건조 4 710메니윈          ADIOS CH스패니시 2935.00한수 51020 1 2  384      24750국5조현수최몽주   2 7 9 3 417 1 1 110 20빅투아46154.583평입보69 77 776640.052.019.7245015 0 0 0 8181811 9 32028183367 0→→입13.537.039.312.9805136.740.3 84.2 84.2 22 33 11 0   13.50   14.10 5 -3  1HN동53.74451312-1.6 5.2 3.6696913 0걸음불변최적거리 1관 0 4 1     3 3 4⑧1:24.24    1.813.641.114.6  5  3 -.79 8 3  0 1.87912815823 3 9 2 70 1 9.0411.05 2.7 5.1 39.4  123.2  415.5   91.6  .02365 0 6 5 0    .240.30  .58 7.8582.84 4.9611.6119.71 31018 8.7518.9926.84 5
20250105일 31300 8국551 5106 6 1강 1131눈  건조 5 710메니윈          ADIOS CH스패니시 2935.00한수 51122 1 3  473      24750국5조현수최몽주   2 8 8 2 317 3 1 1 9 22조재로45854.086기입적77 83 838172.058.039.22939201767 9 81811 0 9 31924223367 0↘→추13.536.939.512.9834337.438.9 82.3 82.9 25 38 13 0   13.60   13.40 5  0 -1NHUP53.74451312-1.4 5.2 3.8666613 1주행평범최적거리 1관 0 7 5     6 5 3③1:22.34     .713.539.514.1  0  2  .00 3 3 -4 1.24438403056 3 8 1 42 3 2.01 6.02 3.3 6.4  4.0    6.4   14.1    9.6  .02674 1 6 7 1    .740.10  .00 6.5482.9011.6125.1339.22 8203322.5040.0042.40 2
20241130토 5120011국524 4 76 5혼전 4441맑음포화18 710메니윈          ADIOS CH스패니시 9329.00한수 4 1   9 3  592      24750국5조현수최몽주   2 9 7 1 717 2 1 1 0  0조재로45654.586기입보96 91 9152  .040.011.62939201767 9 81811 0 9 31924223367 0↘→추13.537.238.812.9505137.238.7 74.8 76.0 29 43 14 0   13.50   14.3038  4 -2NNDN53.74451312-1.0 6.4 5.4535313-1승부최상가격혈통 1관 0 7 6     7 7 6⑤1:14.8½    .913.638.313.4 -2  5 1.00 5 7  6 1.24548434051 9 7 5 90 2 3.02 4.03 2.7 5.5  7.4    7.6   16.6    7.610.53338-2 6 3-2   -.638.30  .49 -.0476.06 1.91 6.1411.63 0 4 8 7.5614.8838.81 6
20240302토 2130010국642 8 96 8 1강 1129맑음다습10 710메니윈          ADIOS CH스패니시 2935.00한수 4 014 1 7 1383      16500국6조현수최몽주   210 6 8 217 1 0 1 7 14조재로45156.582기입상98 99 998493.075.089.41829 7 733 4 81811 0 9 31924225050 0↘↗추13.537.239.512.9633936.439.4 82.3 81.8 17 33  0 0   13.60   13.30 6  0  4UB동52.34431312 -.4 6.8 6.4383813 0전력변화승부최상 1기 0 3 2     3 2 1①1:22.31½  -.313.540.114.3  0  8 -.50 1 1 -2  .0 8 4581796 5 2 1 12 1 1.03 3.10 2.9 5.0  2.9    7.2   10.4    8.112.04496 2 8 8 2▲ 1.939.60-1.57 5.0683.1047.2376.3389.4139607341.9463.3959.17 1
20240121일 2130011국620 8 26 2 3강 3331흐림포화18 710메니윈          ADIOS CH스패니시 2935.00한수 4 0 0 2 8 1482      16500국6조현수최몽주   211 5 7 117 2 0 0 6  0이상규44352.565하입적75 55 5511 9.033.0 7.713 0 91333 5 818 3 0 9 3122314 099 0→→입13.537.539.712.9422837.138.6 82.3 81.7  0 20  0 0   13.80   13.20 7 -3  1UVUP52.04421312  .0 6.5 6.5323212 1걸음불변탐색우려 1기 0 3 1     1 1 1②1:22.31¼   .013.638.413.3 -1  1  .00 2 3 -5  .2 727301492 6 5 6 91 3 5.03 6.03 2.0 2.2 14.2   69.4  218.9   32.4  .01411-3 3 1-3▽-1.539.30  .36 4.4783.42  .55 2.60 7.66 3 814 2.60 6.9817.33 7
20231202토 2120011국622 6 76 1 1강 1151맑음양호 7 710메니윈          ADIOS CH스패니시 9329.00한수 3 0 0 1 9 1647      13750국6조현수최몽주   212 4 6 617 1 0 0 0  0이상규44252.064하입하15 14 14 9 7.032.0 8.610 0 3 7 0 3 818 3 0 9 3122314      →→입13.537.539.413.1261637.338.2 76.4 75.2  0  0  0 0   14.30   16.1010 -6 -4NH동       1212 1.0 6.3 7.3272712 0가는대로가격혈통 1기 0 6 3     4 5 7⑥1:16.4착변  .613.838.613.2 -2 -4-1.00 6 8  3  .62052252669 5 710102 2 9.0511.08 1.7 2.7 63.0  332.6 1175.5  313.6  .018 8-4 1 2-4▼-1.237.80  .07-1.6676.56 1.12 3.50 8.60 1 4 7 1.14 4.7911.41 9
20230924일 3120011국630 5 86 4 1강 1131맑음다습11 710메니윈          ADIOS CH스패니시 9329.00한수 3 0 0 910 1840      13750국6조현수최몽주   213 3 5 517 2 0 0 4  0김동수44656.082하입상55 44 442922.044.024.42558 61060 0 81810 0 9 3 92027      →→추13.537.539.313.1252038.843.2 83.3 81.7  0  0  0 0   13.60   14.10 4  6  0BN동       1212 2.0 6.0 8.0212112 0신마혈통가격혈통 1관 01210    111111⑪1:23.316   7.514.344.116.1  6 -2-1.4911 5 -2 7.999979999 7 7 9 5 60 2 6.0311.08 2.0 3.4 15.6   45.5  158.2   23.3  .02525-2 4 3-2   -.339.80 -.30 4.8876.51 7.8514.8924.37 3 815 8.4515.9519.21 7
20230826토 4120011국641 9 96 4 2강 2232맑음다습12 710메니윈          ADIOS CH스패니시 9329.00한수 3 0 0 910 1933      13750국6조현수최몽주   214 2 4 417 1 0 0 3  0김동수44856.082하입보19 20 203211.047.026.02558 61060 0 81810 0 9 3 92027      →→추13.537.339.513.143 437.239.0 77.6 75.6  0  0  0 0   13.60   15.00 6 -1  4NN동       1212 2.0 5.0 7.0111112 0걸음불변신마혈통 1관 0 6 2     3 3 3④1:17.6½   1.213.639.814.1 -3 -8-1.50 4 7  0 2.23149545254 4 8 8 52 1 3.04 9.07 3.0 7.1  5.4   20.5   42.9   19.0  .02151-1 3 3-1   -.438.10 -.36-1.2076.51 7.4215.1325.96 71627 3.33 9.0915.96 7
20230716일 2120011국621 9 76 4 1강 1151비  다습14 710메니윈          ADIOS CH스패니시 9329.00한수 3 0 0 211 2035      13750국6조현수최몽주   215 1 3 317 1 0 0 2  0이상규45652.058평선보43 31 3149 5.039.013.6 825 6 5 0 3 818 3 0 9 3122314      ↗→입13.537.638.713.1127537.340.4 78.9 76.9  0  0  0 0   14.40   13.40 5  2 -4NH동       1212         9.0    12 0걸음불변가격혈통 1관 0 7 2     3 4 5⑥1:18.91½  1.313.641.315.0 -1 -1-1.20 6 7  0 1.97357878743 4 5 6 62 1 2.0411.08 2.0 2.9  2.9   16.6   25.6   27.2  .01834-2 2 2-2  -1.038.20  .27  .6076.23 2.00 6.5313.57 51222  .92 3.79 7.82 6
20251123일 7120011국4 4 4  5 9혼전 4421           711브라이트카이    선더모카새터데이 2924.00한암 41021   1    015:15 33000국4함완식이중연   1 016 2 719 1 2 219 21권중석   51.065기무보50 58 586121.056.024.21699 41754 91231 0 016 721151367 033↗→선13.537.038.212.56279                   35 41 1824   14.10   13.80 4  7 -2VUDN53.34441712  .0 5.0 5.0636314-2마방연대마방연대 1   011                            14.1    13.8                                 5 2 6 7  1                                            12.73470 2 4 7 2    .338.20  .59     75.61 6.3515.5324.23 71627 7.0015.3222.94 7
20251025토 8140011국453 3105 8혼전 4441맑음건조 5 711브라이트카이    선더모카새터데이 3232.00한암 41122 9 1   81      33000국4함완식이중연   1 115 1 619 1 2 218 22최범현44653.090기자적62 54 545045.066.037.33563221754 9123130 016 719301967 033↘↘입13.536.939.312.5514737.339.1 88.8 88.9 38 44 1925   14.10   14.50 5  1 -2HHDN53.34441712 -.2 4.6 4.4575714-3걸음불변마방연대23기 0 4 7     8 911⑨1:28.8코   1.014.139.213.8  1 -8 -.10 9 8  5 1.04662384450 7 610 40 1 5.01 5.06 3.0 7.5  8.6   12.4   30.2   69.7  .03885 3 6 8 3▲ 1.239.00 -.1912.7188.7313.1525.2037.26102336 9.2316.2422.61 7
20250921일 9170010국541 3 95 5혼전 4411맑음다습13 711브라이트카이    선더모카새터데이 3232.00한암 41123 2 1   68      41250국5함완식이중연   1 214 7 319 8 2 217 23김용근45454.582기자적44 44 445429.057.029.62149111754 91231223016 729251767 033↗↘선13.539.641.112.5555139.042.5112.2113.7 38 38 1925   14.00   14.70 5 -3  1HNUP53.34441712 -.2 4.0 3.8656514 1마방기습거리속성 5   0 3 1 1 1 1 3 6⑨1:52.2¾   2.014.141.514.5  6  3 1.09 9 3 -1 2.06013846924 5 6 8 41 8 1.05 4.06 2.6 5.0  2.6   13.6   22.0   70.8  .02745 0 5 6 0    .541.50  .0332.98113.6 9.0019.4429.60 61526 5.9516.5825.24 6
20250816토 8160010국550 7105 5 1강 1131맑음다습10 711브라이트카이    선더모카새터데이 3232.00한암 41225 2 1   97      41250국5함완식이중연   1 313 6 119 7 2 216 25김용근45154.082우자적85 85 851785.058.031.62149111754 91231223016 729251767 033↗↘선13.536.739.812.5424336.140.8103.4103.4 40 40 1327   13.60   13.50 6  4  2NNUP53.34441712 -.2 4.0 3.8656514 2마방기습마방기습32기 0 6 6   6 2 2 4⑤1:43.45    1.214.041.214.7  1  2 -.40 5 4 -1 1.96124777246 7 6 3 41 7 1.03 2.10 2.6 5.6  2.6    9.4   13.3   35.9  .02748 0 7 8 0    .739.80 -.1526.93103.3 9.0320.5431.63 8203315.1929.5842.45 2
20250706일 41400 8국452 3105 9 1강 1141맑음건조 3 711브라이트카이    선더모카새터데이 3232.00한암 4 620 1 1   94      33000국4함완식이중연   1 412 5 519 6 1 215 20김용근44952.082기자적52 53 535869.070.066.22149111754 91231223016 729251750 050↗↘선13.537.139.312.5364736.239.0 87.4 87.2 43 36 1429   13.80   13.80 4 -5  0HU동54.04421712  .8 3.4 4.2626214 0주행평범마방기습62기 0 2 2     2 1 1①1:27.41¾  -.313.638.813.5 -4 -5 -.30 1 5  3  .0 511431489 7 3 5 11 6 5.07 2.05 2.7 5.5  9.7   81.2  155.7   78.9  .04183 3 7 9 3☆ 1.438.40-1.0710.7788.8628.6551.4566.1632526418.6832.4345.32 3
20250607토 81400 8국412 3 65 9 3강 3331맑음건조 3 711브라이트카이    선더모카새터데이 3232.00한암 4 721 2 1   71      33000국4함완식이중연   1 511 4 419 5 1 214 21김용근45452.082우자적64 70 707680.074.061.02149111754 91231223016 729251750 050↗↘선13.537.039.212.5435136.439.9 88.8 88.9 43 36  729   13.80   14.10 5  4  0NU동54.04421712  .6 3.4 4.0626214 0마방기습부중유리 5   0 7 5     5 6 6⑤1:28.8목   1.013.839.513.8  3  3  .25 5 2 -1 1.25217694846 3 3 3 32 5 7.04 6.08 1.8 4.0 17.7   58.3  184.6   37.912.23887 3 8 8 3☆ 1.738.90 -.8212.7288.7323.1943.7160.9915324723.1642.6458.51 2
20250504일 5140010국442 7 95 9 1강 1136맑음다습14 711브라이트카이    선더모카새터데이 3232.00한암 4 723 1 1  129      33000국4함완식이중연   1 610 3 319 4 1 213 23김용근45152.082기무적72 65 655963.062.041.12149111754 91231223016 729251750 050↗↘선13.537.138.912.5407236.440.2 88.1 88.7 38 38  831   14.80   15.00 7 -7  0HUDN54.04421712 -.6 3.8 3.2717114-3마방기습마방기습 1기 0 3 3     4 5 3③1:28.1머리  .013.839.314.1  0 21  .60 3 3 -2 1.04316725380 6 3 2 42 4 1.02 9.07 3.2 5.2  3.2    6.0    9.8    7.4  .03974 3 6 7 3△ 1.038.80 -.1712.7388.5912.8027.4041.10 8203314.1425.1335.92 4
20250316일 7170011국410 7 65 8혼전 4421맑음양호 7 711브라이트카이    선더모카새터데이 3232.00한암 4 825 2 2  274      33000국4함완식이중연   1 7 9 2 219 3 1 212 25김용근43052.089우무보39 32 327631.062.038.71832 51550 31231223016 729251750 050→↗선13.539.840.512.5437939.442.2112.9113.1 42 42  833   14.70   13.90 5  0  0LU동54.04421712-1.0 4.4 3.4777714 0걸음관심마방기습 1기 010 7 7 8 7 7 6⑦1:52.91¾  1.414.842.515.0  2 -9 -.40 7 5 -1 1.74526827336 8 2 6 40 3 4.03 3.04 1.7 5.9 10.4   29.4   67.9   15.612.72874 2 5 8 2    .841.20  .0432.83113.313.3126.3238.7210233610.0024.5431.74 3
20250208토 9170011국421 5 75 9혼전 4421맑음건조 5 711브라이트카이    선더모카새터데이 3232.00한암 4 927 1 2  390      33000국4함완식이중연   1 8 8 1 119 2 1 211 27김용근43952.089우무보85 85 857666.056.040.71832 51550 31231223016 729251750 050→↗선13.539.540.512.5659440.641.4113.6114.3 45 45  936   13.80   13.50 6  7 -3BUUP54.04421712-2.4 5.6 3.2797914 3승부최상기수승부 1기 010 9 9111110 7⑥1:53.6½   2.114.741.113.9  0 -2  .60 6 6  5 3.37582648118 6 2 1 33 2 1.0211.07 2.7 5.4  2.7    5.4    8.8   14.1  .03477 3 7 8 3▲  .641.70  .1534.25113.114.5528.8640.6813284311.3225.1236.68 3
20241229일 5140011국511 6 65 9혼전 4431맑음건조 4 711브라이트카이    선더모카새터데이 3232.00한암 31020 9 3  493      24750국5함완식이중연   1 9 7 5 219 1 1 110 20김용근44155.088우무보89 86 867463.066.050.42650201129 41231223016 729251750 050↘→선13.536.938.712.5509236.639.0 88.6 87.6 40 40 1040   14.30   13.00 6 -7  1HNUP54.04421412-3.2 7.0 3.8686814 2뒷심문제승부최상 1   0 3 2     2 2 3②1:28.61½   .013.838.613.5  1  0 -.60 2 1 -1  .3 927372085 4 1 3 21 1 5.01 4.03 1.7 7.4 12.3    9.8   22.5   17.6  .04491 3 8 7 3▲ 1.238.70 -.1612.0288.3220.7737.5550.3618365116.6726.0434.80 3
20241117일 3120010국544 6 95 7 1강 1131흐림양호 7 711브라이트카이    선더모카새터데이 2924.00한암 31122 2 4  627      24750국5함완식이중연   110 6 4 619 5 1 1 9 22송재철44154.581기무상77 70 707577.062.043.21938121325 6123114 016 718262150 050→↗입13.537.138.112.5559537.637.4 75.7 75.0 33 33 1133   13.80   13.30 6 -1  1VNDN54.04421412-3.0 8.0 5.0565614-2마방기습기수승부 1   010 8     7 7 4③1:15.7¾    .114.337.713.0  1  7 -.70 3 2 -1  .31471 71576 6 2 3 23 6 7.01 9.05 2.6 5.3 25.7   38.2  119.7   30.912.02968 2 7 7 2   1.038.10  .05 -.1975.6114.9729.6343.1819405619.6138.1939.32 2
20241006일 4140011국541 2 95 5혼전 4451흐림건조 3 711브라이트카이    선더모카새터데이 3232.00한암 31212 1 4  756      24750국5함완식이중연   111 5 3 119 4 1 0 8 12송재철43453.581평무상73 58 587642.057.045.11938121325 6123114 016 718262150 050→↗입13.536.739.012.5677936.937.8 88.0 87.8 25 25 1325   13.90   12.80 5  1  1VNUP54.04421412-2.6 8.8 6.2444413 1마방기습마방기습 1   011 5     3 4 2②1:28.06     .013.838.013.3 -1 -6 -.10 2 3 -4 1.01443 6 380 1 2 5 12 5 1.03 5.11 3.6 5.8  3.6    8.9   16.7   13.2  .02766 1 6 6 1    .539.00 -.0912.1488.3817.8332.2145.13183651 9.8426.4934.75 2
20240831토 5130011국553 2105 6 1강 1111맑음건조 4 711브라이트카이    선더모카새터데이 3232.00한암 31414 9 5  849      24750국5함완식이중연   112 4 2 319 3 1 0 7 14송재철44053.081평무보28 33 334946.058.036.02239161950 8123114 016 718262199 0 0→→입13.536.940.012.9861837.637.5 81.9 82.4 14 14 1414   13.50   13.20 5  6  0BUUP55.04431312-2.0 8.8 6.8343413 1부중효과마방기습 1   010 5     5 8 6③1:21.9코    .013.937.812.8 -4  1  .10 3 7 -2  .32248 5 477 31111 33 4 1.03 1.04 3.8 7.8  3.8    9.2   15.2   40.613.22858 1 5 7 1    .740.00 -.23 5.4783.2311.5924.3735.99122539 6.1916.7428.53 6
20240727토 5120011국514 3 65 6혼전 4441비  포화18 711브라이트카이    선더모카새터데이 2924.00한암 31616 9 5  938      24750국5함완식이중연   113 3 1 519 2 1 0 6 16송재철43953.082평선상51 54 547468.070.048.02239161950 8123114 016 718262199 0 0→→입13.737.039.913.066 737.538.7 75.2 76.4 17 17 1717   13.70   13.30 6 -3 -2NUDN55.04431312 -.8 9.8 9.0212113-1교체성공부중효과 1   0 4 5     4 8 8⑦1:15.22½  1.013.538.513.2 -2 -4 1.00 7 9  2 1.15966435244 611 7 20 3 3.01 3.09 2.1 6.8  7.6    9.3   22.0   14.610.62985 1 7 8 1△ 1.438.70-1.05 -.5376.5619.7936.4247.9932526416.4731.2139.50 2
20240615토 3130011국651 4 55 3 1강 1121흐림건조 5 711브라이트카이    선더모카새터데이 3232.00한암 3 0 0 2 6 1059      16500국6함완식이중연   114 2 6 219 1 0 0 5  0송재철44355.082하무상12 13 133816.046.028.62143102360 6123114 016 7182621      ↗→입13.736.940.313.582 537.137.9 83.1 82.2  0  0 20 0   13.70   13.80 4  5  0BNUP       1312 -.310.0 9.8202013 1걸음불변보통걸음 1   0 7 1     2 2 1①1:23.11    -.213.738.513.3 -6 -4 -.70 1 7 -2  .0192611 495 21010 51 2 7.01 7.04 1.9 4.4 29.0   27.4   86.0   33.8  .01646 0 3 5 0   -.340.00 -.22 5.0383.42 9.4917.9228.56 71627 4.42 9.8515.98 7
20240519일 1120011국652 7 55 3 3강 3351맑음양호 8 711브라이트카이    선더모카새터데이 2924.00한암 3 0 0 2 6 1133      16500국6함완식이중연   115 1 5 419 1 0 0 4  0김태희44755.061하무보11 14 1433 7.038.013.51050 62360 6123110 016 7152316      →→입13.737.039.713.860 637.239.9 77.6 76.9  0  0 25 0   13.70   14.90 6 -1  1HN동       1312 -.310.710.3171713 0부중효과지울마필 1   0 2 4     4 9 8⑥1:17.6½   2.113.740.213.8 -3  6 -.50 6 9  1 4.37247807729 2 4 8 70 2 2.01 9.06 2.0 3.2  3.6    3.2    6.5   14.6  .02822-1 2 2-1  -1.038.80  .04  .1576.45 2.00 6.4713.54 41118 1.23 4.94 9.28 9
20251123일 8140011외4 4 3  5 1 2강 2243           8 1클로버톱        CONNECT FASHION  6424.00미수 2 0 0   1    016:05 33000혼4배휴준박철근   1 0 2 1 1 0 1 0 0 0  0해리카   52.071하무보24 13 13 0 5.018.0 3.6195010 643 4 8 0 0 0 9 4182612      ↘↘입14.237.941.615.1 2 1                    0  0  0 0   14.70   13.70 7 -8 -4HHUP       1412 1.0 9.010.0 1 112 2가는대로탐색우려48기 0 1                            14.7    13.7                                111111 9  1                                              .0 6 1-4 1 1-4▼-2.341.60-1.36     90.99  .22  .34 3.63 0 1 5  .96 3.94 7.7410
20251003금 2120010외440 4 95 5 1강 1135흐림다습11 8 1클로버톱        CONNECT FASHION         미수 2 0 0 1 1  131      41250혼4배휴준박철근   1 1 1 1 1 1 1 0 0 0  0조재로49156.080평무보   25 2540  .037.015.0274813 643 4 8 017 0 9 4192422      ↗↘추    36.738.5        38.242.3 80.1 80.5              13.80   13.60 4  0  0LL동       12 0                 0 0거세출주기수신마54기 2 9 9    101010⑩1:20.114   5.914.242.415.4  1  0  .4010 9  0 6.399899899 3 1 1 2 90 1 7.03 8.02 3.3 5.5 28.4   37.5  124.0   39.5  .01853 0 4 4 0   -.840.20  .85 5.3375.61 3.24 8.0214.98 1 4 710.3420.6931.37 8
20251123일 8140011외4 4 3  4 9 2강 2243           8 2글로리영광      CATALINARUMORS O        미수 3 014   1    016:05 33000혼4박지헌박남성   0 0 8 8 4 7 5 0 1 7 14문세영   55.073기자적50 57 576971.067.057.23644 9223811192037522117283616 05050↘↗입13.636.639.312.37732                   29 29 2929   13.60   12.50 8 -7  2HNUP54.04661412 1.6 2.6 4.2686812 2승부기대연대우수37관 0 2                            13.6    12.5                                 6 2 4 2  5                                              .04264 0 8 7 0▲ 1.339.30 -.53     88.5225.1544.3457.1718395615.3831.5343.55 2
20250928일 9120010외441 1 44 7혼전 4431흐림포화18 8 2글로리영광      CATALINARUMORS O        미수 3 0 0 9 1  135      33000혼4박지헌박남성   0 1 7 7 4 7 4 0 0 6  0문세영46353.073평자하68 67 678346.072.041.43644 9223811192037522117283616 0 099↘↗입13.736.939.013.0723937.036.8 72.1 74.3 17 17 3317   14.20   13.9010  8 -1BHDN55.04691412 1.8 2.8 4.6656514-2주행평범승부기대42기 0 9 5     3 4 2②1:12.11     .013.636.112.5 -2-12 1.70 2 4  1  .2 337 2 178 6 5 3 12 4 2.04 3.09 1.8 2.9  4.4   21.1   33.5    7.710.66580 0 8 8 0△ 1.338.10 -.29-1.6076.0017.2931.2941.37325264 8.6421.2832.25 3
20250720일 9140011외452 3104 5 1강 1131맑음포화17 8 2글로리영광      CATALINARUMORS O        미수 3 0 0 2 1  153      33000혼4박지헌박남성   0 2 6 6 3 7 3 0 0 5  0문세영47553.573평자보46 50 506638.057.035.33644 9223811192037522117283616 0 099↘↗입13.736.540.013.0841037.039.5 87.2 88.7 20 20 40 0   13.70   14.60 5 -2  1UN동55.04691412 3.0 2.4 5.4555514 0뒷심부족최적거리52기 1 1 5     4 3 3④1:27.2½   1.014.238.613.9  1  5 1.00 4 3  1 1.04445565249 3 9 5 32 3 6.05 6.07 2.9 8.1 10.0   43.0   91.6   80.6  .02055 0 6 4 0    .639.40 -.3212.2388.9312.0623.9735.31122539 5.4314.0726.47 6
20250615일 7140011외440 4 94 7혼전 4457맑음건조 3 8 2글로리영광      CATALINARUMORS O        미수 3 0 0 2 1   85      33000혼4박지헌박남성   0 3 5 5 2 7 2 0 0 4  0문세영47052.573평추보43 47 477155.071.052.53644 9223811192037522117283616 0 099↘↗입13.736.840.013.0571135.740.4 88.7 88.7 25 25 25 0   14.10   13.50 4 -5 -3UUUP55.04691412 3.5 2.5 6.0515112 2적임교체탄력호전50기 0 3 1     1 1 2③1:28.71¾   .313.740.114.6  1  1 -.10 3 2 -1 1.344 2793968 3 9 4 31 2 9.07 6.08 2.9 5.0 42.8  308.3  836.9  425.210.63372 0 8 8 0   1.339.10 -.9511.9089.1422.0340.2552.4532526415.3830.6737.50 3
20250518일10120010외443 5 94 8 2강 2249맑음다습11 8 2글로리영광      CATALINARUMORS O        미수 3 0 0 2 1   82      33000혼4박지헌박남성   0 4 4 4 3 7 1 0 0 3  0문세영46955.073하자하18 23 236539.066.048.23644 9223811192037522117283616      ↘↗입13.736.939.313.066 837.338.4 75.0 75.6  0  0 33 0   13.70   15.60 3  4  2NNDN       1412 4.7 2.3 7.0393914-2직전탐색적임교체50기 1 8 7     6 6 5③1:15.0½    .014.138.013.5  0  7  .70 3 3  2  .63254333581 3 6 6 43 1 1.04 1.03 2.2 4.1  2.2    6.5   11.5    8.1  .04370 0 6 7 0△  .938.50 -.66 -.5976.1713.9832.3948.1810233610.3926.4239.67 3
20250426토 7140011외454 8104 4 3강 3341맑음양호 8 8 2글로리영광      CATALINARUMORS O        미수 3 0 0 9 1  158      33000혼4박지헌박남성   0 5 3 3 1 7 1 0 0 2  0씨씨웡46253.090하입보37 20 202316.046.019.93053102238111920 0442117202422      →↘선14.237.139.913.047 735.242.8 90.7 89.7  0  0  0 0   14.40   13.30 5 -6 -1HHUP       1412 3.0 3.0 6.0353512 2걸음불변거리부담 1기 2 4 4     2 3 5⑨1:30.7코   1.113.743.015.6  8 -6 -.60 9 1 -4 1.574 0978843 7 7 9 71 1 5.03 5.11 3.2 6.2  9.2   19.5   46.9   19.011.21451 0 4 3 0   -.339.00 -.2312.7189.28 5.6511.2419.88 3 817 4.13 8.9315.69 7
20250323일 7120011외424 3 24 2 1강 1133맑음건조 4 8 2글로리영광      CATALINARUMORS O        미수 3 0 0 2 2  253      33000혼4박지헌박남성   0 6 2 2 2 7 1 0 0 1  0유승완46853.584하입하 5  4  43210.034.011.12033 71560 01920 5 52117162623      →→입14.237.240.215.262 137.338.8 75.7 76.3  0  0  0 0   14.20   15.50 8  2 -3NH동       1212 7.0 1.0 8.0 3 312 0기수신마보통걸음 1기 11010    10 9 7④1:15.7머리  .514.438.813.3 -1 -2  .50 4 5  4 1.75557495261101111 83 1 1.03 5.01 1.5 1.9  1.5   13.8   20.0  483.0  .02022-3 3 2-3▽-1.338.40 -.26-1.1476.84 2.11 5.3011.14 1 4 8 2.06 7.3712.75 7
20250125토 2120010외441 6 94 7 2강 2239맑음건조 3 8 2글로리영광      CATALINARUMORS O        미수 3 0 0 9 3  419      41250혼4박지헌박남성   0 7 1 1 1 7 1 0 0 0  0마이아47056.093평무보   25 2540  .051.041.32740152033 01920 06321173631 9      ↘↗선    36.738.5        36.942.5 80.1 79.6              13.80   13.60 4  0  0LL동       12 0                 0 0걸음불변기수신마 1관 1 8 7     5 5 9⑧1:20.16    4.414.242.815.5  7 -5 -.70 8 1  0 4.898359897 5 1 1 7 32 1 3.02 5.01 2.4 6.7  5.3    8.4   20.8   74.0  .02862 2 5 6 2    .140.00  .10 4.3875.6114.7029.5241.2914284214.7527.0748.54 5
20251123일 8140011외4 4 3  1 1 2강 2243           8 3마터호른케이    SHANCELOYO ALI          미수 3 0 0   1    016:05 33000혼4김윤섭강경운   2 0 6 1 1 0 1 0 0 0  0유승완   52.078기입보53 47 47 9 8.023.0 2.91446 6254513 9 3162410 2162623      →↗입13.937.439.813.21639                   25 25  025   14.40   13.4040 -2 -1HHDN       1714  .0 6.0 6.0444414-3거세출주탐색우려50기 1 3                            14.4    13.4                                10 7 710  5                                              .013 8-4 2 1-4▼-1.839.80  .09     89.41  .20  .43 2.93 1 3 8 2.88 5.9112.58 8
20250215토 8170011외452 7101 4 3강 3311흐림건조 4 8 3마터호른케이    SHANCELOYO ALI          미수 3 0 0 2 4  793      33000혼4김윤섭강경운   2 1 5 5 2 5 1 0 0 4  0김정준51553.075기입적 9  7  726 3.032.0 7.21222 91460 8 9 3 6 410 2152124      ↗↗자13.940.041.213.2385940.741.4113.6114.3 33 33  033   14.60   15.10 6  0  0NH동       1714 -.3 5.0 4.7505014 0승부호기거리속성 1기 0 5 8 8 8 91010⑩1:53.65    1.915.042.314.7  1-11 -.4010 9  5 3.1718162783010 8 8100 1 1.04 8.04 4.713.8  4.7   20.1   41.2  134.311.22714-3 1 1-3▽-1.241.20  .3033.06113.9  .93 2.85 7.22 0 2 6 1.04 2.14 4.6410
20250105일 9170011외411 2 61 4 1강 1121맑음양호 7 8 3마터호른케이    SHANCELOYO ALI          미수 3 0 0 1 3  467      33000혼4김윤섭강경운   2 2 4 4 1 5 4 0 0 3  0유승완52653.083평입보45 27 274225.047.019.32255 91543 7 9 3162410 2162623      →→입13.939.941.413.2395139.543.2114.6115.4 33 33  033   13.90   13.60 8 -1  1NNUP       1714-1.5 6.5 5.0323214 3뒷심문제승부호기 1기 0 5 5 5 4 6 710⑩1:54.64    2.814.643.015.1  6 11  .1110 4  2 4.090299289 9 7 9 7 80 4 1.02 8.01 1.7 4.7  1.7    4.7    6.6   53.2  .02927-2 5 4-2   -.141.50 -.0334.13114.0 3.79 9.3419.25 1 512 3.1710.6620.55 8
20241109토 81400 9외451 4 51 3 2강 2259맑음양호 6 8 3마터호른케이    SHANCELOYO ALI          미수 2 0 0 2 4  653      33000혼4김윤섭강경운   2 3 3 3 2 5 3 0 0 2  0유승완51552.084하입적50 33 333117.042.029.22240 81460 8 9 3162410 2162623      ↗→입13.937.439.813.2173937.338.5 88.5 88.9  0 50  0 0   13.90   13.50 6  3  0LH동       1412-1.0 7.0 6.0282814 0걸음불변보통걸음 1기 2 6 7     7 6 5④1:28.5목    .013.938.313.6  2  2  .40 4 2 -4  .54867192675 4 6 3 30 3 3.05 2.09 3.0 4.5  5.1   20.6   34.6   38.0  .01429 0 5 3 0   -.638.50 -.5911.6789.41 7.1419.2029.21102336 8.1619.8235.71 4
20240928토10140011외431 2 81 1 2강 2247맑음건조 5 8 3마터호른케이    SHANCELOYO ALI          미수 2 0 0 9 4  782      33000혼4김윤섭강경운   2 4 2 2 1 5 2 0 0 1  0유승완51352.084하무보15 25 25 3  .023.0 4.02240 81460 8 9 3162410 2162623      ↗→입14.837.840.313.3 72336.939.1 88.1 88.3  0  0  0 0   14.80   13.60 6  0 -3HHUP       1412         6.0    12 2기수신마탐색우려 1관 1 3 4     5 5 5④1:28.1목   1.513.939.213.5 -2  2 -.10 4 6 -1 1.62646393439 81011 92 2 1.02 5.01 2.6 3.3  2.6    3.3    5.0   14.3  .020 4-3 2 1-3▽-1.938.00 -.5010.1790.03  .43 1.40 4.02 0 2 610.9821.3037.95 4
20240818일 2120011외431 1 81 9혼전 4435맑음건조 4 8 3마터호른케이    SHANCELOYO ALI          미수 2 0 0 2 5  885      41250혼4김윤섭강경운   2 5 1 1 1 5 1 0 0 0  0유승완51155.087평무보   25 2540  .050.020.81950 7245614 9 3162410 2162623      ↘↗입    36.738.5        37.839.0 75.7 77.3              13.80   13.60 4  0  0NL동       12 0                 0 0거세출주기수신마 1기 1 311     9 8 7⑥1:15.73    1.814.838.613.6 -1 -4 1.20 6 7  0 3.08179567223 1 1 3 70 1 2.01 7.11 2.3 3.4  2.6    3.4    6.7   78.4  .03970 3 5 6 3△  .139.20  .68 2.0875.61 5.4212.7920.76 3 817 8.8217.3932.04 5
20251123일 8140011국4 4 3  4 5 2강 2243           8 4그냥가라        선더모카해피공주 3232.00한암 31414   1    016:05 33000혼4토니  페가수스-1 015 1 314 1 2 014 14김태훈   51.073기선적50 51 515634.050.027.9204310246112192329 0181811251999 0 0↘→입13.336.639.612.87347                   17 42 6717   13.50   13.50 4 -7  0HUUP52.54331412 -.6 5.8 5.2555512 2걸음불변기복전력71기 1 4                            13.5    13.5                                 5 4 6 5  2                                              .02660 1 5 6 1    .139.60  .05     88.73 7.1116.9927.86 61526 7.6915.7629.03 6
20251026일 8120011국543 3 94 4 1강 1141흐림양호 7 8 4그냥가라        선더모카해피공주 2924.00한암 31515 9 1   70      33000혼4토니  페가수스-1 114 21114 1 2 013 15이상규44051.056기선적57 44 4475 7.041.014.6 6 0 7246112192318 0181812231499 0 0↗↘입13.336.738.612.8836837.638.3 75.1 76.1 18 45 7318   13.30   15.10 4  7 -1VUDN52.54331412 -.4 5.2 4.8585812-2걸음불변조교부실28관 011 5     6 7 8⑤1:15.1½   1.013.538.513.5 -2 -3  .80 5 7  1 1.25269324448 3 6 6 70 2 4.0310.03 2.6 4.2  6.1   13.4   25.7    9.1  .01953 0 3 2 0   -.638.90  .79  .8375.67 2.55 8.1414.64 41118  .83 3.36 7.85 9
20250928일 3140010국414 4 64 6 1강 1141비  불량20 8 4그냥가라        선더모카해피공주 3232.00한암 31616 9 1   53      33000국4토니  페가수스-1 213 1 214 3 2 012 16김효정44352.068평도상96 85 857558.045.017.81939132461121923 7 0181816211899 0 0→↘입13.336.439.412.8855936.140.9 88.2 89.2 20 40 7020   13.30   13.50 3 -5  0HH동52.54331412 -.6 5.0 4.4606014 0전력변화도주적정65기 0 4 1     1 1 9⑩1:28.26    2.213.340.815.1  4 -2  .7010 6  2 3.062 8876919 1 5 5 71 6 1.05 8.02 1.8 5.8  1.8    7.3   11.1  155.7  .02346-1 6 6-1   -.339.60  .5613.4288.45 4.77 9.8317.79 1 4 8 4.7911.4520.96 6
20250906토10140010국524 3 74 7혼전 4431흐림포화16 8 4그냥가라        선더모카해피공주 3232.00한암 31818 1 1   33      33000국5토니  페가수스-1 312 2 114 2 2 011 18김효정44552.068평도상71 57 577848.068.040.41939132461121923 7 0181816211899 0 0→↘입13.336.339.912.8953236.538.5 86.5 87.2 22 33 6711   13.50   13.50 6  4  0BHUP52.54331412  .2 5.4 5.6515112 2선행실패탄력호조38기 0 9 2     2 2 2③1:26.52     .313.338.213.5 -1  6  .30 3 4 -4 1.0 42324 971 1 6 4 51 5 3.01 2.06 1.5 3.5 11.0    7.6   24.2   25.9  .04465 0 7 8 0△ 1.039.20 -.2711.0488.7312.6227.0640.4110233614.2928.0339.29 3
20250726토 5120011국413 1 64 5혼전 4421맑음건조 4 8 4그냥가라        선더모카해피공주 2924.00한암 32020 9 1  104      33000국4토니  페가수스-1 411 11014 1 2 010 20김효정43952.070기도적36 36 368914.053.019.51939132461121923 7 0181816211899 0 0→↘입13.336.439.112.8984337.237.7 74.3 75.3 25 38 8813   13.50   15.40 5  3  0NH동52.54331312 -.2 5.0 4.8585812 0전개최상급하락세39기 0 5 2     2 3 3⑤1:14.31¾   .913.537.513.5 -3 -1  .60 5 8  6 1.02451121351 11011 81 4 4.0311.08 2.4 7.0  7.5   19.7   41.3   33.3  .03458 0 4 5 0    .238.90  .57 -.1875.78 4.8011.2619.47 2 713 2.92 6.6213.0811
20250622일 7120011국553 6104 9 1강 1121맑음다습12 8 4그냥가라        선더모카해피공주 2924.00한암 32222 2 1   85      33000국5토니  페가수스-1 510 4 914 1 2 0 9 22해리카44052.073기도보53 61 619781.069.054.5195010246112192320 0181818261299 0 0↘↘입13.336.439.112.8984336.141.3 77.0 77.4 25 25 8813   13.30   14.80 4  1 -1HH동52.54331312 1.6 4.4 6.0464612 0전개최상전개최상46기 0 2 1     2 2 5⑪1:17.0½   2.313.540.915.4  9  4  .4911 2 -2 2.485 5958517 1 6 3 21 1 8.04 7.09 2.6 7.0 25.6   67.7  254.7  168.912.04494 2 8 7 2☆ 1.539.60 -.47 1.8875.7822.3340.1854.5019405622.0937.8750.18 2
20250525일 7120010국524 3 74 6혼전 4421맑음양호 8 8 4그냥가라        선더모카해피공주 2924.00한암 32525 2 1   64      33000국5토니  페가수스-1 6 9 3 814 3 2 0 8 25김효정43652.570기도상61 57 579758.070.046.11939132461121923 7 0181816211899 0 0→↘입13.436.539.012.8984735.740.4 75.4 76.2 29 57 8629   13.60   14.10 2 -3  1UN동52.54311312 1.6 4.4 6.0464612 0걸음불변전개최상60기 0 1 1     1 1 1③1:15.41¼   .213.340.114.8 -1  1  .70 3 4  0  .752 1874969 1 7 4 41 3 1.10 5.11 1.8 3.7  1.8   56.9   71.5  136.910.64476 0 7 8 0△ 1.339.10 -.21  .6675.7817.8933.6546.0818365111.6922.8935.56 5
20250511일 9120010국543 6 94 4혼전 4429맑음포화16 8 4그냥가라        선더모카해피공주 2924.00한암 32828 2 1  104      33000혼4토니  페가수스-1 7 8 2 714 2 2 0 7 28김효정43552.070기도적19 19 198916.048.024.51939132461121923 7 0181816211899 0 0→↘입13.436.538.912.8975536.339.2 75.3 75.5 33 50 8333   13.40   15.40 6 -1  0HH동52.54311312 1.6 4.0 5.6535312 0승군탐색도주호기 1관 0 4 1     1 1 3③1:15.32½   .513.639.014.1 -1  7  .20 3 4 -1 1.028 7622867 1 5 5 61 2 6.0210.02 2.7 4.5 17.0   22.1   75.7   51.5  .02355-1 3 4-1   -.138.90  .48  .1075.72 5.8012.6724.46 51323 8.7715.5022.77 6
20250330일 6120011국454 4104 7혼전 4447맑음건조 3 8 4그냥가라        선더모카해피공주 2924.00한암 33333 9 2  233      33000국4토니  페가수스-1 8 7 1 614 1 2 0 6 33김효정42852.069기도적30 35 358517.049.028.21533 81567 51923 7 0181816211899 0 0↗→입13.536.638.612.8907236.041.2 77.8 77.3 40 60 8040   13.50   14.90 5 -4  0NH동52.54311312 1.8 3.2 5.0606012 0전개최상도주적정 1기 2 5 1     3 3 4⑧1:17.82½  1.913.441.615.4  3 -7 -.60 8 5 -1 2.180 3948024 1 8 7 50 1 2.04 2.04 3.0 6.8  4.7    8.0   18.1   34.8  .03460 0 4 4 0    .139.30  .48 2.0575.61 8.0518.3628.15 51323 6.2515.8323.95 6
20250223일 7120011국521 4 74 9혼전 4441맑음건조 3 8 4그냥가라        선더모카해피공주 2924.00한암 34040 9 2  337      33000국5토니  페가수스-1 9 6 4 514 1 2 0 5 40송재철43552.075우도적87 92 929878.069.039.91460 31567 5192324 0181818262199 0 0→↗입13.536.638.512.8887936.240.8 77.0 77.0 50 75 7550   13.70   14.40 4 -1  1LN동52.54311312 1.5 2.5 4.0676712 0적임교체전개최상 1기 1 9 1     1 1 5⑨1:17.0머리 1.713.540.814.9  3  4 -.10 9 6  0 2.276 5917427 1 6 3 41 1 1.07 1.06 2.4 3.2  2.4   41.7   61.7   20.910.54494 0 9 7 0☆ 1.139.30  .19 1.9475.5613.8127.1739.8914284219.5437.2949.66 2
20250126일 4120011국554 5104 8혼전 4441맑음건조 3 8 4그냥가라        선더모카해피공주 2924.00한암 32525 9 3  406      24750국5토니  페가수스-110 5 3 414 1 1 0 4 25이상규43151.064기도적53 43 438933.068.042.314 014202710192318 0181812231499 0 0↘→입13.536.738.412.8838236.339.2 76.3 75.5 33 67 6767   13.70   15.00 2  5 -2BU동54.04311312 3.7 1.3 5.0595912 0직전탐색적임교체 1기 010 1     1 1 1①1:16.3½   -.113.739.714.4 -5-10 -.80 1 6  4  .026 8623089 2 4 6 21 1 6.0310.04 3.4 8.5  9.5   33.4   74.4  149.5  .04383 0 6 8 0▲ 1.138.70  .13  .3675.5617.0430.6642.33183651 8.0521.5129.13 3
20250111토 5120011국554 2104 9 2강 2211맑음건조 5 8 4그냥가라        선더모카해피공주 2924.00한암 33333 2 3  460      24750국5토니  페가수스-111 4 2 314 1 1 0 3 33김태훈44153.076강도보59 56 569063.065.035.31122 0202710192329 0181811251999 0 0↘↗입13.536.938.212.8689437.040.0 77.4 77.2 33 67 6767   13.50   15.30 3  3  1NNDN54.04311312 1.5 1.5 3.0818112-1전개최상거리내려 1기 2 5 3     4 5 6⑧1:17.44    2.713.740.215.0  6  4 -.39 8 2  1 3.479418176 7 5 1 4 32 1 1.07 3.02 3.1 6.4  3.1   28.7   41.4   81.4  .03487 3 7 6 3△ 1.139.00  .33 2.0975.5611.5523.4535.3313284319.4431.4535.24 1
20241222일 5130011국511 9 64 9 3강 3321맑음양호 7 8 4그냥가라        선더모카해피공주 3232.00한암 25050 2 3  516      24750국5토니  페가수스-112 3 1 114 2 1 0 2 50코지  43752.587우추보92 93 939491.067.044.0224412202710192351 0181825261999 0 0↗↗선13.737.538.812.8419536.341.5 85.6 84.5 50100 50**   13.80   13.10 4 -2 -2UUUP54.04311312 4.0 1.0 5.0636312 1승부최상전개최상 1기 0 2 1     2 1 8⑨1:25.65    2.613.542.615.3  8  6-1.50 9 1 -1 3.185 3947813 5 3 1 21 211.08 7.11 1.6 5.7 32.5  164.7  412.0  537.912.24487 2 9 8 2☆ 1.239.90 -.08 8.2382.8418.1032.1743.9915324728.2650.0062.79 1
20241123토 1120011국621 7 24 9 2강 2235맑음건조 4 8 4그냥가라        선더모카해피공주 2924.00한암 2 0 0 2 4  618      24750국6토니  페가수스-113 2 2 214 1 0 0 1  0코지  43154.090우추하82 79 797488.073.072.4264511335710192351 01818252619      ↘↗선13.737.838.313.2 79736.637.3 75.1 73.8  0100  0**   13.70   13.50 4 -1  0HH동       1212         5.0    12 0기수신마승부최상 1기 0 4 3     2 2 1①1:15.19   -1.613.838.113.1 -1-16-1.20 1 2  1  .0 118 5 1971110 2 11 1 2.04 4.05 2.1 1.7  2.3    7.2   10.9  230.2  .04496 1 8 9 1☆ 1.637.10-1.29-2.3076.1235.8659.6372.4421425815.1931.6929.56 2
20241026토 1120012국621 5 24 7혼전 4435맑음다습14 8 4그냥가라        선더모카해피공주 2924.00한암 2 0 0 9 4  704      24750국6토니  페가수스-114 1 1 114 1 0 0 0  0조상범44754.063평무보   35 3540  .046.028.412 0123357101923 0 01818132018      ↗→입    36.738.5        37.838.0 75.9 75.6              13.80   13.60 4  0  0LL동       12 0                 0 0걸음불변기수신마 1   0 5 5     7 8 5⑤1:15.91¾   .613.738.413.5  4 -3 -.20 5 1  0 1.33077193667 1 1 2 53 111.0311.09 1.7 2.2152.7  329.7 1012.6  926.712.72847 2 5 6 2   -.238.70  .48  .3675.61 9.6720.7128.39 7162711.2520.1136.05 4
20251123일 8140011국4 4 3  5 7 2강 2243           8 5자이언트보스    뉴화이트큰마법   2826.00한수 3       1    016:05 33000혼4홍대유신명석   0 0 9 1 1 0 1 3 0 0  0김용근   54.582우선보63 69 6969  .060.042.22149111837 71518345019142925177525 0↗↘선13.436.539.913.38843                   67 67 67 0   14.10   13.50 8 -5 -1NH동55.54941413-1.2 3.4 2.2787813 0신마적응연대우수42관 0 5                            14.1    13.5                                 4 8 1 3  5                                              .03872 0 7 8 0△  .739.90 -.44     88.8613.0328.1542.20132843 8.6517.7326.13 5
20250928일 3140010국414 1 65 4 1강 1141비  불량20 8 5자이언트보스    뉴화이트큰마법   2826.00한수 35050 9 1  141      33000국4홍대유신명석   0 1 8 2 2 8 1 3 0 6 50이용호50955.068강선보48 42 425322.047.019.91064 21837 71518 9 019141916207525 0↗↗선13.436.639.813.37951                   67 67 67 0   13.50   15.20 9  7  1VN동55.54941413-1.4 3.8 2.4848413 0강단마필보통걸음 5   010                    경제    13.5    15.2     5 1.27                      61010 60 2 1.05 8.02 1.8 5.8  1.8    7.3   11.1  155.7  .03349-1 4 4-1   -.139.80  .13     88.86 4.44 9.9819.85 51223 3.19 7.8313.7610
20250727일 9140011국423 2 75 5 1강 1131맑음건조 3 8 5자이언트보스    뉴화이트큰마법   2826.00한수 36060 9 1  133      33000국4홍대유신명석   0 2 7 1 2 8 4 3 0 5 60김용근50454.582강선상98 99 997793.057.031.72149111837 71518345019142925177525 0↗↘선13.436.539.613.3825936.041.6 89.0 89.8 80 60 40 0   13.50   13.6013 -2 -3UH동55.54941413-1.4 3.8 2.4848414 0연대우수강단마필50기 0 3 1     1 3 4⑤1:29.06    2.813.541.115.2  0 11  .40 5 5  3 3.476 5938112 4 7 1 41 4 1.03 7.05 2.4 3.7  2.4    7.2   11.8    6.4  .03168-1 8 8-1    .439.60  .0113.7388.66 8.4420.1231.68 8213419.9034.5247.54 2
20250427일 2140011국543 8 95 7혼전 4451맑음양호 7 8 5자이언트보스    뉴화이트큰마법   2826.00한수 35050 9 2  253      24750국5홍대유신명석   0 3 6 2 1 8 3 2 0 4 50김용근49357.089강입보68 83 836882.060.033.51832 51670 71518345019142925176733 0→↗선13.436.739.913.6725136.238.9 88.6 87.2 75 75 25 0   13.50   14.30 5 -1  3NBUP55.04941413-1.5 4.3 2.8808013 1걸음불변연대우수 1   0 5 1     1 1 1①1:28.64    -.713.539.513.6 -1 -3-1.20 1 2  1  .0 411371095 210 2 41 3 2.06 5.04 3.0 5.4  3.5   17.0   23.9  238.6  .03861 0 8 7 0    .838.80 -.3210.6289.0011.2922.3133.47 8203317.9231.3939.53 2
20250323일 3130011국553 6105 6혼전 4421맑음건조 4 8 5자이언트보스    뉴화이트큰마법   2826.00한수 33333 2 2  257      24750국5홍대유신명석   0 4 5 1 3 8 2 1 0 3 33김용근49654.089우선보78 93 937870.056.022.81832 51670 715183450191429251799 0 0→↗선13.437.039.313.6807937.138.9 82.2 82.5 67 33 33 0   13.90   13.90 6 -5 -2NU동55.54931312-2.0 5.3 3.3757513 0전개최상최적거리 1기 0 6 4     3 2 1①1:22.21¾  -.313.539.714.3  0  6 -.30 1 1  0  .02624422290 6 7 1 62 2 1.05 6.02 2.2 6.1  2.2    8.8   13.4   14.210.53468 0 7 6 0    .339.90  .50 6.1982.84 5.6314.2622.84 5122210.5326.3238.87 4
20250209일 2130011국651 8105 9 1강 1131맑음건조 4 8 5자이언트보스    뉴화이트큰마법   2826.00한수 3 0 0 1 2  386      16500국6홍대유신명석   0 5 4 4 2 8 1 0 0 2  0김용근49056.089우입상82 94 949691.075.073.31832 51670 715183450191429251799 0 0→↗선13.436.939.413.7817537.238.4 82.6 82.1 50  0 50 0   13.40   14.00 6  8  1VV동55.04961312-3.0 7.5 4.5646413 0기습선행전개최상 1관 011 2     2 3 1①1:22.64    -.713.939.513.9  0 -6 -.90 1 1 -7  .01429241297 2 3 1 11 1 1.1011.04 3.4 9.6  3.4   61.2   78.8  179.312.04496 2 9 9 2☆ 1.739.90 -.87 5.7582.8436.6262.5073.2935536833.3359.6561.97 1
20241228토 1130012국651 6105 4 3강 3335맑음건조 5 8 5자이언트보스    뉴화이트큰마법   2826.00한수 2 0 0 9 3  509      24750국6홍대유신명석   0 6 3 3 1 8 1 0 0 1  0이용호49655.076평입보48 25 253622.053.027.43056171236 71518 9 01914191620      →↘선14.338.039.413.8227936.839.0 82.6 82.6  0  0  0 0   14.30   14.10 5 -1  0HHUP       1312-1.0 7.0 6.0414112 1신마적응거리늘어 1관 0 3 1     1 1 3③1:22.6목    .013.439.814.0 -5 -2 -.50 3 8  1  .73214441790101211 41 1 2.01 8.11 2.6 5.4  3.8    5.4    9.2   57.9  .02547 0 4 6 0    .239.00 -.29 5.2483.55 9.1018.7427.40 82134 6.8213.9013.2610
20241124일 11200 8국620 6 25 5 1강 1135맑음건조 4 8 5자이언트보스    뉴화이트큰마법   3329.00한수 2 0 0 2 4  607      24750국6홍대유신명석   0 7 2 2 2 8 1 0 0 0  0문정균49855.070평무보   25 2540  .049.031.51538 7247018151818 01914131823      ↗→추    36.738.5        37.638.4 77.5 76.0              13.80   13.6012  2  0NL동       12 0                 0 0기수신마보통걸음 1기 1 4 6     6 5 7⑥1:17.51¾  1.314.339.314.1 -1 22-1.50 6 7    1.94669344649 3 3 4 52 1 1.06 8.02 1.8 2.1  1.8   20.4   25.2   38.5  .02033 0 5 5 0    .038.80  .39  .7975.61 8.3618.2431.45 82033 9.4719.7836.03 5
20240831토 1120010국650 4105 5 3강 3335맑음건조 4 8 5자이언트보스    뉴화이트큰마법   3329.00한수 2 0 0 9 5  853      24750국6홍대유신명석   0 8 1 1 1 8 1 0 0 0  0박을운  055.079평무보   25 2540  .038.013.414 0 9236712151818 01914282113      ↘↗선    36.738.5                                        13.80   13.60 4  0  0NL동       12 0                 0 0걸음불변기수신마 1기 0 2                    취소    13.8    13.6     0 -.37      0               5 5 7100 1 8.04 9.08 3.5 7.9 19.8   43.2  149.7  171.1  .02138 0 4 4 0   -.738.50  .91     75.61 2.84 6.8013.37 0 2 6 7.5015.5227.23 3
20251123일 8140011국4 4 3  5 5 2강 2243           8 6찬이고          테이크차푸른미소 4334.00한암 5 923   1    016:05 33000혼4신삼영민규동  -3 016 3 621 1 2 321 23우인철   51.064기추적50 46 463211.044.022.71567 6 625 6 924 0 010 2102925202060→→추13.637.339.212.41951                   37 32  521   14.30   15.10 8 -4 -5NU동53.04741812-1.2 6.8 5.6454513 0걸음불변배당마주52관 0 6                            14.3    15.1                                 9 1 8 7  1                                              .01846 0 3 4 0   -.339.20  .00     88.93 6.2012.6522.67 31018 1.92 5.9113.55 9
20250927토 7140011국451 6105 2 2강 2241맑음다습11 8 6찬이고          테이크차푸른미소 4334.00한암 51025 9 1  147      33000국4신삼영민규동  -3 115 2 521 4 2 320 25해리카47855.571평추보34 24 2410 4.031.0 9.1195010 625 6 92416 010 2182612202060↘↘입13.637.339.212.4205137.440.6 90.0 90.3 39 33  622   14.30   14.00 4  6  1BB동53.04741812-2.0 7.0 5.0464613 0걸음불변조교부실19관 01010    10 9 8⑩1:30.03    2.314.340.615.1  3  1  .1010 7  0 2.3827081872110 510 70 4 3.08 6.11 2.6 7.2  6.8   39.2   75.4  340.4  .01414-2 1 2-2  -1.338.90  .3713.7988.93 1.57 4.09 9.14 1 4 7 1.16 2.23 7.4511
20250831일 6140011국411 4 65 4혼전 4431맑음다습13 8 6찬이고          테이크차푸른미소 4334.00한암 51026 9 1   48      33000국4신삼영민규동  -3 214 1 421 3 2 319 26해리카47754.571기추보68 58 582515.036.0 9.6195010 625 6 92416 010 2182612202060↘↘입13.637.339.412.4254337.839.9 88.0 89.9 41 35 1224   14.10   13.80 6  0 -1HN동53.04741812-2.4 7.6 5.2444413 0걸음불변배당마주47기 0 411    1110 7⑦1:28.02    2.014.338.914.0  0  4 1.50 7 7  3 2.5778369832410 9 8103 3 3.01 3.11 1.7 4.6  6.6    6.0   14.5   16.6  .01628 0 3 3 0  -1.038.80  .2213.1589.07 1.44 4.60 9.60 1 4 8 2.38 8.0012.16 8
20250720일 9140011국552 2105 4 1강 1131맑음포화17 8 6찬이고          테이크차푸른미소 4334.00한암 51127 2 1   90      33000국5신삼영민규동  -3 313 3 321 2 2 318 27해리카47355.571기추적86 83 833164.047.022.5195010 625 6 92416 010 2182612202060↘↘입13.637.339.412.4194336.939.1 87.2 88.4 38 31 1919   13.80   14.10 5 -2  4HB동53.04741812-2.0 8.4 6.4363614 0최고선전최적거리48기 0 4 3     3 4 4③1:27.26    1.014.138.513.8 -1  4  .80 3 4 -5 1.03341433650 8 7 3 72 2 6.05 6.07 2.9 8.1 10.0   43.0   91.6   80.6  .01644-2 6 5-2   -.138.50 -.1011.7389.07 5.3811.6622.45 3 81513.0428.1441.18 3
20250615일 7140011국540 4 95 2혼전 4457맑음건조 3 8 6찬이고          테이크차푸른미소 4334.00한암 5 523 2 1   85      33000국5신삼영민규동  -3 412 2 221 1 1 317 23해리카46952.071기추보15  8  822 9.040.013.3195010 625 6 92416 010 218261225 075↘↘입13.637.439.412.4114336.239.0 87.4 87.4 33 33  733   15.70   14.30 2  3  0NHDN53.34761812-2.0 8.8 6.8303013-3걸음불변급하락세87기 2 6 4     5 3 1①1:27.46   -1.013.838.714.1 -8  0 -.10 1 9  2  .0 611371094 8 610 72 1 9.07 6.08 2.9 5.0 42.8  308.3  836.9  425.2  .01433-1 1 3-1   -.738.20  .0710.6089.14 2.31 6.2013.30 41118 2.56 7.3617.65 8
20250601일 91700 8국451 4 55 2혼전 4414맑음건조 3 8 6찬이고          테이크차푸른미소 4334.00한암 5 625 1 1   41      33000국4신삼영민규동  -3 511 1 321 1 1 316 25오수철46952.060기추상 9  3  326 6.028.0 4.0 825 7 625 6 924 4 010 212231525 075→→입13.640.241.312.4224341.340.7114.0114.7 36 36  736   15.30   14.90 3 -3  0HH동53.34761812-1.8 9.0 7.2292913 0걸음불변거리속성54관 1 3 7 7 8 8 8 7⑦1:54.04    1.615.740.314.3  0 -5  .40 7 7 -1 1.68296448129 8 5 7 80 1 1.02 4.01 2.8 4.9  2.8    4.9    8.6   35.0  .01412-3 1 1-3▽-1.841.10  .2133.16114.1  .16  .34 4.00 3 814 2.6310.0017.14 8
20250510토 7170010국543 7 95 3 3강 3313흐림불량20 8 6찬이고          테이크차푸른미소 4334.00한암 5 626 2 1  116      33000혼4신삼영민규동  -3 610 2 221 1 1 315 26임다빈47452.080기추적14  5  545 8.038.016.41949 5 625 6 924164010 215232425 075↘→추13.640.241.012.4215540.641.5112.2114.1 38 38  838   15.50   14.60 4  2  0NH동53.34761812-2.2 8.2 6.0424213 0걸음불변거리속성 1   0 6101010 9 8 4⑦1:52.2½   2.015.342.214.9 -1  2  .30 7 8 -2 2.6728168832410 2 8 6011 1.04 1.07 3.1 4.1  3.1   10.1   16.1    7.0  .01437 0 1 1 0   -.941.00  .0932.91113.9 2.96 7.7416.37 41118 3.30 6.2213.27 8
20250413일 5170010국411 5 65 3 1강 1131흐림포화16 8 6찬이고          테이크차푸른미소 4334.00한암 5 728 2 1  192      33000국4신삼영민규동  -3 7 9 1 121 1 1 314 28김동수47252.074기추하 7 45 453214.038.013.01420 6 625 6 92420 010 2 9202725 075→→추13.640.240.712.4197240.342.3111.6114.1 42 42  842   15.50   13.70 7 -5  0HHDN53.34761812-2.2 7.0 4.8565613-1걸음불변기수승부 1기 0 4 7 7 7 8 8 8⑧1:51.67    2.515.541.214.6 -2  4 1.70 810  2 2.87271848912 9 5 8100 1 2.05 2.03 2.4 8.2  6.6   17.3   36.1   40.5  .01440 0 3 3 0   -.841.00  .3233.20113.7 2.65 6.3312.96 1 4 7 2.86 6.7413.7410
20250222토10180011국550 4105 6혼전 4441맑음건조 3 8 6찬이고          테이크차푸른미소 6330.00한암 5 730 9 2  345      33000국5신삼영민규동  -3 8 8 3 221 1 1 313 30김정준46852.068우추상52 70 708247.057.037.91743141356 5 924 03310 215212425 075↘→자13.640.740.012.4 87241.740.3122.1121.6 45 45  945   15.20   13.80 4 -2  1LN동53.34761812-3.0 6.6 3.6707013 0걸음관심거리속성 1기 0 9101010111110⑨2:02.1½   2.815.540.513.7  1 -2 -.50 9 8 -3 3.493925182 9 9 1 2 30 1 2.03 4.10 3.7 8.9  4.1   15.9   26.6   15.5  .02775 0 7 6 0    .440.60 -.3540.87118.813.1026.6437.87 7162711.4925.1337.88 4
20250125토10180011국410 8 65 2 1강 1151맑음건조 3 8 6찬이고          테이크차푸른미소 6330.00한암 5 833 9 3  411      33000국4신삼영민규동  -3 9 7 2 121 3 1 312 33이철경47051.075우추하14 46 462616.036.012.82056 9149910 924 5 010 2 9192325 075→→추13.640.740.212.4 96441.239.6119.2118.6 50 50 1050   14.40   14.70 4  8  0VUUP53.34761812-1.6 5.4 3.8717113 2주행평범탐색우려 1기 01111111111 9 5③1:59.22     .415.240.213.8 -8 -4 -.60 311  3 1.0408232576711 4 8103 3 4.07 4.09 2.2 6.9 10.5   69.4  154.4  402.4  .01716-3 3 4-3▽-1.040.20  .1637.65118.9 2.05 6.4412.81 0 2 6 4.42 9.0515.74 9
20241228토 9160010국412 5 65 3혼전 4431맑음건조 4 8 6찬이고          테이크차푸른미소 4334.00한암 4 936 9 3  501      33000국4신삼영민규동  -310 6 1 121 2 1 311 36이철경47451.075우추상98 94 941755.042.013.02056 9149910 924 5 010 2 9192325 075→→추13.637.339.212.4 77237.039.8104.3104.2 56 56 1156   15.00   13.10 5 -3 -4HUUP53.34761612-2.0 5.0 3.0808013 3추입무난탐색우려 1기 1 3 9   91010 9⑨1:44.33    1.914.441.014.7  1  0 -.40 9 8  4 2.3828159762310 6 2 80 2 5.0610.09 1.7 6.2 11.4   38.7   84.6   55.910.53924-2 7 6-2   -.639.20  .3027.69103.3 2.20 7.0212.96 2 71311.1123.7033.66 6
20241124일 5130011국512 2 65 5혼전 4411맑음건조 4 8 6찬이고          테이크차푸른미소 4334.00한암 4 030 2 4  603      24750국5신삼영민규동  -311 5 7 421 1 0 310 30이철경47454.563우추하65 67 676915.055.025.4209916175011 924 5 010 2 9192333 067↘→추13.637.638.612.4339239.136.1 82.3 81.8 50 50 1350   14.40   14.00 4  4  1NNDN52.84761412-1.8 5.4 3.6787813-1주행평범거리내려 1기 0 611    1110 6①1:22.3코    .015.036.813.1 -3 -4-1.00 1 4  3  .0 896 1 683 6 2 5 73 1 4.06 6.10 1.9 6.3 12.1   51.7  147.3  169.313.41858 0 4 5 0    .439.20  .50 5.5782.78 6.9516.1725.37 2 511 3.8511.6315.15 9
20241027일 6140011국552 1105 2 3강 3351흐림다습12 8 6찬이고          테이크차푸른미소 4334.00한암 4 033 9 4  688      24750국5신삼영민규동  -312 4 6 12110 0 3 9 33임다빈47854.072우추상86 91 914865.047.025.2245415175011 924164010 215232433 067↗↘추13.637.238.912.4297237.638.7 88.9 89.1 50 50 1350   14.10   12.70 4  1  2HNUP52.84761412-1.2 4.8 3.6787813 2발주불량탐색우려 1   0 2 9     910 9⑨1:28.91¼  1.514.438.814.0  8 -3  .21 9 1 -3 1.75581244430 7 2 2 5010 5.04 4.07 3.7 8.2  9.1   30.6   74.6  377.5  .02526-2 7 5-2   -.338.70  .1912.9588.66 8.6515.5025.20 8152614.4926.4242.07 3
20240928토 8120011국541 2 95 8혼전 4441맑음건조 5 8 6찬이고          테이크차푸른미소 1726.00한암 4 025 9 4  784      24750국5신삼영민규동  -313 3 5 621 9 0 2 8 25임다빈48152.576우추상90 92 927964.067.037.4245415175011 924164010 215232433 067↗↘추13.637.338.212.7398738.036.5 74.1 74.7 43 43 1443   13.90   13.40 5 -5  1UNDN52.84761312-1.0 4.4 3.4787813-1뒷심문제기수영향 1기 0 111    11 9 3②1:14.16     .014.136.612.7 -2  0  .30 2 4 -2 1.1 884 1 481 8 4 2 43 9 1.04 4.01 2.3 4.2  2.3    8.3   13.8   60.210.54072 0 8 7 0▲ 1.137.90  .05 -.8075.7813.3825.8737.39 7162713.1928.2834.24 2
20240824토 4130010국512 7 65 5혼전 4431맑음다습12 8 6찬이고          테이크차푸른미소 4334.00한암 4 028 2 5  873      24750국5신삼영민규동  -314 2 4 321 8 0 2 7 28임다빈48152.075평추상62 76 766747.056.037.01214101125 7 924164010 215232450 050↗↗추13.637.239.112.7616438.337.3 82.8 81.6 33 33 1733   14.40   13.20 5  0  0NU동53.34741312 -.6 4.6 4.0757513 0발주불량최적거리 1기 0 6 6    1010 7③1:22.8머리  .013.938.413.4 -3 -3-1.30 3 6  1  .0 679 31288 6 5 3 43 8 2.03 9.01 2.2 6.0  6.4   15.0   29.3   31.813.42556 0 6 6 0    .439.50  .11 5.3482.8411.1524.7837.0110233617.5436.9244.05 2
20240721일 5130010국512 2 65 5 3강 3321흐림포화18 8 6찬이고          테이크차푸른미소 4334.00한암 4 033 2 5  948      24750국5신삼영민규동  -315 1 3 221 7 0 2 6 33임다빈48452.075우입상64 78 787264.061.031.01214101125 7 924164010 215232499 0 0↗↗추13.637.039.412.7764738.238.0 81.3 82.5 40 20 2020   14.10   13.30 3 -4  0NUUP54.54641312 -.5 4.3 3.8767612 1걸음관심거리속성 1   0 610    1010 9④1:21.31¾   .414.437.913.2 -1 -6 1.00 4 5 -1  .42778143166 7 7 2 43 7 6.0110.02 1.7 6.3 16.3   21.0   70.6   48.113.42766 0 6 7 0    .739.90  .22 6.1082.90 8.5919.1630.97 8213415.1930.7737.72 1
20251123일 8140011국4 4 3  6 8 2강 2243           8 7손을내밀어      사이먼퓨퍼스트인 5234.00한암 33750   1    016:05 33000혼4최용건우태율   1 0 9 1 2 8 1 3 1 8 50정정희   56.077강선상50 63 638994.068.057.42657122869 918321721211117241599 0 0→↘입13.236.339.813.29243                   63 63 7525   13.40   13.70 5  4  4NB동53.84581412-1.4 5.2 3.8808014 0승부최상마방연대35관 0 7                            13.4    13.7                                 1 6 2 1  6                                              .03387 1 8 9 1▲ 1.339.80 -.65     88.6625.2044.5057.3939587230.7755.1766.77 1
20251019일10140011국514 9 66 9 3강 3341맑음포화16 8 7손을내밀어      사이먼퓨퍼스트인 5234.00한암 32842 2 1   90      41250혼4최용건우태율   1 1 8 5 1 8 1 2 1 7 42이동하45352.088우도하36 63 638980.075.049.72849152869 918323913211124261999 0 0→↘선13.236.340.113.2952536.238.6 87.2 86.9 57 57 7114   13.70   13.50 6  2  1VNUP54.34591412 -.2 4.0 3.8808012 2전개최상승부최상66기 0 3 2     1 1 1①1:27.23    -.513.438.613.7 -7 -4 -.20 1 8 -3  .0 21019 398 2 9 8 21 1 8.04 3.09 2.0 6.5 19.0   55.1  129.0   83.912.24494 3 7 8 3☆ 1.839.20 -.6510.5488.8620.3237.3649.7039587215.0728.5739.76 3
20250906토 4120012국524 1 76 9혼전 4421흐림다습13 8 7손을내밀어      사이먼퓨퍼스트인 2838.00한암 33350 1 1  103      82500국5최용건우태율   1 2 7 4 5 8 1 2 1 6 50정우주45751.071우도보97 96 969981.073.030.92041102869 9183211 0211116301399 0 0↗↘입13.236.439.313.3983537.139.0 74.0 76.2 67 67 83 0   13.50   13.60 5 -2 -4UU동54.34591312  .0 3.0 3.0808012 0전개최상전개최상 5   0 110    111212⑫1:14.01¾  1.613.737.913.5  1  2 2.101211 10 2.25644585232 114 3 20 1 2.0110.03 2.1 4.6  4.0    4.6    9.8   18.210.54496 3 9 8 3☆ 1.539.20  .11  .5075.8911.9422.0530.90183651 9.6017.4424.96 5
20250802토 3120011국544 3 96 9혼전 4431맑음건조 3 8 7손을내밀어      사이먼퓨퍼스트인 2838.00한암 32040 1 1   83      24750국5최용건우태율   1 3 6 3 4 8 4 1 1 5 40정정희45555.078우도하96 94 949979.071.049.52657122869 918321721211117241599 0 0→↘입13.236.539.313.4963536.338.1 74.5 74.5 80 60 80 0   13.50   14.40 3 -7  2VN동54.04611312 -.6 4.0 3.4757512 0전개최상전개최상29관 1 3 2     2 2 1①1:14.54    -.613.538.313.6  0 -7 -.10 1 1  0  .0 6 925 691 1 7 1 11 5 1.04 3.05 2.3 5.3  2.3    8.0   13.3   13.010.54491 2 9 9 2☆ 1.638.60 -.46-1.2675.9524.7939.4549.4839607320.7936.8947.52 1
20250713일 4120011국553 3106 9혼전 4421흐림건조 4 8 7손을내밀어      사이먼퓨퍼스트인 2838.00한암 32525 2 1   51      24750국5최용건우태율   1 4 5 2 3 8 3 1 0 4 25정정희46253.578우도적93 94 949674.068.038.62657122869 918321721211117241599 0 0→↘입13.236.439.413.4973236.139.0 75.1 75.1 50 50 75 0   13.20   14.60 4  8  0BUDN54.04611312-1.0 4.8 3.8727212-1뒷심부족전개최상74기 110 4     3 2 2②1:15.13     .013.539.214.4  1 -2 -.10 2 1 -4  .521 4592079 1 9 1 22 4 2.01 2.10 2.6 6.1  6.0    6.1   18.2   17.810.54493 2 9 9 2☆ 1.138.90 -.17 -.6775.9515.6627.9138.5732526420.4836.9652.94 1
20250614토 4130011국554 5106 8혼전 4411맑음건조 3 8 7손을내밀어      사이먼퓨퍼스트인 5234.00한암 33333 2 1   77      24750국5최용건우태율   1 5 4 1 2 8 2 1 0 3 33정정희46453.577우도상62 79 799672.064.038.62657122869 918321721211117241599 0 0→↘입13.636.739.913.4983236.339.6 81.7 82.0 67 33 67 0   13.60   13.7013  0 -1UUUP54.54581312 -.7 4.7 4.0686812 1유망전력전개최상37관 1 2 1     1 1 1③1:21.7½    .013.239.914.6 -2  6 -.20 3 5  3  .313 3652085 1 9 2 21 3 3.01 4.05 2.6 5.8  5.3    5.8   12.1   12.6  .04484 0 9 7 0△  .840.10 -.12 5.4383.0313.3026.0838.6118365124.6636.6940.40 1
20250315토 2120011국653 6106 7 3강 3331맑음양호 7 8 7손을내밀어      사이먼퓨퍼스트인 2838.00한암 3 0 0 2 2  289      16500국6최용건우태율   1 6 3 3 2 8 1 0 0 2  0정정희45854.569기입적38 47 476722.056.027.41555 5286010183217212111172415      →→입13.736.739.713.8922536.038.2 74.9 73.9 50  0 50 0   13.70   15.80 5 -8  1HNDN       1312 -.5 6.0 5.5525212-1마방연대기복전력 1기 1 2 2     2 2 1①1:14.98   -1.413.638.713.7 -1  7 -.70 1 2 -4  .0 1 325 297 3 6 6 51 2 2.07 2.10 3.0 8.4  4.3   19.6   29.8   58.5  .02859 0 5 6 0    .438.20 -.16-2.4776.28 6.4616.5427.37 81526 7.6915.4821.95 6
20250208토 1130011국631 9 86 6혼전 4435맑음건조 5 8 7손을내밀어      사이먼퓨퍼스트인 5234.00한암 3 0 0 1 2  398      24750국6최용건우태율   1 7 2 2 1 8 1 0 0 1  0김철호45154.064우입보58 25 255822.059.032.3189911286010183218302111152223      ↘→자14.237.139.813.8824736.541.3 85.4 84.1100  0  0 0   14.20   14.10 6  0  0NHUP       1312-3.0 6.0 3.0747412 1기수신마마방연대 1기 210 2     2 2 3⑧1:25.45    1.713.742.415.8  2 -7-1.40 8 6  0 2.077 5937738 4 7 7 61 1 3.02 4.05 2.6 4.9  3.9    7.3   14.4   31.4  .02172 0 5 6 0    .540.20 -.11 7.1583.23 9.6421.1932.33 51222 9.3817.9319.44 8
20241229일 1120011국630 8 86 5 2강 2235맑음건조 4 8 7손을내밀어      사이먼퓨퍼스트인 2838.00한암 2 0 0 9 3  497      24750국6최용건우태율   1 8 1 1 1 8 1 0 0 0  0정정희45854.071평무보   25 2540  .040.021.81331 51425 8183217212111172415      ↗→입    36.738.5        36.838.9 77.0 75.7              13.80   13.60 4  0  0LL동       12 0                 0 0걸음불변기수신마 1기 010 6     3 3 3③1:17.01¾   .314.239.614.1 -3-11-1.30 3 6  0 1.43629513676 4 4 5 52 1 2.01 2.03 1.9 4.5  4.7    5.0   10.8   22.2  .02332 1 4 5 1   -.738.80  .65  .5375.61 5.3411.8821.80 71627 9.7819.3529.07 9
20251123일 8140011국4 4 3  3 5 2강 2243           8 8안양기쁨        투아너앤찬란한에 4831.00한암 31831   1    016:05 33000혼4홍대유(주)에이 2 016 1 716 7 3 216 31문정균   54.566우자보50 61 615266.049.027.21956 91837 7152118 01914131823432929→↘추13.436.739.412.76547                   40 40 4013   13.90   13.20 5 -1  1NL동52.74751412 -.8 3.8 3.0757513 0발주불량작전마주55기 1 8                            13.9    13.2                                 7 3 3 6  7                                              .02544 0 7 5 0    .039.40  .13     88.66 6.8515.0727.23 5132311.5425.6237.74 3
20251019일10140011국514 9 63 5 3강 3341맑음포화16 8 8안양기쁨        투아너앤찬란한에 4831.00한암 32026 2 1   90      41250혼4홍대유(주)에이 2 115 3 616 6 3 115 26문정균46753.566평자보84 84 844647.050.017.11956 91837 7152118 01914131823503317→↘추13.436.839.612.7593937.238.2 87.7 87.4 36 36 43 7   13.70   13.30 5  5  1NN동52.64761412-1.2 4.6 3.4666613 0전력변화보통걸음74기 1 911    11 7 2②1:27.73     .013.938.213.2 -2-18 -.20 2 4  2  .5 56010119310 5 5 83 6 8.04 3.09 2.0 6.5 19.0   55.1  129.0   83.911.22651 1 6 5 1    .138.80  .2211.0488.86 3.39 9.2517.14 2 511 6.8516.3326.75 7
20250913토 21400 8국422 2 23 8 1강 1141맑음포화19 8 8안양기쁨        투아너앤찬란한에 4831.00한암 32128 2 1   84      33000국4홍대유(주)에이 2 214 2 516 5 3 114 28문정균48553.066평자상62 72 726783.062.057.61956 91837 7152118 01914131823503317→↘추13.436.739.812.7652536.738.7 86.0 87.6 31 31 46 8   13.60   13.90 4  1  1HN동52.64761412-1.0 5.4 4.4595913 0전력변화탄력호조43기 0 4 4     4 4 3③1:26.0½    .013.737.613.3  1 11 1.10 3 2 -1 1.5 931271477 3 8 1 22 5 1.03 1.05 1.7 1.7  1.7    7.5   10.3    3.812.04472 2 8 8 2▲ 1.038.90 -.9311.1188.9319.5939.8757.5519405620.6541.6254.17 2
20250817일 6140011국452 6103 3 1강 1131맑음양호 7 8 8안양기쁨        투아너앤찬란한에 4831.00한암 31523 2 1   69      33000국4홍대유(주)에이 2 313 1 416 4 2 113 23문정균47452.066평입보49 46 462919.035.010.71956 91837 7152118 019141318236040 0→↘추13.436.639.912.7731836.639.2 87.7 88.3 25 33 50 8   13.60   14.20 5  1  0HH동52.74771412 -.4 5.4 5.0505013 0걸음불변보통걸음44기 1 3 6     6 6 2①1:27.71¼  -.213.639.113.9 -2 -2  .50 1 3 -1  .03027452890 610 6103 4 3.01 3.10 3.0 5.3  7.1    8.2   23.1    7.9  .01927 0 4 4 0  -1.039.20  .3211.8488.93 1.54 5.0010.71 1 4 7 2.24 8.3719.83 7
20250712토 8140010국541 3 93 4혼전 4431맑음건조 5 8 8안양기쁨        투아너앤찬란한에 4831.00한암 31625 2 1   79      33000국5홍대유(주)에이 2 412 7 316 3 2 112 25문정균47652.066평입상37 25 255315.044.015.71956 91837 7152118 019141318237525 0→↘추13.436.640.012.7761636.639.6 89.1 88.5 27 18 55 9   13.70   14.00 3 -4  0UH동52.94771412 -.4 7.0 6.6393913 0걸음불변보통걸음74기 2 2 3     5 5 4④1:29.11     .613.639.914.2  0 -4 -.60 4 4 -2  .83926614561 3 8 9 92 3 1.06 9.10 3.3 5.3  3.3   20.3   25.3   18.7  .01838 0 3 3 0   -.439.20  .1211.9089.00 3.53 8.2515.67 1 3 8 3.8511.7615.68 6
20250621토 51400 8국434 4 33 4 3강 3341흐림포화19 8 8안양기쁨        투아너앤찬란한에 4831.00한암 31827 2 1   56      33000국4홍대유(주)에이 2 511 6 216 2 2 111 27문정균48052.066평선상19 15 154413.042.011.51956 91837 7152118 019141318237525 0→↘추13.436.640.012.7711836.939.7 87.4 88.8 30 30 4020   14.30   13.30 4 -3  0NHUP52.94771412 -.2 6.0 5.8494913 2적임교체보통걸음48기 1 6 7     6 6 6⑤1:27.41¼  1.113.739.514.0 -1  5 1.00 5 6 -2 1.44740625642 3 7 7 72 2 5.03 8.05 2.1 3.1 13.5   24.1   65.8   15.011.23030-1 3 3-1   -.739.30  .2512.1889.00 1.66 4.8211.45 41118 2.19 5.6712.46 8
20250525일 6120011국424 2 73 9혼전 4441맑음양호 8 8 8안양기쁨        투아너앤찬란한에 4727.00한암 32030 2 1   65      33000국4홍대유(주)에이 2 610 5 716 1 2 110 30문정균47552.068기선적15 31 316333.059.030.41956 91837 7152118 019141318237525 0→↘추13.436.739.212.7862338.037.9 74.8 76.2 33 22 56 0   13.70   14.60 4  5  1NN동52.94771412  .6 5.2 5.8585813 0선행강공적임교체64기 2 9 9     9 9 5④1:14.81½  1.314.337.313.3 -4 -9 1.10 4 8  2 1.65284174237 611 8 53 1 3.04 5.02 2.3 3.9  7.9   23.7   52.4  307.1  .04366 1 5 6 1    .538.90  .03  .2776.00 8.3119.0230.42 71627 6.0318.0226.16 5
20250426토 6120011국414 4 63 6혼전 4431맑음양호 8 8 8안양기쁨        투아너앤찬란한에 4727.00한암 32233 9 1  159      33000국4홍대유(주)에이 2 7 9 4 616 2 2 1 9 33박태종48451.574기도보48 56 569031.051.019.811 0 81837 7152111 019142023207525 0↘↗선13.436.639.012.7893936.940.3 76.3 77.3 38 25 63 0   13.40   15.00 4 -7  1UN동52.94771412  .2 4.2 4.4666613 0걸음불변선행강공 1기 1 4 7     6 6 5⑧1:16.3½   1.013.739.914.6  2 -2  .90 8 6  3 2.48233867945 4 9 8 92 2 1.05 7.05 1.8 5.3  1.8   12.4   16.8   22.612.72867 2 5 4 2    .139.40  .48 1.7275.84 4.8111.6219.75 2 5 9 6.0214.6023.60 7
20250330일 6120011국454 7103 6혼전 4447맑음건조 3 8 8안양기쁨        투아너앤찬란한에 4727.00한암 32537 9 2  233      33000국4홍대유(주)에이 2 8 8 3 516 1 2 1 8 37박태종48651.067우도보36 35 358917.049.027.51683 41670 7152111 019142023207525 0↗↘선13.536.738.912.7864735.640.8 77.0 76.5 43 29 57 0   13.90   15.20 5 -2 -4VUDN52.94771412  .0 4.4 4.4686813-2탄력늘어도주강력 1기 011 3     2 1 2④1:17.01    1.113.441.215.0  1  5 -.60 4 3 -9 1.361 1916146 311 8 71 1 2.04 2.04 3.0 6.8  4.7    8.0   18.1   34.8  .02669 1 4 3 1    .039.00  .25  .8575.84 7.7616.3227.54 31018 6.2515.8323.95 7
20250223일 8140013국454 4103 5혼전 4431맑음건조 3 8 8안양기쁨        투아너앤찬란한에 4831.00한암 32842 9 2  336     110000국4홍대유(주)에이 2 9 7 2 116 6 2 1 7 42이혁  48155.087우도하 8 44 447246.063.024.82757111670 71521323519142721197525 0↗↘선13.536.539.512.7884736.642.1 91.4 91.6 50 33 67 0   14.20   14.40 4  4  3VBUP52.94771412 -.2 2.6 2.4838313 2승군탐색보통걸음 1   013 8    101113⑫1:31.42    3.413.941.815.2  0 -2  .101212  7 3.595259593 4 31312 60 610.04 2.01 2.5 5.6 38.1  170.2  457.4  278.9  .02666 1 6 8 1   1.040.00  .2515.5588.59 7.9516.3224.78 1 4 8 3.4810.3116.6911
20250126일 7120010국454 2103 8혼전 4411맑음건조 3 8 8안양기쁨        투아너앤찬란한에 4727.00한암 33350 9 3  403      33000국4홍대유(주)에이 210 6 1 416 5 2 1 6 50이혁  48352.090우선보95 95 958583.060.023.61942 41236 71521323519142721197525 0↘↗선13.536.838.412.7777537.940.0 76.8 78.2 50 33 67 0   13.60   13.90 6  2 -1NUDN52.94771312-1.0 4.4 3.4707013-1여유우승작전마주 1관 0 9 9     9 910⑨1:16.84    2.714.239.514.4  4 -1 1.02 9 5  4 2.992818088 7 6 6 1 70 5 7.0210.02 3.2 5.1 13.8   27.7   72.0   20.710.54574 0 9 7 0△  .539.40  .59 3.0175.61 5.6213.7423.60 4111816.3830.0040.10 1
20241215일 4130011국554 8103 6혼전 4411맑음양호 8 8 8안양기쁨        투아너앤찬란한에 4831.00한암 22040 2 3  539      24750국5홍대유(주)에이 211 5 2 216 4 1 1 5 40이혁  48452.591우입보65 79 797370.063.031.81942 41236 71521323519142721196733 0↘↗선13.536.839.112.7886836.938.6 82.5 81.7 40 20 60 0   13.50   14.00 4 -4  1NN동53.04751312-1.3 4.5 3.3666612 0신마적응거리속성 1기 0 7 2     2 1 1①1:22.53    -.613.639.713.9  0  3-1.20 1 1 -3  .0 719311295 4 6 6 41 4 1.02 7.08 3.5 8.2  3.5    8.2   14.7   14.012.72974 2 7 7 2   1.040.00  .49 5.7782.5810.5321.5131.78 71627 9.6822.6431.36 3
20241116토 5130011국513 2 63 7혼전 4411맑음건조 3 8 8안양기쁨        투아너앤찬란한에 4831.00한암 22550 2 4  636      24750국5홍대유(주)에이 212 4 1 116 3 1 1 4 50이혁  48152.092평자보83 86 866784.060.032.92959 32470181521323519142721195050 0↗↘선13.637.039.212.7806436.838.9 81.5 82.7 50 25 50 0   13.60   13.70 5  4 -2VUUP53.54721312-1.7 5.7 4.0575712 1걸음불변거리늘어 1기 111 1     1 1 2④1:21.5코    .013.539.214.0  0  5  .50 4 4  3  .63414421675 5 6 3 51 3 1.06 9.06 2.1 5.5  2.1   12.9   19.2   18.112.73475 2 8 8 2    .840.00  .29 6.4982.78 9.9920.8932.90 5122218.6941.9047.19 2
20241012토 3120011국652 4103 9 1강 1142맑음건조 3 8 8안양기쁨        투아너앤찬란한에 4727.00한암 2 033 2 4  746      16500국6홍대유(주)에이 213 3 4 316 2 0 1 3 33이혁  47654.092평입보69 71 717993.074.065.82959 3247018152132351914272119 099 0↗↘선13.937.338.412.7487936.538.3 74.4 74.9 33  0 33 0   13.90   14.40 4 -1  1NV동53.04671212-2.5 6.5 4.0585812 0승부최상작전마주 1기 0 7 1     2 2 1①1:14.41¼  -.213.638.313.7  0  2  .40 1 1 -3  .01116301093 4 3 2 11 2 1.03 7.03 2.4 7.8  2.4    9.2   18.9   23.4  .03983 3 9 8 3☆ 1.737.90 -.89 -.8175.8931.4553.8365.7639587236.1158.2973.70 1
20240915일 1120010국631 5 33 9혼전 4431맑음다습14 8 8안양기쁨        투아너앤찬란한에 4727.00한암 2 050 2 5  801      24750국6홍대유(주)에이 214 2 3 216 1 0 1 2 50이혁  47453.091하입보67 76 766888.072.057.9264610236712152132351914272119 099 0↗↗선14.037.638.212.7209136.639.2 75.8 75.8 50  0  0 0   14.00   13.80 4 -1  0NU동53.04671210-4.010.0 6.0313112 0걸음불변승부최상 1기 0 8 7     5 4 3④1:15.8½    .913.939.614.4  0  7  .00 4 4  1 1.13718634060 6 5 3 12 1 3.02 1.06 2.4 3.1  3.6    5.4   10.3   13.910.64494 3 8 9 3☆ 1.537.90 -.72 -.0575.9525.7744.2057.9332526425.8148.3943.47 1
20240817토 1120010국641 4 93 3혼전 4435맑음건조 4 8 8안양기쁨        투아너앤찬란한에 4727.00한암 2 0 0 2 5  896      24750국6홍대유(주)에이 215 1 2 116 2 0 0 1  0박을운46753.079하추상35 35 353113.046.020.514 0 9236712152118361914282113      ↘↗선14.438.138.312.7 49536.838.7 75.7 75.7  0  0  0 0   14.40   13.00 5  0  0NHUP       1210         6.0    10 2기수신마보통걸음 1기 1 9 5     4 3 1②1:15.7목    .014.039.013.8 -1 -7 -.20 2 3 -7  .0332843278610 810 92 2 8.03 6.09 2.4 6.0 22.6   34.3  102.5   39.7  .02349 0 4 3 0   -.237.30  .01 -.7476.28 5.3813.2120.52 2 5 9 4.35 9.0910.9410
20251123일 8140011외4 4 3  1 7 2강 2243           8 9스마일데이      STREET BSEND THE        미수 2 025   1    016:05 33000혼4문병기박남성   0 0 5 5 1 4 1 0 1 4 25루이스   52.084평선하50 54 544467.059.041.814 0 03253162547 0 0282913381399 0 0→→입15.836.540.312.47523                   33 33 67 0   14.30   13.80 5  3 -4BUUP55.54801412 3.3 1.3 4.7636310 2승부최상마방연대55기 1 9                            14.3    13.8                                 3 9 5 4  1                                              .03370 1 7 7 1    .740.30 -.69     89.1412.8727.8941.78 9203215.3824.6341.61 4
20251018토 6120011외414 3 61 9혼전 4431흐림포화19 8 9스마일데이      STREET BSEND THE        미수 2 033 2 1  105      33000혼4문병기박남성   0 1 4 4 3 4 1 0 1 3 33임다빈48155.580평선보41 54 549076.074.056.11949 532531625474035282915232499 0 0↘→추15.836.938.412.4607537.938.4 75.7 76.5 33 33 67 0   13.30   14.40 7  3  0NN동55.54801212 3.0 1.5 4.5616110 0전개최상승부최상76기 1 6 9     8 8 8⑧1:15.7½   1.414.338.613.8  5 -9  .55 8 3  2 2.36479355537 3 2 7 10 1 1.02 9.04 1.5 3.6  1.5    3.6    4.9    8.910.64494 4 9 9 4★ 1.638.80 -.38 1.2275.6726.9244.4656.0632526426.2536.2649.30 1
20250830토 3120012외431 3 81 9 3강 3339맑음불량20 8 9스마일데이      STREET BSEND THE        미수 2 050 9 1  125      41250혼4문병기박남성   0 2 3 3 2 4 3 0 1 2 50문세영49055.573기도보68 67 679190.067.046.13644 932531625474852282928361699 0 0↘↗입15.837.238.912.4506835.740.3 74.1 76.3 50 50 50 0   13.80   13.40 7  2  0VLUP55.54801210 3.0 1.5 4.5606010 2승부기대전개최상50기 1 3 3     1 1 2⑤1:14.1코    .513.339.414.4  4 10 1.90 5 1 -1 1.359 1875065 610 1 11 3 7.05 2.12 3.0 5.4 29.1  174.2  500.4  474.612.24484 2 9 8 2☆ 1.238.40 -.54  .2076.1219.4434.5046.0921425827.7843.0951.18 1
20250713일 11000 8외441 4 91 9 2강 2239흐림건조 4 8 9스마일데이      STREET BSEND THE        미수 2 0 0 2 1  118      41250혼4문병기박남성   0 3 2 2 1 4 2 0 0 1  0문세영48055.573하무하28 18 184969.062.041.03644 9325316254748522829283616      ↘↗입15.837.837.512.4248236.337.5 61.6 61.7  0  0  0 0   14.20   13.70 5 -8  4HBDN       1212 6.0 1.0 7.0353512-2마방연대승부기대74기 1 1 1     1 1 1②1:01.62½   .013.837.413.4  0 -1  .20 2 2  1  .517 9341183 4 3 3 31 2 1.02 8.01 2.5 4.2  2.5    4.2    8.7   31.7  .06564 2 9 9 2☆  .736.90 -.34-13.662.9312.3326.8241.0014284221.2536.3647.73 2
20250608일 5120011외442 2 91 9 2강 2249맑음건조 3 8 9스마일데이      STREET BSEND THE        미수 2 0 0 2 1   85      33000혼4문병기박남성   0 4 1 1 1 4 1 0 0 0  0문세영48152.073평무보12 25 2549  .062.038.43644 9325316254748522829283616      ↘↗입15.838.938.412.4 17937.438.8 75.5 76.5              16.20   12.70 4  0  0LN동       12 0         6.0     0 0거세출주마방연대44기 1 910     7 6 7⑦1:15.5머리 1.514.238.513.7  6 -3  .70 7 1  0 3.1666549573211 111 40 1 2.03 5.07 2.9 6.2  3.0    8.0   11.1  105.6  .04480 4 7 9 4★  .936.80 -.98 -.8376.7811.0626.0038.37102336 8.8219.5746.23 5
20251123일 8140011외4 4 3  5 2 2강 2243           810이스트비치      OMAHA BEPECTORAL 75     호수 3 0 0   1    016:05 33000혼4토니  이민정   0 0 3 2 1 2 2 0 0 2  0이혁     52.088하선보50 44 444826.041.016.51428 624611219 021 01818272119      ↘↗선13.636.340.913.092 3                    0  0 50 0   13.40   14.90 4  7  0BHDN       1612 3.0 3.0 6.0404012-2교체실패마번불리60기 010                            13.4    14.9                                 210 9 8  2                                              .01821-3 5 5-3▽ -.640.90 -.28     89.41 3.18 9.5916.54 2 511 3.8511.8216.45 7
20251025토 7160010외411 4 65 6 1강 1131맑음건조 5 810이스트비치      OMAHA BEPECTORAL 75     호수 3 0 0 9 1   82      33000혼4토니  이민정   0 1 2 2 1 2 1 0 0 1  0이혁  51352.088하도하23 32 321725.038.012.31428 624611219 021 01818272119      ↘↗선13.635.841.813.098 336.240.9103.4103.7  0  0100 0   13.20   14.70 8 -1 -4HHUP       1612 4.0 3.0 7.0565612 4마방연대도주호기38조 0 3 1   1 1 1 4⑤1:43.41¾  2.013.440.614.9  2 15  .00 5 3  0 2.37033797924 110 7 91 1 1.04 7.04 1.6 5.5  1.6    6.0    8.3   12.3  .02836-2 4 4-2  -1.241.80 -.1826.06103.9 2.30 5.7412.28 3 814 5.0615.8528.09 6
20250830토 3120012외431 2 85 9 3강 3339맑음불량20 810이스트비치      OMAHA BEPECTORAL 7525.00호수 3 0 0 9 1  147      41250혼4토니  이민정   0 2 1 2 1 2 1 0 0 0  0코지  49856.088평무보86 25 257553.056.032.429501724611219 051 01818252619      →↘선13.636.738.413.0999835.640.5 74.4 76.5              14.00   13.40 4  0  0NL동       12 0         1.0     0 0거세출주마방연대58기 2 4 1     2 2 3⑦1:14.4¾    .813.239.714.7  4  0 1.80 7 3  0 1.666 0895554 3 7 9 41 1 7.05 2.12 3.0 5.4 29.1  174.2  500.4  474.610.93970 3 7 8 3▲  .539.00  .42 1.3975.56 9.6021.5432.35 8152610.1919.5130.71 4
20251123일 8140011외4 4 3  3 1 2강 2243           811사다우카        GIFT BOXGROUP TE  116.00미수 3 0 0   1    016:05 33000혼4강성오박호균   3 0 9 9 2 8 3 0 0 8  0김효정   52.068하무적50 37 37 2 3.022.0  .61939131944 92216 4 02519162118      →↘입13.636.839.612.761 1                    0  0 25 0   13.90   14.10 4  2  0NHUP       1412  .0 9.2 9.2242412 2가는대로주력부진70기 111                            13.9    14.1                                 8 51011  3                                              .0 4 1-4 1 1-4▼-2.039.60  .64     88.86  .12  .13  .55 0 4 8  .96 1.97 4.8411
20251026일 8120011외443 2 93 1 1강 1141흐림양호 7 811사다우카        GIFT BOXGROUP TE  1     미수 3 0 0 9 1   70      33000혼4강성오박호균   3 1 8 8 7 8 2 0 0 7  0김효정46952.070하무상17 13 1321 3.030.0 7.61939131944 92216 4 02519162118      →↘입13.636.939.112.769 538.139.1 76.4 77.4  0  0 29 0   13.90   13.00 5 -2 -1NH동       1412 -.6 8.8 8.2333312 0걸음불변부진저하64기 0 9 8    101010⑩1:16.42    2.313.939.314.1 -1 -8  .801011  1 2.58486608017 4 7 9 90 2 4.0310.03 2.6 4.2  6.1   13.4   25.7    9.1  .014 6-3 1 1-3▽-1.439.10  .60 1.4376.06  .77 2.84 7.64 2 5 9  .83 1.68 4.3611
20250921일 7120011외441 2 93 2 1강 1141맑음다습14 811사다우카        GIFT BOXGROUP TE  1     미수 3 0 0 2 1   70      33000혼4강성오박호균   3 2 7 7 6 8 1 0 0 6  0김효정47752.570하무보 8 12 1225 3.029.0 6.01939131944 92216 4 02519162118      →↘입13.636.839.613.580 337.738.9 75.0 76.8  0  0 33 0   14.00   14.40 5 10 -1NH동       1412 1.6 7.8 9.4333312 0걸음불변주력부진27기 011 6     7 8 8⑥1:15.02½  2.313.937.913.0 -4  2 1.60 610 -1 2.47473566818 3 810 90 1 4.03 1.08 2.5 6.4  6.0   15.5   35.5   14.7  .014 9-3 1 1-3▽-1.639.00  .44  .4176.28  .51 1.39 6.03 2 5 9 1.22 2.27 5.2411
20250817일 7120011외452 2103 3혼전 4431맑음양호 7 811사다우카        GIFT BOXGROUP TE  1     미수 3 0 0 2 1   89      33000혼4강성오박호균   3 3 6 6 5 8 1 0 0 5  0조상범47553.558하입하 9 14 1435 4.030.0 6.61268 61944 9221614112519132018      →↘입13.636.739.413.583 237.340.1 77.1 77.5  0  0 40 0   13.70   15.10 9-10  2HNDN       1412 1.8 7.6 9.4303012-2걸음불변지울마필42기 0 1 6     8 811⑪1:17.14    2.214.040.114.4  0  1  .301111  3 3.48553848320 3 710100 3 1.0210.07 2.1 5.1  2.1    5.1    7.9   23.4  .01415-2 1 2-2  -1.539.30  .58 1.3876.12  .44 2.19 6.62 2 5 9 1.37 2.63 8.27 9
20250615일 7140011외440 4 93 3혼전 4457맑음건조 3 811사다우카        GIFT BOXGROUP TE  116.00미수 3 0 0 2 1  151      33000혼4강성오박호균   3 4 5 5 1 8 1 0 0 4  0김용근47452.082하입하16 21 212513.037.011.72149111944 9221625 02519292517      ↗↘선13.636.740.013.569 136.142.3 90.9 91.0  0  0 25 0   13.60   15.30 8  4 -2NHUP       1412 1.5 7.5 9.0343412 2걸음불변지울마필44기 011 3     3 611⑪1:30.91¾  2.513.741.915.1  3  0  .0011 8  2 3.592 7969112 2 8 6 90 2 9.07 6.08 2.9 5.0 42.8  308.3  836.9  425.2  .01424-1 3 3-1  -1.039.70  .1614.3189.07 1.69 5.6711.72 2 5 9 3.85 8.5915.44 7
20250419토 8120011외451 8103 3 2강 2223비  다습10 811사다우카        GIFT BOXGROUP TE        미수 3 0 0 2 1  178      33000혼4강성오박호균   3 5 4 4 4 8 2 0 0 3  0조상범47453.558하무상26 30 30 9 3.030.0 8.51268 61944 9221614112519132018      →↘입14.037.439.913.538 736.441.2 78.3 77.3  0  0  0 0   14.00   13.90 4  3  1NN동       1212 1.3 8.0 9.3292912 0걸음불변거리난점 1기 0 7 2     4 6 8⑧1:18.31¼  1.113.642.015.3  2  1 -.80 8 6 -3 1.68010948543 5 8 7 82 2 7.08 4.10 3.5 6.8 44.2  848.8 1353.9  968.6  .01411-1 1 1-1  -1.338.50 -.15 -.0576.78 1.52 3.83 8.52 0 2 6 1.04 2.03 4.5710
20250323일 7120011외424 4 23 1 1강 1133맑음건조 4 811사다우카        GIFT BOXGROUP TE        미수 3 0 0 2 2  253      33000혼4강성오박호균   3 6 3 3 3 8 1 0 0 2  0조상범47353.059하무하 6  4  4 7 2.025.0 4.4 940 82164 8221614112519132018      →→입14.037.639.813.527 336.939.3 75.8 76.4  0  0  0 0   14.00   14.80 4  1 -3HH동       1212 4.0 7.511.5111112 0걸음불변부진마필 1기 1 4 8     8 5 5⑤1:15.8¾    .614.039.313.9 -4  4  .50 5 9  4 1.8583565555811 910110 1 1.03 5.01 1.5 1.9  1.5   13.8   20.0  483.0  .014 4-4 1 1-4▼-1.938.10 -.06-1.0476.84  .35 1.42 4.35 0 2 5  .12 2.11 5.8811
20250222토 2120012외452 8103 2 1강 1139맑음건조 3 811사다우카        GIFT BOXGROUP TE        미수 3 0 0 9 2  353      41250혼4강성오박호균   3 7 2 2 2 8 1 0 0 0  0김용근46956.087하무보31 24 241129.034.013.91832 52164 8221625 02519292517      →↗선14.037.540.213.530 237.340.4 79.1 77.6  0  0  0 0   14.00   13.4015 -9  1HN동       1212 1.010.011.0 4 412 0걸음불변보통걸음 1기 1 3 4     6 610⑫1:19.12    2.314.041.114.8  7  4-1.4012 5 -5 3.18657868718 612 4 80 1 2.07 4.12 3.8 7.9  4.3   44.0   75.0  159.1  .01419-2 4 2-2  -1.038.50 -.52 -.1277.01 2.36 7.2513.88 1 4 8 5.2116.3319.80 8
20241110일 2120011외450 4103 7 1강 1135흐림건조 5 811사다우카        GIFT BOXGROUP TE        미수 2 0 0 2 4  648      41250혼4강성오박호균   3 8 1 1 1 8 1 0 0 0  0정우주46555.065평무보   25 2540  .036.018.11464 61720122216 0 02519163013      ↘→입    36.738.5        37.341.4 79.0 79.0              13.80   13.60 4  0  0LL동       12 0                 0 0걸음불변기수신마 1기 112 6     6 811⑪1:19.014   3.914.041.813.8  1 -5 -.301110  0 4.096549595 5 6 6 9 80 1 3.02 7.01 3.4 7.6  5.6   12.3   20.8   24.012.03326 2 4 5 2   -.839.80  .76 3.7775.61 4.4410.2918.06 2 5 910.3420.1131.18 9
20251123일 9180010국3 3 4  4 5혼전 4455           9 1킹아너          투아너앤정보왕   8233.00한거 61422   1    017:00 41250국3박윤규퍼플라인 2 016241735 9 5 335 22해리카   57.570평자보50 51 515026.046.027.31950101644 9181916261611182612253838↘↘입13.736.340.013.64535                   34 34  922   14.30   14.20 4 -4  6UBUP53.24641818-1.6 5.2 3.6626217 2걸음관심작전마주59기 0 1                            14.3    14.2                                 1 1 5 5 10                                              .02736 0 5 6 0   -.340.00 1.19     117.1 7.6615.4227.32 71627 4.7614.2919.69 5
20251026일10160010국223 5 74 5 2강 2238흐림양호 7 9 1킹아너          투아너앤정보왕   4831.00한거 61423 9 1   68      495002등박윤규퍼플라인 2 11523 835 8 5 334 23해리카47052.071평자보56 50 501729.045.027.91950101644 9181916261611182612253838↘↘입13.736.538.913.6543236.340.0102.5103.5 34 34  922   14.30   13.50 4 -3  0NH동53.24641818-2.6 6.2 3.6727217 0걸음관심작전마주45기 0 5 7   7 8 8 8⑥1:42.5코   1.214.339.814.2  2  2  .79 6 4 -1 1.76639626047 6 1 3 50 9 1.0810.01 1.5 2.5  1.5   17.3   21.9   57.1  .02727 0 6 5 0   -.438.90  .4428.12102.7 8.9317.1327.89 71627 5.7517.6827.37 5
20250927토10160010국232 2 84 4혼전 4431맑음다습11 9 1킹아너          투아너앤정보왕   4831.00한거 61524 9 1   56      495002등박윤규퍼플라인 2 21422 735 7 5 333 24해리카46852.071평자보76 67 671715.039.012.31950101644 9181916261611182612253838↘↘입13.736.639.013.6522836.839.8100.8103.3 35 35 1326   14.50   13.80 3  7 -1NHDN53.24641818-2.6 6.2 3.6727217-1주행평범보통걸음66기 0 8 8   8 8 8 7④1:40.85    1.914.338.613.5 -1  6 2.20 4 5  0 2.95771546328 8 2 5 83 8 1.04 1.10 2.0 3.8  2.0   16.9   24.5   22.1  .01925 0 4 4 0   -.739.00  .7327.70102.8 2.18 5.7112.28 3 814 2.78 8.9313.27 8
20250906토 51700 8국231 2 84 5 3강 3321흐림다습13 9 1킹아너          투아너앤정보왕   4831.00한거 61525 1 1   38      825002등박윤규퍼플라인 2 31321 235 6 5 332 25해리카46253.071평자상94 94 946960.053.025.91950101644 9181916261611182612253838↘↘입13.739.740.113.6496439.740.8110.5112.6 37 33 1730   14.40   13.20 5 -6  1UNUP53.24641818-3.2 7.2 4.0707017 1걸음관심최적거리 5   0 1 3 3 3 3 3 4⑤1:50.52    1.114.539.613.8  0  7 1.30 5 5  0 1.62543464047 7 1 3 52 7 1.02 3.02 1.6 3.2  1.6    3.2    4.8    7.011.22751 0 7 7 0    .241.30  .6032.78112.9 5.9814.7625.87 8152612.5022.4136.94 5
20250802토 91600 9국252 3 54 8 2강 2231맑음건조 3 9 1킹아너          투아너앤정보왕   4831.00한거 61625 1 1   77      495002등박윤규퍼플라인 2 41220 635 5 5 331 25해리카45552.071평입상58 75 751784.063.042.91950101644 9181916261611182612294329↘↘입13.737.039.013.6243236.837.5100.9101.4 41 31 1724   14.70   12.80 4  1 -2NHDN53.44651818-3.0 8.2 5.2616117-2뒷심문제탄력호조76기 1 7 9   9 7 6 4③1:40.92     .314.438.713.2 -2 -5 -.20 3 5  1  .6 767 6 471 9 1 3 33 6 1.0210.08 2.0 4.3  2.0    4.3    6.1    8.4  .04458 2 8 8 2△  .939.00 -.1825.42103.011.8328.1642.8915324711.9829.5342.21 3
20250705토 71800 7국443 4 94 7 2강 2221맑음건조 3 9 1킹아너          투아너앤정보왕   8233.00한거 61323 1 1   77      41250국4박윤규퍼플라인 2 511191635 4 4 330 23해리카46053.570평입상41 44 444555.059.050.21950101644 9181916261611182612333333↘↘입13.740.440.113.6233240.838.9117.2118.0 39 29 1818   14.90   13.30 3  5 -1NH동53.34661818-3.2 9.4 6.2535317 0전력변화탄력호조44기 0 6 6 6 6 5 3 2①1:57.21½  -.314.738.412.8 -3  6  .60 1 4 -3  .02471112393 6 2 4 42 5 4.01 6.04 2.6 4.3  7.3    5.7   17.0    8.1  .04453 0 6 5 0    .740.40 -.5637.46118.715.7433.7250.2113284311.4325.1336.56 4
20250614토 8180011국350 3104 8 1강 1151맑음건조 3 9 1킹아너          투아너앤정보왕   8233.00한거 61324 2 1   53      41250국3박윤규퍼플라인 2 610181535 3 4 329 24해리카45454.570평입상28 31 314551.059.034.21950101644 9181916261611182612404020↘↘입13.740.440.213.6222540.839.0117.9118.6 41 30 1922   14.60   14.40 3 -4  1UN동53.14681818-3.210.0 6.8414117 0걸음늘어탄력호조80기 1 1 8 8 8 9 9 7⑤1:57.92     .414.939.013.3 -2 -3  .00 5 7 -3  .74169142672 7 2 6 43 4 2.0410.11 2.7 8.0  5.5    9.6   22.5   39.6  .04457 1 5 7 1△  .840.50 -.2337.98118.810.4222.1134.15 82033 7.4315.8826.56 6
20250525일 9180010국330 7 84 3 1강 1151맑음양호 8 9 1킹아너          투아너앤정보왕   8233.00한거 61425 2 1   62      41250국3박윤규퍼플라인 2 7 9171435 2 4 328 25해리카45753.570평입상36 17 1711 8.033.0 9.61950101644 9181916261611182612502525↘↘입13.740.340.313.6261840.739.8118.8119.4 38 35 1923   14.30   13.50 3 -3 -1NH동53.04711818-1.0 9.2 8.2272717 0걸음불변보통걸음36관 1 5 5 6 6 5 5 5④1:58.8코    .214.640.714.4 -6 -2 -.50 410  0  .66266364677 4 510102 3 1.07 6.08 2.5 4.6  2.5   42.3   53.6   49.7  .01421-1 2 1-1  -1.140.70  .3138.77118.8 1.30 4.33 9.63 0 2 6 2.88 5.6112.1510
20250503토10180011국313 4 64 1혼전 4441맑음포화18 9 1킹아너          투아너앤정보왕   8233.00한거 61425 1 1  134      41250국3박윤규퍼플라인 2 8 8161335 1 4 327 25해리카45954.070평선상15  3  3 2 9.029.0 6.81950101644 9181916261611182612502525↘↘입13.740.240.413.6331640.540.4116.2118.7 40 36 2024   15.10   14.90 3 -3 -1NN동53.04711818 -.8 9.2 8.4292917 0가는대로보통걸음 1기 0 8 5 5 6 4 4 4⑦1:56.2½   1.414.339.713.5 -3  2 1.60 710  0 2.04458555844 9 511112 2 1.06 7.01 1.8 5.1  1.8    7.6   10.0   30.5  .0 810-2 1 1-2  -1.440.70  .3838.10118.8  .70 2.49 6.80 0 1 5 1.89 5.0412.6311
20250412토 7180011국333 8 84 5 3강 3337비  양호 8 9 1킹아너          투아너앤정보왕   8233.00한거 61526 2 1  200      41250국3박윤규퍼플라인 2 9 7151235 1 4 326 26김태희45755.063평선상11 12 122210.039.013.8 929 51644 91819 9161611152316502525↗↗입13.740.140.313.6441841.340.4119.6119.3 42 38 2125   14.20   14.20 3 10  4VNUP53.04711818-1.6 8.4 6.8404017 2걸음불변단기승부 1관 111 9101010 9 9⑨1:59.62½  1.915.141.614.9 -1 -4-1.50 910  0 2.16185557735 5 710100 8 3.01 4.02 3.2 6.2  4.3    6.2   14.8    8.5  .01529-1 2 1-1   -.740.90  .2838.92118.7 2.87 7.0413.80 0 2 6 1.92 6.4810.5711
20250322토 9160010국344 5 94 3 1강 1131맑음건조 4 9 1킹아너          투아너앤정보왕   4831.00한거 61628 2 2  261      41250국3박윤규퍼플라인 210 614 535 1 4 325 28김성현46151.570기선적 9  9  91711.042.013.41650 5 833 2181917241611162519502525→→입13.736.339.113.6642337.538.8103.4103.1 43 39 2226   14.80   14.60 8 -7 -4UH동53.04711818-1.6 7.8 6.2454517 0걸음불변감량기수 1기 0 1 7   7 9 9 7⑥1:43.4목    .814.240.014.2 -4 -9 -.40 610  0 1.65695296155 4 610 83 1 2.01 4.05 3.1 5.1  3.8    6.4   12.1   10.1  .01432-1 2 4-1   -.539.10  .8027.67102.7 2.20 6.3413.38 1 512 1.45 4.5311.28 9
20250126일 9160010국324 5 74 4혼전 4431맑음건조 3 9 1킹아너          투아너앤정보왕   4831.00한거 61629 9 3  401      41250국3박윤규퍼플라인 211 513 435 1 4 324 29김태희47055.059평선하 9 13 131711.034.011.51875111450 91819 9161611152316502525↘↘입13.736.539.113.6542336.640.2104.3104.6 45 41 2327   14.80   15.40 3 -3 -1NNDN53.04711818-1.0 7.2 6.2484817-2걸음불변작전마주 1관 0 8 9   9 9 9 9⑧1:44.37    2.814.840.814.6 -2  0  .10 810  4 3.08855687415 5 310100 7 2.04 2.04 3.0 7.5  3.8   13.7   25.6   40.4  .01716-1 2 2-1  -1.039.10  .7529.02102.8 1.92 5.7411.48 1 4 7 2.41 6.7014.6110
20250105일10180011국351 7104 3 1강 1153맑음양호 7 9 1킹아너          투아너앤정보왕   8233.00한거 61730 1 3  466      41250국3박윤규퍼플라인 212 4121135 1 4 323 30코지  47056.087평입보59 48 483250.046.023.72244121450 9181918 01611252619502525↗↗선13.740.140.213.6452340.242.8121.7121.3 48 43 2429   14.70   14.70 2  6  0VL동53.04711818-2.4 7.2 4.8565617 0주행평범보통걸음 1기 011 7 8 9101111⑪2:01.76    3.614.843.015.4  5  0 -.4011 6 -4 4.69248929218 4 3 4 60 1 1.07 1.04 2.6 6.7  2.6   24.6   36.5  126.4  .01750 0 5 4 0   -.341.10  .0841.02118.7 6.6313.7123.73 6152611.9618.9132.35 6
20241222일 9180011국352 8104 4혼전 4441맑음양호 6 9 1킹아너          투아너앤정보왕   8233.00한거 51831 2 3  512      41250국3박윤규퍼플라인 213 3111035 6 4 322 31김태희47056.059평입상70 71 712129.037.0 8.71875111450 91819 9161611152316502525↘↘입13.740.140.113.6442839.841.3120.0118.9 50 45 2530   14.40   13.30 4  1  4NB동53.04711818-2.2 6.6 4.4565617 0주행불만최근최상 1관 0 5 8 7 6 3 3 2⑧2:00.01¾  1.214.741.814.7 -2  4-1.10 810  4 1.34829766251 7 5 5100 6 7.08 1.11 4.510.8 13.0  125.4  262.4  578.0  .01524-1 5 2-1  -1.140.80  .4538.66118.6 1.30 3.98 8.65 1 4 8 4.3113.6821.66 9
20241123토 91800 9국352 7 54 8 2강 2259맑음건조 4 9 1킹아너          투아너앤정보왕   8233.00한거 51428 2 4  610      41250국3박윤규희망홀스-114 210 935 5 3 321 28김태희46652.058평선상45 40 405763.064.069.5 8 0 71325101830 914161115231667 033↗↘입13.740.340.213.6322540.139.3118.4117.5 47 42 2632   14.50   14.00 5 -3  1HN동53.34721818 -.8 6.8 6.0414117 0기습선행탄력호조 1기 0 4 4 4 4 3 1 1①1:58.4목    .014.438.713.3 -5  8  .00 1 6 -1  .01141211590 7 2 4 22 5 6.01 4.03 2.7 4.5 11.0   12.7   37.1   12.5  .04465 0 7 7 0△ 1.140.50 -.9936.97118.729.1253.3069.4918395614.8929.5940.51 3
20241020일 91800 8국351 6 54 2 1강 1131맑음다습14 9 1킹아너          투아너앤정보왕   8233.00한거 51530 2 4  707      41250국3박윤규희망홀스-115 1 9 835 4 3 320 30김태희45851.058평입하11  1  112 4.034.011.9 8 0 71325101830 914161115231667 033↗↘입13.740.340.213.6342339.340.9117.9118.2 44 39 2233   13.90   14.10 3 -3  0NUUP53.34721818  .4 6.4 6.8343417 4걸음불변보통걸음 1기 0 7 2 2 1 1 1 2③1:57.9½    .114.540.314.0 -4 -1 1.10 3 7  0 1.73014683878 5 4 7 61 4 1.04 1.02 1.8 2.9  1.8    6.7   11.2   41.1  .01420-1 1 1-1  -1.140.60  .2937.74118.7 1.44 5.1311.86 51222 1.01 2.21 7.64 8
20251123일 9180010국3 3 4  5 3혼전 4455           9 2슈어윈          BERNARDI매그니피        한암 51530   1    017:00 41250국3토니  지성배   0 016 11126 2 4 426 30김태훈   54.572기선보50 35 35 916.028.0 5.020431024611219 029 01818112519702010↘→입13.439.541.212.547 5                   45 45 1823   14.40   14.50 4 -8 -1UN동53.24152018  .0 6.8 6.8303013 0걸음불변기복전력 1   0 2                            14.4    14.5                                 5 9 9 9  5                                              .01416-2 3 2-2  -1.741.20  .40     118.8  .67 2.42 4.98 2 5 9 5.9511.9019.69 7
20251025토10180011국452 7 55 2혼전 4441맑음건조 5 9 2슈어윈          BERNARDI매그니피        한암 51632 9 1   79      41250혼3토니  지성배   0 115 21026 1 4 425 32김태훈43755.572기선적38 18 18 313.030.0 4.920431024611219 029 01818112519702010↘→입13.440.141.112.543 839.542.8119.6121.0 48 48 1924   14.80   13.90 4  0  4LB동53.24152018 -.4 7.2 6.8282813 0걸음불변기복전력43기 010 5 6 8 91010⑨1:59.61½  1.814.441.814.5  1 -1  .80 9 8  5 2.58827918632 710 8110 4 3.05 3.11 2.2 4.8  4.6   19.7   36.1   23.1  .01413-3 2 2-3▽-1.641.10  .2539.81119.0  .36 1.07 4.93 1 4 8 2.46 5.9812.00 8
20250927토 9180010국344 9 45 1 1강 1149맑음다습11 9 2슈어윈          BERNARDI매그니피        한암 51633 9 1   57      41250국3토니  지성배   0 214 1 926 1 4 424 33이상규43851.555기선적22 10 10 3 7.024.0 2.6 6 0 724611219 018 01818122314702010↗↘입13.440.041.212.552 439.940.4118.4118.5 52 48 1914   14.10   13.50 3  5 -5VH동53.24152018 -.6 8.4 7.8141413 0전력변화부진마필64기 010 7 7 6 7 8 6⑦1:58.41¼  1.414.840.613.9  4  0 -.59 7 3  0 2.13543504244 511 8110 1 2.01 8.04 2.0 3.1  3.7    3.1    7.1   10.7  .023 6-4 2 2-4▼-1.840.90  .2937.27119.0  .12  .12 2.59 1 3 5 1.01 4.23 9.8211
20250907일101800 9국413 4 65 5 1강 1139맑음다습14 9 2슈어윈          BERNARDI매그니피        한암 51734 1 1   22      41250국4토니  지성배   0 313 2 826 1 4 423 34김태훈43856.072기선적16  3  31322.041.025.020431024611219 029 01818112519702010↘→입13.440.041.312.551 539.839.4116.2118.0 55 50 1520   14.20   13.50 7  2  1NBUP53.24152018 -.6 8.4 7.8141413 2마방기습탄력호전39기 0 5 3 2 3 4 1 1④1:56.21     .414.139.013.5  1  4  .80 4 3  0  .52133221269 3 9 7 42 3 2.01 1.09 1.8 4.9  6.0    5.8   15.1   37.0  .03328-1 3 4-1   -.540.80 -.2336.65119.0 4.8213.4625.03 82033 8.4518.1828.38 5
20250720일 8160010국314 6 65 5혼전 4431맑음포화17 9 2슈어윈          BERNARDI매그니피        한암 51836 2 1  112      41250국3토니  지성배   0 412 1 326 1 4 422 36코지  43455.586기선상 5  3  31758.047.025.129501724611219 051 01818252619702010→↘선13.436.339.512.5665538.137.7101.6102.5 55 45 1020   14.40   13.20 2 -4 -1UNDN53.24152018 -.2 9.2 9.0 8 813-2걸음불변마방기습49기 0 3 5   5 8 7 6⑨1:41.61¼  1.014.238.113.5  6 -1  .55 9 3 -2 1.93298 83652 4 410 60 1 1.09 2.10 1.6 4.0  1.6   22.5   27.4   30.5  .02451-1 6 7-1   -.439.50  .3426.68102.9 8.0815.0025.07 5122212.1622.4930.97 5
20250705토 71800 7국443 4 95 1 2강 2221맑음건조 3 9 2슈어윈          BERNARDI매그니피        한암 51938 1 1   34      41250국4토니  지성배   0 51114 726 2 4 421 38김태훈43556.072기선보 5  1  1 7 9.029.010.320431024611219 029 01818112519702010↘→입13.439.841.412.563 340.340.1118.7119.3 58 42 2121   13.70   14.50 5  4  0VLUP53.24152018 -.2 9.2 9.0 8 813 4걸음불변부진마필80기 1 7 4 5 5 4 5 4④1:58.71¾  1.214.439.713.2 -1 -1  .60 4 5 -6 1.56252464449 3 8 8 82 2 4.01 6.04 2.6 4.3  7.3    5.7   17.0    8.1  .014 5-3 2 2-3▽-1.441.20  .1338.13119.0 1.16 3.9710.27 2 511 1.90 6.0317.20 7
20250531토 9140011국334 1 85 1 3강 3341맑음건조 4 9 2슈어윈          BERNARDI매그니피        한암 5 1   9 1   91      41250국3토니  지성배   0 61013 326 1 4 4 0  0김태훈43656.073기선보18 14 1431  .036.0 8.320431024611219 029 01818112519702010↘→입13.436.839.512.5694336.541.7 89.5 90.4 61 50 1722   14.40   13.4047 -4  4UBDN53.24152018  .4 8.4 8.8 8 813-6뒷심문제부진마필48기 0 3 2     4 510⑩1:29.57    3.213.740.614.5 -1 16 1.001011  4 3.387229390 5 51010 80 1 2.05 4.01 2.7 4.4  3.0   15.7   24.2   14.511.22912-4 3 2-4▼-1.139.40  .5114.1088.80  .96 3.48 8.34 2 713 7.6315.5837.20 5
20240629토112000 8국251 2 55 1 3강 3341맑음건조 5 9 2슈어윈          BERNARDI매그니피        한암 42142 9 6 1008      495002등서범석청팅콩  -1 7 912 126 1 4 419 42해리카42052.077기선상 5  1  1 112.022.0  .81738 9163313201431 02115182612702010↘↗입13.439.141.612.5691640.044.3137.7138.6 65 53 1829   14.20   14.40 5 -3  0NHUP53.24152018  .0 8.8 8.8202013 2가는대로부진마필 1기 0 7 4 6 8 7 7 7⑦2:17.713   7.013.944.815.8  0 -3  .00 7 7 -3 7.79979959712 2 8 8 80 2 3.05 1.04 1.6 2.7  8.1   22.8   54.0   34.511.2 6 3-4 1 3-4▼-2.041.10  .1157.90132.1  .12  .13  .76 2 713 2.68 6.3913.08 8
20240525토11180011국253 8105 2 1강 1141맑음건조 3 9 2슈어윈          BERNARDI매그니피        한암 4 1   9 6 1113      495002등서범석청팅콩  -1 8 811 626 1 4 4 0  0다비드42352.077기선보 5  1  111  .030.0 9.3 933 0163313201417 02115172418702010↘↗입13.439.641.012.5822039.640.9119.9119.9 69 56 1931   13.70   18.2011  4  0BH동53.24151818  .0 7.4 7.4333313 0걸음불변휴양불리 1기 010 4 4 5 81010⑨1:59.99    2.414.241.014.4 -1  0 -.60 910  1 3.97323684724 21111 80 1 1.04 2.03 2.6 5.3  2.6    8.1   12.6   32.7  .01414-4 2 1-4▼-1.341.50  .3439.27118.8 1.56 4.07 9.33 1 4 7 6.0013.0939.68 6
20240310일101800 9국222 7 75 2 3강 3351맑음건조 4 9 2슈어윈          BERNARDI매그니피        한암 42347 2 7 1342      495002등서범석청팅콩  -1 9 710 526 1 4 417 47해리카42352.071평선보28 14 14 918.032.0 8.22258121660 5201431 02115182612702010↘↘입13.439.740.712.5743538.050.1126.8126.3 73 60 1333   13.60   14.7012 -1  1NNUP53.24151818 -.4 6.8 6.4505013 2걸음불변휴양불리 1기 0 6 2 3 3 5 8 9⑨2:06.8대차 8.113.750.318.2  0 15 -.10 9 9  0 9.199 0999910 3 7 8 90 1 2.01 7.09 2.2 2.6  3.0    2.6    5.0   11.711.21422-2 3 3-2  -1.242.10  .4145.91118.7  .99 3.18 8.17 1 4 7 5.0510.8420.72 8
20231217일11160010국213 9 65 7혼전 4431맑음포화18 9 2슈어윈          BERNARDI매그니피        한암 32550 2 8 1585      495002등서범석청팅콩  -110 6 9 22610 4 416 50박태종40851.074우선하21 17 171723.044.012.9193114234014201417362115202320702010→↘선13.436.139.112.5777536.441.6102.7103.3 79 64 1436   13.50   14.4014 -1 -1NUUP53.24151818 -.8 5.4 4.6666613 2연대우수부중유리 1   0 7 3   3 3 4 9⑩1:42.72½  2.413.640.414.7  1 -1 1.4010 9  2 2.56141919123 3 61010011 1.02 9.02 2.0 4.6  2.0    4.6    7.1   18.0  .03138 0 4 4 0   -.639.10  .8928.05102.6 2.43 7.3012.92 2 5 9 4.6211.4517.32 9
20230909토 4140011국224 1 25 8혼전 4441맑음양호 8 9 2슈어윈          BERNARDI매그니피        한암 32653 210 1892      825002등서범석청팅콩  -111 5 8 226 9 4 415 53박태종40952.084강선상79 82 827661.056.021.31865 2255010201417362115202320702010↘↗선13.436.738.812.5808236.940.7 89.0 91.1 85 69 1538   13.90   13.60 3  1  1NNDN53.24151818-1.6 4.6 3.0848413-4전개최상연대우수 1   0 8 5     51010⑨1:29.05    3.713.539.914.4  2 10 1.60 9 7 -2 3.792428381 1 5 5 5 6010 2.06 5.01 1.6 1.9  3.8   41.6   73.2  135.6  .03859 0 6 5 0△  .139.70  .6715.5688.25 5.0612.4521.30 51222 9.0219.9326.23 5
20230820일 8180010국251 3105 8혼전 4451맑음건조 3 9 2슈어윈          BERNARDI매그니피        한암 32857 210 1939      495002등서범석청팅콩  -112 4 7 426 8 4 414 57박태종39951.084강선상78 88 889285.070.039.21865 2255010201417362115202320702010↘↗선13.439.840.212.5696439.738.9119.0118.1 92 67 1733   13.90   14.20 5 -1 -3NUUP53.24151813-2.0 4.0 2.0909013 1후착무난전개최상 1기 0 7 1 1 1 1 1 3⑦1:59.01     .713.939.313.6 -2 -8 -.80 7 9  6 1.7242612 463 1 7 3 21 9 5.0411.01 5.010.9  8.0   14.0   31.6   64.110.54484 2 9 8 2▲ 1.341.00 -.1738.05118.515.8028.7439.2418365115.6928.0037.98 2
20230716일 8170010국452 3105 8혼전 4421맑음포화16 9 2슈어윈          BERNARDI매그니피        한암 33053 211 2029      41250국4서범석청팅콩  -113 3 6 226 7 4 313 53박태종40754.081강선상67 85 857570.060.029.7306917 6 0 4201417362115202320672211↘↘선13.439.340.512.5738538.741.1110.3112.3 91 64  936   14.00   13.60 4  3 -1NNDN53.14161813-2.0 3.8 1.8909013-1강단마필거리속성 1기 2 8 2 2 2 2 2 1②1:50.33     .013.940.714.2 -1  1  .70 2 3 -3  .619 6572181 3 5 3 61 8 4.03 9.08 4.2 8.0  6.9   14.6   29.8   81.612.73367 2 7 6 2    .741.60  .5032.49112.9 7.2517.6929.71 7162710.0825.7540.00 5
20230618일10180011국453 2105 6혼전 4431맑음건조 3 9 2슈어윈          BERNARDI매그니피        한암 33358 211 2107      41250국4서범석청팅콩  -114 2 5 326 6 4 312 58박태종40655.081강선상87 94 948582.065.032.4306917 6 0 4201417362115202320632513↘↘선13.439.939.912.5637939.840.0118.3118.6 90 70 1040   14.20   13.80 7 -6  2NBUP52.94171813-3.0 4.4 1.4909018 1마방선전강단마필 1기 1 5 2 2 2 2 2 2④1:58.3½    .014.039.913.6 -2 -4  .60 4 6  4  .24229412485 3 3 1 41 7 5.01 4.01 3.2 5.8 10.8   14.1   39.7   18.910.52969 0 9 8 0   1.041.00  .0438.82118.510.9921.9132.4410233613.7725.9335.50 2
20230429토 81700 9국453 1 55 7혼전 4441흐림포화18 9 2슈어윈          BERNARDI매그니피        한암 32754 912 2255      41250국4서범석청팅콩  -115 1 4 126 5 3 311 54박태종41053.076강선하 9 48 486940.061.034.4225012245017201417362115202320572914↗↘선13.439.440.412.5729139.540.1110.8112.9 89 78 1144   14.10   15.10 3 10  1BNDN52.94181813-2.8 4.6 1.8888818-1강단마필마방선전 1기 011 2 2 2 2 2 1①1:50.81¾  -.314.239.513.8 -1  2  .90 1 2 -2  .03828281489 2 3 8 41 6 2.0111.10 3.0 3.5  3.1    3.5    7.3   16.3  .03362 0 5 8 0    .641.60  .4133.14112.913.2424.2234.35183651 7.3716.7525.85 7
20251123일 9180010국3 3 4  5 3혼전 4455           9 3천장사          오버애널마이패션 7232.00한거 42126   1    017:00 41250국3문병기퍼플라인 2 016 1 919 1 4 119 26루이스   53.082기입상50 39 391118.038.015.414 0 03253162521 0 02829133813204020→→입13.540.340.712.36313                   33 40 1320   14.80   14.60 4 -2 -1HH동54.84511818  .8 4.8 5.6373717 0걸음불변기복전력36기 0 3                            14.8    14.6                                 9 3 6 6  1                                              .01435-1 3 3-1  -1.040.70  .08     118.9 2.42 7.6115.43 51222 5.9513.1024.32 6
20251025토10180011국452 7 55 5혼전 4441맑음건조 5 9 3천장사          오버애널마이패션 7232.00한거 42227 9 1   79      41250혼3문병기퍼플라인 2 115 2 819 4 4 118 27이동하46354.088평입보56 38 384443.054.024.6284915325316252126312829242619204020→↘선13.539.740.712.3731340.342.2119.2120.6 36 43 1421   14.30   13.80 4 -6  2NN동54.84511818 1.2 3.8 5.0424217 0승군탐색기수영향86기 2 510101011 9 8⑦1:59.22½  1.414.841.214.6  0 -8  .80 7 7  3 2.18559858841 3 5 7 6010 3.05 3.11 2.2 4.8  4.6   19.7   36.1   23.1  .02358 0 5 6 0    .241.50  .0340.21118.7 6.5714.9824.56 51222 6.5615.3826.57 6
20250927토 9180010국344 9 45 5 1강 1149맑음다습11 9 3천장사          오버애널마이패션 7232.00한거 42329 9 1   57      41250국3문병기퍼플라인 2 214 1 719 3 4 117 29이동하47152.588평추보40 33 335860.052.031.6284915325316252126312829242619204020→↘선13.539.940.612.3601638.840.8118.1118.2 38 54 1523   14.60   12.60 2  8 -2BHUP54.84511818  .6 3.4 4.0525217 2걸음불변단기승부10관 011 4 4 3 3 4 4⑥1:58.1½   1.114.341.013.8  2  4 -.50 6 4  1 1.827 9602353 3 3 3 52 9 2.01 8.04 2.0 3.1  3.7    3.1    7.1   10.7  .01851 0 6 6 0    .340.90 -.1637.67118.7 8.3020.6931.56 6162816.1628.5744.73 4
20250914일 61600 8국440 2 45 4 1강 1131맑음다습13 9 3천장사          오버애널마이패션 3641.00한거 42531 2 1    6      41250국4문병기퍼플라인 2 313 4 119 2 4 116 31이동하46754.088우입하50 38 381746.051.035.2284915325316252126312829242619204020→↘선13.536.640.312.9471836.638.0101.2102.5 42 67  025   14.70   13.50 2 -4  1HNDN54.84511818 -.4 4.2 3.8585817-2주행평범기수영향27기 0 3 8   8 6 8 6③1:41.25     .914.637.812.6  0  1  .80 3 3 -3 1.2325412 852 4 7 5 43 8 1.07 8.06 2.0 3.7  2.0   20.1   29.0   32.2  .01735-1 5 6-1   -.140.30 -.4125.61103.6 9.2919.0835.20102336 7.3720.8335.48 5
20250831일 9180011국342 4 95 5 3강 3331맑음포화17 9 3천장사          오버애널마이패션 7232.00한거 42633 9 1   24      41250국3문병기퍼플라인 2 412 3 619 1 4 115 33이동하46653.588우입보72 56 564645.056.027.7284915325316252126312829242619204020→↘선13.540.041.012.9611440.940.2117.1119.6 45 64  027   14.80   14.70 5 -4 -1NH동54.84511818-1.0 3.4 2.4717117 0마방선전기수영향66기 1 7 8 8 8 910 9⑧1:57.1코   1.914.739.613.5  2  5 1.40 8 6  2 2.16778466434 710 7 40 7 2.05 6.01 2.8 5.3  4.0   23.8   38.1   52.110.92670 1 5 6 1    .441.00 -.2238.60118.9 7.4117.6227.66 82134 7.2315.2821.69 6
20250726토 8180011국341 9 95 7 1강 1121맑음건조 4 9 3천장사          오버애널마이패션 7232.00한거 42835 9 1   80      41250국3문병기퍼플라인 2 511 2 519 1 4 114 35씨씨웡46154.589강추보95 95 957190.065.047.6305310325316252122 02829202422204020→↘선13.540.240.812.9502839.442.3118.6118.7 50 70  030   14.50   13.70 4  3  1VN동54.84511813-1.6 3.4 1.8888817 0마방선전마방선전40기 0111010 9 6 5 4④1:58.64    2.414.842.114.7  0  6 -.20 4 4  2 2.44321887730 8 6 2 32 1 2.03 3.10 3.2 7.4  3.6    9.7   20.2   25.412.02987 2 8 8 2△ 1.240.70 -.6637.67118.918.2933.9847.5919405618.9936.8146.10 3
20250629일10180011국351 7105 8 1강 1131맑음양호 7 9 3천장사          오버애널마이패션 7232.00한거 43038 9 1   62      41250국3문병기퍼플라인 2 610 1 419 6 4 113 38이동하45553.588강입적84 76 767186.065.047.0284915325316252126312829242619204020→↘선13.539.940.812.9603240.040.4117.7117.7 56 67  033   15.20   14.30 4 -1  1NN동54.84511813-1.8 3.6 1.8878718 0주행평범마방선전46기 0 8 7 7 7 7 7 4④1:57.7¾    .514.540.713.7  2  4 -.30 4 2 -1 1.31839524371 4 7 3 23 6 1.04 9.10 2.6 7.7  2.6   12.2   17.5   41.8  .03784 3 8 8 3▲ 1.240.90 -.5537.02118.817.4632.9746.9919405619.1533.2140.19 2
20250531토 81800 9국450 7 55 6혼전 4451맑음건조 4 9 3천장사          오버애널마이패션 7232.00한거 43341 9 1   72      41250국4문병기퍼플라인 2 7 9 5 319 5 4 112 41이동하45153.088우입적98 96 968782.069.059.8284915325316252126312829242619204020→↘선13.540.140.512.9484741.140.2120.1119.2 56 67  056   14.80   13.50 5 -1 -4VHUP54.84511813-1.4 4.0 2.6787818 1마방선전기수영향50기 1 9 9 8 8 6 6 8⑧2:00.13    1.615.241.214.3  5 -6-1.59 8 3  1 3.35879516940 1 6 1 12 5 2.01 6.02 2.8 3.5  3.1    3.5    7.0   25.410.52687 1 9 9 1   1.340.90 -.8238.55118.827.2545.8259.7532526422.6239.5555.04 1
20250427일10170011국421 2 75 8혼전 4431맑음양호 6 9 3천장사          오버애널마이패션 3641.00한거 42736 9 1  145      33000국4문병기퍼플라인 2 8 8 4 419 4 3 111 36이동하45756.588우입적96 99 998576.071.061.2284915325316252126312829242619 05025→↘선13.539.640.812.9587240.139.8111.0112.0 50 63  050   15.20   14.00 5  2  1BLDN54.44501813 -.4 2.8 2.4808018-1선전만회마방선전 1기 110 7 7 6 2 2 2①1:51.0¾   -.214.839.413.5 -1  6  .80 1 2 -5  .01260192287 9 5 1 11 4 2.0910.07 1.7 3.5  3.9   51.3   93.1  186.410.52688 1 8 9 1▲ 1.441.30 -.5231.63113.428.9950.2561.2135536826.9236.2650.36 1
20250323일 9180011국453 8105 6혼전 4441맑음건조 4 9 3천장사          오버애널마이패션 7232.00한거 43030 2 2  251      33000국4문병기퍼플라인 2 9 7 3 219 3 3 010 30이동하45156.085우입적62 60 607357.065.045.12253 9365424252126312829242619 067 0↗→선13.540.240.012.9437540.240.2117.7117.2 43 57  057   15.30   14.40 5  7  0LL동53.84491813 -.8 3.6 2.8727217 0직전탐색최근최상 1기 1 81010 8 7 6 2②1:57.71     .015.241.114.0 -5  3 -.90 2 7  6  .2 846494480 6 2 4 23 3 1.07 1.08 2.9 7.2  2.9   21.4   32.2   56.1  .03380 1 7 7 1   1.140.50 -.3737.03118.618.6833.7845.1218365111.9027.0835.41 3
20250215토 9180011국451 8105 6혼전 4451흐림건조 4 9 3천장사          오버애널마이패션 7232.00한거 43333 2 2  368      33000국4문병기퍼플라인 210 6 2 119 2 3 0 9 33이동하44856.085기입적85 81 815275.056.037.92253 9365424252126312829242619 067 0↗→선13.540.240.412.9415540.240.4118.9118.3 43 57  057   14.70   13.90 5 -1  4ULUP53.84491813 -.2 4.4 4.2555517 1승부최상거리늘어 1기 2 1 9 9 9 8 6 7⑧1:58.9½    .915.341.314.4  7  0-1.11 8 1 -1 1.03246555052 6 5 2 30 2 7.06 3.07 3.7 9.1 14.2   86.2  227.9  177.6  .03364 0 8 7 0    .540.70 -.3237.70118.812.3926.0837.87 8203319.7536.4651.04 1
20250111토 81700 9국452 6105 9혼전 4431맑음건조 5 9 3천장사          오버애널마이패션 3641.00한거 42525 2 3  457      33000국4문병기퍼플라인 211 5 1 319 1 2 0 8 25이동하44852.088기입적93 95 958878.070.054.3213311303618252126312829242619 050 0→↗선13.539.940.712.9388539.440.8111.4111.9 33 50  067   14.50   13.20 7 -4 -2UU동54.84501713 -.5 4.8 4.3535317 0교체성공승부최상 1기 1 2 5 5 5 3 4 1①1:51.41    -.214.740.613.9 -1  3  .30 1 2 -2  .01024483090 7 5 2 12 1 2.08 2.09 2.9 5.6  4.5   32.3   56.1   53.210.54497 3 9 9 3☆ 1.440.90 -.4731.28113.523.0241.2954.3032526417.7132.6743.24 3
20241123토 6170011국510 4 65 4혼전 4441맑음건조 4 9 3천장사          오버애널마이패션 3641.00한거 31414 2 4  613      24750국5문병기퍼플라인 212 4 5 219 1 1 0 7 14박현우44553.572기입적32 18 183713.049.026.430 0101731 72521 0 02829171814 099 0→↘선13.539.841.312.9465540.138.9112.2112.2 20 40  060   14.60   13.1010 -1 -2NU동56.04551713-1.0 5.0 4.0545413 0주행평범거리속성 1기 1 6 7 7 8 7 4 1①1:52.25    -.914.538.813.2 -3-18  .30 1 4  2  .01860 4 593 6 910 50 1 4.06 6.07 1.6 7.0  9.8   41.3   76.7  460.8  .01747 0 3 4 0    .041.10 -.0931.14113.8 6.9415.2726.36 61526 5.2610.8515.79 8
20240915일 4170011국511 3 65 4 1강 1141맑음다습13 9 3천장사          오버애널마이패션 3641.00한거 31616 2 4  798      24750국5문병기퍼플라인 213 3 4 119 7 1 0 6 16이현종46355.059기입보45 25 2524 8.039.015.1 3 0 41731 7252120 02829111925 099 0→→추13.539.941.612.9394340.838.4114.1113.7 20 40  060   13.50   14.10 3 -4  1NNUP56.04551713-1.5 7.0 5.5333313 3걸음불변거리속성 1기 0 7 7 7 6 910 9⑨1:54.11     .814.638.613.1  7  3 -.31 9 2 -1  .86186 2 849 8 9 6100 711.01 3.06 1.6 4.3130.9  105.8  500.1  328.0  .01424-1 3 2-1   -.741.20 -.0432.16114.1 2.91 7.4215.09 1 512 4.69 8.6315.23 7
20240825일 9140011국552 3105 2 3강 3351맑음다습12 9 3천장사          오버애널마이패션 3641.00한거 32020 2 5  857      24750국5문병기희망홀스-114 2 3 219 6 1 0 5 20이현종46054.061기입하10  8  812 8.033.0 9.1 5 0 71937 625 020 02829111925 099 0↗→추13.837.540.012.9163536.639.6 89.1 88.9 25 50  075   14.10   13.20 3  0  0VUUP56.04551413  .0 8.0 8.0131313 1걸음불변부진마필 1기 011 6     6 7 6④1:29.1¾    .713.540.014.1  1  1 -.10 4 3 -1 2.248295742551010 9103 6 4.02 8.05 4.0 7.8  6.7   14.2   33.3   30.1  .01410-3 2 1-3▽-1.238.40 -.2511.3689.62 1.21 3.87 9.08 0 2 6 4.29 7.8415.06 8
20240804일 3130011국550 1105 4혼전 4431맑음건조 3 9 3천장사          오버애널마이패션 3641.00한거 32525 1 5  908      24750국5문병기희망홀스-115 1 2 419 5 1 0 4 25이현종45954.061기입적48 52 525923.054.024.5 5 0 71937 625 020 02829111925 099 0↗→추13.837.539.012.9498538.337.6 81.7 82.9 33 67  067   13.60   13.90 4  4 -2VU동56.04551413         5.0    13 0직전탐색기복전력 1기 111 5     6 6 5⑤1:21.7½   1.014.137.813.2  1 -7  .40 5 4  2 1.34180 51946 6 6 5 52 5 2.03 3.09 2.9 6.4  4.1   13.8   26.1   57.313.23358 0 5 5 0    .339.50  .35 6.3882.97 5.9315.4824.49 61526 8.5718.9925.29 5
20251123일 9180010국3 3 4  4 1혼전 4455           9 4한강캡틴        페더럴리레드화이 3536.00한거 41620   1    017:00 41250국3임채덕조금제   2 016 1 424 7 4 124 20김철호   52.068기자적50 33 33 4 8.024.0 3.31240 814 011 8101419 8 01522236020 0→↗자13.639.441.012.95010                   35 35 35 5   14.70   15.10 3  2  0HU동55.85431814-2.4 8.2 5.8282817 0걸음불변탐색우려49기 0 4                            14.7    15.1                                 4 81010 10                                              .014 7-4 2 1-4▼-1.841.00  .52     118.7  .12  .30 3.29 1 4 8 3.57 7.1415.06 9
20251102일 9180010국433 7 34 1혼전 4451맑음건조 5 9 4한강캡틴        페더럴리레드화이 3536.00한거 41721 1 1   47      41250혼3임채덕조금제   2 115 2 324 6 4 123 21김철호52552.068기자적 6  1  1 4 8.028.0 7.01240 814 011 8101419 8 01522236020 0→↗자13.640.241.012.9371339.443.2118.6120.0 37 37 37 5   14.20   14.30 4 -7 -1HUUP55.85431814-1.4 7.6 6.2222217 2걸음불변부진마필64기 0 2 7 7 7 4 4 5⑥1:58.6½   1.214.742.215.1 -3 -7  .70 6 9  0 1.87421938848 710 9 82 9 3.02 6.08 2.6 3.1  4.6    6.5   12.8    4.3  .014 7-4 2 2-4▼-1.640.90  .2038.77119.0  .69 1.70 6.96 1 4 8 3.53 6.7014.08 7
20251004토 9160010국350 5 54 1 3강 3331맑음다습10 9 4한강캡틴        페더럴리레드화이 6237.00한거 41822 1 1   47      41250국3임채덕조금제   2 214 1 324 5 4 122 22김철호53253.069기자보17  8  817 7.026.0 4.31240 814 011 8101419 8 01522236020 0→↗자13.637.040.512.9261435.241.4102.0103.6 39 33 2811   14.00   13.80 3  7  1BN동55.85431814 -.8 7.0 6.2232317 0걸음불변부진마필55관 1 9 7   7 4 5 7⑦1:42.0¾   1.214.240.614.3 -2  6 1.10 7 9  3 1.567 18462461010 9102 8 4.01 4.01 2.8 4.7  7.4   11.7   28.0   27.5  .014 3-3 2 2-3▽-1.740.50  .0626.09103.9  .52 2.08 4.33 0 2 6  .88 3.45 7.8710
20250914일 71600 8국430 1 84 2 1강 1131맑음다습13 9 4한강캡틴        페더럴리레드화이 6237.00한거 41923 2 1   47      41250국4임채덕조금제   2 313 3 224 4 4 121 23김철호52652.569기자적22 10 1017 8.034.0 9.51240 814 011 8101419 8 01522236020 0→↗자13.637.140.412.9191636.240.4101.3103.8 41 35 29 6   14.90   13.30 3 -2  1HNUP55.85431814-1.2 7.2 6.0313117 2걸음불변기복전력39기 0 2 3   3 4 7 7⑤1:41.35    2.314.039.613.8 -1 -9 1.80 5 6 -2 2.37129696318 8 8 6 80 7 2.05 7.08 2.7 4.1  2.9   19.1   29.9   43.7  .01411-2 2 3-2  -1.240.40 -.0926.30103.9 1.11 3.60 9.52 3 814 2.27 5.1911.68 8
20250824일10140011국411 1 64 2 2강 2241맑음건조 4 9 4한강캡틴        페더럴리레드화이 6237.00한거 42025 2 1   44      41250국4임채덕조금제   2 412 2 924 3 4 120 25김철호53552.069기자적37 22 2221 4.033.0 9.31240 814 011 8101419 8 01522236020 0→↗자13.637.339.812.9281638.838.6 88.0 89.4 38 44 31 6   14.40   14.00 4  2 -1HU동55.85431814 -.6 6.6 6.0343417 0걸음불변기복전력50기 1 411    1111 9⑥1:28.05    2.714.937.513.3 -2  9 1.10 6 8 -1 3.16499257811 911 9103 610.01 9.03 1.9 7.9 32.0   22.8   75.0  106.9  .01426-2 1 2-2  -1.138.70 -.0112.2789.34 1.31 4.24 9.26 0 4 8  .92 1.86 6.5410
20250727일13140010국354 1 54 1혼전 4431맑음건조 3 9 4한강캡틴        페더럴리레드화이 6237.00한거 42126 9 1   45      41250국3임채덕조금제   2 511 1 824 2 4 119 26김철호52653.069기자적24 21 21 9 6.026.0 1.81240 814 011 8101419 8 01522236020 0→↗자13.637.139.812.9391837.539.5 87.9 89.0 40 47 40 7   15.10   14.40 3 -3  0HHDN55.85431814  .2 5.0 5.2494917-4걸음불변탐색우려74기 1 210     9 6 6⑤1:27.93    2.114.438.814.0 -4 -1  .70 5 9  3 2.25474567017111111110 5 3.02 9.06 2.7 4.9  5.6   11.7   26.6    8.7  .01411-3 1 1-3▽-1.838.80  .3112.1089.21  .12  .14 1.81 0 2 5  .66 3.47 6.9911
20250705토 81800 8국451 7 54 4혼전 4441맑음건조 3 9 4한강캡틴        페더럴리레드화이 3536.00한거 42227 1 1   53      41250국4임채덕조금제   2 610 7 224 1 4 118 27김철호52753.068기자보38 33 3311 9.037.013.41240 814 011 8101419 8 01522236020 0→↗자13.640.140.812.9492341.040.6120.8120.6 43 43 36 7   14.10   13.80 3  0  1NNUP55.85431814 -.8 4.6 3.8636317 4주행평범거리속성43기 0 5 7 7 7 7 7 7⑧2:00.81½  2.515.140.614.4  2 -6 -.40 8 6  0 2.58676587325 5 7 6 70 4 4.03 4.07 2.3 4.7  6.4   10.7   25.9   31.1  .01724-1 2 2-1   -.841.00  .1639.67118.9 2.51 6.4413.39 31018 2.06 6.7417.52 8
20250615일10140010국453 1104 4혼전 4441맑음건조 3 9 4한강캡틴        페더럴리레드화이 6237.00한거 42329 2 1   42      41250국4임채덕조금제   2 7 9 6 724 1 4 117 29임다빈53352.080우자적60 56 564924.055.022.41949 514 011 81017 0 8 01523246020 0↘→추13.636.739.712.9722537.439.0 88.0 88.8 46 54 3115   14.10   13.70 3  1 -2NU동55.85431814-1.8 4.4 2.6737317 0발주불량보통걸음68기 0 5 7     7 6 6⑦1:28.01¾  1.114.138.213.8  1 -6  .60 7 6 -1 1.44771395245 41010 90 1 1.0811.10 2.8 8.0  2.8   31.7   39.3  105.4  .02573 0 4 3 0    .439.20  .0812.3688.86 6.1514.0422.43 1 4 8 4.38 9.0618.7011
20250525일111400 9국443 2 94 5혼전 4451맑음양호 8 9 4한강캡틴        페더럴리레드화이 6237.00한거 42531 2 1   60      41250혼3임채덕조금제   2 8 8 5 624 1 4 116 31김정준53954.076우입하46 41 415419.054.021.526481714 011 810 3 0 8 01521246020 0→↘자13.636.639.812.9841837.339.3 87.8 88.7 50 58 42 8   14.50   13.20 3 -6  1HN동55.85431814-1.2 4.0 2.8737317 0강단마필기수영향39기 0 4 9     9 9 7④1:27.82½   .714.138.613.7 -3 -1  .90 4 7  2 1.04367465556 4 9 8 83 1 1.03 2.01 3.2 4.9  3.2    4.9    9.0   23.3  .03351 0 4 5 0    .339.30  .0812.3188.86 4.5612.5521.52 2 511 3.0010.2622.55 8
20250504일 9140011국354 4104 7 3강 3341맑음다습13 9 4한강캡틴        페더럴리레드화이 6237.00한거 42633 1 1  125      41250국3곽영효조금제   2 9 7 4 524 3 4 115 33김철호54053.569우입보96 97 977671.059.025.01240 811 01424 0201925171522236020 0→↗자13.636.539.812.9951438.338.9 87.4 89.6 55 64 45 9   13.60   13.50 4  9 -3BU동55.85431814-1.0 3.2 2.2838317 0전개최상강단마필 1기 11011    1111 9⑥1:27.4½   1.814.537.813.2  1 -9 1.90 6 5  4 2.67195337224 311 1 73 3 3.01 2.05 2.7 5.6  5.8    6.7   15.6    8.5  .03467 1 8 6 1    .639.60  .0613.3088.80 6.8215.0924.96 3 81710.6023.0231.69 5
20250405토 6140011국521 5 74 7 3강 3332비  포화17 9 4한강캡틴        페더럴리레드화이 6237.00한거 42128 1 2  222      33000국5곽영효조금제   210 6 3 424 2 3 114 28김철호54956.564우입적82 88 889269.062.052.61899112565 024 0201925171522235025 0↘→자13.736.539.812.9961436.139.2 87.2 87.5 50 60 4010   13.90   13.70 3-10  2UN동55.65411814-1.0 3.2 2.2848417 0걸음불변전개최상 1기 1 1 2     2 2 1①1:27.22    -.313.638.513.5  0  1  .60 1 1 -3  .0 7 7431093 1 7 1 11 2 1.08 1.07 2.3 4.0  2.3   22.2   30.4   43.812.24486 0 8 6 0△  .739.10 -.6711.2488.8021.5339.3152.5932526428.8143.1751.43 1
20250316일10140011국452 7104 6 1강 1141맑음양호 6 9 4한강캡틴        페더럴리레드화이 6237.00한거 41523 2 2  271      33000국4곽영효나기두   111 5 2 324 1 2 113 23김철호54855.064우입적48 48 487224.056.036.01899112565 0243220 025171522236733 0↘→자13.736.539.812.9951436.639.0 88.4 88.1 44 56 4411   14.10   16.00 4  2  0VHDN55.85391812 -.2 2.8 2.6828217-2강단마필보통걸음 1기 011 5     4 5 4①1:28.4코    .013.939.213.7 -3 -8 -.30 1 4  0  .02228362084 211 6 50 1 4.0611.09 2.9 6.3  7.7   47.9   96.4   51.8  .03370 1 5 6 1    .439.20 -.2311.8488.8010.3523.8636.04 71627 5.9411.7122.46 7
20250216일 9160010국420 6 74 6혼전 4431흐림건조 4 9 4한강캡틴        페더럴리레드화이 6237.00한거 41625 2 2  357      33000국4곽영효나기두   112 4 1 124 3 2 112 25마이아55655.093우입보93 94 941776.062.040.43563212565 02432293025173631 96733 0↗↘선13.735.840.412.994 835.641.5104.3103.7 44 56 4411   14.00   13.20 4  5 -1BHUP55.85391812  .4 2.4 2.8797917 2마방선전강단마필 1기 0 9 8   8 3 3 3⑩1:44.3½   2.114.142.716.0  6  9 -.6110 4 -1 3.07410908120 110 1 40 4 5.01 3.02 2.7 4.2  9.1    8.7   21.4   28.310.52967 0 9 8 0    .840.40 -.2127.53103.213.2626.9840.4110233617.9526.8440.06 3
20250118토 5140011국550 6104 6혼전 4441맑음건조 4 9 4한강캡틴        페더럴리레드화이 6237.00한거 4 918 2 3  438      24750국5곽영효나기두   113 3 5 224 2 1 111 18마이아54755.593우입보52 57 577754.072.047.72740152346162432293025173631 95050 0↘↗선13.736.639.912.9881336.138.4 87.5 86.2 38 50 38 0   13.70   14.60 4  1  0HH동56.05351812 1.0 1.8 2.8777717 0주행평범마방선전 1기 0 4 1     1 1 1①1:27.55    -.914.038.113.2 -4 -4 -.80 1 5  0  .0 1 815 296 110 7 21 3 5.01 4.02 3.3 6.7  7.8   10.5   24.3   18.410.62281 0 7 8 0△ 1.438.70 -.66 9.7088.9318.6535.5347.6618365110.0021.0131.06 6
20241222일 4140011국550 9 54 7혼전 4451맑음양호 7 9 4한강캡틴        페더럴리레드화이 6237.00한거 31020 2 3  517      24750국5곽영효나기두   114 2 4 124 1 1 110 20마이아55155.593우입적28 42 425955.074.047.32740152346162432293025173631 95050 0↘↗선13.736.839.812.9731436.040.4 90.7 89.1 43 57 29 0   14.00   14.40 4 -6  1HNDN56.05351812 1.0 2.8 3.8646417-3적임기수기수영향 1기 1 3 1     1 1 2⑤1:30.71     .813.741.014.6  0  3-1.30 5 5  4 1.057 7774955 41010 11 2 1.06 7.04 1.9 4.6  1.9    9.0   12.1   16.712.72879 2 7 8 2   1.739.20 -.6912.5389.0019.0735.5847.28142842 9.9220.4928.33 6
20241123토 6170011국510 4 64 8혼전 4441맑음건조 4 9 4한강캡틴        페더럴리레드화이 6237.00한거 3 1   2 4  613      24750국5곽영효나기두   115 1 3 424 1 1 1 0  0조재로54855.082기입보78 75 7565  .067.053.6305817234110243224 025171924225050 0↘↘추13.739.341.712.9771438.841.2113.8113.8 43 57 29 0   14.80   14.00 4  3 -1LH동56.05351812 1.4 4.2 5.6444417 0승부최상적임기수 1기 1 9 2 2 1 1 1 3⑤1:53.82     .714.041.114.4  4  1  .36 5 1  0 1.666 7602552 110 2 21 1 4.06 6.07 1.6 7.0  9.8   41.3   76.7  460.8  .03486 3 8 9 3☆ 1.241.80 -.6832.84113.822.2740.2153.6218395615.7927.9158.65 4
20251123일 9180010국4 3 4  4 8혼전 4455           9 5청산질주        오버애널타하우르 7232.00한수 32033   1    017:00 41250국3이관호황은호   1 016 1 215 1 3 215 33김정준   52.076우선보50 53 534266.065.057.7264817224713211813 024161521248317 0→↘자13.639.541.312.79210                   50 67 5033   14.30   13.80 3  0 -5NUUP53.54621817  .2 4.8 5.0646414 1연대우수단기승부50기 0 5                            14.3    13.8                                 610 4 3  1                                            12.73487 2 7 7 2△ 1.041.30 -.83     118.920.6240.8757.7114284214.2930.9545.17 3
20251102일 7170011국554 5104 8 1강 1111맑음양호 6 9 5청산질주        오버애널타하우르 3641.00한수 32128 1 1   49      33000혼4이관호황은호   1 115 7 615 3 3 114 28문세영47556.573우선적76 78 786886.070.062.03644 92247132118453624162836168317 0↘↗입13.639.042.112.7961639.539.8112.3112.5 45 64 5527   13.90   14.70 4  0  0NL동53.54621817  .0 5.2 5.2646414 0연대우수연대우수75기 1 5 3 3 3 3 2 1②1:52.3½    .014.339.913.8  1  4  .10 2 1 -1  .1163017 787 310 4 12 4 3.01 4.05 2.8 5.3  4.0    8.1   15.6    6.4  .04676 1 8 8 1▲ 1.641.90 -.9131.35113.832.7451.9361.9739607319.4234.3547.32 4
20251004토 6170011국542 6 94 8혼전 4411맑음다습10 9 5청산질주        오버애널타하우르 3641.00한수 32330 1 1   50      33000국5이관호황은호   1 214 6 515 2 3 113 30문세영47156.573우선보95 98 988475.068.041.53644 92247132118453624162836168317 0↘↗입13.639.041.912.7962038.042.5112.1113.3 50 70 5020   14.00   14.20 5  3  5NB동53.54621817 -.4 5.0 4.6717113 0마방연대연대우수50기 1 5 2 2 1 1 1 1④1:52.11¾   .613.941.814.7  2  5  .80 4 2  1  .848 0843765 111 1 11 310.06 1.11 2.4 5.0 51.2  299.5  852.5  617.910.53880 1 9 8 1▲ 1.142.10 -.3532.42113.718.2031.5441.5032526415.5329.4642.00 3
20250831일 7170011국433 4 84 7 3강 3321비  다습13 9 5청산질주        오버애널타하우르 3641.00한수 31625 9 1   89      33000국4이관호황은호   1 313 5 415 1 2 112 25문세영46652.073우선적89 88 888077.067.053.23644 92247132118453624162836168020 0↘↗입13.639.241.812.7872838.241.3109.3111.1 44 67 4422   14.00   14.80 5 -7  0UU동53.84611817 -.4 5.0 4.6717114 0걸음불변마방연대62기 1 2 1 1 1 1 1 1①1:49.33    -.514.040.314.2  0  1 1.20 1 1 -5  .0 2 1581094 510 1 21 2 1.07 2.07 2.3 5.5  2.3   15.7   25.5   44.711.83389 2 8 8 2△ 1.341.50 -.6530.10113.823.3741.5753.1914284218.6934.2340.83 2
20250727일10170011국454 3104 5혼전 4411맑음건조 3 9 5청산질주        오버애널타하우르 3641.00한수 31827 9 1   69      33000국4이관호황은호   1 412 4 315 3 2 111 27이혁  46552.088우입적50 44 445632.062.034.41428 62247132118191924162721197525 0↘↗선13.639.241.612.7823937.742.5111.6112.3 63 63 3825   14.20   15.00 5  8 -2BU동54.34601812  .2 4.0 4.2747413 0직전탐색거리속성70기 0 9 2 2 2 2 2 1④1:51.6¾    .414.042.114.8 -2  4  .10 4 6  5  .416 0842766 71010 411011.08 8.03 3.0 8.8 58.8  317.2  673.6  620.3  .03354 0 5 6 0    .741.70 -.1131.48113.612.4223.9134.39102336 6.6013.8920.6310
20250622일 61700 8국442 4 44 5 3강 3338맑음다습13 9 5청산질주        오버애널타하우르 3641.00한수 32030 2 1   86      33000국4이관호황은호   1 511 3 215 2 2 110 30이혁  46153.588강입보65 58 586953.057.053.91428 62247132118191924162721197525 0↘↗선13.639.341.312.7805539.443.2114.6115.4 63 63 3838   14.30   14.60 6 -4 -4UHDN54.34601812 -.2 2.6 2.4858514-1걸음불변거리속성49기 0 1 3 3 3 3 3 6⑦1:54.64    2.814.242.415.0  6  7  .99 7 1-13 2.991299189 8 5 5 2 20 9 4.02 7.04 2.1 3.4  6.0    8.9   20.1   97.5  .01862 0 6 6 0    .442.10 -.4734.78113.519.9838.7653.8635536821.5741.7459.39 2
20250511일 7180014국423 6 74 7혼전 4431맑음포화17 9 5청산질주        오버애널타하우르 7232.00한수 32233 2 1  106     550000국4이관호황은호   1 610 2 115 1 2 1 9 33이혁  45457.087강입보88 92 925763.055.025.01428 62247132118191924162721197525 0↘↗선13.639.740.712.7784740.143.9119.3121.8 71 71 4343   14.30   14.40 4 -1  5NBUP54.34601812 -.2 2.6 2.4858514 1승부최상거리속성 1   0 5 9 7 6 81115⑭1:59.32    4.214.343.314.6  0 -4 1.501414 11 4.594409696 41114 3 70 8 1.1013.07 1.5 3.0  1.5   71.1   92.5   90.010.53371 0 7 6 0    .241.60  .0341.40118.7 8.6616.7925.04 41118 8.1915.4317.34 6
20250413일 5170010국411 5 64 9 1강 1131흐림포화16 9 5청산질주        오버애널타하우르 3641.00한수 32537 2 1  192      33000국4이관호황은호   1 7 9 1 115 1 2 1 8 37문세영45852.573강입보91 97 978791.063.046.43644 92247132118453624162836166733 0↘↗입13.639.141.012.7927239.141.4109.1111.6 67 67 3350   13.80   14.20 6  2 -2NUUP54.84601712 -.2 2.6 2.4848414 3적임교체승부최상 1기 0 6 2 2 2 2 2 1③1:49.1머리  .014.340.314.4  0 -7 1.70 3 3  2  .3 615664378 2 7 1 21 1 2.05 2.03 2.4 8.2  6.6   17.3   36.1   40.5  .04492 3 9 8 3☆ 1.041.70 -.0231.50113.117.6932.4446.3815324718.5738.2048.09 2
20250301토 4140011국552 7104 9혼전 4451흐림건조 3 9 5청산질주        오버애널타하우르 3641.00한수 31428 1 2  329      24750국5이관호황은호   1 8 8 2 215 1 1 1 7 28유승완46554.585우자하20 51 518750.070.052.22033 71850 82118242724161626235050 0→→입13.636.838.912.7668935.739.7 88.7 87.1 60 60 2060   13.90   15.20 5 -2  1HN동55.04581412  .0 3.0 3.0797913 0마방강공적임교체 1기 2 4 1     1 1 1①1:28.72    -.413.839.814.2  0 -2-1.10 1 1 -2  .0 3 2601495 2 1 5 11 1 1.09 4.08 2.5 5.6  2.5   53.2   76.3   71.810.64389 3 7 9 3☆ 1.338.70 -.2711.4088.3824.4441.1152.2432526416.1825.5037.64 3
20250125토 7140011국511 6 64 8혼전 4451맑음건조 3 9 5청산질주        오버애널타하우르 3641.00한수 31633 9 3  414      24750국5이관호황은호   1 9 7 1 115 7 1 1 6 33이혁  46754.091우자보91 94 948881.066.037.81942 43461222118191924162721195050 0↘↗선13.636.838.912.7638736.141.8 91.1 89.8 60 60 2060   13.70   13.80 5  3 -1NUUP55.04581412  .0 3.5 3.5747413 1전개최상마방강공 1기 4 6 3     3 4 5⑧1:31.14    2.513.941.915.2  5  4-1.11 8 3  2 4.175 8948612 1 3 2 30 7 1.09 2.08 1.6 4.3  1.6   25.8   36.1   77.810.53488 2 9 8 2▲ 1.339.30  .1014.0888.3813.9725.5237.7712253919.7933.3335.88 1
20241222일 3130011국650 9 54 8 2강 2241맑음양호 7 9 5청산질주        오버애널타하우르 3641.00한수 2 020 2 3  518      16500국6이관호황은호   110 6 6 215 6 0 1 5 20이혁  46355.091우입보98 99 999896.074.069.81942 4346122211819192416272119 099 0↘↗선13.637.138.812.7739437.137.9 82.6 81.4 50 50 2550   13.60   13.10 4 -2  0UU동55.04531312 -.3 4.3 4.0707013 0걸음불변전개최상 1기 1 3 1     1 1 1①1:22.65    -.813.739.013.8  0  6-1.40 1 1  0  .0 32511 399 1 2 1 21 6 1.02 3.04 1.7 2.6  1.7    2.6    4.3   15.1  .04488 2 9 8 2▲ 1.639.60 -.55 5.4682.5829.5652.1069.7621425833.5953.8271.22 1
20241124일 31300 8국630 2 34 8 3강 3339맑음건조 4 9 5청산질주        오버애널타하우르 3641.00한수 2 0 0 2 4  605      16500국6이관호황은호   111 5 5 115 5 0 0 4  0이혁  45755.092평입하76 81 818475.067.068.32959 32041 6211819192416272119 099 0↗↘선13.737.238.812.7699137.137.7 81.9 81.9 33 33 3333   14.60   13.50 5  1  0NUUP55.04531312  .5 3.0 3.5747412 1신마혈통거리늘어 1기 2 5 3     3 3 2②1:21.9목    .013.638.113.1  1  4 -.10 2 1  0  .01027 7 291 4 3 1 12 5 2.01 6.05 2.3 3.0  3.0    3.0    6.6    2.210.92878 2 8 8 2▲ 1.139.60 -.56 5.8582.6526.3449.8568.2721425825.4048.8960.49 1
20241019토 2120010국612 7 64 7 1강 1131맑음포화19 9 5청산질주        오버애널타하우르 2640.00한수 2 0 0 2 4  725      16500국6이관호황은호   112 4 4 315 4 0 0 3  0이혁  45355.092평입보62 68 688073.071.055.42959 32041 6211819192416272119 099 0↗↘선13.737.338.112.7469737.637.7 75.8 75.2 33 33 3333   14.20   13.40 6 -1  0UU동55.04531212 1.0 3.0 4.0717112 0걸음관심신마혈통 1기 2 4 8     8 5 3④1:15.8½    .014.638.213.5  3 -4 -.59 4 1 -6  .21971112189 9 2 3 20 4 5.02 2.10 1.6 3.9  9.8   47.5  126.0   73.412.02876 2 7 7 2   1.638.00 -.41 -.1875.7224.3339.5455.3719405620.4533.3335.24 3
20240907토 8120011국652 3104 5혼전 4431맑음다습11 9 5청산질주        오버애널타하우르 2640.00한수 2 0 0 2 5  825     110000국6이관호황은호   113 3 3 215 3 0 0 2  0이혁  45755.091우입보93 94 947449.060.023.0264610267015211819192416272119 099 0↗↗선13.736.838.312.7848937.638.2 75.5 76.1 50 50 5050   13.70   13.50 6  0  0NU동55.04531210         3.0    12 0걸음불변보통걸음 1   0 510    10 8 6⑤1:15.51¾   .714.238.413.4 -2  4  .30 5 7  4 1.34871264056 9 7 3 73 3 3.01 4.06 2.3 7.5  7.4    9.0   18.4   12.210.52360 0 7 7 0    .738.80  .68  .9675.56 5.8813.9422.97 3 814 7.3514.9818.11 5
20240727토 11200 9국640 3 94 4 1강 1135맑음포화17 9 5청산질주        오버애널타하우르 2640.00한수 2 0 0 9 5  942      24750국6이관호황은호   114 2 2 115 2 0 0 1  0이혁  45355.091평입보48 35 3571  .059.035.9264610267015211819192416272119      ↗↗선14.037.438.312.7419936.638.5 74.2 75.3  0  0  0**   14.00   13.00 6 -4  0NHUP       1210         4.0    10 2트립손실보통걸음 1기 0 5 4     3 3 2③1:14.2½    .113.738.413.5  0  3  .90 3 3  0  .22019371781 6 5 5 42 2 1.02 1.06 2.1 4.1  2.1    4.5    8.1    3.9  .03561 0 6 5 0    .837.90 -.03 -.4475.8910.5722.4335.94 8203311.1122.2233.33 5
20240615토 1100012국620 1 24 7혼전 4435흐림건조 5 9 5청산질주        오버애널타하우르 2640.00한수 2 0 0 2 6 1061      24750국6이관호황은호   115 1 1 115 1 0 0 0  0이혁  45055.093평무보   35 3540  .058.025.03148152189 9211819192416272119      ↘↗선    37.137.8        37.336.7 62.8 62.7              13.80   13.80 4  0  0LL동       10 0                 0 0걸음불변기수영향 1기 0 9 5     5 6 6④1:02.81¾   .414.037.113.0  1  9 -.80 4 3  0 1.14547 91472 9 9 9 72 1 1.0412.10 1.5 2.1  1.5   17.6   20.6   60.5  .03458 3 5 5 3    .637.90  .34-12.262.71 7.8516.0924.96 41118 8.3316.6725.00 9
20251123일 9180010국3 3 4  3 3혼전 4455           9 6스마트캣        오버애널촐룰라캣 7232.00한수 4 837   1    017:00 41250국3박천서함평제일 2 016 2 724 1 2 724 37김성현   54.066평추보50 38 3820 9.031.0 8.2 922 6 5   0 9 0 0 71410162519 02575→↗입13.940.440.912.34116                   42 42  429   14.90   13.60 4 -4 -2NH동55.54551813  .4 5.6 6.0353513 0걸음불변거리속성48기 0 6                            14.9    13.6                                10 6 7 8  4                                              .01418-2 2 1-2  -1.540.90  .15     119.0  .49 2.64 8.18 3 814 2.38 7.1416.2210
20251025토 9180011국311 2 13 3 1강 1141맑음건조 5 9 6스마트캣        오버애널촐룰라캣 7232.00한수 4 839 9 1   80      41250국3박천서함평제일 2 115 1 624 1 2 723 39정우주46655.568평추하25 19 191010.030.0 7.4204110 5   0 9 0 0501410163013 02575↗↘입13.940.141.012.3501440.440.7118.2120.3 43 43  430   14.80   14.30 7  6  0BN동55.54551813 1.0 5.2 6.2363613 0걸음불변거리속성66기 010 8 8 8 8 8 9⑧1:58.2¾   2.314.939.513.6  0  5 1.20 8 8  3 2.88060586219 81110110 1 1.04 4.02 1.6 2.9  1.6    6.4    7.9    6.5  .01413-3 2 3-3▽-1.341.00  .2339.20119.0 1.25 3.25 7.36 1 3 5 1.20 4.32 8.5710
20250907일101800 9국413 4 63 2 1강 1139맑음다습14 9 6스마트캣        오버애널촐룰라캣 7232.00한수 4 940 1 1  108      41250국4박천서함평제일 2 214 3 524 3 2 722 40김성현46155.566평추보42 29 291323.038.018.6 922 6 5   0 9 0 0 71410162519 02575→↗입13.940.041.012.3621440.440.6117.6119.1 41 55  932   14.20   13.50 6  2  2HNUP55.54551813 1.0 4.4 5.4484810 2마방기습급하락세42기 1 4 6 6 6 6 4 7⑥1:57.64    1.814.840.114.3  1  1  .80 6 5  1 1.95363566129 4 8 3 62 3 2.01 1.09 1.8 4.9  6.0    5.8   15.1   37.0  .02712-3 4 4-3▽ -.841.00 -.0138.06118.9 3.69 9.6118.57 51223 8.4520.9829.73 4
20250727일12160010국433 2 33 3 1강 1131맑음건조 3 9 6스마트캣        오버애널촐룰라캣 3641.00한수 4 942 9 1   88      41250국4최봉주함평제일 2 313 2 624 2 2 721 42김성현46054.067평추보35 30 301728.041.018.3 922 61643121332 0 717 7162519 02575→↗입13.936.439.512.3614737.138.1101.7102.5 48 57 1029   14.70   14.10 4 -4 -1HHDN55.54551813 1.0 4.0 5.0515110-2마방기습마방기습44기 0 2 9   910 8 4④1:41.71¼   .414.239.113.5  0 -1  .00 4 4 -1 1.33281131966 5 2 9 63 2 6.01 4.05 1.7 3.1 18.2   12.1   33.2  140.3  .02730-1 4 5-1   -.539.50  .4626.59103.0 3.30 9.2518.26 3 815 5.5111.0621.11 6
20250629일10180011국351 7103 5 1강 1131맑음양호 7 9 6스마트캣        오버애널촐룰라캣 7232.00한수 41045 9 1   62      41250국3최봉주함평제일 2 412 1 424 1 2 720 45김성현46154.566평추하19 50 503839.045.019.3 922 61643121332 0 717 7162519 02575→↗입13.939.940.612.3643940.141.0118.7118.7 50 55 1035   14.40   14.40 7 -3 -3NH동55.54551813 1.2 3.2 4.4616112 0걸음불변마방기습54기 1 6 8 8 8 9 9 7⑤1:58.75    1.514.741.314.1  0 -2 -.30 5 5 -1 2.34644686245 3 6 7 63 1 1.04 9.10 2.6 7.7  2.6   12.2   17.5   41.8  .02447 0 5 6 0   -.341.00  .1338.22118.7 4.9310.5619.30 51223 5.6715.5022.97 6
20250510토 8180011국450 7103 4 1강 1151흐림불량20 9 6스마트캣        오버애널촐룰라캣 7232.00한수 41047 2 1  135      41250국4최봉주함평제일 2 511 4 32410 2 719 47박태종46357.073우추하27 56 566126.044.018.011 0 81643121332223317 7202320 02575↘↗선13.940.140.012.3556840.141.5117.5119.4 53 58  537   14.30   14.40 4 -1  0LLUP55.54551813 1.4 2.2 3.6717112 2마방기습거리속성 1   0 9 9 8 8 8 8 8⑦1:57.52½  1.914.441.914.4  1  1  .50 7 6  0 2.26442807433 5 3 7 7012 4.0711.10 2.6 7.3  6.4   35.1   57.1   85.5  .02729 0 4 4 0   -.440.90  .2839.30118.6 4.76 9.8318.02 31018 3.17 9.7213.4210
20250413일 7160010국443 6 43 6혼전 4431맑음포화17 9 6스마트캣        오버애널촐룰라캣 3641.00한수 41150 2 1  190      82500국O최봉주함평제일 2 610 3 524 9 2 718 50박태종46257.075우추하61 80 801764.054.025.311 0 81643121332223317 7202320 02575↘↗선13.936.639.112.3496836.140.5101.6104.1 56 61 1139   14.50   13.50 5  7  2VBDN55.54551813  .4 1.8 2.2848410-2안정전력마방기습 1   010 9   9 910 9⑨1:41.61    2.014.340.114.4  3  1 1.40 9 6  5 2.18126777025 8 4 4 8011 2.01 6.07 1.8 3.6  4.2    3.6    9.3   34.8  .02445 0 7 7 0    .439.10  .3828.40102.9 6.5915.6925.31 1 512 9.3821.6229.93 5
20250309일 9180010국421 1 73 6혼전 4459맑음양호 8 9 6스마트캣        오버애널촐룰라캣 7232.00한수 41147 2 2  293      41250혼3최봉주함평제일 2 7 9 2 224 8 2 617 47박태종46155.564우추보95 93 938268.057.054.01683 41963 31332223317 7202320 02575↗↘선13.940.339.712.3408239.539.7116.5118.8 53 65  641   14.40   13.30 4  0  0HN동55.54551813 -.6 2.8 2.2848418 0걸음불변안정전력 1기 0 3 6 5 4 3 3 3②1:56.53     .014.539.613.5  1  0 1.10 2 1 -1  .54820321285 6 2 1 1210 3.01 1.03 2.1 2.8  8.6    6.6   21.0   49.310.52675 1 8 6 1    .540.60 -.5138.83118.520.9639.6353.9632526421.2138.0344.76 1
20250208토10180011국352 6103 7 3강 3351맑음건조 5 9 6스마트캣        오버애널촐룰라캣 7232.00한수 41243 1 2  389      41250국3최봉주함평제일 2 8 8 1 124 7 2 516 43박태종46155.564우추보89 90 908971.054.026.11683 41963 31332223317 7202320 01486↗↘선13.940.439.712.3338540.139.0118.6117.8 50 63  638   14.40   13.30 3 -4  4HNUP55.54541813 -.8 2.8 2.0868610 2마방선전단기승부 1기 0 3 3 3 3 3 3 2②1:58.6¾    .014.439.013.3  0  4 -.50 2 2  1  .11843151189 6 1 2 42 9 7.02 9.03 3.910.7 15.5   27.5   75.0   38.8  .02667 1 8 6 1    .340.40  .1037.68118.6 7.1916.9326.06 8152611.5121.9931.25 3
20250118토 8160010국454 4103 8혼전 4431맑음건조 4 9 6스마트캣        오버애널촐룰라캣 3641.00한수 41340 2 3  435      41250국4최봉주함평제일 2 9 7 3 424 6 2 415 40박태종45752.067우추보86 87 871757.060.032.91033 82550151332223317 7202320 01486↗↗선13.936.939.112.3326836.737.2100.8101.2 47 60  733   14.80   12.70 7 -2  1NN동55.54541613-1.4 3.4 2.0868610 0걸음관심마방선전 1기 1 7 9   910 9 3②1:40.81     .014.438.413.3  1 -8 -.20 2 1  0  .2 562 3 182 9 1 1 53 8 4.01 6.07 3.8 9.6  6.2   15.8   37.2   39.7  .03468 3 7 7 3    .839.10  .0625.23103.0 9.9821.1932.94 51222 7.7520.9729.11 4
20241201일10160010국453 3103 6 1강 1131맑음포화16 9 6스마트캣        오버애널촐룰라캣 3641.00한수 31442 1 3  576      41250국4최봉주함평제일 210 6 2 324 5 2 414 42박태종46551.067우추보54 72 721762.052.026.41033 82550151332223317 7202320 01486↗↗선13.936.939.312.3345936.837.1 99.8102.1 50 57  729   14.60   13.40 5  1 -6LU동55.54541613-2.2 4.8 2.6808010 0마방기습작전마주 1기 1 910  10 9 8 5③1:39.81¼   .214.836.412.7  2  1 1.70 3 1 -3  .32369 2 173 6 5 2 73 7 7.02 2.03 3.5 6.8 10.4   16.5   34.1   16.512.02857 2 7 5 2    .239.30  .1325.90103.2 8.0916.9726.36 31018 6.0316.0328.29 7
20241026토 7160010국442 1 93 5혼전 4431맑음다습14 9 6스마트캣        오버애널촐룰라캣 3641.00한수 31538 9 4  698      33000국4최봉주함평제일 211 5 1 224 4 2 313 38박태종46457.081우추상82 83 831771.054.037.01550 32267191332223317 7202320 01783↘↗선13.937.039.212.3286436.538.9100.9103.2 46 62  831   14.10   12.70 4 -1  3NL동55.34531613-1.2 5.0 3.8707010 0뒷심문제마방기습 1   0 810  101010 3②1:40.91¾   .014.638.213.4 -2  9 1.70 2 4 -2  .35949332976 8 2 1 33 6 2.04 3.08 2.4 6.4  5.2   15.6   29.8  308.9  .02951 0 8 9 0    .239.20 -.1426.99103.214.0426.2436.9814284218.3935.1646.88 1
20240929일 8160010국550 1 53 5 1강 1131맑음건조 4 9 6스마트캣        오버애널촐룰라캣 3641.00한수 31633 9 4  774      33000국5최봉주함평제일 212 4 9 124 3 2 212 33박태종45554.581우추상90 87 871785.058.039.31550 32267191332223317 7202320 02080↘↗선13.937.239.412.3165936.538.3100.3102.0 42 58  825   14.20   12.90 5  5 -3BHUP55.44521613  .0 4.4 4.4707010 3뒷심문제마방기습 1기 0 9 5   5 5 5 3②1:40.32½   .014.137.212.7 -4  2 1.30 2 6  4  .42149181479 8 6 1 33 5 7.06 1.09 2.8 3.4 25.4  159.8  400.0  141.2  .02954 0 7 7 0    .639.40 -.3625.42103.411.6625.4639.27 9203221.6238.7151.30 3
20240825일 51300 8국541 1 93 9 2강 2241맑음다습12 9 6스마트캣        오버애널촐룰라캣 3641.00한수 3 927 2 5  861      24750국5최봉주함평제일 213 3 8 624 2 1 211 27박태종45357.067우추상71 82 828488.068.068.72699132464 61332223317 7202320 0 099↗↘선13.937.738.712.3347937.836.3 80.9 81.5 36 55  918   13.90   13.60 4  3  2HL동55.04521413  .2 4.4 4.6686810 0마방연대마방기습 1기 1 4 7     4 4 1①1:20.94    -.714.236.912.9 -1  5 -.20 1 2 -2  .0 459 1 091 5 1 1 12 4 2.03 4.05 2.7 5.5  4.0    7.2   14.7   37.2  .03479 2 8 9 2☆ 1.339.00 -.83 5.0782.9030.6954.3368.7018395636.9264.7584.33 1
20240727토 4130011국524 1 23 9혼전 4421맑음포화15 9 6스마트캣        오버애널촐룰라캣 3641.00한수 31020 9 5  939      24750국5최봉주함평제일 214 2 7 524 1 1 110 20박태종44855.567우추보41 46 467331.069.049.32699132464 61332223317 7202320 0 099↗↘선13.937.738.812.3347537.737.6 80.9 81.9 30 50 1010   14.20   13.40 4 -7  0UNDN54.84531412  .0 4.8 4.8656510-1마방기습마방연대 1기 0 1 8     7 6 3②1:20.91¼   .013.937.713.6 -2  4  .90 2 4 -4  .31153 6 782 9 2 7 23 3 1.04 8.01 1.5 1.9  1.5    8.2   11.3   71.0  .04181 3 5 8 3▲ 1.339.10 -.34 5.4382.9722.8138.6049.2921425810.5322.9932.40 3
20240630일 3140011국551 3103 4 3강 3341흐림포화19 9 6스마트캣        오버애널촐룰라캣 3641.00한수 31122 9 6 1005      24750국5최봉주함평제일 215 1 6 124 2 1 1 9 22김옥성44455.559우추하40 62 623210.047.021.611 0 3 620 51332 0 517 7151517 0 099→↘추13.937.239.112.3385137.538.8 88.3 89.0 33 56 1111   14.10   13.90 7  4 -1NNUP54.84531412  .8 3.6 4.4696910 1마방기습마방기습 1기 0 811    10 9 8⑥1:28.3½   1.214.238.713.4 -2  3  .70 6 8  3 1.35274284438 6 4 5 73 2 6.04 7.06 2.710.6 11.3   24.6   51.5   56.1  .02737-1 3 3-1   -.238.70  .1412.6988.80 6.0714.0321.55 3 817 2.60 8.6415.61 7
20251123일 9180010국3 3 4  8 9혼전 4455           9 7최강골드        섀클포드힐오브드 8927.00한거 4       1    017:00 41250국3리카디이강운  -2 0 6 1 4 5 6 4 1 5  0김효정   55.067강선보50 70 7085  .067.061.319391338532032384075342416211899 0 0→↘입13.839.240.212.39351                  100 8010040   14.00   12.80 5  4 -3BH동56.35041818 -.4 1.6 1.2959517 0여유우승승부최상62기 2 7                            14.0    12.8                                 3 2 1 2  6                                              .04592 3 9 8 3☆ 1.140.20 -.49     118.324.1544.8761.3418365110.7121.4331.27 4
20251018토 8180011국412 8 68 7 1강 1121흐림포화19 9 7최강골드        섀클포드힐오브드 8927.00한거 4     2 1  103      33000국4리카디이강운  -2 1 5 2 3 5 5 3 1 4  0김효정49957.567강선보97 99 9990  .065.064.719391338532032384075342416211899 0 0→↘입13.839.540.312.3944339.239.2116.0116.8100 7510025   13.80   12.50 3 -2  3HLUP55.85061817 -.5 1.8 1.3949417 1마방선전단기승부72기 1 3 1 1 1 1 1 1①1:56.05    -.814.038.912.8  0 -1  .50 1 1  0  .0 41718 498 1 3 1 11 5 1.05 3.01 1.3 4.6  1.3    6.2    7.6   13.212.03479 2 9 8 2   1.241.20 -.6937.04118.530.8452.1764.7239607310.2319.5730.00 5
20250928일 7170011국432 1 88 7 1강 1111흐림불량20 9 7최강골드        섀클포드힐오브드 5030.00한거 4 1   9 1   27      33000국4리카디이강운  -2 2 4 1 2 5 4 3 0 0  0김효정50055.068강선보99 99 9977  .061.039.819391338532032384075342416211899 0 0→↘입14.339.141.912.8956438.939.5108.0110.5100 67 67 0   14.10   12.0017  0 -2NHDN55.85061818-1.0 2.0 1.0979717-1강단마필마방선전34기 0 5 1 1 2 2 2 1②1:48.0목    .013.838.312.5  1 -6 2.20 2 1  0  .1 11011 180 511 1 31 4 3.01 9.05 2.4 4.3  4.8    5.7   11.6    4.2  .03372 0 8 8 0    .941.50 -.3629.50113.812.7127.7839.82122539 7.5016.2229.27 4
20250531토 51800 9국521 8 78 8 3강 3331흐림건조 4 9 7최강골드        섀클포드힐오브드 8927.00한거 4     9 2  305      24750국5리카디이강운  -2 3 3 2 2 5 3 2 0 2  0김효정50657.067강선보99 99 9991  .066.073.01533 831481132384075342416211899 0 0↗→입14.439.940.613.3865138.939.7118.9118.3100100 50 0   14.50   13.60 5  3  3LL동55.35061817-1.5 2.5 1.0969618 0전개최상전개최상58기 1 5 2 1 1 1 1 1①1:58.94    -.814.339.313.1  0  0  .10 1 1  0  .032 832 597 1 2 1 11 3 1.02 5.09 1.5 2.6  1.5    2.6    3.4    5.312.24482 0 9 8 0▲ 1.141.00-1.0837.83118.730.4855.2073.0421425814.0624.4957.79 4
20250427일 4180011국521 8 78 9 1강 1111맑음양호 7 9 7최강골드        섀클포드힐오브드 8927.00한거 4     9 1  151      24750국5리카디이강운  -2 4 2 1 1 5 2 1 0 1  0김효정50654.067강선보83 93 9393  .065.062.119391338532032384075342416211899 0 0→↘입14.439.740.913.4962539.739.4118.3116.9100100100 0   14.40   13.70 4  0 -3UUUP56.55061817-3.0 4.0 1.0969617 1기수신마전개최상 1기 0 2 2 2 2 2 2 1①1:58.32½  -.514.540.013.6  0  0-1.00 1 1 -3  .0 527261195 1 8 1 11 2 1.06 2.07 2.1 3.5  2.1   24.4   29.6   16.6  .04492 1 9 9 1☆ 1.241.00 -.8736.33118.831.5049.3262.0539607314.5227.6959.50 2
20250330일 3170011국611 8 68 7 2강 2239맑음건조 3 9 7최강골드        섀클포드힐오브드 5030.00한거 4 0 0 9 2  236      16500국6리카디이강운  -2 5 1 1 1 5 1 0 0 0  0김효정50656.568평무보   25 2540  .050.041.11533 8314811323840753424162118      ↗→입    39.841.2        38.840.8112.4112.0              14.20   13.60 4  0  0NL동       17 0                 0 0거세출주기수신마 1기 1 2 1 1 1 1 1 1①1:52.42    -.414.440.813.7 -3-11 -.50 1 4  0  .011 6491396 1 111 31 1 4.02 2.06 1.9 6.9  9.9   26.2   73.6  118.0  .02947 2 5 7 2    .041.10 -.3830.98113.814.6126.3641.1014284216.6730.7766.98 3
20251123일 9180010국3 3 4  6 9혼전 4455           9 8플라잉데이      레이스데어케이전 7041.00한암 34466   1    017:00 41250국3이준철김형순   0 0 9 1 2 8 3 4 2 9 66김용근   55.082강입보50 63 638587.072.068.8214911446420313743403025292517404020↗↘선13.438.541.012.88116                   75 75 3825   14.00   14.10 4  5  3BB동53.24721814  .0 2.0 2.0828212 0승부최상승부최상43기 0 8                            14.0    14.1                                 2 7 2 1  3                                            10.64494 3 9 9 3☆ 1.341.00 -.70     118.330.8553.9968.8132526428.5748.8162.55 1
20251025토10180011국452 7 56 9혼전 4441맑음건조 5 9 8플라잉데이      레이스데어케이전 7041.00한암 33762 9 1   79      41250혼3이준철김형순   0 1 8 5 1 8 2 3 2 8 62김용근47252.082강입상87 93 937485.071.052.6214911446420313743403025292517502525↗↘선13.439.740.812.8733538.541.7117.1118.5 71 86 2929   13.40   13.10 5 -8  0HUUP53.54721814  .4 1.6 2.0818112 4승부최상승부최상86기 3 3 1 2 2 3 3 1①1:57.14    -.714.040.714.1 -2 -5  .80 1 3  0  .036 4794098 4 7 2 12 2 3.05 3.11 2.2 4.8  4.6   19.7   36.1   23.110.54493 3 9 9 3☆ 1.441.20 -.6338.01118.720.6639.1052.6032526419.6735.9050.57 2
20250920토 9140011국354 1106 9혼전 4421맑음포화16 9 8플라잉데이      레이스데어케이전 9030.00한암 34257 2 1   78      41250국3이준철김형순   0 2 7 4 4 8 1 3 1 7 57김용근47752.082강입보93 95 958986.075.046.12149114464203137434030252925176733 0↗↘선13.636.739.312.8655936.638.6 85.4 87.4 67 83 3333   13.60   14.00 5  9 -2VUDN54.04701614  .8 1.2 2.0818112-2승부최상승부최상 5기 111 6     6 6 6②1:25.41     .013.438.013.1 -1  3 1.40 2 3  2  .2 729221078 6 2 1 13 110.03 6.11 3.0 8.5 33.9  137.5  202.5   85.310.54496 4 9 8 4★ 1.738.90 -.3011.4188.5919.9635.6146.1332526418.8832.0341.18 1
20250816토 8160010국550 7106 9 1강 1131맑음다습10 9 8플라잉데이      레이스데어케이전 9030.00한암 33350 2 1   97      41250국5이준철김형순   0 3 6 3 2 8 1 2 1 6 50장추열47453.593강입하83 76 761794.076.059.43350114464203137323230252025225050 0↘↗입13.736.739.312.8437236.539.0101.5101.5 60 80 4060   13.80   14.50 6  1  2HNUP54.34691614  .6 1.4 2.0818112 2승부최상승부최상48기 0 2 1   1 1 1 1①1:41.54    -.713.639.414.0  0 -9 -.40 1 1  0  .0 948322897 8 4 4 11 1 1.03 2.10 2.6 5.6  2.6    9.4   13.3   35.9  .04493 3 9 9 3☆ 2.039.30 -.5625.53103.033.7148.6459.3739607320.2539.4449.64 1
20250705토 51400 9국452 3 56 9 3강 3331맑음건조 3 9 8플라잉데이      레이스데어케이전 9030.00한암 34060 1 1  102      33000국4이준철김형순   0 4 5 2 3 8 5 2 1 5 60문세영48352.073강입보94 94 949090.067.054.23644 94464203137605030252836165050 0↘↗입13.737.238.912.8338736.040.1 88.1 88.6 75100 2550   13.80   13.50 5 -5  0UUDN54.34691614  .3 1.5 1.8898912-2마방선전승부최상75기 1 1 3     3 3 3③1:28.16    1.013.839.814.5  2 -2  .20 3 1 -1 1.140 7754546 8 2 1 12 5 2.07 9.04 2.6 3.5  2.9   31.3   43.8   24.312.24495 3 9 9 3☆ 1.338.60 -.5812.4588.6623.3441.2854.2315324725.8645.6960.56 1
20250531토 61600 8국441 5 96 9 1강 1131맑음건조 4 9 8플라잉데이      레이스데어케이전 9030.00한암 35075 9 1   94      33000국4이준철김형순   0 5 4 1 1 8 4 2 1 4 75문세영48552.073강입보95 97 971796.065.053.03644 94464203137605030252836165050 0↘↗입13.736.139.812.8765937.437.5102.3101.4100100 3333   13.70   14.7014  3 -3LUUP54.34691614  .0 1.3 1.3939312 2전개최상마방선전54기 1 6 3   3 3 3 3③1:42.31½   .213.838.713.5  1 23 -.90 3 2  1  .4 791 61673 1 4 1 22 4 1.07 2.05 2.0 4.4  2.0   14.1   22.1   20.0  .03986 3 9 8 3☆ 1.239.80 -.3825.50103.018.5936.1853.0319405626.6748.3865.57 2
20250222토 6140011국511 9 66 9 1강 1154맑음건조 3 9 8플라잉데이      레이스데어케이전 9030.00한암 3     9 2  349      24750국5이준철김형순   0 6 3 2 2 8 3 1 1 2  0문세영47354.593강입보96 98 9891  .071.072.44153 0275610313760503025283616 099 0→↘입14.237.039.012.8578236.140.2 90.2 88.2100100  050   14.40   13.80 4 -3  2VN동54.04641412  .0 1.5 1.5929212 0전개최상전개최상 1기 1 3 2     2 2 1①1:30.21½  -.313.740.814.7  0 -2-1.60 1 1  0  .024 8724493 5 4 1 11 3 1.06 3.05 1.3 6.2  1.3    9.2   12.6   37.512.04492 2 9 9 2☆ 1.638.80 -.9812.2088.5940.4163.3172.4139587214.7527.0752.69 3
20250126일 3140011국511 7 66 9 2강 2251맑음건조 3 9 8플라잉데이      레이스데어케이전 9030.00한암 3     9 3  407      24750국5이준철김형순   0 7 2 1 1 8 2 1 0 1  0문세영47553.093강입보90 25 2595  .072.064.63847182256 4313760503025283616 099 0↗→입14.236.838.912.8739536.938.9 89.8 87.8100100  0**   14.20   13.10 4  4 -1BUUP54.04641412-1.0 2.0 1.0999912 2기수신마전개최상 1기 0 6 5     4 4 2②1:29.81¼   .014.439.113.8  1 11-1.20 2 1 -1  .31344322684 3 211 12 210.01 4.06 2.0 5.4 35.5   46.6  185.9   70.8  .04491 3 9 9 3☆ 1.738.90 -.6112.1088.3832.2752.5064.63395872 9.7818.1847.02 4
20241229일 1120011국630 8 86 9 2강 2235맑음건조 4 9 8플라잉데이      레이스데어케이전 3525.00한암 2 0 0 9 3  497      24750국6이준철김형순   0 8 1 1 1 8 1 0 0 0  0문세영46454.093평무보   25 2540  .060.063.73847182256 4313760503025283616      ↗→입    36.738.5        36.837.5 75.6 74.3              13.80   13.60 4  0  0NL동       12 0                 0 0걸음불변기수신마 1기 1 2 4     4 2 1①1:15.66   -1.114.238.213.1 -1 16-1.30 1 2  0  .0 429 8 397 9 910 22 1 2.01 2.03 1.9 4.5  4.7    5.0   10.8   22.2  .03567 3 7 9 3☆  .738.30 -.56 -.8775.6126.8749.2363.66183651 9.7819.3529.07 1
20251123일 9180010국3 3 4  5 2혼전 4455           9 9스톰브레이커    카우보이은하철마 5839.00한수 41628   1    017:00 41250국3최용건오종택   1 016 11424 1 4 325 28송재철   57.073기입보50 37 37 920.034.010.21522102869 918 5 8 021111826215050 0↗→입13.740.340.812.45614                   40 45 1030   15.10   13.70 3 -1  5LB동54.05131818 -.2 6.0 5.8343417 0걸음불변기복전력68기 1 9                            15.1    13.7                                 8 4 8 7  1                                              .01419-2 4 3-2  -1.240.80  .16     119.0 1.25 4.0410.15 41118 3.57 9.5217.37 8
20251102일 9180010국433 7 35 3혼전 4451맑음건조 5 9 9스톰브레이커    카우보이은하철마 5839.00한수 41629 1 1   47      41250혼3최용건오종택   1 115 71324 1 4 324 29우인철51252.064기입적 7  1  1 5 8.028.0 4.51567 62869 918 5 0 021111029255050 0→→추13.740.040.712.4552040.342.0118.5119.9 42 47 1132   13.70   15.60 4  9 -3VUUP54.05131818  .0 5.8 5.8343417 2걸음불변기복전력43기 010 810 9 7 8 8⑤1:58.55    1.115.141.013.7 -1  2  .70 5 6  1 1.77255838551 5 510103 1 3.02 6.08 2.6 3.1  4.6    6.5   12.8    4.3  .01412-2 1 1-2▽-1.741.10  .4239.17118.8  .54 2.17 4.45 3 814 3.53 6.7014.08 9
20251003금101600 9국452 3105 3혼전 4431흐림다습11 9 9스톰브레이커    카우보이은하철마 6132.00한수 41730 1 1   57      41250국4최용건오종택   1 214 6 324 3 4 323 30김성현51054.567기입상64 51 511727.038.011.5 922 62869 918 513 021111625195050 0→↗입13.936.639.312.4514736.243.8104.5107.0 44 44 1128   14.10   12.90 3 -4 -1UH동54.05131818 -.4 5.0 4.6505017 0전력변화급하락세46기 0 1 1   1 4 8 8⑧1:44.510   4.513.742.615.6  3 -3 2.10 8 5  1 4.598329898 4 6 4 4 80 3 2.03 3.05 3.1 6.2  3.8    6.2    9.5    7.0  .02313-2 5 3-2  -1.039.30  .5931.10103.0 1.54 5.2911.51 3 814 7.3717.4426.26 5
20250914일 71600 8국430 1 85 5 1강 1131맑음다습13 9 9스톰브레이커    카우보이은하철마 6132.00한수 41831 2 1   47      41250국4최용건오종택   1 313 5 224 2 4 322 31김성현51355.067기입적30 28 281734.049.024.4 922 62869 918 513 021111625196040 0→↗입13.936.639.312.4514736.338.6 99.4101.9 47 41 1824   15.40   13.50 4 -2  1NNDN53.85131818  .2 5.2 5.4474717-2걸음불변탄력호전67기 1 5 5   5 5 4 3③1:39.42½   .414.137.812.9 -1  1 1.80 3 4 -4  .41535221366 5 1 5 52 2 2.05 7.08 2.7 4.1  2.9   19.1   29.9   43.7  .03326 0 5 6 0   -.239.30  .3126.00103.0 5.2014.3424.37 71627 6.0613.8526.95 6
20250817일10180011국353 5105 3 1강 1151맑음양호 7 9 9스톰브레이커    카우보이은하철마 5839.00한수 41933 2 1   65      41250국3최용건오종택   1 412 41224 1 4 321 33김성현51254.066기입하29 17 1722 6.035.011.4 922 62869 918 513 021111625196040 0→↗입13.940.140.512.4643541.739.8118.6119.5 50 50 1925   14.40   14.80 3 -2 -4NH동53.85131818  .6 4.2 4.8555517 0걸음불변감량기수48기 1 711101010 9 6⑤1:58.6¾   1.215.439.513.5 -3 -2  .70 5 8  1 1.46393337250 5 7 9 83 1 4.0210.05 3.6 7.7  7.2   11.7   34.5   22.2  .01422-2 1 1-2  -1.040.90  .2838.86118.8 1.63 5.3911.35 1 512  .61 3.42 7.2110
20250726토 8180011국341 8 95 6 1강 1121맑음건조 4 9 9스톰브레이커    카우보이은하철마 5839.00한수 42035 9 1   39      41250국3최용건오종택   1 511 31124 1 4 320 35빅투아51457.588평입하45 24 243519.040.013.92951162869 918 5143021112028186040 0→↘입13.940.040.412.4683939.343.4120.1120.4 53 53 2020   13.90   14.90 7  8  0BLUP53.85131818  .6 4.8 5.4575717 2거리적응기수영향47기 0 9 7 6 6 7 9 8⑧2:00.1½   3.914.443.314.8  1 -5 -.20 8 7  5 3.98418949017 6 2 7 70 2 2.03 3.10 3.2 7.4  3.6    9.7   20.2   25.4  .01750 0 3 2 0   -.641.10  .2840.01118.7 2.52 7.9613.94 3 815 1.90 6.9416.31 8
20250608일 81600 9국342 4 45 6 1강 1131맑음건조 3 9 9스톰브레이커    카우보이은하철마 6132.00한수 42136 2 1  122      41250국3박재우오종택   1 610 2 124 1 4 319 36장추열51957.593우입하68 65 651775.058.041.03350112047 7242632 026202025226040 0↘↗입13.936.139.312.4804737.539.8104.0104.0 53 53 2713   14.40   13.20 5-10  0ULDN53.85131818  .6 4.2 4.8646417-2주행평범작전마주57기 0 1 3   3 6 5 7⑨1:44.01¼  2.713.941.014.9  7  4 -.51 9 2 -3 2.97793608314 4 4 4 40 4 3.04 7.06 1.8 3.5  7.1   16.3   38.9    9.6  .01868 0 6 6 0    .439.30  .1428.60102.710.7825.9141.0010233611.5127.2740.61 3
20250503토10180011국313 4 65 4혼전 4441맑음포화18 9 9스톰브레이커    카우보이은하철마 5839.00한수 42238 1 1  134      41250국3박재우오종택   1 7 9 11024 1 4 318 38이혁  51557.587우입하58 40 405430.051.022.31428 62047 7242614 026202721196040 0↘↗선13.939.740.412.4863940.739.8115.9118.4 57 57 2921   14.20   14.30 4  8  1VB동53.85131818  .4 4.2 4.6676717 0휴양탐색보통걸음 1관 011 6 7 7 7 5 5⑤1:55.91¼  1.114.439.113.2  0-22 1.60 5 5  2 1.73565374752 2 4 8 80 1 1.06 7.01 1.8 5.1  1.8    7.6   10.0   30.5  .02164 0 4 4 0    .141.20  .1938.30118.6 5.4113.0722.28 31018 6.6013.4524.47 9
20250405토10180010국451 3105 4 1강 1131비  포화19 9 9스톰브레이커    카우보이은하철마 5839.00한수 42341 1 2  218      41250혼3박재우오종택   1 8 8 6 924 2 4 317 41조한별53757.061우입보71 80 807180.057.042.01882 7215010242623 026201219186040 0↗↘입13.939.740.312.4874340.141.9115.8118.3 57 57 2921   14.40   13.1011 -3  1HB동53.85131818 -.6 4.0 3.4757517 0직전선행작전마주 1기 1 3 4 6 6 6 7 8⑨1:55.81¾  2.314.241.014.3  6 16 1.93 9 3  2 2.43242858223 1 4 1 20 3 1.06 2.08 3.3 6.1  3.3   32.5   59.4  193.7  .02966 0 8 7 0    .641.20 -.2438.30118.515.6829.5042.0119405625.0043.3055.56 1
20250119일10180011국351 4105 6혼전 4431맑음건조 3 9 9스톰브레이커    카우보이은하철마 5839.00한수 42537 2 3  422      41250국3박재우오종택   1 9 7 5 824 1 4 216 37조한별52156.069우입적65 65 655844.057.031.01240 5224320242623 026201219186040 0↗↗입13.939.740.412.4873939.839.3117.4118.0 54 54 3123   14.20   13.90 4 -1 -1NN동53.85131818  .0 3.6 3.6737317 0강단마필작전마주 1기 0 6 3 2 2 2 2 2②1:57.41¾   .014.439.413.1  1  1  .00 2 1 -4  .32432221288 1 7 4 41 2 2.01 8.06 3.8 9.9  4.2   12.3   24.7  218.0  .03365 0 6 5 0    .641.10 -.0137.91118.610.3520.8830.96 82033 9.4715.2424.92 7
20241222일 9180011국352 8105 8혼전 4441맑음양호 6 9 9스톰브레이커    카우보이은하철마 5839.00한수 32640 2 3  512      41250국3박재우오종택   110 6 4 724 1 4 215 40씨씨웡52056.573우입상94 98 988775.068.052.1235011224320242631 026202024226040 0↗↘선13.939.740.012.4815939.640.5119.7118.6 58 58 3325   14.10   13.10 6  5  3LB동53.85131818 -.6 2.2 1.6888817 0직전선행강단마필 1기 1 7 4 3 3 6 4 8⑦1:59.7½    .914.241.013.9  2  6-1.10 7 5  2 1.04021573461 1 3 1 12 4 7.08 1.11 4.510.8 13.0  125.4  262.4  578.010.53486 2 9 9 2▲ 1.341.20 -.3738.86118.425.4641.6252.0632526413.7928.2139.30 1
20241110일 8180011국330 1 85 5 1강 1151맑음건조 5 9 9스톰브레이커    카우보이은하철마 5839.00한수 32835 2 4  642      41250국3박재우오종택   111 5 3 624 1 4 114 35조한별51454.080우입하69 49 493746.052.029.61967122746 9242623 026201219185050 0↘↗입13.939.840.212.4775140.038.6117.2117.9 55 55 3618   14.10   14.80 6 -3  1HN동53.85131818-1.0 3.0 2.0838317 0걸음불변최근최상 1기 1 2 1 1 1 1 1 2②1:57.2¾    .014.138.113.1 -1  7  .50 2 3 -7  .12036 8 486 4 5 4 41 1 1.03 6.02 2.2 5.0  2.2    6.2   10.1   27.4  .01855 0 6 5 0    .341.00  .0437.89118.5 7.6419.1229.61 82033 5.8817.0229.20 4
20240929일 7180014국353 3105 7혼전 4431맑음건조 4 9 9스톰브레이커    카우보이은하철마 5839.00한수 33038 9 4  775     110000국3박재우오종택   112 4 2 524 1 4 113 38장추열50753.091우입보97 98 986678.063.026.22548 82746 9242632 026202025225050 0↗→입13.939.940.012.4695938.743.2118.5120.0 60 60 3020   14.20   13.40 5  3  1NN동53.85131818-1.8 3.8 2.0828217 0승부최상작전마주 1   0 5 6 5 6 91011⑪1:58.51¼  2.714.142.014.8  1-11 1.701110  8 3.176 49481 6 5 4 1 40 3 2.13 4.08 3.7 9.7  4.7  266.0  438.2  776.710.53387 1 9 7 1    .941.20  .1640.09118.5 7.4817.3426.24 81526 9.3918.2826.97 4
20240824토 8180010국310 5 15 9혼전 4451맑음다습12 9 9스톰브레이커    카우보이은하철마 5839.00한수 33333 2 5  869      41250국3박재우오종택   113 3 1 424 1 4 012 33빅투아51852.082우입적86 78 788265.062.045.31936132141 32426273026202028185050 0→↗입13.940.240.012.4516439.339.6117.6117.7 56 56 2222   14.20   13.60 5 -5  0HU동53.85131810-1.6 4.6 3.0696917 0직전탐색승부최상 1기 1 2 3 3 3 3 2 2②1:57.610    .014.239.513.4  0 -2  .40 2 2  0 1.6161431 789 7 1 2 32 1 1.02 8.02 1.7 3.4  1.7    3.4    4.8    4.7  .04491 3 8 7 3▲  .840.60 -.3737.48118.616.1431.2145.2814284212.2022.3439.58 4
20240721일 9180011국440 2 95 4 2강 2251맑음포화16 9 9스톰브레이커    카우보이은하철마 5839.00한수 33636 2 5  944      41250국4박재우오종택   114 2 1 324 3 4 011 36씨씨웡52052.082기입적96 93 934982.043.015.81025 82141 3242631 026202024225050 0↘↗선13.940.340.212.4465140.040.1117.0118.4 56 56 2222   14.20   13.60 7  3 -3NU동53.85131810-2.2 5.8 3.6616117 0기습선행거리속성 1   0 7 4 4 5 3 3 4⑤1:57.01½   .714.239.713.6  3  2 1.02 5 2  1 1.13438453562 4 7 1 72 3 3.04 2.08 2.8 6.0  4.6   14.6   24.7   57.1  .03139-1 8 4-1   -.540.60  .2037.88118.7 2.90 7.9815.79 2 71310.5623.7337.59 3
20240602일 71800 9국510 8 65 6 2강 2254맑음건조 3 9 9스톰브레이커    카우보이은하철마 5839.00한수 33030 1 6 1085      33000국5박재우오종택   115 1 3 224 2 3 010 30씨씨웡51855.093기입적69 60 603582.054.036.13357 72765 3242631 026202024223367 0→↘선13.940.540.512.4313939.339.5117.8117.4 50 50 1325   13.60   13.10 3 -4  1HNUP53.35121810-1.4 6.8 5.4464617 6휴양탐색단기승부 1기 0 4 2 2 2 2 2 1①1:57.83    -.514.239.613.6  0 -1 -.40 1 1  0  .0101529 795 4 6 3 41 2 1.05 4.09 1.6 4.5  1.6    7.8    9.6   12.7  .01949 0 7 5 0    .340.30 -.4036.41118.911.3925.2136.1113284322.3540.7058.40 2
20251123일 9180010국3 3 4  9 6혼전 4455           910지산포스        크리솔라태후의날 9421.00한수 34050   1    017:00 41250국3안병기홍승오  99 011 2 510 1 4 110 50유승완   57.578우자보50 53 534969.057.042.71446 6285617183221 0201316262360 040→↗입14.039.640.912.586 7                   56 67 4433   14.30   13.30 2  2  4VB동54.14842018  .0 4.0 4.0626214 0직전선행단기승부50기 110                            14.3    13.3                                 7 5 3 4  1                                              .02970 0 7 5 0    .440.90 -.40     118.711.7827.7942.7310233620.2435.7148.65 2
20251108토 9180011국312 5 69 5 3강 3339흐림건조 3 910지산포스        크리솔라태후의날 9421.00한수 33344 2 1   36      41250국3안병기홍승오  99 110 1 410 3 3 1 9 44씨씨웡49353.589우자보81 84 846783.061.052.4305310285617183228 0201320242250 050→↘선14.039.740.912.590 739.639.5116.9117.0 50 63 5038   14.00   13.00 5  5  1NN동54.34822018 -.2 4.2 4.0636314 0직전선행가격혈통76기 1 8 2 2 2 1 2 1①1:56.92½  -.414.338.613.3  0  5 -.10 1 1  0  .0 530251295 3 7 1 21 3 1.02 8.06 1.3 5.2  1.3    5.2    6.8   14.810.92977 0 9 8 0    .741.00 -.6336.40118.819.3738.6652.3521425822.0939.1354.74 2
20251003금 8180011국441 9 99 6혼전 4431흐림다습11 910지산포스        크리솔라태후의날 9421.00한수 32537 1 1   81      33000국4안병기홍승오  99 2 9 2 310 2 2 1 8 37씨씨웡48852.589평추보58 38 385457.052.033.5305310285617183228 0201320242233 067→↘선14.139.840.912.584 538.638.4116.0115.8 43 57 4329   14.40   14.30 5 -8  0HUUP54.84802014  .2 4.6 4.8494914 1마방연대선행유리50기 1 3 1 1 1 1 1 1①1:56.016  -2.814.038.713.0  0 22 -.10 1 1 -2  .0 1 5 5 099 3 9 4 41 2 1.03 3.05 3.3 7.5  3.3    7.9   13.9   10.5  .02840 0 7 5 0   -.140.80 -.2635.06118.810.2920.0933.5310233615.8734.2143.37 2
20250831일 7170011국433 4 89 6 3강 3321비  다습13 910지산포스        크리솔라태후의날 5426.00한수 32842 9 1   89      33000국4안병기홍승오  99 3 8 1 210 1 2 1 7 42씨씨웡46652.590우추보45 39 396568.070.058.4305310285617183228 0201320242233 067→↘선14.139.141.512.5921638.842.4110.9112.7 50 67 5033   14.10   16.3011  4 -5VUDN54.84802014  .0 4.2 4.2595914-3걸음불변마방연대68기 111 5 5 5 4 3 4④1:50.92    1.114.441.414.3  1-11 1.20 4 3-10 1.629 8815946 3 6 7 12 1 1.07 2.07 2.3 5.5  2.3   15.7   25.5   44.711.82885 2 5 8 2△ 1.441.90 -.5632.10113.524.7445.9258.4032526413.0824.3232.84 4
20250615일 8200013국514 9 19 4혼전 4431맑음건조 3 910지산포스        크리솔라태후의날 9421.00한수 33350 2 1  191     385000국5안병기홍승오  99 4 7 4 110 6 2 1 6 50코지  47757.086우추하45 41 412157.053.023.829501728561718322838201325261933 067→↘선14.239.740.312.5504338.644.6133.7133.0 60 80 4040   14.30   14.10 5 -1  4NBUP54.84802014  .0 2.4 2.4757514 3전개최상가격혈통 5   0 7 91010111211⑪2:13.73    3.914.143.816.3 -2 -1  .901113 11 4.0822096952011 8 9 70 6 3.0910.11 1.4 3.4  8.1  142.6  343.5 1119.3  .03419-2 6 7-2   -.140.10 -.0453.00131.5 6.8513.8123.82 71627 6.9917.0521.86 5
20250510토 7170010국543 7 99 9 3강 3313흐림불량20 910지산포스        크리솔라태후의날 5426.00한수 34060 2 1  116      33000혼4안병기홍승오  99 5 6 3 110 5 2 1 5 60코지  47853.086우추상84 94 949894.072.065.329501728561718322838201325261933 067→↘선14.239.440.912.5795538.841.1110.8112.7 75 75 2525   14.20   14.40 6  2 -1NUDN54.84801814 -.3 2.5 2.3787814-1여유우승전개최상 1   0 8 3 3 3 3 3 3③1:50.83     .614.341.814.1  1 -5  .30 3 2  0 1.231 7582366 5 1 1 12 5 1.04 1.07 3.1 4.1  3.1   10.1   16.1    7.011.84590 2 9 9 2☆ 1.341.60 -.5632.41113.330.8952.1365.3232526435.1658.0370.41 1
20250329토 5180010국520 9 79 7 1강 1153맑음건조 3 910지산포스        크리솔라태후의날 9421.00한수 32550 9 2  244      24750국5안병기홍승오  99 6 5 2 210 4 1 1 4 50코지  48353.585우추적48 70 707783.062.070.92156 62269 8183228382013252619 0 099↗→선14.240.640.512.5323938.940.3118.9117.4 67 67  033   14.80   14.50 5 -5  0NU동55.54791814  .0 2.7 2.7727214 0전개최상가격혈통 1기 0 6 2 2 2 2 2 1①1:58.94    -.614.241.114.4 -1  3-1.30 1 2 -1  .010 6511296 7 4 2 11 4 2.06 6.05 1.9 3.4  3.7   23.9   36.6   12.7  .03470 1 7 7 1    .840.20-1.2136.32119.030.9555.6770.8632526435.1957.6072.22 1
20250223일 5180010국550 9109 8혼전 4451맑음건조 3 910지산포스        크리솔라태후의날 9421.00한수 33366 9 2  339      24750국5안병기홍승오  99 7 4 1 110 3 1 1 3 66코지  48053.585강추보84 92 929383.060.041.82156 62269 8183228382013252619 0 099↗→선14.240.739.812.5258240.340.8121.0119.4100100  050   14.50   12.80 7 10 -3BUUP55.54791814-1.0 2.5 1.5919114 4전개최상전개최상 1기 111 9 910 8 8 4⑤2:01.0½   1.614.841.714.5  2 -2-1.40 5 3  2 2.4625266643410 1 1 23 3 4.05 4.02 2.6 8.0  7.9   18.6   37.0   16.310.54471 0 8 7 0△  .540.30 -.3838.87118.714.8328.2341.8418365119.1934.2946.85 1
20250104토 3140011국620 8 79 9 1강 1159맑음건조 3 910지산포스        크리솔라태후의날 5426.00한수 3 050 1 3  484      16500국6안병기홍승오  99 8 3 3 210 2 0 1 2 50코지  48256.087강추보94 97 979696.074.082.5224412 911 8183228382013252619 0 099↗↗선14.236.939.012.7606837.937.5 89.7 87.7100100  0 0   14.20   13.00 5-10  1UV동55.04761414-2.0 4.0 2.0868614 0마방기습전개최상 1기 3 1 6     6 6 2①1:29.72½  -.414.538.112.8  0  6-1.60 1 1 -3  .01089 31496 2 2 1 13 2 1.04 1.09 1.8 2.4  1.8    7.6   10.2    6.512.04494 2 9 9 2☆ 1.838.70-1.2211.8088.5244.4370.1282.5339607346.3275.2879.21 1
20241201일 3140010국651 8109 6혼전 4429맑음포화17 910지산포스        크리솔라태후의날 5426.00한수 2 0 0 1 3  583      16500국6안병기홍승오  99 9 2 2 110 1 0 0 1  0코지  47655.087평무하14 35 356631.057.047.8224412 911 8183228382013252619      ↗↗선13.336.241.315.199 136.838.8 88.8 87.9              13.30   15.40 5  4  0BLUP       14 0         7.0     0 2마방습성마방기습 1기 111 8     8 5 3②1:28.83     .014.238.513.0 -2  0 -.40 2 4  1  .51537312089 111 9 23 1 5.0410.11 3.6 6.7  6.1   15.4   28.9   18.712.72969 2 5 6 2    .539.50-1.2810.4089.6217.2334.7647.7618365114.5529.8541.15 2
20241027일 1120010국611 5 19 6 3강 3339흐림다습12 910지산포스        크리솔라태후의날  440.00한수 2 0 0 9 4  693      24750국6안병기홍승오  9910 1 1 110 1 0 0 0  0문세영47655.093평무보   35 3540  .048.024.33851 01867 4183238 02013283616      ↘↗입    36.738.5        36.041.2 77.0 77.4              13.80   13.60 4  0  0LL동       12 0                 0 0걸음불변마방습성 1   0 7 2     2 2 3⑦1:17.0코   1.813.341.415.4  4  7  .21 7 3  0 2.982 3947932 6 610 51 1 1.04 1.05 1.3 3.4  1.3    6.1    8.2   27.6  .02349 0 4 4 0   -.139.30  .59 2.1675.61 5.5212.3624.25 8152611.1121.4336.05 7
20251123일10120011국3 4 2  1 4혼전 4442          10 1월드섀넌스      뉴화이트섀넌스데 3329.00한거 41526   1    017:30 41250혼3홍대유송태형   2 016 1 920 1 3 219 26문정균   55.068기선보50 45 456523.048.018.81956 91837 7153318 0191413182399 0 0→↘추13.136.938.612.56159                   54 62 5431   13.80   15.1017 -2  2UNDN54.34781612-1.0 7.4 6.4454510-4교체승부마방연대58관 0 1                            13.8    15.1                                 7 910 9  1                                              .02857 0 4 6 0    .038.60  .57     75.78 4.6810.2318.84 1 4 8 7.1415.5421.93 8
20250727일12160010국433 2 31 7 1강 1131맑음건조 310 1월드섀넌스      뉴화이트섀넌스데 2826.00한거 41627 9 2  304      41250혼3홍대유송태형   2 115 2 120 1 3 218 27이혁  47553.087평도상46 37 371754.054.035.72757111670 715333222191427211999 0 0↗↘선13.136.240.112.5723537.142.9105.4107.1 58 67 5833   14.20   12.80 5 -6 -1HHUP54.34781612-1.8 7.0 5.2616110 4마방연대교체승부38관 1 3 5   5 910 9⑧1:45.44    4.113.842.315.1  0-10 1.40 8 8 -3 5.098859698 5 3 8 5 40 7 6.01 4.05 1.7 3.1 18.2   12.1   33.2  140.3  .02841 0 5 8 0    .440.10 -.1530.76103.2 9.5522.8435.69 82033 8.6621.2833.43 5
20250621토 8120011국354 2101 6혼전 4431흐림포화1710 1월드섀넌스      뉴화이트섀넌스데 3329.00한거 41729 2 1   93      41250국3홍대유송태형   2 214 1 820 1 3 217 29박태종48554.074우선보46 43 436824.056.021.011 0 81837 7153311 0191420232099 0 0↘↗선13.136.638.412.5866838.137.4 74.4 75.9 64 73 6418   13.40   15.40 4  1 -2BHDN54.34781412-1.4 5.0 3.6727212-2마방연대마방연대50기 0 911    111111⑨1:14.4½   1.214.237.012.8 -2 -6 1.10 911  4 1.24988 73339 6 5 9 80 5 4.0710.08 3.6 7.3  6.4   56.0   83.7   82.7  .02872 0 5 7 0    .338.90  .79  .9275.50 5.1412.9721.01 3 814 4.41 9.4918.8010
20250525일101400 9국443 2 91 8 1강 1131맑음양호 810 1월드섀넌스      뉴화이트섀넌스데 2826.00한거 41831 2 1   61      41250국4홍대유송태형   2 313 3 420 1 3 216 31김태희49155.564강도하48 45 458846.064.035.4 929 51837 71533 7 0191415231699 0 0↗↗입13.136.438.912.5887536.142.0 89.1 90.1 70 90 6020   13.60   14.30 5  3  1BNUP54.34781412-1.6 4.0 2.4848414 2전개최상마방연대57기 1 8 3     3 4 7⑨1:29.15    2.513.441.415.4  2  5  .90 9 7  3 2.982 8958813 2 1 6 50 1 3.02 1.02 3.2 5.8  5.5    7.2   18.6   16.012.03482 2 6 8 2▲ 1.139.80  .4214.8388.1110.8222.7835.41 61628 4.0913.7025.38 5
20250420일11120011국344 2 91 9혼전 4421맑음양호 810 1월드섀넌스      뉴화이트섀넌스데 3329.00한거 42033 2 1  165      41250국3홍대유송태형   2 412 2 720 1 3 215 33이혁  48655.086강선하75 82 829573.067.032.71428 61837 715333222191427211999 0 0↘↗선13.136.538.012.5899437.640.6 77.0 78.6 70 90 6020   13.50   13.30 8 -1  1NN동54.34781412 -.6 2.8 2.2868614 0승부최상전개최상 1기 0 5 3     5 911⑪1:17.0코   3.013.639.914.3  7  8 1.3911 4 -4 3.294718992 7 2 4 3 30 6 2.01 3.04 2.7 5.7  3.6    5.7   10.1    8.2  .04493 3 9 9 3☆ 1.139.80  .72 4.0975.2211.7322.6332.7114284215.0024.7932.14 3
20250222토 9120010국354 2101 9혼전 4411맑음건조 310 1월드섀넌스      뉴화이트섀넌스데 3329.00한거 42135 9 2  346      41250국3홍대유송태형   2 511 1 620 1 3 214 35마이아47854.093강도하53 51 518649.069.031.33563211670 71533 0 019143631 999 0 0↗↘선13.136.638.012.5859436.539.1 74.8 76.0 78100 5622   13.70   14.00 4 -2  0LH동54.34781413 -.6 2.8 2.2838314 0전개최상승부최상 1기 0 6 1     2 1 2③1:14.8¾    .213.538.713.3 -5  0  .80 3 8  5  .24815583271 4 311 41 1 1.02 7.11 2.3 9.0  2.3    9.0   13.0   48.412.74491 2 6 8 2▲ 1.239.00  .72 1.4475.2811.1420.8231.28142842 7.3514.9822.22 9
20250125토 9120011국453 2101 8혼전 4441맑음건조 310 1월드섀넌스      뉴화이트섀넌스데 3329.00한거 42338 9 3  412      41250국4홍대유송태형   2 610 2 520 1 3 213 38이동하47854.087강도하90 90 909676.066.031.72133111236 7153319 0191424261999 0 0→↗선13.136.638.012.5859437.140.2 76.2 77.8 78100 5622   13.50   13.30 4  4  1BN동54.34781413 -.4 2.4 2.0868614 0승부최상전개최상 1관 0 8 3     4 4 8⑨1:16.21½  2.213.739.714.0  6 -7 1.19 9 3  0 2.48843858118 1 3 2 50 1 2.07 1.10 2.3 5.4  5.1   46.2   71.7  278.910.54487 1 9 8 1▲ 1.039.50  .70 3.1675.2810.7821.4431.7310233615.1123.0535.34 4
20241229일 9120011국354 1101 9혼전 4431맑음건조 410 1월드섀넌스      뉴화이트섀넌스데 3329.00한거 32541 9 3  489      41250국3홍대유송태형   2 7 9 1 420 1 3 212 41김용근48553.589강도하76 67 679062.070.032.42650201236 715333413191429251799 0 0↘→선13.136.738.012.5809536.638.3 73.6 75.4 75100 5025   13.50   13.90 5 -1 -1NHDN54.44771413 -.4 2.4 2.0858514-2전개최상승부최상 1기 0 4 2     2 2 2③1:13.6코    .013.537.713.3  0  0 1.30 3 3  1  .02517291177 4 6 5 41 2 2.0610.09 2.8 8.6  5.3   47.4  103.7  122.612.74492 2 7 9 2☆ 1.338.70  .64  .7275.3311.8422.5832.41102336 6.7317.6728.45 6
20241124일10140011국453 1 51 9혼전 4451맑음건조 410 1월드섀넌스      뉴화이트섀넌스데 2826.00한거 32745 2 3  598      41250국4홍대유송태형   2 8 8 7 320 1 3 211 45이혁  48554.091강도보99 97 979384.074.048.01942 41236 715333222191427211999 0 0↘↗선13.136.538.812.5808236.440.1 87.9 89.1 75100 5025   13.40   13.30 4  3  2NN동54.44771413 -.6 2.6 2.0868614 0전개최상전개최상 1기 1 5 1     1 1 5⑩1:27.9코   2.013.539.013.9  8  3 1.0910 2 -4 2.05519715322 2 4 1 21 5 3.0511.08 3.0 4.6  6.4   25.0   44.0   26.810.54497 2 9 9 2☆ 1.539.40  .0813.7688.1120.4435.9047.9818365117.7038.7746.03 1
20241026토10140011국352 1101 9혼전 4451맑음다습1410 1월드섀넌스      뉴화이트섀넌스데 2826.00한거 33040 9 4  695      41250국3홍대유송태형   2 9 7 6 220 1 3 110 40김용근48252.088강도하21 51 519563.073.045.928392024701815333413191429251799 0 0↗↘선13.136.439.012.5837236.638.0 85.4 87.0 71100 5714   13.30   14.50 4 -2  0HU동54.94761413 -.8 2.8 2.0868612 0전개최상전개최상 1   0 2 1     2 2 2②1:25.44     .013.437.513.3 -4  6 1.20 2 6  3  .6 227 8 281 1 5 5 41 1 1.06 8.02 3.8 9.5  3.8   23.8   42.1   41.110.64496 4 8 9 4★ 1.539.10  .0711.6488.1818.2533.7545.9014284211.2920.8328.83 5
20240929일101400 8국354 2 51 9혼전 4431맑음건조 410 1월드섀넌스      뉴화이트섀넌스데 2826.00한거 33344 9 4  772      41250국3홍대유송태형   210 6 5 120 4 3 1 9 44이혁  47652.092강도하80 88 889483.069.037.62959 324701815333222191427211999 0 0↗↘선13.136.439.012.5877236.440.3 88.0 89.7 71100 5714   13.10   13.8012  3 -4NUUP54.94761413-1.0 2.7 1.7909012 1전개최상전개최상 1기 0 4 2     2 4 6⑥1:28.0½   1.413.340.114.5  3  6 1.11 6 3  2 3.37316755734 2 4 1 22 4 1.04 1.02 1.7 3.6  1.7    4.5    6.4    5.110.54490 2 9 9 2☆ 1.139.70  .2814.3088.1815.0627.0737.5918365115.4529.1539.49 1
20240706토 6130010국543 3 41 9 2강 2231흐림포화1610 1월드섀넌스      뉴화이트섀넌스데 2826.00한거 32537 1 5  994      33000국5홍대유송태형   211 5 4 520 3 2 1 8 37이혁  47056.092강도보84 95 959895.079.074.426461023671215333222191427211999 0 0↗↗선13.336.738.812.5958236.439.2 80.9 82.1 67100 5017   13.40   13.50 5  0  1UL동54.64771313  .0 2.0 2.0878712 0전개최상전개최상 1기 0 1 2     1 1 1①1:20.92½  -.413.139.213.8  0 -9  .90 1 1 -1  .014 4531489 2 3 1 11 3 1.05 1.08 3.1 3.4  3.1   16.3   24.2   11.3  .04494 3 9 9 3☆ 1.940.10 -.42 6.5782.3333.3559.0974.4432526419.8540.8048.20 2
20240602일 4130010국444 2 91 9혼전 4411맑음건조 310 1월드섀넌스      뉴화이트섀넌스데 2826.00한거 32842 1 6 1088      33000국4홍대유송태형   212 4 3 420 2 2 1 7 42이혁  47955.093우선보96 99 999885.074.051.231481521381015333222191427211999 0 0↘↗선13.336.739.112.5976836.638.8 81.3 82.4 80100 4020   13.40   13.70 4  0  0UN동54.64771312  .0 3.0 3.0787813 0승부최상전개최상 1기 0 1 2     2 3 2③1:21.31¼   .213.439.113.5  1  5  .30 3 2  0  .323 838 971 1 8 1 21 2 4.0110.04 3.0 4.9  6.7    7.8   20.6    8.410.56196 3 9 9 3☆ 1.840.20  .04 6.6082.5222.6040.4251.1919405618.1833.8745.74 2
20240504토 8130010국414 1 61 9혼전 4411맑음건조 510 1월드섀넌스      뉴화이트섀넌스데 2826.00한거 33333 1 6 1179      33000국4홍대유송태형   213 3 2 320 1 2 0 6 33이혁  47455.093평선하36 34 348675.075.042.831481521381015333222191427211999 0 0↘↗선13.336.839.212.5875936.638.5 80.2 81.6 75100 2525   13.40   14.10 4 -7  1UN동54.54781312         9.0    12 0승군탐색승부최상 1기 2 1 2     1 1 2②1:20.22     .013.438.413.7  0  4  .80 2 2 -2  .4 6 829 578 4 8 8 21 1 4.02 9.01 1.5 4.7 10.4   24.2   58.8   31.610.64495 3 8 9 3☆ 1.739.90  .13 5.6182.6516.5731.2242.7618365112.5024.6331.96 2
20240407일 6130010국454 5101 6혼전 4421맑음건조 510 1월드섀넌스      뉴화이트섀넌스데 2826.00한거 34040 1 7 1258      33000국4홍대유송태형   214 2 1 220 4 2 0 5 40박태종47054.072평선하65 54 547341.051.023.3 725 3164010153311 0191420232099 0 0↘↗선13.337.138.712.5699136.840.0 82.8 83.3 75100 2525   13.50   13.30 4  7  2LNUP54.54781312         3.0    12 1직전복병거리속성 1관 0 8 2     2 3 4⑨1:22.8목   1.013.439.714.1  5-10  .46 9 4  1 1.25614755145 6 110 71 4 9.0710.06 2.2 6.3 28.9  229.2  520.9  167.813.22552 0 5 6 0    .040.00  .81 7.5182.52 5.9113.1723.30 51222 7.6917.9127.71 8
20240310일 9120011국554 3101 5 3강 3331맑음건조 410 1월드섀넌스      뉴화이트섀넌스데 3329.00한거 35050 2 7 1343      33000국5홍대유송태형   215 1 2 320 3 2 0 4 50박태종48052.071평선하39 31 318548.055.019.6 725 3164010153311 0191420232099 0 0↘↗선13.336.739.112.5831037.138.2 74.6 75.6100100 3333   13.30   14.70 5 -5  0UUDN54.54781312         8.0    12-1주력우수부진마필 1기 1 1 2     4 4 4③1:14.62     .313.537.913.3  0 -4  .70 3 3  1 1.33044262169 3 8 9 72 3 1.0710.07 3.2 7.1  3.2   21.9   30.4   42.5  .02358 0 5 6 0    .338.70  .37 -.2375.95 3.9511.2519.56 3 817 7.9115.8323.57 6
20251123일10120011외3 4 2  2 8혼전 4442          10 2기분좋은말      DIALED IMARY GRA 33 9.00미암 41320   1    017:30 41250혼3최용건우태율   1 016 3 915 1 2 115 20김효정   54.070기선적50 45 459638.063.033.11939132869 91832 7 8211116211899 0 0→↘입13.336.538.712.79159                   25 33 58 0   14.20   13.9010 -1  1UNDN54.04571812-2.4 8.4 6.0444410-2마방강공전개최상73기 1 2                            14.2    13.9                                 110 9 3  1                                            12.74480 2 6 8 2▲ 1.038.70  .33     75.6111.3822.7533.12194056 5.9514.5126.91 9
20250913토 91400 8외352 1 52 8 3강 3343맑음포화1710 2기분좋은말      DIALED IMARY GRA 4644.00미암 41421 2 1  187      41250혼3최용건우태율   1 115 2 315 1 2 114 21임기원47453.079기도보50 46 468574.068.056.32444132869 918323125211125321699 0 0→↘선13.336.439.912.7872536.939.4 86.6 88.8 25 33 58 0   14.00   14.10 8  1  1HN동54.04571812-1.4 8.4 7.0393910 0걸음불변마방강공24관 0 3 6     4 5 5⑥1:26.64    1.314.238.313.9  3  8 1.79 6 3  0 1.94241494140 1 8 4 32 1 1.02 6.01 2.3 4.0  2.3    4.0    6.5   10.811.83390 2 8 9 2▲ 1.239.50 -.7512.5088.8021.9039.2956.3421425819.5437.3655.23 2
20250720일10140011외323 2 72 6혼전 4421맑음포화1610 2기분좋은말      DIALED IMARY GRA 4644.00미암 41523 2 1  131      41250혼3최용건우태율   1 214 1 215 2 2 113 23오수철46652.560기도보77 77 778558.052.024.8 825 72869 918321826211112231599 0 0→→입13.336.439.812.7843536.340.1 86.8 88.6 25 25 58 8   13.30   13.90 5 -3 -3UH동54.04571812-1.4 8.4 7.0383814 0마방연대전개유리74기 1 2 6     5 4 4⑥1:26.82½  1.214.039.414.1  3 -6 1.22 6 3 -5 1.44013735141 210 3 62 5 2.0410.08 1.9 3.7  3.7   13.4   25.8    6.9  .02866 0 7 8 0    .039.40  .1312.4388.73 6.0813.5824.76 51222 9.0018.4528.57 5
20250615일 9140010외454 2102 6혼전 4439맑음건조 310 2기분좋은말      DIALED IMARY GRA 4644.00미암 4 816 2 1   83      33000혼4최용건우태율   1 313 9 115 1 1 112 16오수철47255.560기도보 8 18 186916.054.027.9 825 72869 918321826211112231599 0 0→→입13.336.439.812.7863935.439.3 86.5 86.9 18 27 73 9   14.40   16.80 9 -8 -2NNDN53.34501812-1.4 8.4 7.0383810-4걸음불변마방연대38기 0 5 1     1 1 1①1:26.52    -.313.339.013.9 -7  7  .10 1 8 -2  .0 2 150 491 2 8 9 61 4 8.03 5.04 3.8 9.3 13.8   36.3   80.1   74.2  .02672 1 4 6 1    .339.10  .0510.7288.73 7.5718.0427.92 41118 7.6914.0819.62 8
20250413일 9180013외334 3 82 6혼전 4451흐림포화1710 2기분좋은말      DIALED IMARY GRA 5240.00미암 4 918 2 1  188      82500혼O최용건우태율   1 412 8 215 1 1 111 18김철호46557.068기선하11 15 152511.039.011.31240 82869 918321830211115222399 0 0→↗자13.339.641.312.7731039.245.7120.0121.5 20 20 40 0   13.90   15.10 3  5  5VBUP53.34501812 -.8 7.6 6.8404010 6마방연대거리속성 1   013 8 7 4 4 610⑩2:00.010   4.314.445.616.8  0 -3  .501010  3 5.292129998 6 11311 80 3 1.03 4.03 2.3 4.9  2.3    5.6    9.8   49.6  .02830 0 3 3 0   -.741.70  .2040.55118.9 2.10 5.4411.30 1 512 1.83 5.0612.2012
20250323일11120011외344 1 92 5 1강 1141맑음건조 410 2기분좋은말      DIALED IMARY GRA 33 9.00미암 41020 2 2  249      41250혼3최용건우태율   1 511 7 815 1 1 110 20조한별46852.065평도보39 38 385620.048.018.71882 72860101832 015211112191899 0 0↗↘입13.336.838.612.7736436.740.8 76.4 77.7 22 22 44 0   13.60   15.00 3  6  0NHDN53.34501812-1.0 8.0 7.0454510-4걸음불변마방연대 1기 0 8 5     5 4 7⑧1:16.4목   1.813.940.415.1  1 -2 1.00 8 7  0 2.78821918325 5 4 8 90 1 4.02 4.07 3.3 6.2  7.4    9.7   22.7   27.6  .01951 0 4 5 0   -.339.30  .62 2.3375.72 5.0410.4718.67 3 814 1.89 5.5212.00 8
20250301토101600 9외313 7 62 5혼전 4438흐림건조 310 2기분좋은말      DIALED IMARY GRA 4644.00미암 41122 1 2  323      41250혼3최용건우태율   1 610 6 115 1 1 1 9 22정정희47052.068평도상38 30 301721.044.022.81555 528601018321721211117241599 0 0→→입13.336.240.112.7724336.041.6103.9103.8 25 25 50 0   13.90   13.1012 -6  0UHUP53.34501812  .0 8.0 8.0454510 4마방연대조교부실 1관 0 2 2   2 2 2 4⑥1:43.9¾   1.413.642.415.0 -1 21 -.20 6 7 -3 2.57620908739 4 8 8 81 1 1.09 1.08 1.6 4.5  1.6   26.0   30.6   32.0  .02836 0 4 5 0   -.640.10  .1527.53103.2 6.4215.5022.81 3 814 9.2119.5428.26 5
20241207토 9120011외314 2 62 7혼전 4441맑음다습1410 2기분좋은말      DIALED IMARY GRA 33 9.00미암 31225 2 3  566      41250혼3최용건우태율   1 7 9 5 715 1 1 1 8 25김철호44952.069기도적44 45 456343.063.026.21925101425 818321830211115222399 0 0↗↘자13.336.639.312.7832537.138.3 73.5 75.7 29 29 57 0   13.70   14.00 4  2  1NN동53.34501812  .4 6.8 7.2525210 0뒷심부족마방연대 1기 0 811     9 9 8⑤1:13.5½    .813.937.213.1 -5 -5 1.90 510  2 1.13542302455 41110 63 2 1.0510.02 1.5 4.2  1.5   10.9   12.5   72.6  .02683 1 6 7 1    .938.90  .14 -.2076.00 7.0616.7426.15 51222 7.5515.3223.19 7
20241110일 7120010외343 1 92 5혼전 4441맑음건조 510 2기분좋은말      DIALED IMARY GRA 33 9.00미암 31428 2 4  643      41250혼3최용건우태율   1 8 8 4 615 1 1 1 7 28정우주45451.065기도적22 22 227324.053.020.81464 61363 2183211 0211116301399 0 0↘→입13.336.638.412.7823236.538.8 74.6 75.9 33 33 50 0   13.80   15.10 3  3 -1NUDN53.34501812 -.2 6.6 6.4565610-6걸음불변마방연대 1기 0 6 2     2 1 2⑥1:14.6목    .513.738.714.0 -2-10  .80 6 8  3 1.14316492463 2 710 71 1 4.03 3.10 3.1 4.9  7.1   14.7   35.1  165.4  .01970 0 4 6 0    .138.90  .79  .9275.50 4.8812.3420.80 41118 6.1911.9422.94 8
20241020일101800 7국313 5 12 6혼전 4436맑음다습1410 2기분좋은말      DIALED IMARY GRA 5240.00미암 31633 2 4  706      41250국3최용건우태율   1 9 7 3 115 1 1 1 6 33김태희46452.058기선보 8 19 1927 9.036.013.2 8 0 71363 2183213 0211115231699 0 0↗↘입13.339.440.912.7881437.943.5119.4119.9 33 33 50 0   13.40   14.90 6 -2  0HUUP53.34501812 -.6 7.2 6.6616110 6전개최상거리늘어 1기 0 3 2 1 1 2 1 6⑦1:59.42½  2.413.842.815.1  2 -4 1.21 7 5 -1 2.674 0957028 1 6 6 61 1 1.03 6.02 1.4 3.0  1.4    3.8    4.9    8.7  .03433 0 2 3 0  -1.141.70  .3339.59118.7 1.91 6.1213.17 51222 3.17 8.7022.75 6
20240907토 2120010외334 1 82 9혼전 4431맑음다습1310 2기분좋은말      DIALED IMARY GRA 33 9.00미암 3 1   2 5  831      82500혼3최용건우태율   110 6 2 515 1 1 1 0  0김철호46852.078기도보55 52 5293  .063.026.81767 318291018321830211115222399 0 0↘↗자13.336.539.312.7952537.440.2 76.0 78.2 40 40 60 0   13.60   13.3031 -4  0NU동53.34501212 -.8 6.8 6.0626210 0전개최상전개최상 1   0 5 5     4 5 8⑨1:16.08    3.113.439.614.9  3 16 1.50 9 6 -3 3.892588484 3 210 8 70 1 1.0910.07 2.5 4.7  2.5   48.1   70.1   44.7  .04491 1 6 8 1△  .739.70  .17 2.3675.95 7.4616.7926.81 41118 6.5214.1239.19 6
20240127토10120011외314 2 62 9혼전 4431맑음다습1010 2기분좋은말      DIALED IMARY GRA 33 9.00미암 32550 9 8 1463      41250혼3최용건우태율   111 5 1 415 1 1 1 4 50조인권45252.073우도적45 47 479144.065.027.61433101530 71832 018211123241399 0 0→↗선13.336.538.712.7953937.038.6 74.8 76.1 50 50 75 0   13.50   14.40 8  7 -2LU동53.34501212-2.3 6.7 4.3717110 0전개최상전개최상 1기 0 9 4     6 4 8⑨1:14.8½    .913.638.313.3  0 -1  .80 9 9  2 1.24936423252 1 811 70 2 1.06 7.10 1.8 7.1  1.8   17.0   19.6   58.6  .04495 3 6 8 3▲ 1.039.10  .48  .8775.61 8.6418.0627.60 41118 6.5711.7617.2011
20231203일 8120014외424 2 72 9혼전 4431맑음양호 610 2기분좋은말      DIALED IMARY GRA 33 9.00미암 23366 1 9 1630     110000혼4최용건우태율   112 4 4 315 1 1 1 3 66오수철45354.070기도적80 83 839986.072.022.41333 928572118321826211112231599 0 0↘↗입13.336.539.012.7943936.140.6 75.5 77.0 67 67 67 0   13.50   13.80 3 -4 -1UN동53.34501212-2.0 8.0 6.0595910 0전개최상전개최상 1   0 2 3     1 1 6⑪1:15.5½   1.513.540.014.4  4  1 1.2011 7  3 1.675 4896830 11111 71 3 6.01 9.13 2.0 3.8 23.3   17.4   67.8  144.110.64494 3 8 9 3☆ 1.439.30  .48 1.4875.78 7.2215.0622.40 3 81410.8919.5723.80 1
20231112일 7120011외444 5 42 9혼전 4421맑음다습1010 2기분좋은말      DIALED IMARY GRA 33 9.00미암 2 050 2 9 1697      41250혼4최용건우태율   113 3 3 215 1 0 1 2 50조인권45254.573기도적65 60 609281.069.038.41956132857211832 018211123241399 0 0↘→선13.336.539.912.797 436.239.0 75.3 75.2 50 50 50 0   13.40   13.00 3 -1  3NLUP52.04481210 1.0 9.010.0333310 2기습선행전개최상 1기 0 6 2     1 1 1①1:15.31¼  -.213.539.113.8 -3  4 -.10 1 4 -3  .019 6531890 111 6 31 1 4.05 6.08 1.9 3.9  8.6   51.2   97.1 1325.0  .04492 1 7 8 1▲ 1.138.80 -.48-1.1876.2814.1927.3438.3514284218.2730.7743.93 3
20231022일 1100010외450 4102 5 1강 1139맑음다습1110 2기분좋은말      DIALED IMARY GRA 33 9.00미암 2 0 0 2 9 1768      41250혼4최용건우태율   114 2 2 115 2 0 0 1  0오수철44852.070하무보27 19 195317.044.016.91333 9285721183218262111122315      ↘↗입13.336.538.214.6981336.737.1 61.4 61.3  0  0100 0   13.30   14.90 4 -2  0NHDN       1212        10.0    12-2기수신마보통걸음 1기 1 7 2     2 2 2②1:01.4목    .013.437.113.0 -5 13 -.10 2 7 -2  .1 822201286 5 8 5 91 2 1.07 3.07 2.7 6.2  2.7   21.2   32.8  175.2  .02342 0 4 5 0   -.338.10  .66-13.462.60 4.40 8.9516.87 1 4 8 3.8110.5813.82 9
20230923토 2120011외430 7 82 9혼전 4435맑음다습1410 2기분좋은말      DIALED IMARY GRA 33 9.00미암 2 0 0 910 1853      41250혼4최용건우태율   115 1 1 115 1 0 0 0  0오수철43552.064평무보   35 3540  .055.026.8197515216012183218262111122315      →↘입    36.738.5        36.240.7 76.5 76.6              13.80   13.60 4  0  0LN동       12 0                 0 0걸음불변기수신마 1기 1 9 1     3 3 4⑩1:16.5목   1.613.340.814.9  1-11  .3010 9  0 1.967 5907134 2 2 3 50 1 8.03 1.11 2.1 3.7 47.4   86.5  318.9 5040.5  .04864 4 6 8 4★  .639.00  .50 1.4275.61 8.5917.6026.83 92032 8.0415.9328.57 9
20251123일10120011외3 4 2  3 9혼전 4442          10 3티아라수아      AUDIBLE APOLOGY  6725.00미암 31133   1    017:30 41250혼3서인석임병효  99 010 2 9 9 1 1 2 9 33김용근   52.083우선적50 61 618971.070.048.52149111938 9193317 018 929251767 033↗↘선13.536.838.312.87985                   50 50 7538   13.50   13.10 5 -5  0HU동53.34861812-2.6 5.8 3.2717112 0전개최상승부최상54기 1 3                            13.5    13.1                                 5 4 3 1  2                                            10.64496 3 8 9 3☆ 1.638.30 -.04     75.5624.5138.7148.4739607319.0533.1644.85 1
20251018토10120011외354 1103 9혼전 4441흐림포화1910 3티아라수아      AUDIBLE APOLOGY  6725.00미암 31237 2 1  101      41250혼3서인석임병효  99 1 9 1 8 9 1 1 2 8 37조재로48852.080우도보97 90 909369.067.032.92748131938 9193325 018 919242299 0 0↗↘추13.536.738.612.9816436.837.7 73.1 75.3 43 43 8629   13.50   13.50 7  4 -4NU동54.04851812-1.0 5.0 4.0646412 0전개최상전개최상77기 1 8 7     7 8 4③1:13.1코    .013.537.313.1 -5  2 1.40 3 8  5  .7222713 686 7 9 8 53 3 2.06 7.04 2.7 6.4  4.4   24.8   41.7  142.910.54495 3 8 8 3▲ 1.238.60  .28  .0075.6711.1421.4232.85 71627 9.8818.6928.06 6
20250830토 7120010외433 1 33 9혼전 4431맑음포화1810 3티아라수아      AUDIBLE APOLOGY  6725.00미암 31428 9 1  121      33000혼4서인석임병효  99 2 8 8 7 9 1 1 1 7 28마이아48656.093기도적88 87 879480.075.053.93752201938 9193342 018 93631 999 0 0↘→선13.536.738.912.9814736.338.6 72.8 75.0 33 33 83 0   13.50   13.20 6  0  1HB동52.04841812-1.8 6.0 4.2595912 0선행강점전개최상49기 0 4 3     2 2 2②1:12.83     .013.537.513.5 -1 -1 2.10 2 3 -1  .616 8441477 3 6 2 11 1 1.03 1.04 1.7 2.9  1.7    2.2    2.9   20.410.64497 3 9 9 3☆ 1.738.50 -.49 -.6075.8422.0339.8553.8832526428.2149.4158.51 1
20250719토 5120011외454 1103 6혼전 4441흐림포화1910 3티아라수아      AUDIBLE APOLOGY  6725.00미암 31616 2 1  103      33000혼4서인석임병효  99 3 7 7 6 9 2 1 0 6 16조재로48755.580기도적89 88 888668.065.031.72748131938 9193325 018 919242299 0 0↗↘추13.736.839.413.1811436.538.6 73.2 75.4 20 20 6020   13.70   13.4010 -6  4HL동52.04841812-2.4 7.4 5.0515112 0적임교체선행강점50기 0 4 3     3 2 2②1:13.25     .013.537.613.2 -2  3 1.90 2 4 -2 1.02616411877 5 8 1 52 2 6.04 8.04 2.8 7.1 10.7   47.5   93.6  214.510.53075 0 8 8 0    .838.60 -.20 -.8076.17 9.1719.7531.67 7162713.7327.4136.88 2
20250511일 9120010외443 6 93 9혼전 4429맑음포화1610 3티아라수아      AUDIBLE APOLOGY  6725.00미암 3 0 0 2 1  184      33000혼4서인석임병효  99 4 6 6 5 9 1 0 0 5  0조재로48452.080하도보21 17 176531.066.054.62748131938 9193325 018 9192422      ↗↘추13.836.939.713.6781036.637.8 74.3 74.4  0  0 75 0   15.00   15.60 4  3 -3NHDN       1812-1.8 7.8 6.0393912-6마방연대적임교체 1   010 2     2 3 1①1:14.33    -.513.737.813.4 -5  1  .10 1 6 -2  .0 62016 594 5 9 6 21 1 6.0210.02 2.7 4.5 17.0   22.1   75.7   51.512.74383 2 5 8 2▲ 1.338.20-1.08-2.1776.3924.7043.0854.5518395614.0431.0141.52 3
20250413일 61800 9외423 6 23 6혼전 4431흐림포화1710 3티아라수아      AUDIBLE APOLOGY  67     미암 3 0 0 2 1  191      82500혼O서인석임병효  99 5 5 5 1 9 1 0 0 4  0이용호48355.068평선하 9 19 1925 7.042.011.61064 21938 9193313 018 9191620      ↗↗선13.839.641.413.689 641.043.7120.4122.6  0  0100 0   13.80   14.90 3 -2  3NNUP       1812-2.3 7.7 5.3525212 6마방연대마방연대 1   0 7 8 8 8 8 8 8⑧2:00.414   4.715.043.315.6  0 -1 1.20 8 8  0 5.697759698 3 510 9 90 3 1.02 1.02 1.9 1.5  1.9    1.5    2.7   10.3  .02836-1 3 3-1   -.941.80  .1541.60118.9 1.73 5.0511.60 2 5 9  .72 2.75 6.73 9
20250323일 7120011외424 4 23 6 1강 1133맑음건조 410 3티아라수아      AUDIBLE APOLOGY  6725.00미암 3 0 0 2 2  253      33000혼4서인석임병효  99 6 4 4 4 9 1 0 0 3  0김용근48452.087평도상46 46 468454.065.055.21832 51438 5193317 018 9292517      →↗선13.836.739.713.6911136.940.9 77.4 78.0  0  0100 0   13.90   14.60 4  1 -2LH동       1212-5.0 9.5 4.5525212 0적임기수마방연대 1기 0 9 5     6 7 8⑩1:17.41¾  2.213.840.914.9  2  7  .5510 8  4 3.49035928916 4 8 3 20 1 1.03 5.01 1.5 1.9  1.5   13.8   20.0  483.0  .02785 1 6 7 1   1.039.50 -.97 1.5676.2819.5239.9955.2418365111.3426.3237.25 3
20250222토 2120012외452 8103 9 1강 1139맑음건조 310 3티아라수아      AUDIBLE APOLOGY  6725.00미암 3 0 0 9 2  353      41250혼4서인석임병효  99 7 3 3 3 9 1 0 0 2  0이용호47754.079하입상48 47 478577.069.072.22262 91438 5193313 018 9191620      ↘↗선13.836.739.713.692 836.539.9 77.8 76.3  0  0100 0   13.80   13.90 4 -1  0LN동       1212-5.011.0 6.0444412 0마방연대적임기수 1기 1 8 2     2 2 3⑦1:17.81    1.013.940.614.6  3  5-1.40 7 4 -4 1.85616786049 3 6 2 11 2 2.07 4.12 3.8 7.9  4.3   44.0   75.0  159.1  .03984 3 8 9 3☆ 1.538.90-1.46 -.1276.2836.9460.8272.2039607320.8338.7833.74 1
20250125토 2120010외441 6 93 7 2강 2239맑음건조 310 3티아라수아      AUDIBLE APOLOGY  6725.00미암 3 0 0 9 3  419      41250혼4서인석임병효  99 8 2 2 2 9 1 0 0 1  0송재철47254.079하입상26 28 286940.061.064.61738 9305814193314 018 9182621      ↗→입13.836.739.813.892 736.539.2 76.4 75.9  0  0100 0   13.80   14.10 4  8  1BN동       1212         6.0    12 0기수신마마방연대 1관 0 9 2     2 2 2③1:16.44     .713.839.513.9 -5-14 -.70 3 8 -3 1.14216613659 4 8 2 11 1 3.02 5.01 2.4 6.7  5.3    8.4   20.8   74.0  .03481 2 6 7 2    .838.80-1.31 -.6276.3428.8649.9264.5632526411.4825.5627.18 6
20241228토 2120012외430 4 83 9혼전 4434맑음건조 510 3티아라수아      AUDIBLE APOLOGY  6725.00미암 2 0 0 9 3  508      41250혼4서인석임병효  99 9 1 1 1 9 1 0 0 0  0이용호48653.078평무보   25 2540  .052.030.8305617305814193313 018 9191620      →↘선    36.738.5        36.540.1 77.0 76.7              13.80   13.60 4  0  0NN동       12 0                 0 0걸음불변기수신마 1기 0 1 2     3 3 5⑥1:17.01¾  1.213.840.314.1 -5 -1 -.50 611  0 2.66814826440 3 310 52 1 3.02 5.07 1.6 3.8  6.6   12.1   23.7  173.7  .04864 4 6 7 4★  .339.10  .39 1.4975.61 9.4121.7530.75 71627 9.7818.5633.56 4
20251123일10120011국3 4 2  3 3혼전 4442          10 4국대파이터      프리덤차쾌도신화 9323.00한수 42640   1    017:30 41250혼3최봉주임한용   0 016 1 615 1 4 215 40권중석   54.065기입보50 54 544517.039.010.01699 41643121327 0 017 7211513256313↗→선13.337.238.112.43985                   55 55  945   14.60   13.60 9 -7 -3HH동54.34561714-1.0 6.0 5.0595913 0걸음불변감량기수59기 0 4                            14.6    13.6                                 9 1 710  1                                              .01640 0 3 5 0   -.738.10  .94     75.67 1.79 4.61 9.98 1 4 7 4.7611.4018.9410
20250921일11120010국454 1103 3혼전 4431맑음다습1310 4국대파이터      프리덤차쾌도신화 9323.00한수 42842 2 1  154      41250혼3최봉주임한용   0 115 2 515 2 4 214 42문정균47256.568기입적36 30 304412.042.012.31956 91643121327162217 7131823256313→↘추13.337.238.112.4408737.738.7 74.5 76.7 60 60 1050   13.70   13.60 8  3 -1BNDN54.34561714 -.8 5.6 4.8595913-2걸음불변기복전력 5관 111 9     9 9 8⑧1:14.5½   1.214.637.613.6 -1  2 1.90 8 9  2 2.06974476243 9 310110 6 7.0510.07 2.7 5.6 19.1  120.6  301.5  479.3  .01636 0 2 4 0   -.638.60  .88 1.4075.67 2.40 7.0212.31 0 2 5 3.09 7.3713.64 9
20250727일13140010국354 1 53 4혼전 4431맑음건조 310 4국대파이터      프리덤차쾌도신화 9231.00한수 43046 9 1  129      41250국3최봉주임한용   0 214 1 715 1 4 213 46문정균47057.566우입하39 39 395420.047.016.91956 91643121327162217 7131823256313→↘추13.336.938.712.4497937.339.9 88.8 89.9 67 67 2256   13.80   15.3011  5  2BB동54.34561714-1.4 4.6 3.2767613 0휴양탐색보통걸음52기 1 8 6     710 9⑨1:28.8목   3.013.739.213.6  2  0  .70 9 7  4 3.17865697510 9 110 90 5 3.02 9.06 2.7 4.9  5.6   11.7   26.6    8.7  .02356 1 4 4 1   -.139.20  .7114.3488.32 3.54 8.1816.88 2 5 9 1.97 5.5611.1910
20250511일10140011국412 1 63 3혼전 4441맑음포화1610 4국대파이터      프리덤차쾌도신화 9231.00한수 43350 2 2  203      41250국4최봉주임한용   0 313 6 615 1 4 212 50김성현47055.570강입보67 75 755955.057.031.51650 51963 31327 0 017 7162519256313→→입13.336.938.812.4537237.241.5 90.7 91.7 67 67 3344   13.70   14.0013  0 -1HN동54.34561714-1.2 4.0 2.8818113 0걸음관심감량기수 1   0 3 6     6 611⑪1:30.73    2.913.841.415.3  8  5  .6311 3 -1 4.39661939410 6 3 2 40 1 4.02 9.07 1.8 5.0  9.4   15.2   34.1   62.9  .02763 0 6 7 0    .539.60  .2516.0088.3810.3421.1631.51 7162712.3722.1227.79 2
20250209일 9140011국453 1103 6혼전 4441맑음건조 410 4국대파이터      프리덤차쾌도신화 9231.00한수 43654 1 2  379      41250혼3최봉주임한용   0 412 5 515 1 4 211 54문정균46556.561우입상96 97 976974.063.038.91163 31963 31327162217 7131823295714→→추13.336.838.712.4557936.440.2 88.9 88.8 75 75 2575   13.90   13.20 5  0  5HB동53.94541712-1.0 4.0 3.0787813 0마방선전보통걸음 1기 1 3 3     4 5 4③1:28.91½   .313.739.614.0 -1 -1  .10 3 4  2  .74716735470 6 2 2 22 4 3.07 4.01 3.5 9.9  5.2   27.3   41.7   55.110.52875 2 8 7 2   1.039.10  .1913.3488.2514.3828.0238.89 7162712.0625.0938.35 3
20250104토10140011국351 1103 8혼전 4441맑음건조 310 4국대파이터      프리덤차쾌도신화 9231.00한수 43050 1 3  477      41250국3최봉주임한용   0 511 4 415 2 3 210 50이철경46651.575강입상84 87 877771.067.038.42056 92550151327242717 7 91923335017→→추13.336.838.812.4567536.738.2 85.8 86.7 71 71 2971   13.50   13.30 7  1  0HUUP54.34531712 -.2 2.6 2.4838313 2승부최상마방선전 1기 0 3 4     4 3 1①1:25.83    -.513.937.313.2 -1  3  .80 1 2 -6  .0 13512 591 7 7 4 22 2 2.07 3.05 4.1 8.1  4.2   28.2   45.5   44.3  .03488 3 8 8 3▲ 1.238.60  .1611.1488.3215.2026.7238.4214284213.1125.7035.71 4
20241116토10120011국353 1103 9혼전 4431비  양호 610 4국대파이터      프리덤차쾌도신화 9323.00한수 33355 2 4  631      41250국3최봉주임한용   0 610 3 415 1 3 2 9 55이철경46351.568강입보71 69 698954.068.032.82099162267191327242717 7 91923404020↘→추13.337.037.912.4589536.838.7 73.5 75.7 83 83 3383   13.60   13.70 9 -7  0HU동54.94501712-1.2 2.6 1.4929213 0마방선전승부최상 1기 1 2 1     5 5 4④1:13.51½   .313.537.713.3 -4  8 1.90 4 8  1  .33525442667 8 2 5 52 1 2.03 7.05 3.8 7.3  4.6   11.4   20.8   10.2  .04895 4 7 8 4★ 1.338.50  .50  .8075.4511.8522.7932.83 71627 8.0318.1826.45 5
20240915일 9120011국354 1 53 9혼전 4441맑음다습1110 4국대파이터      프리덤차쾌도신화 9323.00한수 33762 2 4  793      41250국3최봉주임한용   0 7 9 2 315 3 3 2 8 62문정균45551.570강입하68 65 659052.067.035.11538 72267191327162217 7131823404020↗→추13.337.037.912.4619537.838.0 74.5 76.4100100 4080   13.30   14.00 4  0  0LU동54.94501713-1.3 2.8 1.5909013 0전개최상마방선전 1기 1 9 8     7 8 8⑦1:14.51¾  1.313.637.713.7  0  2 1.30 7 7  5 1.95878193836 8 1 7 20 3 2.01 4.06 2.6 4.5  4.5    4.5    9.8   10.7  .04188 3 7 8 3▲ 1.138.70  .44 1.4575.4513.9325.0335.0618365111.2124.1930.67 4
20240817토 8120011국344 1 93 9혼전 4441맑음건조 310 4국대파이터      프리덤차쾌도신화 9323.00한수 34271 2 5  889      41250국3최봉주임한용   0 8 8 1 215 2 3 2 7 71문정균45351.572강입하99 98 989585.068.032.61650 92464 61327162217 7131823404020→↗추13.336.938.012.4679437.639.0 74.9 77.1100100 4080   13.70   12.70 5 -2 -2LUDN54.94501713-1.7 3.3 1.7898913-1전개최상전개최상 1기 3 9 7     8 8 9⑧1:14.95    2.413.338.314.0  6 -5 1.72 8 2  0 2.57770566611 8 3 1 40 2 4.06 5.01 3.1 7.8  5.8   45.3   84.9   40.910.54494 4 9 8 4★ 1.239.00  .50 2.2075.4511.4521.7232.5710233620.3432.3145.50 1
20240714일 7130010국414 2 63 9혼전 4411맑음양호 610 4국대파이터      프리덤차쾌도신화 9231.00한수 33366 2 5  965      33000국4최봉주임한용   0 9 7 1 215 1 2 2 6 66문정균45853.571강자하54 63 639559.068.036.61650 92464 61327162217 7131823255025→↗추13.337.038.612.4739437.737.2 79.9 81.3100100 5075   14.40   15.00 7  2 -2BUDN55.34491714-2.5 4.0 1.5909013-4직전탐색전개최상 1기 111 2     2 3 1①1:19.94    -.713.736.712.7 -1 -8 1.00 1 2  0  .0 352 2 390 6 1 9 21 1 2.0611.05 2.0 6.0  6.7   35.2   64.0   23.6  .04496 4 7 8 4★ 1.339.70  .54 5.7482.3915.6027.4636.57183651 9.3820.1526.43 5
20240525토10170010국530 6 83 8 2강 2233맑음건조 310 4국대파이터      프리덤차쾌도신화 9231.00한수 34080 9 6 1114      33000국5최봉주임한용   010 6 4 115 6 2 2 5 80박태종46655.064강자보59 80 808584.062.063.9 314 0 620 51327222017 7202320255025↗↗선13.339.640.312.4588939.242.5114.2114.3100100 5075   13.40   14.60 4  0  2LNUP55.34491714-5.0 7.0 2.0868613 3전개최상거리속성 1기 2 9 4 4 4 7 6 8⑨1:54.21¾  2.714.442.815.0  7  1 -.41 9 2  0 3.07617857415 3 1 2 20 6 1.07 6.01 1.8 3.7  1.8   18.7   27.1  155.8  .03583 3 7 6 3△  .941.60 -.3334.40113.025.3948.4663.8518365129.4157.1474.01 1
20240427토 7140010국533 5 83 9 2강 2251맑음다습1010 4국대파이터      프리덤차쾌도신화 9231.00한수 3     9 7 1202      33000국5최봉주임한용   011 5 3 315 5 2 2 4  0박태종46553.572강자보98 99 9994  .071.058.1 725 31836 51327222017 7202320255025↘↗선13.336.938.612.4468535.940.1 88.0 88.5100100 5075   13.90   13.10 6  8 -3BU동55.34491414         1.0    13 0전개최상전개최상 1기 1 9 1     1 1 2⑤1:28.0코    .813.439.914.6  3 11  .56 5 2  1 1.335 5713558 4 1 1 11 5 1.07 3.01 3.0 5.1  3.0   58.5   96.2  151.5  .04491 3 9 8 3☆ 1.638.90 -.3113.0288.2527.3747.0958.09183956 8.9118.2749.85 7
20240317일 5140011국511 8 63 9혼전 4441맑음건조 310 4국대파이터      프리덤차쾌도신화 9231.00한수 3     2 7 1325      24750국5최봉주임한용   012 4 2 215 4 1 2 3  0박태종45456.072강자보98 99 9994  .064.043.6 725 31836 51327222017 7202320333333↘↗선13.336.439.312.4924737.138.0 88.5 87.4100100 6767   13.30   13.90 3-10  2UN동55.04471412         2.0    13 0전개최상전개최상 1기 1 1 3     4 3 2①1:28.51    -.213.938.013.1  0 11 -.40 1 1 -1  .0 554 9 793 1 6 1 22 4 1.06 1.10 1.5 4.8  1.5    9.2   11.7   99.510.54487 2 8 7 2△  .939.20 -.0611.7088.3815.6331.4343.5518365111.2520.3456.62 4
20240224토 5140012국524 7 73 9혼전 4431맑음포화1510 4국대파이터      프리덤차쾌도신화 9231.00한수 3     9 8 1402      24750국5최봉주임한용   013 3 1 115 3 1 1 2  0박태종44354.074강추보91 35 3596  .072.053.41931143050171327222017 720232050 050→↘선13.836.538.612.4889236.339.5 88.5 87.6100100 50**   13.80   13.20 4  9 -2BUUP55.54491412         1.0    13 1전개최상전개최상 1기 011 3     4 3 1②1:28.5¾    .013.339.813.9  0 -7 -.40 2 2  1  .2 813522388 3 112 22 3 4.0212.11 2.0 3.3 10.6   15.0   44.4   30.110.64894 4 8 8 4★ 1.539.10  .0712.4887.9724.7641.7653.35183651 7.2614.2940.37 8
20240127토 3130011국640 8 43 9 3강 3331맑음다습1010 4국대파이터      프리덤차쾌도신화 9231.00한수 3 0   9 8 1470      16500국6최봉주임한용   014 2 2 115 2 0 1 1  0박태종45056.074강추상79 35 3594  .076.073.21931143050171327222017 7202320 0 099→↘선13.837.738.612.4319736.938.0 81.8 81.3100100  0**   13.80   12.70 4  1  1VVUP55.04471312         2.0    12 1기수신마전개최상 1기 2 2 1     1 1 1①1:21.82    -.313.838.613.2  0  3 -.40 1 1 -6  .0 31814 396 5 1 9 21 2 1.04 2.06 1.8 2.8  1.8    7.5   10.1   66.812.24491 3 8 9 3☆ 1.839.00 -.87 4.9982.8431.8657.4373.2221425815.0025.5363.04 3
20231231일 1120012국621 6 73 9혼전 4435흐림불량2010 4국대파이터      프리덤차쾌도신화 9323.00한수 2 0 0 9 8 1547      22000국6최봉주임한용   015 1 1 115 1 0 0 0  0박태종44755.076평무보   35 3540  .063.030.91931143050171327222017 7202320      →↘선    36.738.5        37.437.7 74.3 75.1              13.80   13.60 4  0  0NL동       12 0                 0 0걸음불변기수신마 1기 2 1 6     8 6 4②1:14.33     .013.837.212.7 -5  2  .80 2 7  0  .51562111688 1 1 3 33 1 1.07 6.01 1.6 2.4  1.6   20.6   31.5   79.9  .05684 4 6 8 4★ 1.138.60  .39 -.1275.6110.2520.8430.89 92032 8.3316.5925.97 2
20251123일10120011외3 4 2  2 7혼전 4442          10 5파노라마킹      TAPWRIT SO YOU S 9529.00미거 4       1    017:30 41250혼3김동균김영근   1 016 1 1 0 1 1 3 0  0우인철   51.567우입상85 74 7472  .059.029.91567 6193711181127 017 6102925206020→→추13.537.338.212.43582                   43 50 1429   14.40   12.2025  2 -3NUDN54.64891812-1.4 6.6 5.2656513-2승부조율승부호기38관 0 5                            14.4    12.2                                10 3 1 5  1                                            12.73776 2 8 7 2    .838.20  .25     75.78 9.4019.3729.91 6162810.7118.6526.91 4
20250525일111400 9외343 3 92 5혼전 4451맑음양호 810 5파노라마킹      TAPWRIT SO YOU S 4221.00미거 4 728 2 3  484      41250혼3김동균김영근   1 11511 315 1 1 314 28유승완48854.583기추적33 46 464950.060.029.22255 92350161811211017 6162623255025→→입13.537.339.512.4193936.539.3 87.3 88.1 46 46  831   14.00   12.90 3  1  2HNUP54.64901812 -.4 6.2 5.8606013 2뒷심문제급하락세41관 0 3 5     6 5 3③1:27.31¼   .213.638.813.6 -5 -4  .70 3 8  1  .51720442174 8 4 7 62 4 1.03 2.01 3.2 4.9  3.2    4.9    9.0   23.3  .02967 1 6 6 1    .738.40 -.3511.2789.14 7.5517.6029.18 6152611.0019.4932.35 7
20250503토 9120010외354 3102 5혼전 4441맑음포화1810 5파노라마킹      TAPWRIT SO YOU S 9529.00미거 4 1   1 1  135      41250혼3김동균김영근   1 21410 815 1 1 3 0  0씨씨웡49253.090평입보30 48 4858  .058.025.93053101937111811 9 017 6202422255025→↘선13.537.438.212.4268237.938.1 74.3 76.3 33 33  825   13.80   13.80 7  0 -3UU동54.64901812 -.2 6.2 6.0565613 0교체실패급하락세 1관 0 210    1010 8③1:14.3¾    .014.037.412.9 -4 -3 1.70 3 7  2 1.9588122457910 3 5 73 1 1.04 3.10 3.5 8.5  3.5   13.1   19.9   51.3  .02363 0 5 5 0    .638.30  .31  .7475.84 7.5616.0925.85 3101811.2518.9543.90 6
20250315토 8120011국333 4 82 3 1강 1143맑음양호 610 5파노라마킹      TAPWRIT SO YOU S 9529.00미거 4 833 2 2  283      41250국3김동균김영근   1 313 9 715 1 1 312 33유승완49556.084기추보33 45 455044.054.031.72033 71344 41811211017 6162623255025→→입13.537.538.212.4227937.339.1 75.9 76.6 36 36  927   14.00   13.90 4  0  3UL동54.64901812  .0 6.2 6.2454513 0직전복병안장교체 1관 0 2 3     5 5 7⑦1:15.9목    .613.838.813.8  2  5  .50 7 5 -1 2.5665558606011 5 5 42 3 3.11 7.06 2.4 6.3  4.9  130.3  193.0  623.1  .02571 0 4 4 0    .338.20  .08  .9075.89 8.5021.1031.72102336 7.6915.7626.56 5
20250215토10120011외354 2102 3혼전 4421흐림건조 410 5파노라마킹      TAPWRIT SO YOU S 9529.00미거 4 936 2 2  367      41250혼3김동균김영근   1 412 8 615 1 1 311 36조상범49053.559기추보28 24 2432 7.039.0 8.4 940 81344 41811151817 6132018255025→→입13.537.538.212.4218237.239.0 75.1 76.4 40 40 1030   14.00   13.40 6 -8 -1UH동54.64901812-1.6 7.0 5.4474713 0걸음불변기복전력 1관 1 2 8     7 7 5⑥1:15.1목    .314.038.613.9  0 -4 1.00 6 6 -1 1.26047555169 9 610100 1 3.05 5.03 3.5 9.4  5.9   17.3   28.5   15.7  .01441-1 2 2-1   -.738.20  .77  .7075.89 1.25 3.46 8.42 0 4 8 1.09 4.06 7.9611
20250104토11120011외354 1102 5혼전 4441맑음건조 310 5파노라마킹      TAPWRIT SO YOU S 9529.00미거 41040 1 3  476      41250혼3김동균김영근   1 511 7 515 1 1 310 40조재로49454.086기입보53 48 484431.049.014.72939202350161811 9 017 6192422255025↘→추13.537.538.212.4228537.838.9 75.2 77.2 44 44 1133   13.80   13.40 4  4 -1BH동54.64901812-1.2 6.8 5.6474713 0걸음불변기수영향 1관 11010    1111 8⑦1:15.2목   1.814.038.213.4  0 -1 1.50 7 7  1 1.9797753682611 7 7103 1 2.06 2.01 3.6 8.3  4.7   24.3   42.2   77.8  .01643 0 4 6 0    .038.40  .57 1.4575.89 2.95 7.2614.67 0 4 8 6.0615.6323.13 6
20241207토 9120011외314 2 62 5혼전 4441맑음다습1410 5파노라마킹      TAPWRIT SO YOU S 9529.00미거 31144 2 3  566      41250혼3김동균김영근   1 610 6 415 2 1 3 9 44장추열49555.089기입적67 71 716259.058.022.2233316235016181127 017 6202522255025→→입13.537.538.112.4208937.238.5 73.8 76.0 50 50 1338   14.10   13.40 4 -2  1NN동54.64901812-1.2 5.8 4.6575713 0전력변화조교부실 1관 0 6 9     8 8 7⑥1:13.81¾  1.113.837.413.4  0  2 1.90 6 6 -1 1.4464737344611 3 5100 2 1.0510.02 1.5 4.2  1.5   10.9   12.5   72.6  .02661 1 6 6 1    .638.10  .43  .4075.84 6.1313.3722.17 1 4 811.3222.9827.68 3
20241110일 7120010외343 1 92 5혼전 4441맑음건조 510 5파노라마킹      TAPWRIT SO YOU S 9529.00미거 3 1   2 4  643      41250혼3김동균김영근   1 7 9 5 315 1 1 3 0  0장추열49354.591기자적34 40 4044  .056.022.92548 8174012181127 017 6202522255025↗→입13.537.538.112.4228737.537.7 74.5 75.8 57 57 1429   15.10   15.50 3  2  0NNDN54.64901810 -.8 5.0 4.2606013-6승부호기기복전력 1관 0 8 9     8 7 7④1:14.51½   .414.137.613.4 -3 -5  .80 4 7  2 1.04067132165 9 4 8 63 1 4.03 3.10 3.1 4.9  7.1   14.7   35.1  165.4  .02767 0 4 4 0    .338.00  .40  .2275.84 5.3114.3822.93 51222 9.2817.9148.62 5
20241020일 91800 8국351 6 52 6 1강 1131맑음다습1410 5파노라마킹      TAPWRIT SO YOU S 42     미거 31457 2 4  707      41250국3김동균김영근   1 8 8 4 115 1 1 3 7 57조인권49854.583우입상65 46 464482.055.038.51846 7174012181112 017 6232413255025↘↗선13.540.240.212.4405941.143.8121.6121.9 67 67 1733   13.50   13.9012 -1  2NNUP54.64901810-1.4 4.4 3.0767613 4선전만회승부호기 1관 0 6 7 7 7 8 8 8⑧2:01.610   3.815.143.215.5  3 10 1.10 8 5 -5 5.49578969815 4 3 4 40 2 1.04 1.02 1.8 2.9  1.8    6.7   11.2   41.1  .02053 0 7 6 0    .341.10 -.2641.54118.7 8.8424.0238.4710233619.1938.6755.64 3
20240728일11140011외314 2 62 4혼전 4441맑음다습1110 5파노라마킹      TAPWRIT SO YOU S 4221.00미거 3 1   9 5  923      41250혼3김동균김영근   1 9 7 3 215 2 1 2 0  0유승완48853.089우입하36 33 3340  .044.011.91950 71240101811211017 6162623333333↘↗입13.537.139.012.4416837.138.7 86.7 88.3 60 60 2040   14.30   13.7022  1  0NU동55.24901410  .6 2.6 3.2767613 0교체실패보통걸음 1관 0 7 6     6 4 5②1:26.73     .013.538.513.9 -8 -8 1.10 210  4  .6295726277910 511102 2 1.1011.07 1.9 6.8  1.9   25.0   42.2  124.6  .01845 0 4 4 0   -.538.70  .5312.2488.66 1.84 5.4911.87 1 4 8 6.3412.7236.46 8
20240224토 9140012외353 8102 8혼전 4431맑음다습1410 5파노라마킹      TAPWRIT SO YOU S 4221.00미수 32060 9 7 1398      41250혼3김동균김영근   110 6 2 115 1 1 2 5 60유승완49653.090강자하16 50 506342.054.021.72842 82782131811211017 6162623333333↘→입13.536.938.812.4568737.439.3 88.9 89.5 75 75 2550   14.10   13.60 8  4  1NNUP55.24901410  .3 1.8 2.0888813 2전개최상보통걸음 1기 1 611    1011 8⑧1:28.91    1.814.339.013.7  2 -4  .50 8 6  5 2.06772465929 9 5 7 73 1 3.0211.09 3.8 8.3  4.3    9.2   15.1   19.112.73476 2 5 4 2    .339.10  .5113.7688.38 5.5613.9521.70 41118 5.3116.9521.08 4
20231231일11120011외354 2102 9혼전 4441흐림포화1810 5파노라마킹      TAPWRIT SO YOU S 9529.00미수 22575 9 8 1537      41250혼3김동균김영근   111 5 1 215 4 1 2 4 75문세영50052.593강자상98 97 979292.066.032.05362 0176310181141 017 6283616333333↘→입13.537.038.112.4639437.239.8 75.0 77.2 75 75 2550   14.10   13.10 6 -7 -3UUDN55.24901310  .3 2.0 2.3868613-1전개최상전개최상 1관 1 210     8 810⑩1:15.01½  2.314.138.813.6  9 10 2.0210 1  0 2.67950787616 8 6 1 30 4 2.04 3.11 3.7 7.2  4.4   15.0   24.5   73.510.54490 2 9 9 2☆  .838.90  .42 2.1075.5610.0620.9532.0014284226.6745.9658.21 1
20231118토 8130011외412 4 62 9혼전 4411맑음다습1410 5파노라마킹      TAPWRIT SO YOU S 4221.00미수 2 066 2 9 1685      33000혼4김동균김영근   112 4 4 115 3 0 2 3 66문세영49055.593강자상84 98 989891.077.069.65566251856 7181141 017 628361650 050↗↘입13.536.938.912.4807937.837.1 80.8 81.4 67 67 3333   13.80   12.70 6  3  1BVUP55.04911310 1.0 1.5 2.5868612 1전개최상전개최상 1기 2 9 5     3 3 2①1:20.83    -.514.137.513.1  0  3  .00 1 1 -2  .0 358 2 392 3 7 1 12 3 1.02 9.06 1.3 4.0  1.3    4.0    5.1   17.010.54495 3 9 9 3☆ 1.939.80 -.49 5.5882.5233.6457.5669.6235536832.5060.7171.86 1
20231009월 4120012외413 5 12 9 3강 3339맑음다습1010 5파노라마킹      TAPWRIT SO YOU S 9529.00미수 2 050 110 1808      41250혼4김동균김영근   113 3 3 115 2 0 1 2 50문세영48755.093우입보53 80 809692.073.050.13038181238 4181141 017 628361699 0 0↗↗입13.536.738.612.8847237.337.8 74.5 74.8 50 50 50 0   13.50   13.10 5  4  0NUUP55.04941210 2.0 1.0 3.0868610 2승부최상전개최상 1기 2 6 6     6 6 4②1:14.51¼   .013.837.712.7 -1 -7  .60 2 3  1  .31054141686 9 6 1 13 2 1.03 7.06 1.3 2.3  1.3    4.9    5.9   22.212.24494 3 9 9 3☆ 1.738.50 -.21 -.4875.6722.0839.4250.1235536827.5946.7538.54 1
20230902토 3100011외420 3 22 9혼전 4431맑음다습1210 5파노라마킹      TAPWRIT SO YOU S 9529.00미수 2 0 0 110 1914      41250혼4김동균김영근   114 2 2 215 1 0 0 1  0문세영49455.093강입보99 98 989066.068.043.23038181238 4181141 017 6283616      ↗↗입14.037.037.413.0828736.238.2 61.2 62.6100100  0 0   14.00   13.30 4 -6  0HH동       1010         3.0    10 0기수신마승부최상 1기 0 2 2     2 1 2②1:01.25     .013.537.313.1  0-12 1.00 2 2  1  .941 5612375 9 9 1 21 1 1.02 9.02 2.1 2.1  2.1    2.1    3.8    6.110.54493 2 9 8 2☆ 1.437.90  .07-11.862.4315.9231.0243.2019405611.5424.6421.79 2
20230805토 21000 7외441 5 42 9 1강 1131맑음건조 310 5파노라마킹      TAPWRIT SO YOU S 9529.00미수 2 0 0 111 2005      41250혼4김동균김영근   115 1 1 115 1 0 0 0  0조인권50655.067평무보   35 3540  .056.035.7 829 41858 6181112 017 6232413      →↗선    37.137.8        36.837.6 61.8 61.9              13.80   13.80 4  0  0LL동       10 0                 0 0걸음불변기수신마 1기 1 8 5     5 4 3③1:01.8½    .014.037.413.3  2 15  .30 3 1  0  .92025412484 1 1 8 62 1 3.02 1.02 2.1 3.1  5.0    5.1   10.6    3.0  .04675 4 5 6 4★  .537.70  .02-13.062.71 9.1421.3535.68 61628 9.8920.2258.78 6
20251123일10120011외3 4 2  4 5혼전 4442          10 6팔라티노        MIDNIGHTSAILING  5325.00미수 31133   1    017:30 41250혼3서홍수박시용   0 010 7 3 9 1 1 2 9 33이용호   55.568기선적50 55 557329.056.026.81064 222371224302133261919162075 025↗↗선13.336.738.612.49059                   50 63 3825   14.30   15.80 4 -3  0LNDN54.44571818  .4 4.6 5.0616112-6걸음불변마방연대58기 0 6                            14.3    15.8                                 3 8 6 8  2                                              .02169 0 5 6 0    .538.60  .45     75.67 7.3716.7826.84 1 512 5.9516.5825.91 7
20251025토10180011외352 7 54 4혼전 4441맑음건조 510 6팔라티노        MIDNIGHTSAILING  53     미수 31237 9 1   79      41250혼3서홍수박시용   0 1 9 6 3 9 1 1 2 8 37김아현47355.558우선보90 63 632528.043.011.9 6 0 42237122430 0 6261916201375 025→→입13.339.540.712.4843538.945.5121.8123.2 57 71 2929   13.30   13.70 8  8  1BNUP54.44571812 -.6 3.6 3.0797912 2직전선행거리속성40기 0 9 4 4 4 5 711⑪2:01.812   4.014.344.515.8  5 -6  .8011 6  1 4.798109997 9 1 4 5 70 1 3.05 3.11 2.2 4.8  4.6   19.7   36.1   23.1  .02928-2 5 4-2   -.742.00  .3843.01118.6 2.00 5.3711.94 41118 5.7411.1120.57 7
20250830토 9160010외354 4 54 8혼전 4431맑음포화1810 6팔라티노        MIDNIGHTSAILING  53     미수 31442 9 1  141      41250혼3서홍수박시용   0 2 8 5 2 9 1 1 2 7 42송재철47954.574우도하37 34 341753.068.043.0152210223712243022 0261918262167 033↗→입13.435.840.112.4932836.339.6 99.4101.9 67 50 6733   13.60   15.80 9 -2 -1UH동54.34491812 -.2 2.8 2.6757512 0휴양탐색선행호기43기 0 1 1   1 1 2 2⑤1:39.41¼   .313.338.413.7  0 10 1.90 5 5  2  .41436494271 1 8 8 31 1 1.06 7.03 2.5 5.0  2.5   19.5   30.6  135.5  .03588 3 7 8 3▲ 1.240.10 -.1426.00103.014.2929.3142.95153247 9.2420.6934.01 5
20250628토 7160010외322 2 74 8혼전 4431맑음다습1110 6팔라티노        MIDNIGHTSAILING  53     미수 31650 9 1  161      41250혼3서홍수박시용   0 3 7 4 1 9 1 1 2 6 50이동하46955.588우도하68 76 761773.064.037.8284915223712243032 8261924261967 033→↘선13.435.940.112.4882535.843.3104.5105.9 67 50 5033   14.30   14.2011 -3 -2VNDN54.34491812 -.4 2.6 2.2808012-2마방연대기수영향52기 1 3 1   1 2 3 8⑨1:44.512   4.113.643.415.8  6  3  .51 9 3  0 4.795149796 5 2 9 6 41 1 2.01 6.04 2.1 3.8  3.7    3.8    8.4   10.112.73378 2 8 8 2▲ 1.040.10 -.0629.94103.011.0324.4837.8010233614.8824.1933.33 4
20250413일 61800 9외323 6 24 6혼전 4431흐림포화1710 6팔라티노        MIDNIGHTSAILING  53     미수 32060 2 2  211      82500혼3서홍수박시용   0 4 6 3 2 9 1 1 2 5 60김태희46657.070우선하90 82 823568.050.018.41436 6315613243023 0261915231667 033↘↗입13.439.540.712.4833539.740.7116.4118.7 80 60 6040   13.80   13.30 5  1  4BB동54.34491812 -.4 2.6 2.2808012 0승부최상마방연대 1   0 6 2 2 2 2 2 4④1:56.41¼   .714.340.314.2  1  9 1.20 4 3  1 1.64529634659 3 5 5 81 2 1.02 1.02 1.9 1.5  1.9    1.5    2.7   10.3  .03341-1 7 5-1   -.341.40  .2538.50118.6 4.52 9.7718.41 4111810.0718.5627.68 7
20250309일101800 9외353 4 54 9 1강 1141맑음양호 810 6팔라티노        MIDNIGHTSAILING  53     미수 32575 2 2  292      41250혼3서홍수박시용   0 5 5 2 1 9 1 1 2 4 75문세영45753.093우선상58 62 628096.071.087.34153 031561324304665261928361667 033→↘입13.439.640.812.4802838.840.2116.1117.9 75 50 5050   13.40   14.40 4  4  1LNUP54.34491812 -.8 2.8 2.0797912 4승부최상승부최상 1기 0 5 1 1 1 2 1 2③1:56.1목    .013.840.713.3  1  1  .30 3 2 -5  .022 549 988 2 5 3 11 3 4.07 3.02 3.1 4.5  6.6  106.3  199.5   87.1  .04492 0 9 7 0☆ 1.641.20-1.3737.53118.746.5673.0887.2939607344.0076.1489.22 1
20250209일 9140011외353 6104 9혼전 4441맑음건조 410 6팔라티노        MIDNIGHTSAILING  53     미수 33366 1 2  379      41250혼3서홍수박시용   0 6 4 1 1 9 1 1 1 3 66김태희45652.070우자보88 82 828381.065.038.71436 6315613243023 0261915231650 050↘↗입13.636.839.112.4655935.840.5 88.6 88.5 67 67 3367   13.70   13.70 4 -1 -4UUUP55.54461412  .7 1.3 2.0777712 2부중민감승부최상 1기 1 1 1     1 1 1②1:28.62     .013.439.914.4 -5  8  .10 2 7  6  .436 2794381 7 7 4 31 1 3.07 4.01 3.5 9.9  5.2   27.3   41.7   55.1  .04492 3 8 8 3▲ 1.039.00 -.0512.6488.5214.3027.8638.6614284213.4823.6235.34 5
20250111토 21200 9외411 4 14 9 1강 1139맑음건조 510 6팔라티노        MIDNIGHTSAILING  5325.00미수 3 050 2 3  463      41250혼4서홍수박시용   0 7 3 3 2 9 2 0 1 2 50문세영44856.093우입적67 69 699094.068.087.3384718305210243046652619283616 0 099↗→입13.637.238.112.4528536.637.9 74.8 74.6 50 50  050   13.60   14.10 4 -2  1VVDN55.04441312 1.0 1.5 2.5686812-1승부최상부중민감 1기 1 2 2     2 2 2①1:14.81¼  -.213.738.113.7  0 -1 -.30 1 1  0  .0 61916 592 4 3 1 11 2 1.03 2.01 1.3 2.9  1.3    3.5    4.5    4.912.03390 2 9 9 2☆ 1.437.90-1.27 -.7275.6742.5473.4187.2639607335.9662.5758.64 1
20241214토 3130012외411 5 14 9 1강 1135맑음양호 810 6팔라티노        MIDNIGHTSAILING  53     미수 2 0   2 3  551      41250혼4서홍수박시용   0 8 2 2 1 9 1 0 1 1  0문세영44955.093강추보80 25 2589  .074.058.1384718305210243046652619283616 0 099↗→입13.937.738.712.4349837.339.4 82.9 83.4100100  0**   13.90   12.70 5  3  0VUUP55.04441312  .0 2.0 2.0868612 1기수신마승부최상 1기 1 4 1     3 3 3③1:22.95    1.013.640.214.1  2  5 -.10 3 1 -1 1.1583357434610 6 7 12 1 3.04 6.08 1.6 3.1  6.4   31.5   55.5   10.2  .04496 3 8 9 3☆ 1.839.40 -.52 6.9782.9030.2248.8058.10396073 8.8217.4826.50 3
20241110일 2120011외450 4104 7 1강 1135흐림건조 510 6팔라티노        MIDNIGHTSAILING  5325.00미수 2 0 0 2 4  648      41250혼4서홍수박시용   0 9 1 1 1 9 1 0 0 0  0이용호44455.073평무보   25 2540  .045.030.81971 62247 9243021332619191620      ↘→선    36.738.5        37.437.4 75.1 75.1              13.80   13.60 4  0  0NL동       12 0                 0 0걸음불변기수신마 1기 1 1 5     5 7 5②1:15.1½    .013.937.812.7  0  2 -.30 2 2  0  .11560 71084 9 912 43 1 3.02 7.01 3.4 7.6  5.6   12.3   20.8   24.012.03441 2 5 6 2   -.338.60  .39 -.1375.6111.2720.0330.7510233610.3420.1131.18 1
20251123일10120011외3 4 2  2 4혼전 4442          10 7엔딩파이어      CONSTITUSWEET TU 7023.00미수 4 020   1    017:30 41250혼3박재우(주)디알 2 01611 721 1 0 420 20루이스   54.082우추보50 60 604841.058.028.814 0 02047 72428 0 02620133813 03367→→입13.337.038.312.56679                   47 40 2047   14.20   13.2014  5  2NN동53.34611812 -.2 4.6 4.4676713 0걸음관심보통걸음65기 2 7                            14.2    13.2                                 8 5 4 7  1                                              .02768 0 6 5 0    .738.30  .39     75.67 8.7018.8328.75 3 815 8.3318.6528.90 5
20250817일11120010외354 1102 6혼전 4431맑음양호 710 7엔딩파이어      CONSTITUSWEET TU 7023.00미수 4 021 2 2  259      41250혼3박재우(주)디알 2 11510 621 3 0 419 21임다빈47652.576평자상82 78 786847.056.025.2224016215010242810152620152324 03367↗↘추13.337.038.412.5647237.437.7 74.1 75.6 50 43 2143   13.70   13.20 5 -3 -1HH동53.34611814  .2 4.8 5.0616113 0직전복병기수영향38기 0 2 8     8 8 4④1:14.1½    .314.237.713.2  1 11 1.00 4 3 -3  .63159131771 8 3 6 83 3 1.10 6.10 2.5 5.2  2.5   49.3   70.9  150.4  .02559 1 6 8 1    .538.40  .45  .1875.72 6.5515.2325.23 2 511 7.2518.6029.68 6
20250713일 91200 8외331 2 82 4 2강 2241흐림양호 610 7엔딩파이어      CONSTITUSWEET TU 7023.00미수 4 022 2 1   69      41250혼3박재우(주)디알 2 214 9 521 2 0 418 22임다빈46553.080평자하55 49 495223.048.020.51949 52047 7242810152620152324 05050↘→추13.337.138.412.5527237.038.2 74.0 75.4 46 46 2346   14.20   13.90 3 -1  1NNDN53.54591814  .8 4.8 5.6565612-6교체실패보통걸음48기 1 5 6     6 6 5③1:14.02½   .513.737.613.2 -3  2 1.20 3 6  2  .62739292264 5 3 5 73 2 2.05 3.02 2.5 4.7  2.8   17.9   29.0   40.1  .02648 1 4 4 1   -.138.30  .54 -.1275.78 4.04 9.6720.47 31018 4.7612.3519.41 7
20250621토 9180011외331 6 82 4혼전 4451흐림포화1710 7엔딩파이어      CONSTITUSWEET TU 5633.00미수 4 023 2 1   52      41250혼3박재우(주)디알 2 313 8 521 1 0 417 23임다빈46352.080평자보46 46 464149.055.030.51949 52047 7242810152620152324 05050↘→추13.339.840.912.5632539.941.0117.1119.4 46 46 1538   14.20   14.20 5 -3  0NU동53.54591814 1.2 4.4 5.6565612 0뒷심문제급하락세60기 2 6 6 6 6 8 8 6⑧1:57.1목   2.114.240.513.9  4  0 1.19 8 4  1 2.46334705732 410 8 60 1 3.0810.05 1.8 4.5  5.9   71.2  122.1   32.5  .02956 1 6 6 1    .541.20 -.1938.65118.8 8.6119.2930.51 51223 8.2017.0927.99 6
20250517토10180010외342 9 42 5 2강 2251흐림포화1610 7엔딩파이어      CONSTITUSWEET TU 5633.00미수 4 018 2 1   92      41250혼3박재우(주)디알 2 412 7 421 1 0 316 18문세영46352.073평자보18 28 285838.060.038.63644 92047 7242846422620283616 0 099↘↗입13.339.741.012.5702539.741.0117.4118.0 42 42 1733   14.00   14.50 2  1 -1BUUP55.04541814 1.2 4.4 5.6565613 2거리적응급하락세77기 1 9 4 5 4 4 4 4②1:57.43     .014.241.014.2 -1 -3  .20 2 3  0  .52425705188 1 9 6 32 7 1.03 8.09 1.8 3.7  1.8    3.7    5.3   14.7  .02671 1 6 7 1    .741.10 -.3737.33118.810.9825.1138.62132843 3.7611.5724.32 6
20250504일 7160010외342 5 92 2 1강 1131맑음다습1410 7엔딩파이어      CONSTITUSWEET TU  647.00미수 4 020 1 1  127      41250혼3박재우(주)디알 2 511 6 121 2 0 315 20김철호46652.569우자보64 59 591729.037.020.71240 82047 7242815 02620152223 0 099→↗자13.336.440.112.5614336.540.5102.3103.9 42 42 1733   14.10   13.70 4 -1  1LNDN55.04541814 1.6 3.4 5.0575713-2선행무리보통걸음 1기 1 8 6   6 8 8 7⑥1:42.35    1.314.040.314.5  3 -2 1.21 6 3 -3 1.47747777940 4 9 4 70 2 5.01 1.09 3.4 6.4 12.7   29.6   71.7   33.7  .01315 0 5 4 0   -.940.10  .1127.39103.3 4.6411.0420.66 3 814 5.1016.0024.92 7
20250406일101800 9외352 5102 6혼전 4443맑음포화1510 7엔딩파이어      CONSTITUSWEET TU 5633.00미수 4 021 1 2  208      41250혼3박재우(주)디알 2 610 5 321 1 0 314 21김철호46852.065평추하31 34 343810.041.017.1189911215010242815 02620152223 0 099↘→자13.340.040.612.5534338.941.1115.8118.3 36 45  936   14.50   13.40 4  4  0NU동55.04541814 1.4 2.8 4.2616113 0걸음불변거리속성 1관 0 9 4 2 2 1 3 6⑤1:55.8목    .214.140.513.7 -1 -4 1.60 5 6  1 1.332 6733377 7 5 6 71 1 2.01 5.07 2.4 6.3  5.0    7.4   13.1    8.1  .02138 0 3 3 0   -.740.90  .1537.70118.8 3.58 8.3517.07 41118 2.94 9.5216.39 9
20250309일 9180010외321 1 72 5혼전 4459맑음양호 810 7엔딩파이어      CONSTITUSWEET TU 5633.00미수 4 023 2 2  293      41250혼3박재우(주)디알 2 7 9 4 221 2 0 313 23조한별47252.061우추하45 43 435322.050.035.41882 7215010242823182620121918 0 099↗↘입13.339.940.312.5575940.040.6118.1120.4 40 50 1040   14.70   13.80 8  2  0NUUP55.04541814 1.0 2.2 3.2696913 4안정전력거리속성 1관 0 5 7 6 6 71010⑧1:58.13    1.614.540.513.4  3 -1 1.10 8 5  1 2.18338594837 4 4 2 40 2 3.01 1.03 2.1 2.8  8.6    6.6   21.0   49.3  .02237 0 5 6 0   -.141.20 -.1340.23118.611.3620.8935.44102336 9.0918.3125.40 6
20250111토10140011외343 1 42 7혼전 4441맑음건조 510 7엔딩파이어      CONSTITUSWEET TU  647.00미수 4 025 2 3  455      41250혼3박재우(주)디알 2 8 8 3 621 1 0 312 25조한별47352.069우추보81 70 705836.054.022.81240 5224320242823182620121918 0 099↗↗입13.336.838.912.5597937.040.0 88.2 88.9 44 56 1144   14.60   13.70 7 -7 -1HU동55.04541814 1.4 1.2 2.6777713 0걸음불변안정전력 1기 1 311     9 8 6⑦1:28.2목   1.214.739.013.8  3  3  .90 7 4 -2 1.34849696840 5 6 4 60 1 1.0311.01 1.9 3.6  1.9    5.1    8.0    5.012.72872 2 7 6 2    .339.10  .4913.1788.38 4.9313.6322.78 51222 8.9918.0025.97 5
20241124일10140011외353 1 52 5혼전 4451맑음건조 410 7엔딩파이어      CONSTITUSWEET TU  647.00미수 3 027 2 3  598      41250혼3박재우(주)디알 2 9 7 2 521 1 0 311 27박태종47053.067우추하72 61 615718.049.018.11033 8224320242814 02620202320 0 099↗↗선13.336.739.012.5687237.039.3 87.3 88.5 50 63 1350   14.80   14.20 4  0  1LNDN55.04541812 1.6 1.4 3.0757513-4마방기습보통걸음 1기 01011     7 4 4⑥1:27.3코   1.414.638.213.7  0  0 1.00 6 6  4 1.43351474637 5 6 7 70 1 3.0511.08 3.0 4.6  6.4   25.0   44.0   26.8  .02759 0 5 4 0   -.139.10  .6212.7688.38 3.78 8.7618.13 41118 4.42 9.6917.26 9
20241026토 9180011외352 1102 8혼전 4441맑음다습1410 7엔딩파이어      CONSTITUSWEET TU 5633.00미수 3 030 9 4  696      41250혼3박재우(주)디알 210 6 1 121 5 0 310 30문세영47052.093우추보92 87 878378.059.031.93851 02746 9242846422620283616 0 099↘↗입13.339.740.512.5665140.840.9117.2118.8 50 63 1350   13.80   13.70 8  9 -5BUUP55.04541812 1.2 2.0 3.2747413 4전개최상마방기습 1   010111110 9 9 8⑧1:57.23    2.614.839.714.2  6  2 2.01 8 2  1 3.54871687719 4 7 1 50 6 1.08 1.02 3.4 7.2  3.4   23.8   34.2   70.0  .03469 0 9 8 0△  .441.20 -.0738.64118.6 8.9720.6831.8810233618.6834.0242.11 1
20240901일 8140011외420 4 72 9 1강 1151맑음건조 410 7엔딩파이어      CONSTITUSWEET TU  647.00미수 3 022 1 5  835      33000혼4박재우(주)디알 211 511 421 4 0 2 9 22문세영46857.093우추하75 77 779392.073.064.34858 02141 3242846422620283616 0 099↗↘입13.336.739.212.5675936.538.2 86.5 86.9 43 57 1443   13.70   13.80 5-10 -1UN동55.04541412 1.2 2.4 3.6777713 0마방기습전개최상 1기 0 1 2     2 2 2②1:26.5¾    .013.838.513.7  1 -2  .00 2 1  0  .1 22112 386 1 6 2 11 5 2.01 6.01 2.2 5.8  3.6    5.8   10.6   14.1  .04489 1 9 8 1☆ 1.838.80 -.7110.9888.5233.4753.4664.3439607324.2443.0343.24 1
20240727토 6140011외451 1102 8혼전 4451맑음불량2010 7엔딩파이어      CONSTITUSWEET TU  647.00미수 3 025 9 5  937      33000혼4박재우(주)디알 212 410 321 3 0 2 8 25문세영47057.593우추하77 72 727974.073.055.04858 02141 3242846422620283616 0 099↗↘입13.336.739.312.5665536.639.1 87.1 88.3 43 57 1443   14.00   13.80 5  8  1VB동55.04541412 1.3 2.8 4.0757513 0마방기습마방기습 1기 311 7     4 4 2④1:27.1½    .213.738.713.8  3  2 1.29 4 1  0  .22927402271 2 6 4 22 4 5.03 1.04 3.2 7.1  6.1    9.5   22.8   17.610.62787 1 9 8 1▲ 1.539.10 -.5412.3388.5923.3041.5355.0132526417.1734.0046.79 2
20240622토 9140011외431 4 82 8 3강 3351비  불량2010 7엔딩파이어      CONSTITUSWEET TU  647.00미수 3 028 2 6 1031      33000혼4박재우(주)디알 213 3 9 221 2 0 2 7 28문세영46857.093우추보83 85 858890.069.045.44552202765 3242846422620283616 0 099↗↗입13.336.639.412.5715137.238.7 88.7 88.2 43 57 1443   14.00   12.80 6  2  0HLUP55.04541412 1.0 3.3 4.3747413 2승부호기마방기습 1기 1 3 6     5 6 5⑥1:28.7¾   1.114.039.013.8  5  0 -.39 6 1  0 1.92659262949 1 9 1 22 3 2.04 6.01 2.0 5.6  4.5   17.5   38.2   27.4  .02789 0 9 9 0▲ 1.339.20 -.2712.2488.5919.1634.1145.4421425823.8141.9053.72 1
20240511토 91200 9외450 2 52 9혼전 4431비  다습1210 7엔딩파이어      CONSTITUSWEET TU 7023.00미수 3 016 2 6 1157      33000혼4박재우(주)디알 214 2 8 421 1 0 1 6 16문세영46857.093우추보73 69 6989  .076.060.44552202765 3242846422620283616 0 099↗↗입13.337.038.312.7528237.237.4 74.0 74.9 33 50 1733   13.30   13.00 4 -1  0UL동55.04541412  .5 4.0 4.5727213 0휴양탐색승부호기 1관 0 1 6     6 3 3②1:14.01½   .014.037.312.8  1 10  .70 2 1     .21151 7 783 2 4 4 22 2 5.01 8.01 2.6 4.5  9.7   10.9   35.3   20.612.72890 2 9 8 2☆ 1.638.20 -.50 -.4275.6724.6543.7760.4332526413.4325.9060.21 4
20240413토 6120010외422 5 22 4혼전 4431맑음건조 410 7엔딩파이어      CONSTITUSWEET TU 7023.00미수 3 016 2 7 1247      33000혼4박재우(주)디알 215 1 7 321 1 0 1 6 16서승운  057.093우추보67 65 655441.055.023.73275 02233 42428 0 026203730 9 0 099↘↗선13.337.238.512.73775                   33 50 1733   14.10   13.5012  1  2HB동55.04541412 2.0 4.0 6.0676713 0과중분패보통걸음 1기 0 2                    취소    14.1    13.5     0 -.27                      4 6 3 50 1 2.0110.07 2.0 2.2  3.3    2.2    4.5    7.6  .02760-2 6 4-2    .138.50  .31     75.89 5.8513.7923.68 71627 9.3322.2228.81 3
20251123일10120011외3 4 2  1 5혼전 4442          10 8캡틴삼칠이      바이언  SWEET MA 84 5.00미수 4       1    017:30 41250혼3홍대유에스지이 2 016 1 1 0 1 2 1 0  0유승완   55.078기선보75 49 4963  .059.029.61446 61837 715 71513191416262399 0 0→↗입13.236.839.512.76725                   23 38 69 8   14.10   13.2026 -3  1NN동53.35411212-1.6 9.8 8.2323212 0승부조율승부호기38기 0 8                            14.1    13.2                                 411 8 6  4                                              .03769 0 6 6 0    .839.50 -.19     76.23 9.3019.1929.64 5122310.7118.6526.91 6
20250518일11120011외344 2 91 6혼전 4421맑음다습1110 8캡틴삼칠이      바이언  SWEET MA 84 5.00미수 4 1   2 3  505      41250혼3홍대유에스지이 2 115 81415 1 2 1 0  0해리카53454.071기도적27 23 2368  .057.022.41021 71236 715 7 923191418261299 0 0→↗입13.236.639.012.7793537.342.5 78.9 80.1 25 42 75 8   14.10   14.1019  3 -1VH동53.35411212-2.2 8.4 6.2515112 0전개최상부중효과54관 111 8     8 911⑪1:18.915   5.714.042.316.5  1  1  .901110  0 5.799529898 2 4 911 80 1 2.09 2.09 2.9 6.5  4.0   91.5  175.3  299.6  .03472 1 4 6 1    .540.20  .43 4.5375.84 5.5213.2522.43 2 713 7.7614.7536.64 7
20250104토11120011외354 1101 9혼전 4441맑음건조 310 8캡틴삼칠이      바이언  SWEET MA 84 5.00미수 41523 1 3  476      41250혼3홍대유에스지이 2 214 71315 3 2 113 23유승완53354.583기도적46 43 439132.060.023.32255 91236 715 71513191416262399 0 0→→입13.236.539.112.7892837.439.4 75.3 77.3 27 36 82 9   13.50   14.20 4  7 -1NN동53.35411212-2.0 7.2 5.2595912 0전개최상전개최상 1기 0 811     9 7 6⑧1:15.3½   1.914.138.714.1 -2  1 1.50 810  1 2.08058687124 111 9 80 3 2.06 2.01 3.6 8.3  4.7   24.3   42.2   77.8  .04477 3 5 5 3△  .839.40  .40 1.6575.84 5.9613.7423.29 2 511 5.3011.7217.9110
20241207토 9120011외314 2 61 9혼전 4441맑음다습1410 8캡틴삼칠이      바이언  SWEET MA 84 5.00미수 31625 2 3  566      41250혼3홍대유에스지이 2 313 61215 2 2 112 25유승완53255.583기도적50 55 559842.062.024.02255 91236 715 71513191416262399 0 0→→입13.236.538.712.7875536.339.6 74.0 76.2 30 40 8010   13.70   14.00 4 -6  0UL동53.35411212-2.4 6.4 4.0707012 0뒷심부족전개최상 1기 2 1 2     1 1 3⑦1:14.01¼  1.313.538.514.2 -2 -1 1.90 7 9  0 1.653 7734139 1 8 9 71 2 1.0510.02 1.5 4.2  1.5   10.9   12.5   72.6  .04484 3 6 5 3△  .839.10  .59 1.0075.61 6.4814.3123.96 41118 5.6617.0222.44 6
20241110일 7120010외343 1 91 9혼전 4441맑음건조 510 8캡틴삼칠이      바이언  SWEET MA 84 5.00미수 31827 2 4  643      41250혼3홍대유에스지이 2 412 51115 1 2 111 27유승완53355.584기도적41 43 439840.070.042.62240 824701815 71513191416262399 0 0↗→입13.236.538.912.7885136.538.9 74.7 76.0 33 44 7811   13.90   14.40 3  1  2NL동53.35411212-2.4 5.4 3.0757512 0전개최상전개최상 1기 0 7 3     3 2 3⑦1:14.7¾    .613.738.814.0 -2  8  .80 7 9 -2 1.24716532759 110 7 20 1 4.03 3.10 3.1 4.9  7.1   14.7   35.1  165.410.64494 4 6 8 4★ 1.339.10 -.07  .6275.7217.2132.1142.58183651 7.2216.9225.69 7
20241019토 8120011외324 1 71 9혼전 4421흐림포화1610 8캡틴삼칠이      바이언  SWEET MA 84 5.00미수 32030 2 4  719      41250혼3홍대유에스지이 2 511 41015 1 2 110 30이상규52553.555우선적48 45 459637.075.052.31299 424701815 711 0191412231499 0 0↗↘입13.236.438.612.7973937.938.7 75.1 77.0 38 50 8813   13.70   15.70 8  3 -3NH동53.35411212-2.8 5.0 2.2808012 0전개최상전개최상 1기 1 610     8 5 7⑧1:15.15    1.813.938.214.4 -3 -9 1.40 811  9 2.07580436326 2 810 10 1 8.0310.02 2.4 3.3 28.9  134.3  326.3  107.410.65398 4 7 8 4★ 1.839.50 -.10 2.0075.5023.5841.3652.25325264 7.6315.7023.48 6
20240825일11120011외354 2101 9혼전 4431맑음다습1210 8캡틴삼칠이      바이언  SWEET MA 84 5.00미수 3 1   2 5  855      41250혼3홍대유에스지이 2 610 3 915 1 2 1 0  0장추열53456.593기도보55 44 4499  .074.043.824531223671215 73527191420252299 0 0↘↗입13.236.438.912.7962537.041.3 77.4 78.8 38 50 8813   13.30   15.1018  2  1UB동53.35411212-2.2 6.6 4.4626212 0전개최상전개최상 1기 2 3 6     5 4 8⑪1:17.43    4.213.741.115.7  9 -9  .9311 2  0 4.595379592 5 111 8 20 1 8.03 2.01 4.413.4 16.1   33.4   90.3   80.010.64698 4 7 8 4★ 1.740.00 -.04 3.4575.6718.5633.1543.80183651 9.0917.5643.88 5
20240421일11120011외354 1101 9혼전 4431흐림다습1210 8캡틴삼칠이      바이언  SWEET MA 84 5.00미수 32537 2 7 1209      41250혼3홍대유에스지이 2 7 9 2 815 7 2 1 8 37박을운54356.067기도보91 88 889974.063.026.8 613 216401015 71819191428211399 0 0↘↗선13.236.439.312.7962036.041.0 75.2 77.4 38 50 8813   13.30   14.20 7 -8  4UB동53.35411212-1.6 7.4 5.8494912 0전개최상전개최상 1기 0 1 5     1 1 6⑪1:15.27    2.813.340.215.1  9  2 1.8911 2 -1 2.983 3927510 111 2 71 7 3.09 3.08 3.4 6.3  4.2   37.8   62.5   35.810.54486 2 9 7 2☆  .739.60  .23 1.7075.89 7.8216.9226.82 5122216.8331.4841.80 1
20240302토11120011외314 2 61 9혼전 4441맑음다습1010 8캡틴삼칠이      바이언  SWEET MA 84 5.00미수 31428 1 7 1374      41250혼3홍대유에스지이 2 8 8 1 715 6 1 1 7 28박을운54152.067기도보79 69 699166.065.034.5 613 216401015 71819191428211399 0 0↘↗선13.236.539.312.7911035.639.2 73.6 75.2 29 43 8614   13.30   14.10 6  3 -5NU동53.75411212 -.2 7.6 7.4333312 0전개최상전개최상 1기 0 9 3     1 1 1①1:13.62    -.413.338.814.2 -2 -4 1.20 1 3 -1  .019 1611091 211 6 41 6 3.04 9.01 2.3 5.8  6.1   20.6   44.4   13.0  .06297 4 8 8 4★ 1.138.80 -.03 -.5775.9512.4123.5134.4510233611.0123.5333.43 5
20240121일101200 9외442 5 91 8혼전 4441비  포화1810 8캡틴삼칠이      바이언  SWEET MA 84 5.00미수 31633 2 8 1474      33000혼4홍대유에스지이 2 9 7 7 615 5 1 1 6 33박을운54557.067기도적84 81 819359.054.018.51433 822251415 71819191428211399 0 0→↘선13.236.539.812.788 735.539.9 74.5 75.5 33 33 8317   13.40   13.00 3 -3  5NB동52.05391212  .3 8.5 8.8202012 0전개최상전개최상 1기 0 6 2     1 1 1③1:14.53     .613.339.514.1 -1  2  .90 3 4 -1  .626 0802665 110 5 71 5 3.05 9.08 3.0 4.7  5.1   22.9   38.1   36.8  .04461 0 7 5 0△  .038.90  .15 -.8376.23 3.94 9.3618.45 41118 9.9224.5529.84 4
20231231일10120010외423 4 71 9 3강 3331흐림포화1810 8캡틴삼칠이      바이언  SWEET MA 84 5.00미수 2 020 9 8 1538      33000혼4홍대유에스지이 210 6 6 515 4 0 1 5 20박을운54352.067기도적55 54 549468.072.049.91433 822251415 71819191428211399 0 0→↘선13.236.639.813.286 536.637.4 73.3 74.1 20 20 80 0   13.50   14.30 5  4  0LU동52.05341212 2.0 8.310.3 8 812 0전개최상전개최상 1기 0 9 1     1 1 1①1:13.35    -.913.437.013.0 -4  9  .70 1 5  1  .0 219 7 295 211 5 21 4 5.04 9.10 2.4 2.9  8.4   25.9   53.8  240.212.24491 3 6 8 3☆ 1.638.40 -.83-2.3476.2821.7437.7649.9121425816.2831.0333.43 2
20231125토 6120010외442 6 91 9 1강 1156맑음양호 810 8캡틴삼칠이      바이언  SWEET MA 84 5.00미수 2 0 0 9 9 1665      33000혼4홍대유에스지이 211 5 5 415 3 0 0 4  0박을운53452.065하도상27 22 229149.068.050.7 913 72158 815 718191914282113      ↗→선13.236.639.713.278 636.339.2 75.4 75.5  0  0 75 0   13.60   14.60 3  0  0NH동       1212 2.5 7.0 9.5101010 0전개선전전개최상 1기 1 5 2     2 2 2②1:15.41     .013.539.514.3 -2  4  .10 2 4 -5  .227 8612782 110 8 21 3 8.04 2.05 2.3 6.3 39.3   98.8  271.7  293.7  .04489 4 6 7 4★ 1.238.80 -.80 -.8276.2319.5936.1350.6518365110.8723.1231.68 3
20231104토 81200 9외444 4 91 9 3강 3331흐림건조 410 8캡틴삼칠이      바이언  SWEET MA 84 5.00미수 2 0 0 1 9 1728      33000혼4홍대유에스지이 212 4 4 315 2 0 0 3  0박을운53052.065하도하 5  4  45721.061.038.8 913 72158 815 718191914282113      ↗→선13.237.139.013.2401836.339.6 75.4 76.1  0  0 67 0   13.20   16.10 4 -7 -3NH동       1212 3.0 6.0 9.0171710 0부중효과부중유리 1기 0 5 1     1 1 1④1:15.41¼   .813.639.514.6 -5  3  .50 4 9 -2 1.050 8734353 6 7 8 41 2 1.03 7.06 2.7 5.1  2.7    6.2    9.3   21.1  .03581 3 4 7 3△  .838.50 -.34  .0176.1211.9124.9938.77 82134 8.2420.0026.26 6
20231009월 4120012외413 5 11 7 3강 3339맑음다습1010 8캡틴삼칠이      바이언  SWEET MA 84 5.00미수 2 0 0 110 1808      41250혼4홍대유에스지이 213 3 3 215 1 0 0 2  0박을운52755.067하도보 5  4  47431.056.024.4 867 31345 715 718191914282113      ↘↗선13.536.439.113.299 136.342.8 78.5 78.8  0  0 50 0   13.50   17.00 6  3  0NH동       1210        10.0    10 0부중효과부중효과 1기 112 1     1 1 7⑫1:18.57    4.013.242.716.1  1 23  .601211  3 4.395 79996 5 5 9 5 61 1 1.03 7.06 1.3 2.3  1.3    4.9    5.9   22.210.92976 2 5 6 2    .440.00  .42 3.3275.78 5.8714.9624.43 31020 6.9017.3218.38 2
20230826토 3120011외422 6 71 8혼전 4435맑음다습1210 8캡틴삼칠이      바이언  SWEET MA 84 5.00미수 2 0 0 910 1934      41250혼4홍대유에스지이 214 2 2 115 2 0 0 1  0이혁  50455.090하무보16 35 353136.062.036.23248191345 715 732 01914272119      ↗↘선14.738.139.613.2 82535.843.5 79.4 79.3  0  0  0 0   14.70   13.50 7  6  0BHUP       1210         9.0    10 2교체실패부중효과 1기 2 9 1     1 1 6⑩1:19.45    4.313.543.817.0  2 -5 -.1010 8  2 5.097 19997 510 911 51 2 1.07 6.05 2.2 4.2  2.2   33.4   50.4   59.012.72859 2 6 8 2    .738.50-1.15 1.6477.0112.0324.3836.17142842 9.4119.1520.71 6
20230708토 2100011외411 4 61 9혼전 4435흐림양호 710 8캡틴삼칠이      바이언  SWEET MA 84 5.00미수 2 0 0 211 2065      41250혼4홍대유에스지이 215 1 1 115 1 0 0 0  0이혁  50955.091평무보   35 3540  .064.036.22230 922421115 732 01914272119      ↘↗선    37.137.8        38.038.3 63.7 64.0              13.80   13.80 4  0  0NL동       10 0                 0 0걸음불변보통걸음 1기 0 311    11 9 8⑨1:03.73    2.314.738.213.5  3 14  .20 9 6  0 2.48074657316 8 8 9 20 1 1.07 9.04 1.6 4.1  1.6   22.0   28.2   38.7  .04482 4 6 7 4★ 1.238.20  .02-10.962.7114.2525.6236.24102336 9.0918.1827.27 3
20251123일10120011외3 4 2  2 5혼전 4442          10 9봉화스테이      COLLECTENO SHOW  8712.00미거 41144   1    017:30 41250혼3전승규럭키팜   3 011 8 810 3 1 3 9 44송재철   56.075우추보50 57 578760.061.032.51522102644 9213028 02016182621252550↗→입13.536.938.212.46587                   71 57 2957   13.80   12.7012  8  3BB동54.05141412-1.0 5.4 4.4656512 0트립손실승부호기47관 0 9                            13.8    12.7                                 6 2 5 4  3                                              .03571 0 7 5 0    .938.20  .42     75.5610.2022.5432.49 8203319.0527.9840.86 2
20250831일10120010외314 1 62 6혼전 4421맑음포화1710 9봉화스테이      COLLECTENO SHOW  8712.00미거 41237 9 2  218      41250혼3전승규럭키팜   3 110 7 710 2 1 2 8 37송재철52353.575우입보86 88 887861.060.024.51460 32050 5213028 02016182621333333→↗입13.536.938.312.4707936.937.0 72.3 74.5 67 50 3350   14.90   12.90 5 -3 -1UH동54.25111412 -.8 5.0 4.2676712 0마방연대최적거리68관 1 1 6     5 6 4②1:12.34     .013.836.412.7 -1  3 1.60 2 3  0  .6 632 3 180 7 7 5 63 2 1.03 5.01 1.6 4.6  1.6    4.7    6.3   89.710.52865 0 7 8 0    .638.20  .59 -.7075.61 6.9815.0624.45 51222 9.3020.3829.03 4
20250726토 7120010외344 1 92 8혼전 4441맑음건조 410 9봉화스테이      COLLECTENO SHOW  8712.00미거 41442 9 1   81      41250혼3전승규럭키팜   3 2 9 6 610 1 1 2 7 42송재철52054.075우자적76 76 7674  .069.032.81522102644 9213028 02016182621333333↗→입13.536.838.312.4727237.837.1 73.5 75.1 60 60 6040   13.50   12.70 4  1  1HN동54.25111412-1.4 5.4 4.0676712 0승부최상마방연대47관 1 410    10 8 7③1:13.5머리  .014.936.612.9  0  0 1.30 3 3    1.11877 31280 6 7 3 33 1 1.0510.11 2.5 4.5  2.5   12.7   19.5   22.412.73485 2 8 9 2▲ 1.338.50  .39  .0475.5612.1323.1032.77102336 6.9813.9031.27 8
20250629일 9120010외354 3102 9혼전 4431맑음양호 810 9봉화스테이      COLLECTENO SHOW  8712.00미거 41442 9 1   63      41250혼3전승규럭키팜   3 3 8 5 510 1 1 2 7 42이동하52053.589기자적77 76 768284.076.045.32849152644 9213032 02016242619333333→↘선13.536.938.412.46664                   60 60 6060   13.60   13.00 6 -6  2UN동54.25111412  .0 4.5 4.5626212 0마방연대승부최상56관 3 3                    경제    13.6    13.0     0 1.47                      8 5 5 10 1 4.09 9.10 2.5 7.4  8.4  170.6  289.8  278.710.64498 4 9 9 4★ 1.838.40 -.07     75.6718.2833.4745.2632526414.7133.2142.21 3
20250518일11120011외344 4 92 6혼전 4421맑음다습1110 9봉화스테이      COLLECTENO SHOW  8712.00미거 41633 2 1  101      41250혼3전승규럭키팜   3 4 7 4 510 1 1 1 6 33김옥성52052.063기자적25 25 254819.058.022.4 8 0 72644 92130 9 0201615151750 050↘↗추13.536.838.612.4695136.638.1 73.2 74.9 50 50 5050   14.40   14.50 8  0 -1LU동55.35071412  .0 4.5 4.5626212 0걸음불변마방연대91관 3 9 4     3 4 1②1:13.2머리  .013.637.213.0 -7 -8 1.50 2 9  1  .0112025 982 7 810 92 1 2.09 2.09 2.9 6.5  4.0   91.5  175.3  299.6  .02672 1 4 8 1    .538.40  .54 -.5475.72 5.5113.2322.41 31020 2.59 8.2017.5611
20250323일11120011외344 2 92 7 1강 1141맑음건조 410 9봉화스테이      COLLECTENO SHOW  8712.00미거 42040 2 2  249      41250혼3전승규럭키팜   3 5 6 3 410 6 1 1 5 40김동수52853.069우자하63 69 698149.053.025.41660 72050 5213018562016 9202750 050→→추13.536.738.512.4845938.340.2 77.4 78.7 67 67 6767   14.30   14.20 6 -1  1LNDN55.35071412 -.7 3.3 2.7797912-2걸음불변거리내려 1기 0 911    111011⑩1:17.44    2.814.439.814.5  2-10 1.0010 8  3 3.79591849310 4 3 5 50 6 4.02 4.07 3.3 6.2  7.4    9.7   22.7   27.612.02868 2 6 6 2    .339.70  .56 3.5375.61 6.3016.4225.35 71627 6.2913.7924.00 5
20250209일 9140011외353 6102 6혼전 4441맑음건조 410 9봉화스테이      COLLECTENO SHOW   645.00미거 42550 1 2  379      41250혼3전승규럭키팜   3 6 5 2 210 5 1 1 4 50김동수53852.066강자보67 70 706846.054.028.61660 72050 5213018562016 9202750 050→→추13.536.639.212.4724336.841.0 90.0 89.9 67 67 6767   13.70   14.20 7  6  0BU동55.35071412-1.5 3.0 1.5909012 0직전복병보통걸음 1기 010 7     7 810⑪1:30.0¾   1.414.340.414.2  6 -4  .1911 5  1 1.87936878438 4 8 6 60 5 3.07 4.01 3.5 9.9  5.2   27.3   41.7   55.1  .03480 3 6 5 3△  .439.50  .2714.1488.45 8.1518.9128.57 51222 4.9614.7624.81 6
20241221토10140011외324 6 22 7혼전 4431흐림양호 810 9봉화스테이      COLLECTENO SHOW   645.00미거 3 1   2 3  522      41250혼3전승규럭키팜   3 7 4 1 110 4 1 1 0  0김동수54252.065강추보87 93 9383  .061.032.9132517225012213018562016 9202750 050→→추13.537.238.712.4289735.940.9 89.3 88.9100100 50**   13.50   13.2033 -4 -3HUUP55.35071412-3.0 5.0 2.0868612 2승부조율추입유리 1기 1 4 5     5 5 5⑤1:29.32     .813.740.814.2  1 37 -.20 5 4  3 2.148 486625610 4 3 42 4 1.0310.01 1.7 2.0  1.7    9.9   12.4   83.610.53780 2 8 8 2△  .838.70  .1112.9788.5210.3921.6632.90 71627 8.1815.9336.23 7
20240428일 9120010외453 3 52 8혼전 4431맑음양호 910 9봉화스테이      COLLECTENO SHOW  8712.00미거 3 050 9 6 1189      33000혼4전승규럭키팜   3 8 3 3 310 3 0 1 2 50김동수50554.577강추보98 97 978475.068.045.61840 6204317213018562016 92027 0 099↘→추14.538.038.112.4119936.638.0 74.0 74.7100100  0**   14.50   12.70 6  5 -2BU동56.05081212         2.0    12 0뒷심문제기수승부 1기 0 8 2     2 2 1①1:14.01¾  -.313.537.613.2  0 -3  .50 1 1 -4  .0 71719 69111 4 2 21 3 1.04 8.11 2.2 4.8  2.2    5.5    7.8    6.710.53389 2 8 8 2▲ 1.237.10 -.54-1.4376.1217.9432.5845.6418365119.5136.4645.94 2
20240317일 31200 9외421 5 22 4 2강 2237맑음건조 310 9봉화스테이      COLLECTENO SHOW  8712.00미거 3 0 0 2 7 1327      41250혼4전승규럭키팜   3 9 2 2 210 2 0 0 0  0김동수50856.067평무보12 35 35 9  .041.019.92167162545 5213018562016 92027      →↘추14.638.239.913.4 1 237.637.2 74.7 74.8              14.60   13.7023 -6  1NB동       12 0        11.0     0 0기수신마마방습성 1관 1 3 7     7 6 5②1:14.73     .014.537.112.7 -3 -6  .10 2 5 -4  .61071 3 986 9 7 8 63 2 1.05 1.03 1.5 1.6  1.5   14.0   17.7   58.9  .02318-3 4 4-3   -.537.00 -.91-3.3077.23 3.25 9.6319.89 51323 6.5715.3235.63 4
20231009월 4120012외413 5 12 9 3강 3339맑음다습1010 9봉화스테이      COLLECTENO SHOW  8712.00미수 2 0 0 110 1808      41250혼4전승규최기영   010 1 1 110 1 0 0 0  0김동수51455.082평무보   35 3540  .050.019.12558 6263514211418112016 92027      →→추    36.738.5        38.339.6 77.3 77.6              13.80   13.60 4  0  0LL동       12 0                 0 0걸음불변기수신마 1기 0 912    121012⑪1:17.33    2.814.639.513.7  2  8  .6111 9  0 3.18691728911 2 2 7 70 1 1.03 7.06 1.3 2.3  1.3    4.9    5.9   22.210.94476 4 5 6 4★  .139.30  .73 2.4175.61 4.3211.1019.07 3 817 7.7615.5834.3910
20251123일10120011외3 4 2  3 2혼전 4442          1010스피디루키      SUPER SASEE ROCK  233.00미거 7 217   1    017:30 41250혼3박윤규이미양   1 016 8 239 1 1 640 17김태희   52.564평추상50 41 4130 5.035.0 8.7 929 51644 91817 9 01611152316142957↗↗입14.437.738.313.83755                   31 31  817   14.30   13.60 2  7  1BNDN55.14681818-2.6 9.6 7.0373717-2걸음불변급하락세50관 010                            14.3    13.6                                11 61111  5                                              .01423-2 1 1-2  -1.038.30  .58     76.06 1.28 4.18 8.74 1 3 5 1.19 4.15 7.9711
20251108토10140011외331 2 83 2혼전 4441흐림건조 31010스피디루키      SUPER SASEE ROCK 32     미거 7 217 2 1   35      41250혼3박윤규이미양   1 115 7 739 4 1 639 17김옥성47452.064기추적35 27 2720 6.030.0 5.5 8 0 71644 91817 8 01611151517142957↘↗추14.437.139.313.8572337.738.8 87.9 88.8 31 31  917   14.10   13.30 2 -4  0HH동55.14681818-1.8 9.2 7.4343417 0걸음불변조교부실33관 0 3 9    10 8 7⑥1:27.92    1.314.338.313.6 -4  1  .50 610 -1 1.54481264740 9 7 8110 4 7.01 9.07 2.8 4.5 22.1   14.5   48.4   61.0  .01412-3 1 1-3▽-1.538.80  .5312.4388.86  .34 1.74 5.48 0 2 5  .93 4.72 9.0911
20251026일 9140011외314 1 63 1혼전 4431흐림양호 71010스피디루키      SUPER SASEE ROCK 32     미거 7 218 9 1   25      41250혼3박윤규이미양   1 214 6 639 3 1 638 18김옥성47352.064기추하22 16 16 9 5.030.0 6.4 8 0 71644 91817 8 01611151517142957↘↗추14.437.039.413.8651837.938.7 87.5 89.3 32 32 1515   14.40   14.80 5  3  0NHDN55.14681818-1.8 8.4 6.6434317-4노쇠부진조교부실45관 0 7 9    111110⑦1:27.5목   1.314.138.413.3 -4  2 1.10 711  2 1.36187255240 9 811113 3 2.10 9.11 2.1 6.7  6.1  145.5  249.9  207.2  .0 8 6-4 1 1-4▼-1.439.00  .5012.9288.86  .71 2.41 6.35 0 2 5  .99 3.60 6.7611
20250920토 8180011외310 2 63 3혼전 4421맑음포화161010스피디루키      SUPER SASEE ROCK 3226.00미거 7 218 2 1   79      41250혼3박윤규이미양   1 313 51439 2 1 637 18김옥성47152.063기추적35 45 451112.030.0 5.7 8 0 71644 91817 8 01611151517142957↘↗추14.440.040.713.8661139.042.7117.7120.2 33 30  615   14.40   13.70 4  1  0HH동55.14681818-2.4 7.4 5.0595917 0선전만회급하락세 5기 0 4 7 7 7 91010⑩1:57.74    4.114.441.514.8  1 -8 1.3010 9  0 4.479128975 5 6 8 9110 2 3.0111.03 1.3 4.2  9.8    5.6   23.6   71.7  .01915-2 3 2-2  -1.541.10  .3739.50118.8  .36 1.82 5.69 0 2 5 2.50 6.0611.9710
20250823토 8180010외352 5103 2 1강 1111맑음건조 41010스피디루키      SUPER SASEE ROCK 3226.00미거 7 216 2 1   77      41250혼3박윤규이미양   1 412 41339 1 1 536 16김옥성47952.063기추하12  7  711 3.029.0 6.6 8 0 71644 91817 8 01611151517142957↘↗추14.440.240.613.8462039.041.2116.1118.1 31 31  622   14.70   14.00 5  2  0HH동55.14681818-1.8 7.0 5.2595917 0걸음불변기복전력72기 1 3 6 5 5 5 5 2②1:56.114    .014.440.213.7 -7  3 1.40 2 9  0 2.32410713883 7 4 9103 1 2.0910.03 3.1 6.4  4.3   77.1  121.8  124.4  .01418 0 1 2 0  -1.440.60  .3237.27118.9  .62 2.35 6.55 1 4 7  .65 1.45 3.6910
20250719토 7180010외352 5103 3혼전 4431흐림포화171010스피디루키      SUPER SASEE ROCK 3226.00미거 7 217 2 1   80      41250혼3박윤규이미양   1 511 31239 1 1 535 17씨씨웡47652.089기추보40 24 243712.045.017.93053101644 9181714 01611202422142957→↘선14.440.340.513.8402840.541.2118.3120.5 29 29  323   14.00   14.30 3 -4  0UHUP55.14681818-1.4 6.2 4.8626217 2걸음불변안장교체62기 0 1 6 6 5 8 910⑩1:58.31½  2.614.740.714.0  1 -1  .8010 9  1 3.08462727623 5 510 70 2 1.06 6.09 4.1 8.6  4.1   16.7   24.7   14.6  .01649 0 3 3 0   -.340.80  .0739.68118.9 4.56 9.5217.89 3 814 2.56 6.1112.0010
20250628토 7160010외322 2 73 3혼전 4431맑음다습111010스피디루키      SUPER SASEE ROCK 32     미거 7 217 9 1   54      41250혼3박윤규이미양   1 610 2 639 2 1 534 17정우주47752.069기추적85 89 891732.035.0 6.82041101644 91817 0 01611163013142957↗↘입14.436.839.613.8372836.739.4102.3103.4 30 37  320   14.90   14.00 4 -3  0NHDN55.14681818-2.0 6.0 4.0707017-2최고선전기복전력45관 0 5 6   6 6 6 5⑧1:42.3½   1.914.040.414.3  0  5  .00 8 8  1 2.56366485625 8 5 3102 2 2.01 6.04 2.1 3.8  3.7    3.8    8.4   10.110.51619-1 5 4-1  -1.239.60  .4926.96103.3  .71 2.47 6.75 1 4 8 5.7912.1020.51 8
20250531토 81800 9외350 7 53 3혼전 4451맑음건조 41010스피디루키      SUPER SASEE ROCK 3226.00미거 7 318 9 1   72      41250혼3박윤규이미양   1 7 9 11139 1 1 533 18정우주47252.068기추적69 73 733840.036.0 9.92041101644 91817 0 01611163013142957↗↘입14.440.340.413.8453240.839.1118.6117.7 28 34  321   14.00   13.60 4 -1 -6NHUP55.14681818-1.8 6.2 4.4666617 2뒷심문제급하락세45관 0 8 6 5 5 3 3 4③1:58.6¾    .014.940.114.0 -4  8-1.50 3 7  3 1.81670183188 4 5 4 82 1 2.01 6.02 2.8 3.5  3.1    3.5    7.0   25.4  .02930-1 6 5-1  -1.140.50  .2836.95118.8 1.38 4.40 9.92 3 814 8.3319.2130.22 5
20250503토 7160010외451 9 53 7혼전 4433흐림포화181010스피디루키      SUPER SASEE ROCK 32     미거 7 315 1 1  137      33000혼4박윤규이미양   1 8 815 539 1 1 432 15마이아46457.593기추적66 67 671766.066.054.63752201644 9181734 016113631 9173350↘→선14.436.839.713.8382336.238.9101.9101.8 25 32  721   14.80   13.60 4  2  4LBDN54.74691818-1.2 6.6 5.4555517-1뒷심문제기수승부 1관 0 9 8   8 7 5 3②1:41.93     .014.039.213.6 -2  0 -.10 2 4 -3  .61432302088 2 5 3 33 1 1.04 3.09 2.4 4.9  2.4    6.7   11.6   18.612.73481 2 7 7 2   1.039.70 -.7025.28103.319.9938.5754.5915324720.3438.8152.94 2
20250406일 6170011외414 2 63 3 1강 1119맑음포화181010스피디루키      SUPER SASEE ROCK 32     미거 7 316 1 2  212      33000혼4박윤규이미양   1 9 714 239 2 1 431 16김성현46454.070기자적35 26 262313.044.018.61650 5 833 2181717 01611162519173350→→입14.439.840.913.8494339.041.0109.3111.8 22 30  422   14.90   13.20 4 -1 -1NN동54.74691818-1.6 7.2 5.6515117 0걸음불변최적거리 1관 0 7 9 9 7 7 7 3③1:49.31     .014.839.813.6 -4 -3 1.40 3 7  2 1.0 811542584 7 4 4 63 2 1.08 5.06 1.6 3.7  1.6   26.9   37.8  114.6  .01429-1 4 5-1   -.541.00  .2931.10113.6 3.50 9.6918.62 51222 4.5510.2919.09 6
20250309일 8170011외411 1 63 3 1강 1131맑음양호 81010스피디루키      SUPER SASEE ROCK 32     미거 7 316 2 2  294      33000혼4박윤규이미양   110 613 139 1 1 430 16김성현46754.570기자적74 73 734053.049.026.81650 5 833 2181717 01611162519173350→→입14.439.840.913.8493940.739.5113.3114.7 23 31  419   14.60   14.10 4  5  1NNDN54.74691818-2.6 8.0 5.4505017-1전력변화급하락세 1기 0 8 9 9 9101110⑧1:53.31½  1.914.939.313.2  3 -4  .50 8 5 -2 3.18285143321 9 4 2 43 1 1.02 2.05 1.6 3.8  1.6    3.8    5.1   39.9  .02349 0 6 5 0    .041.50  .1033.99113.6 7.2015.7626.77 6162813.4127.9142.86 3
20250209일 7180011외450 9103 2 2강 2259맑음건조 41010스피디루키      SUPER SASEE ROCK 3226.00미거 7 317 1 2  381      33000혼4박윤규이미양   111 5121039 4 1 429 17이상규47154.058기무적48 36 36 5 3.027.0 7.3 0 0 0 833 21817 5 01611122314202060→↗입14.440.640.613.8272339.740.3119.4118.3 24 32  420   14.40   13.70 4  2 -1HNUP54.84691818-2.4 8.4 6.0424217 4걸음불변최근최상 1관 0 3 6 6 6 5 5 4④1:59.42     .414.641.414.1 -3  1-1.50 4 7 -1  .83029533572 8 6 5 72 5 1.06 2.08 3.3 7.0  3.3   13.9   20.9   20.5  .015 5-3 1 1-3▽-1.540.30  .2037.05119.0  .44 2.29 7.31 0 4 8 1.18 2.35 5.95 7
20250111토 9140011외410 4 63 2 1강 1138맑음건조 51010스피디루키      SUPER SASEE ROCK 32     미거 7 317 2 3  456      33000혼4박윤규이미양   112 411 539 3 1 428 17이상규47054.563기추하24 17 1721 5.036.013.514 0141450 91817 5 01611122314202060↘→입14.437.539.413.8242537.039.2 88.9 88.2 25 29  421   14.90   13.90 3  0 -1UNDN54.84691818-2.0 8.8 6.8303017-4걸음불변감량기수 1관 0 1 8     6 6 5⑤1:28.91¾   .614.438.813.7 -3 -5 -.40 5 8  2 1.1234742386310 5 6 92 4 2.01 3.06 1.3 6.5 11.2    7.1   23.1   19.9  .01417-3 2 2-3▽ -.938.20  .0111.2689.21 2.38 6.3913.46 1 3 8 1.18 4.30 6.4910
20241221토 8180011외440 8 93 3 1강 1154흐림양호 81010스피디루키      SUPER SASEE ROCK 3226.00미거 6 318 2 3  524      33000혼4박윤규이미양   113 310 939 2 1 427 18이상규47555.062기추적34 21 2120 5.031.0 8.114 0141450 91817 5 01611122314202060↘→입14.440.640.813.8231140.739.8121.5120.3 26 30  422   14.40   13.30 4 -9  0UNUP54.84691818-2.4 9.4 7.0272717 4주행불만최근최상 1관 0 1 8 7 7 6 7 7⑦2:01.5¾   1.714.941.013.9  1  7-1.70 7 6 -4 2.38166374628 8 9 6100 3 1.0410.07 3.2 6.7  3.2   10.4   14.8   11.6  .01512-3 2 1-3▽-1.640.50  .1238.86119.1  .85 2.09 8.06 2 5 9 1.27 4.94 9.68 8
20241124일 8140011외451 4103 1혼전 4459맑음건조 41010스피디루키      SUPER SASEE ROCK 32     미거 6 319 2 3  600      33000혼4박윤규이미양   114 2 9 439 1 1 426 19이상규46855.063기추적35 21 21 6 7.030.013.114 0141450 91817 5 01611122314252550↘→입14.437.639.413.8232036.939.7 88.4 88.6 27 32  523   14.20   13.80 4  5  4LN동54.84691818-1.2 9.4 8.2151517 0능력한계부진마필 1관 01011    11 7 5④1:28.4목    .514.438.913.3 -6 -5  .50 410  1  .8404160546411 6 4103 2 1.0811.05 2.7 5.5  2.7   29.3   52.5  264.4  .0 6 9-3 2 1-3▽-1.338.20 -.0511.6389.28 3.64 7.2713.11 0 2 5 2.33 7.6212.6210
20241026토 81400 9국312 1 63 1 1강 1151맑음다습141010스피디루키      SUPER SASEE ROCK 32     미거 6 420 9 4  697      41250국3박윤규이미양   115 1 8 339 2 1 425 20김태희47351.059기추적18 14 14 6 4.026.0 2.6 8 0 71325101817 9 01611152316252550↗↘입14.437.539.513.8281837.738.9 87.6 88.9 29 33  524   15.00   13.30 8  3  0NUDN54.84691818 -.6 9.6 9.0141417-4능력한계부진마필 1   0 5 8     8 9 8⑦1:27.65    2.114.238.513.8 -2 -3  .90 7 9  0 2.547843155181010 9100 4 1.07 1.07 1.7 4.9  1.7   33.6   39.6   50.7  .0 6 2-4 1 1-4▼-1.838.40  .2211.8589.28  .12  .17 2.61 0 4 8  .81 1.64 5.5310
20251123일10120011외3 4 2  4 7혼전 4442          1011위즈캠페인      글로벌캠BEMUS PO 9920.00미수 31122   1    017:30 41250혼3박지헌최몽주   2 010 5 4 9 1 1 1 9 22이혁     52.586우선하50 67 678742.063.033.21428 622381119292823211727211999 0 0↘↗선13.336.638.412.78768                   50 50 50 0   14.10   14.30 3 10  1VNDN55.04831814-2.0 4.4 2.4808014-6교체실패외곽불리50기 011                            14.1    14.3                                 2 7 2 2  2                                            12.72881 2 6 8 2△ 1.038.40  .44     75.5011.4022.8433.22122539 7.1420.7329.90 3
20251102일 9180010외333 7 34 8혼전 4451맑음건조 51011위즈캠페인      글로벌캠BEMUS PO 99     미수 31225 1 1   47      41250혼3박지헌최몽주   2 1 9 4 1 9 1 1 1 8 25임다빈48552.080우선하17 40 408051.062.053.51949 52238111929 313211715232499 0 0↘→추13.339.740.712.7713238.742.8119.6121.0 50 50 50 0   13.60   14.50 4  0  0UUUP55.04831814 -.2 3.4 3.2676714 4전개최상선행유리89기 2 1 1 2 3 8 9 9⑨1:59.6¾   2.214.141.814.3  4  1  .71 9 5  4 2.888 5917125 2 4 4 40 2 3.02 6.08 2.6 3.1  4.6    6.5   12.8    4.3  .03479 3 7 7 3    .941.50 -.6340.57118.718.3438.7153.5210233612.9424.5836.82 4
20251004토 8140011외344 8 44 9혼전 4421맑음다습101011위즈캠페인      글로벌캠BEMUS PO 99     미수 31428 1 1   48      41250혼3박지헌최몽주   2 2 8 3 4 9 1 1 1 7 28문세영48452.073우도하97 91 919469.065.042.43644 922381119293739211728361699 0 0↘↗입13.336.639.312.7755136.840.6 89.5 89.9 50 67 50 0   13.50   13.20 6 -6  0UU동55.04831414 -.2 3.4 3.2686814 0걸음불변전개최상39관 1 1 5     8 9 7⑥1:29.51¾  1.513.640.714.5  5  5  .29 6 1-10 2.17937827739 2 4 2 43 4 3.05 5.11 2.8 3.7  6.1   28.4   45.9   19.310.54492 3 9 8 3☆ 1.039.50 -.1314.0388.5215.3129.5842.3914284219.7736.1445.00 2
20250823토 9140011외334 1 84 7혼전 4431맑음건조 41011위즈캠페인      글로벌캠BEMUS PO 99     미수 31633 2 1  118      41250혼3박지헌최몽주   2 3 7 2 3 9 1 1 1 6 33임다빈47952.080우선하55 50 506129.058.026.81949 52238111929 313211715232499 0 0↘→추13.336.639.612.7743235.938.8 85.2 86.9 40 40 40 0   13.90   13.5011  2  0NUUP55.04831412 -.2 3.4 3.2676714 2연대우수최적거리62기 2 7 4     4 4 4③1:25.2목    .013.537.713.2 -8  2 1.10 311  7 1.2 2 431 379 6 9 7 62 1 1.08 1.05 1.9 3.8  1.9   24.7   30.3  207.512.73185 2 5 6 2    .638.90  .0710.7488.73 7.9717.0826.78 51222 3.9712.4020.82 7
20250607토 9120011외354 1104 8혼전 4421맑음건조 31011위즈캠페인      글로벌캠BEMUS PO 9920.00미수 32040 2 1  196      41250혼3박지헌최몽주   2 4 6 1 3 9 3 1 1 5 40문세영47752.073우도보92 88 889077.064.027.23644 922381119293739211728361699 0 0↘↗입13.336.938.312.7688937.239.1 75.3 76.6 40 40 6040   13.30   13.40 8  1 -3NU동55.04831412  .0 3.8 3.8606014 0연대우수연대우수69기 1 5 6     6 710⑧1:15.34    1.713.938.713.5  4 -6  .92 8 4  2 2.46750595727 6 3 4 70 3 1.07 3.09 3.0 6.1  3.0   60.8   71.9  463.210.53878 1 9 8 1△  .838.80  .50 1.3775.61 7.2816.3027.21 5122213.8926.3932.62 3
20250413일10120010외424 6 24 7 1강 1131흐림포화171011위즈캠페인      글로벌캠BEMUS PO 9920.00미수 3 025 2 1  187      33000혼4박지헌최몽주   2 5 5 5 2 9 2 0 1 4 25문세영48355.073평도보67 57 578072.068.045.23644 9223811192937392117283616      ↘↗입13.536.938.812.7644736.638.2 74.0 74.8 25 25 5025   13.50   14.00 5 -3  1HNDN       1414  .0 4.0 4.0585814-2걸음불변연대우수 1관 0 4 2     2 2 1①1:14.03    -.513.338.213.4 -1 -6  .80 1 2 -1  .0102025 994 4 9 4 31 2 2.04 4.02 2.2 2.2  2.4   18.3   25.0    7.8  .03868 0 7 7 0   1.238.30 -.29 -.8875.8917.5231.7945.2221425821.9536.4738.46 2
20250308토 7140010외432 5 34 6 1강 1131맑음다습111011위즈캠페인      글로벌캠BEMUS PO 99     미수 3 033 2 2  305      33000혼4박지헌최몽주   2 6 4 4 2 9 1 0 1 3 33문세영48954.093평입상76 75 755691.067.044.04153 01560 0192937392117283616      →↘입13.737.039.612.7453236.140.3 86.7 88.5 33 33 3333   13.70   14.30 7 -1  1NN동       1412  .5 4.5 5.0444414 0걸음불변탄력호전 1기 0 7 3     2 2 2③1:26.73     .513.539.314.0  0 -3 1.40 3 3  0 1.633 8754766 8 6 4 31 1 1.02 1.05 2.3 3.1  2.3    3.1    5.3    4.4  .03369 0 8 7 0   1.338.80 -.6211.8689.0016.5031.5843.9919405618.8437.0946.67 2
20250118토 9140010외451 7 54 4 1강 1145맑음건조 41011위즈캠페인      글로벌캠BEMUS PO 99     미수 3 0 0 2 3  434      33000혼4박지헌최몽주   2 7 3 3 1 9 1 0 0 2  0마이아49253.093하입보53 25 2523  .048.028.82740152033 01929 0 021173631 9      ↘↗선14.037.639.312.7134736.040.2 88.9 88.1  0  0  050   14.00   13.20 7 -3 -2NHUP       1412 1.0 6.0 7.0232313 1걸음불변거리부담 1기 0 8 2     2 2 2②1:28.910    .013.739.914.3 -1 -2 -.60 2 3  0 1.820 7734285 8 310 41 1 1.03 3.08 2.0 3.1  2.0    5.6    8.2   12.6  .01447-1 5 4-1    .038.10 -.4111.1889.21 7.1716.2028.77 82033 7.8917.0642.02 5
20241130토 2130011외441 7 44 2혼전 4435흐림포화181011위즈캠페인      글로벌캠BEMUS PO 99     미수 2 0 0 9 3  595      41250혼4박병일최몽주   2 8 2 2 1 9 1 0 0 1  0해리카49455.072하무보39 25 2514 8.034.014.31021 71640 424 027 02214182612      →↗입14.038.138.812.7 89637.639.1 81.6 82.9  0  0  0**   14.00   13.00 5  5  0NHUP       1312         7.0    12 1기수신마거리늘어 1기 211 6     5 4 3③1:21.63     .614.038.313.2  0  6 1.20 3 3 -3 1.24049504762 9 6 6 92 1 1.08 3.01 2.4 3.3  2.4   39.1   57.2   72.1  .02024 0 3 3 0  -1.038.90  .38 5.9683.23 2.59 7.7214.29 0 4 8 4.69 8.3911.8511
20241026토 2120011외420 1 74 5혼전 4435맑음다습141011위즈캠페인      글로벌캠BEMUS PO 9920.00미수 2 0 0 9 4  703      41250혼4박병일최몽주   2 9 1 1 1 9 1 0 0 0  0이혁  48855.092평무보   25 2540  .041.016.32959 31229 024 0 0232214272119      ↗↘선    36.738.5        38.037.8 74.9 76.2              13.80   13.60 4  0  0LL동       12 0                 0 0걸음불변기수신마 1   0 6 5     6 8 7⑦1:14.9½   2.014.037.613.0  1  4  .90 7 6  0 2.05484154024 6 6 9 70 1 5.03 8.11 2.2 2.9 11.8   32.7  106.4   98.1  .01840 0 4 5 0   -.538.90  .82 1.0175.61 3.01 8.4516.25 31018 8.8216.5928.19 7
20251123일11160010국1 2 1  2 8혼전 4411          11 1행복한승자      카우보이처비아너 6132.00한암 42663   1    018:00 605001등토니  김영선  -5 016 1 519 1 5 719 63송재철   52.074우자보50 61 611775.058.030.2152210246112194624 01818182621184536↗→입13.136.040.012.28525                   68 63 2626   14.10   12.5011 -1 -4UHUP53.54601812-1.4 5.4 4.0737314 4연대우수마방연대66기 1 1                            14.1    12.5                                 510 5 7  6                                            12.73379 2 8 9 2    .640.00  .12     103.010.4019.9930.18 4111812.6025.5838.58 2
20250906토 81200 9국244 1 42 9혼전 4441흐림포화1611 1행복한승자      카우보이처비아너 4026.00한암 42761 1 2  209      825002등토니  김영선  -5 115 8 819 2 5 618 61코지  46756.085우자보95 90 908588.069.044.02156 61567 5194651 01818252619184536↗→선13.136.738.012.2727936.737.2 71.8 74.0 67 61 2822   14.10   13.50 5 -6  1HBDN53.54601812-1.6 5.8 4.2737314-4승부최상연대우수 5   0 2 8     8 8 5②1:11.8목    .014.136.112.5  1  1 2.10 2 1 -1  .0 222 5 180 4 3 2 33 4 4.01 8.02 2.3 3.6  6.7    6.9   16.8    5.510.53885 2 9 9 2☆ 1.138.20  .30 -.7075.3316.2231.1344.0332526424.7446.8862.24 1
20250802토 91600 9국252 3 52 9 2강 2231맑음건조 311 1행복한승자      카우보이처비아너 6132.00한암 42958 1 1   77      495002등토니  김영선  -5 214 7 419 1 5 517 58코지  46655.086우자상88 83 831797.070.064.1295017246112194651 01818252619204040→↘선13.136.140.112.2762036.437.7100.6101.1 65 65 2924   13.50   13.20 9  6  3NLUP53.44601812-2.4 6.8 4.4676714 2마방연대승부최상47기 0 8 6   6 5 3 2②1:40.61¾   .014.138.913.5  0  3 -.20 2 2 -2  .3 341 8 284 510 2 22 3 1.0210.08 2.0 4.3  2.0    4.3    6.1    8.4  .04495 4 9 9 4★ 1.640.10 -.7824.92103.228.4348.4664.1321425831.7450.3463.32 1
20250531토10140011국244 1 92 8혼전 4441맑음건조 411 1행복한승자      카우보이처비아너 6132.00한암 42556 9 1  173      495002등토니  김영선  -5 313 6 519 1 4 516 56해리카46352.071우자상89 90 906978.065.037.7195010246112194620 01818182612224433↘↘입13.136.739.412.2663536.338.9 86.1 87.3 63 69 2519   13.70   13.30 6 -6 -4HH동53.54591812-2.6 7.2 4.6666614 0선전만회마방연대48기 0 2 5     6 6 5①1:26.1¾   -.113.538.013.2 -3 -6  .80 1 4 -2  .0 613351189 9 8 3 43 1 4.03 2.05 2.9 6.3  5.6   15.0   31.3   12.710.53488 3 8 9 3☆ 1.138.80 -.1511.1688.6613.6226.5337.74 7162713.7126.9437.70 4
20250420일10140011국453 2 52 9혼전 4441맑음양호 811 1행복한승자      카우보이처비아너 6132.00한암 42053 2 1  166      41250혼3토니  김영선  -5 412 5 419 1 3 515 53코지  46955.586우자보30 28 285960.063.029.9295017246112194651 01818252619253838→↘선13.136.839.212.2544736.638.9 86.8 87.5 60 60 3333   14.00   15.10 4 -3 -1NNDN53.34581812-1.6 6.2 4.6676710-4마방연대기수영향 1기 0 8 4     5 4 3①1:26.81¾  -.213.738.313.3 -5  4  .70 1 6 -8  .0 627311589 6 811 52 2 6.02 8.01 2.1 4.7 14.4   24.2   77.7   95.9  .03482 3 6 8 3▲ 1.038.80  .1211.4588.59 9.5719.7229.8812253912.6020.3828.41 3
20250323일 8180014국454 2102 7혼전 4431맑음건조 411 1행복한승자      카우보이처비아너 5839.00한암 42157 2 2  252     165000혼O토니  김영선  -5 511 4 119 1 3 514 57김태훈46556.059강자보70 70 705263.061.029.91799101567 5194629 01818112519253838↗↘입13.140.340.012.2286439.542.7119.7121.2 64 64 2936   13.60   14.00 4  3  0BLUP53.34581812-2.8 5.0 2.2838310 2연대우수마방연대 1   011 4 4 4 3 513⑭1:59.73    3.414.042.715.1  0 -3  .601414 11 4.090189183 311 5 7 40 1 3.01 1.09 3.0 7.5  6.0    7.5   16.1   53.7  .03169 1 7 8 1    .740.90 -.0540.86118.710.1320.5929.87102336 8.5914.4920.59 5
20250222토 8160010국423 8 72 9혼전 4431맑음건조 311 1행복한승자      카우보이처비아너 6132.00한암 42361 9 2  347      49500국4토니  김영선  -5 610 3 319 1 3 513 61코지  46856.085우자상88 79 791782.067.042.52156 61567 5194651 01818252619144343↗→선13.136.939.112.2326436.739.1103.0102.1 62 62 3138   13.50   14.10 5  3  4LB동52.94571612-2.6 5.0 2.4787810 0주력우수연대우수 1조 1 8 3   3 2 2 2③1:43.0½    .013.640.214.0  0 -7 -.90 3 3 -4  .32460394382 9 4 3 21 1 1.02 7.05 2.7 4.5  2.7    4.5    8.5    8.8  .03890 3 9 9 3☆ 1.039.10 -.1626.14103.015.7429.9142.4818365117.7631.8242.38 2
20250118토 8160010국454 4102 8혼전 4431맑음건조 411 1행복한승자      카우보이처비아너 6132.00한암 42566 2 3  435      41250국4토니  김영선  -5 7 9 2 219 3 3 512 66이상규47552.063우자상63 78 781780.063.035.914 014202710194618 01818122314144343↘→입13.136.939.112.2336436.938.9101.6102.0 67 58 3342   13.70   14.20 5 -5  1NN동52.94571612-1.8 6.4 4.6757510 0뒷심문제주력우수 1기 1 5 5   5 5 4 4③1:41.65     .813.540.114.1 -4  5 -.20 3 7  1 1.0217432435610 2 3 32 3 4.01 6.07 3.8 9.6  6.2   15.8   37.2   39.712.72977 2 8 9 2    .939.10 -.0226.03103.010.8724.7235.8810233617.0533.8744.47 1
20241215일 7160010국453 9102 8혼전 4431맑음양호 811 1행복한승자      카우보이처비아너 6132.00한암 32763 2 3  536      49500국4토니  김영선  -5 8 8 1 119 2 3 411 63이상규47051.063우자보78 85 851778.063.049.814 014202710194618 01818122314175033↘→입13.136.738.912.2457536.739.2103.1102.4 64 64 3645   13.60   13.20 6  8 -2VUUP53.24541612-1.0 5.6 4.6757510 2승부최상주력우수 1기 010 4   4 7 7 3②1:43.11     .013.740.414.2 -4 12 -.90 2 6  5  .23263424785 9 1 1 13 2 5.06 8.10 2.0 5.6  9.9   63.6  130.5  106.8  .03780 3 8 8 3▲  .938.90 -.1726.78102.819.0737.6949.8132526416.8331.2843.77 2
20241102토 81400 8국531 2 32 9 1강 1159맑음양호 711 1행복한승자      카우보이처비아너 6132.00한암 32060 1 4  675      41250국5토니  김영선  -5 9 7 3 319 1 2 410 60이상규45853.055우자상72 76 768689.068.053.81299 4335710194618 01818122314204040↗↘입13.136.938.712.2487536.937.8 87.4 88.0 60 60 4040   14.00   13.20 5 -7 -1HH동53.24541412 -.8 5.6 4.8727210 0적임교체승부최상 1   0 2 2     3 4 1①1:27.45    -.813.637.813.2  0  1  .40 1 1 -7  .01743 6 391 6 1 1 22 1 1.04 2.03 1.9 2.6  1.9    9.7   13.9   68.0  .04492 3 8 8 3▲ 1.038.80 -.2612.3988.3219.5437.6053.7618365141.1064.3481.45 1
20240929일 9140011국453 3102 9혼전 4451맑음건조 411 1행복한승자      카우보이처비아너 6132.00한암 32255 9 4  773      33000국4토니  김영선  -510 6 2 219 1 2 3 9 55김용근45753.588우입보41 47 477779.069.033.6283920335710194625 01818292517255025↗↘선13.136.639.012.2695937.338.0 87.1 87.9 56 56 4433   13.70   14.1016  8 -3BN동53.14531412 -.4 5.6 5.2707010 0승부최상적임교체 1   0 9 9     8 8 4②1:27.13     .014.038.113.2 -6  3  .50 2 8  5  .61667 81180 4 3 9 23 1 3.0810.09 3.0 6.7  7.4   66.4  110.5  119.812.74390 2 8 9 2☆ 1.139.10  .2612.3488.3212.8223.7433.6118365115.4428.6838.73 1
20240609일 61400 9국431 1 82 9 1강 1141맑음다습1011 1행복한승자      카우보이처비아너 6132.00한암 32562 2 6 1066      33000국4토니  김영선  -511 5 1 119 1 2 3 8 62송재철45456.082우입보19 49 497385.069.062.6214310264220194624 01818182621255025↗→입13.136.938.712.2487536.339.7 88.1 89.0 63 63 3838   13.80   13.20 8 -8  5UBUP53.14531412 -.8 5.4 4.6777710 2마방선전승부최상 1기 1 1 1     1 1 3④1:28.12½   .613.739.914.1  1 -1  .40 4 3-11  .65114603458 6 2 5 11 5 8.05 5.06 2.5 4.4 32.4  229.2  442.3  138.5  .04796 4 7 9 4★ 1.539.00 -.5013.3688.3230.0950.3862.5939607317.0232.5647.84 3
20240414일 8120014국554 1102 9혼전 4431맑음건조 411 1행복한승자      카우보이처비아너 4026.00한암 32871 2 7 1234      82500국5토니  김영선  -512 4 6 719 1 2 3 7 71이용호45551.067우입보92 92 928081.069.023.510 0132775171946 7 01818191620255025↘↗선13.136.937.912.2589137.838.8 74.9 77.0 71 71 4343   13.70   13.40 6  8 -2BU동53.14531212  .0 3.0 3.0747412 0전개최상마방선전 1   0 912    121314⑭1:14.9동착 1.313.838.113.2  0  5 1.701414 12 1.77678496634 9 3 9 60 1 8.0911.08 3.2 8.5 18.9  214.7  501.0  677.910.53585 3 8 9 3☆ 1.339.00  .81 2.2475.39 8.8816.5823.52 51222 7.6614.1921.73 5
20240303일 8120010국554 4 52 9혼전 4421맑음양호 811 1행복한승자      카우보이처비아너 4026.00한암 33366 1 7 1366      33000국5토니  김영선  -513 3 5 619 3 2 2 6 66송재철45052.584우입하89 90 909789.075.043.32159 8277517194624 01818182621333333↘↗입13.136.837.912.2679237.038.1 74.6 75.2 67 67 5050   13.80   13.40 7 -2 -1UU동53.34541212  .0 2.8 2.8767610 0전개최상전개최상 1기 0 1 5     4 3 2②1:14.6½    .013.738.213.4  0  0  .60 2 2  1  .11840241883 4 1 2 12 4 1.02 4.01 2.6 3.9  2.6    3.9    7.0    5.810.54497 4 9 9 4★ 1.938.50  .32  .5075.3317.8032.6743.2519405622.5636.2244.67 1
20240113토 9120011국514 5 62 9혼전 4441맑음다습1311 1행복한승자      카우보이처비아너 4026.00한암 34060 2 8 1506      41250국5토니  김영선  -514 2 4 519 2 2 1 5 60송재철45053.582우선상80 84 849984.075.054.4255316245010194624 01818182621333333↘↘입13.136.738.012.2778937.338.0 75.6 75.3 60 60 6040   13.60   13.40 6 -8 -1UV동53.34541212 -.2 3.0 2.8767610 0전개최상전개최상 1기 0 3 4     4 4 2②1:15.64     .013.838.213.4  1 -6 -.40 2 1 -7  .72252192082 3 1 3 12 3 3.01 7.03 1.8 6.0  7.3    7.3   15.1   36.410.64796 4 9 9 4★ 1.838.60  .01  .6275.3324.0643.0754.3721425818.0236.9747.73 2
20231203일 8120014국524 2 72 9혼전 4431맑음양호 611 1행복한승자      카우보이처비아너 4026.00한암 25075 1 9 1630     110000국5토니  김영선  -515 1 3 419 1 2 1 4 75송재철45654.078강도상97 94 949487.069.019.51936 71630 7194624 0181818262150 050↗↘입13.136.838.012.2719736.539.0 74.3 75.8 75 75 5050   13.90   12.40 5  3  1BN동53.04531212  .8 1.8 2.5777712 0승부최상전개최상 1   011 6     6 3 1④1:14.31¼   .313.638.413.4 -4  4 1.20 4 8  6  .4381456286910 2 5 92 2 6.01 9.13 2.0 3.8 23.3   17.4   67.8  144.110.54495 3 9 8 3☆ 1.238.70  .96  .9875.39 5.8912.0419.48 2 5 9 9.6817.8322.95 3
20251123일11160010국1 2 1  2 4혼전 4411          11 2너트플레이      컬러즈플스페이스 5433.00한수 52836   1    018:00 605001등최영주조현영   2 01611 322 1 7 225 36루이스   57.584우추하50 63 631732.046.017.114 0 01536 71529 0 015 9133813222256→→입13.536.738.512.24285                   61 50 1161   14.40   14.20 5 -2  1HBDN55.34992320 -.2 4.6 4.4646418-4걸음불변보통걸음58관 2 2                            14.4    14.2                                 9 1 410  1                                              .01852 0 5 5 0   -.338.50  .79     102.6 4.93 9.5017.11 1 4 8 5.5111.6318.90 9
20251019일 8200013국142 2 42 3혼전 4411맑음포화1611 2너트플레이      컬러즈플스페이스 5946.00한수 52937 2 1   92     550000국O최영주조현영   2 11510 922 1 7 224 37정우주50357.068우추보34 24 244515.041.010.52041101536 71529243615 9163013222256↗↘입13.539.739.712.2207540.240.6131.4132.6 61 50 1161   13.90   14.2011 -1  0HL동55.34992320 -.6 4.4 3.8686818 0걸음불변휴양탐색 5   0 4111211121312⑪2:11.4¾   4.014.440.314.2  6 -2 1.3211 5  0 4.177866074 411 213120 2 3.04 7.01 1.9 3.3  4.8   16.7   35.9   15.4  .01436 0 4 4 0   -.640.10  .6253.19131.0 1.99 5.9410.54 1 1 3 1.81 6.27 9.5512
20250803일11200011국111 2 12 3 1강 1131흐림건조 311 2너트플레이      컬러즈플스페이스 5946.00한수 53039 1 1  172     3850001등최영주조현영   2 214 9 822 3 7 223 39조재로50557.077우추보39 39 396542.049.018.62748131536 71529252615 9192422222256↗↘추13.539.839.612.2177939.340.9131.4131.8 61 56 1161   14.10   13.2015 -6  0NL동55.34992320 -.6 4.4 3.8686818 0노릴탄력휴양탐색 5   0 5 3 5 4 5 5 7⑧2:11.42    2.613.940.114.2  3 14 1.03 8 5  0 3.3615168671410 5 6 92 9 3.01 4.11 1.4 2.9 11.4    6.4   29.9   15.1  .02141 0 5 5 0    .040.00  .4352.44131.0 3.89 9.3418.61 3 815 3.3311.7017.58 7
20250420일 7200014국123 1 22 4 3강 3331맑음양호 811 2너트플레이      컬러즈플스페이스 5946.00한수 53342 2 2  292     2750001등최영주조현영   2 313 8 722 2 7 221 42조재로49557.081우추보51 52 528149.054.019.91338 51755 61529252615 9192422222256→↗추13.539.739.712.2217540.139.4128.1130.6 71 59 1265   14.10   13.30 5  8 -1BN동55.34992320 -.6 4.4 3.8686810 0노릴탄력보통걸음 1   0111112121111 6⑤2:08.11¾   .614.138.613.2  0 -1 1.70 5 5 -1 1.4398631536611 4 5 73 8 1.0612.15 1.9 2.2  1.9   21.0   24.4   14.3  .02359 1 5 4 1    .240.00  .4051.15131.0 5.5212.5019.94 81526 4.8510.3416.30 9
20250316일 8200014국154 4102 6혼전 4411맑음양호 611 2너트플레이      컬러즈플스페이스 5946.00한수 53545 2 2  273     2750001등최영주조현영   2 412 7 622 1 7 220 45조재로49658.081강추보74 75 758067.058.028.41338 51755 61529252615 9192422252550→↗추13.539.839.612.2168239.639.1129.4130.2 75 69 1369   14.00   13.10 7 -8  0HL동55.05002320 -.2 3.6 3.4747418 0강단마필보통걸음 1   0 31014141413 7③2:09.41¾   .414.138.913.3 -3 -1  .50 3 6  4  .4296623297412 4 5 63 7 1.0412.02 4.0 9.6  4.0   12.5   25.3   41.1  .03380 1 7 7 1    .639.90  .2150.82131.0 9.7519.2128.43 41118 8.3813.8922.01 7
20250126일11200011국151 6 52 7혼전 4434맑음건조 311 2너트플레이      컬러즈플스페이스 5946.00한수 53142 9 2  399      605001등최영주조현영   2 511 6 522 1 6 219 42정우주49758.066강추보72 71 719070.059.039.31338101755 61529243615 9163013142957↘↗입13.539.939.512.2108539.139.0130.4129.4 73 67 1367   14.10   13.20 8  6  1VBDN54.65002318  .4 3.6 4.0737318-3걸음불변강단마필 1관 311 2 3 3 2 2 1①2:10.4½    .014.038.013.1 -1-11  .80 1 2 -6  .01338201286 9 1 1 21 1 2.0111.01 2.6 4.9  4.0    4.9   10.6   61.612.72973 2 8 6 2    .739.70 -.0549.96131.014.4328.1439.3314284211.2126.0936.13 2
20241201일 7230014국112 5 62 5혼전 4431맑음포화1711 2너트플레이      컬러즈플스페이스 5946.00한수 4 1   1 3  579     5500001등최영주조현영   2 610 5 122 6 6 2 0  0조재로50857.086강추보76 76 7617  .053.019.82939201122 91529252615 9192422142957↘→추13.539.839.712.21679        148.0      73 67 1367   14.30   12.4031  2  1NBUP54.65002318  .2 2.2 2.4868618 3전개최상기수영향 1   0 5 712 910 9 8⑨2:28.0코   1.714.138.413.2  1 15    0 9 8  6 2.024842124  11 5 6 80 6 1.06 4.11 1.4 3.5  1.4   12.5   15.5   35.8  .03446 0 6 6 0    .139.70                5.4512.2119.82 2 5 9 4.52 9.0523.9110
20240421일 7200014국141 1 42 9혼전 4431흐림다습1211 2너트플레이      컬러즈플스페이스 5946.00한수 43750 2 7 1213     2750001등최영주조현영   2 7 9 4 422 5 6 216 50조재로49756.582강추보62 67 679478.072.039.91829 73669181529252615 9192422142957↘↗추13.539.839.612.2197939.837.3126.2128.7 71 64 1464   14.10   12.70 5-10  0HL동54.65002018 -.4 2.2 1.8919118 0마방선전전개최상 1   0 31210 9 9 8 4④2:06.21¼   .414.336.512.4  2 -4 1.80 4 2 -2  .4 572 1 376 8 1 3 23 5 1.0414.07 2.1 3.4  2.1    7.9   11.9   13.310.64487 3 8 9 3☆ 1.739.80 -.0849.30131.017.9531.5139.9419405610.0618.9126.67 4
20240317일 7200014국112 4 62 8혼전 4431맑음건조 311 2너트플레이      컬러즈플스페이스 5946.00한수 44046 2 7 1323     2750001등최영주조현영   2 8 8 3 322 4 6 115 46조재로50156.582강추보58 65 658670.062.025.91829 73669181529252615 9192422173350↘↗추13.539.739.812.2207240.038.1128.6130.1 69 62 1562   14.20   12.40 4  5  5BLUP54.35002018  .2 1.8 2.0818118 2주력우수마방선전 1   013 910 9 9 8 5②2:08.6¾    .014.137.712.7 -2  3 1.20 2 4  2  .12678 5138610 4 5 63 4 1.0414.13 1.7 3.9  1.7    7.6   11.2   15.9  .02676 1 8 7 1△  .840.00  .2050.61131.1 7.5316.3225.91 51222 7.1918.0224.73 5
20240217토11180011국132 1 82 9혼전 4441맑음다습1111 2너트플레이      컬러즈플스페이스 5946.00한수 43542 2 8 1418      605001등최영주조현영   2 9 7 2 422 3 5 114 42조재로49852.078강추하94 90 908673.064.032.92360 71440 41529252615 9192422202060↘↘추13.540.339.712.3427940.238.2116.6117.7 67 58 1758   14.10   13.60 5  7  1LNDN54.75002018  .6 1.8 2.4777718-2승부최상주력우수 1관 1 8 2 4 3 3 2 1①1:56.67   -1.214.237.612.4 -1 -6 1.20 1 2  0  .01747 3 39311 3 4 42 3 2.03 8.10 2.6 4.5  3.0    5.2    9.4    4.710.53986 3 8 8 3▲ 1.040.50 -.0337.73118.511.0722.1332.8710233610.4718.4624.74 6
20240114일 9200011국122 8 72 9혼전 4441흐림포화1511 2너트플레이      컬러즈플스페이스 5946.00한수 43846 2 8 1495      605001등최영주조현영   210 6 1 222 2 5 113 46조재로50451.078우추보61 65 658975.074.060.02360 71440 41529252615 9192422202060↘↘추13.539.740.112.3236439.738.4130.5130.0 64 55 1855   14.10   13.50 7 -8 -2UUUP54.75002018  .6 1.8 2.4717118 2선행유리승부최상 1관 1 1 7 9 910 7 3④2:10.5머리  .214.139.213.6  2  2 -.60 4 2  1  .82470 91479 5 9 3 13 2 3.1011.03 1.9 2.7 11.7   93.7  228.0  605.210.64696 4 8 9 4★ 1.940.00 -.7850.23131.429.4250.1259.9539587215.3828.2141.88 2
20231125토11180011국212 7 62 9혼전 4411맑음양호 711 2너트플레이      컬러즈플스페이스 5946.00한수 33341 9 9 1660      495002등최영주조현영   211 5 6 322 1 4 112 41조재로50253.068우추상93 76 769175.077.053.81756 91467121529252615 9192422 02575→↘추13.540.340.012.3376439.239.5116.5116.7 60 50 1060   13.80   13.1010  5  0LU동55.15002010  .6 1.8 2.4717118 0마방기습전개최상 1관 3 9 3 4 4 1 1 1①1:56.52    -.414.139.613.5  0  3  .00 1 1 -1  .0 31128 597 6 3 6 11 1 1.07 9.03 1.5 5.0  1.5   10.4   13.2   14.510.66298 4 9 9 4★ 2.140.40 -.6036.36118.724.6442.8153.8032526410.1321.5731.82 4
20230917일 8180014국421 1 72 9혼전 4431흐림포화1611 2너트플레이      컬러즈플스페이스 5946.00한수 32736 210 1858     110000국4최영주조현영   212 4 5 222 6 3 111 36안토니49953.093우추하72 62 628774.073.040.04260291756 41529484615 9292717 03367↗↘선13.540.340.112.3376440.138.9116.3117.7 56 44 1156   14.10   14.20 8-11 -4HUDN55.85002010  .6 1.8 2.4727218-2마방기습마방기습 1   0 4 4 4 4 5 5 3①1:56.3¾   -.213.838.313.1 -1  0 1.10 1 2  0  .0174411 990 71011 13 6 2.05 4.10 2.1 2.9  3.1   15.6   23.7   31.810.63990 3 8 9 3☆ 1.640.50 -.3137.33118.718.7831.1839.9632526410.0019.6026.70 3
20230722토 7200014국454 4102 5혼전 4431비  양호 811 2너트플레이      컬러즈플스페이스 5946.00한수 33040 911 2020     385000국4최영주조현영   213 3 4 122 5 3 110 40안토니49957.093우추보53 50 506859.052.016.13149 52062 01529484615 9292717 03367↘↗선13.539.540.112.3416839.939.4130.8130.9 63 50 1363   14.30   12.70 6  5  0BNUP55.85002010  .6 2.8 3.4757518 2마방기습마방기습 1   01514151310 8 6③2:10.87    1.314.139.414.2  1  5  .20 3 2  0 1.8447632465011 711103 5 3.05 3.08 3.2 8.5  4.5   26.9   37.0   49.2  .02741 0 6 6 0    .340.20  .3851.32131.2 3.48 9.6216.05 1 4 7 5.8813.3317.21 7
20230611일 8180014국444 1 92 7혼전 4431맑음다습1011 2너트플레이      컬러즈플스페이스 5946.00한수 33344 211 2129     550000국4최영주조현영   214 2 3 122 4 3 1 9 44안토니49457.093우추하47 70 706769.059.019.73149 52062 01529484615 9292717 03367↘↗선13.540.339.812.3357939.838.9114.2116.7 71 43 1457   13.90   13.6012  9  0BLUP55.85001810  .6 2.6 3.2777710 4승부호기마방기습 1   0101516141310 6③1:54.21¼   .214.338.512.7  1  1 1.40 3 2  0  .8 43111 5721310 7 93 4 8.01 1.09 2.8 9.0 26.1   56.6  169.0  121.1  .02749-2 7 8-2△  .240.40  .2336.60118.6 6.0612.9019.70 41118 8.0215.5417.12 5
20230319일 8140012국444 1 92 8혼전 4431맑음건조 311 2너트플레이      컬러즈플스페이스 5433.00한수 34257 212 2371     110000국4최영주조현영   215 1 2 122 3 3 1 7 57안토니49657.093강추보68 82 827886.065.025.94050 71225 71529484615 9292717 03367→↘선13.537.038.612.3429137.139.0 87.1 88.8 83 50 1767   15.00   12.70 7 -7  1ULDN55.85001610 -.2 2.8 2.6868610-2강단마필승부호기 1   0 1 8     9 9 5④1:27.11¾  1.013.938.513.6  2 -1 1.30 4 2  1 1.04656383946 9 5 7 53 3 5.01 5.10 2.3 4.0 13.5   18.5   50.1   28.5  .03379 0 9 7 0△  .838.90  .4813.2088.32 8.0216.5625.89 7162713.3723.5029.22 2
20251123일11160010국1 2 1  1 9혼전 4411          11 3빅스고          빅스    콜미레이 8726.00한수 62241   1    018:00 605001등우창구이선호  -1 01624 536 1 8 736 41권중석   51.062우자보50 54 541736.063.035.61699 42446 91930 0 019 8211513333327↗→선13.736.739.413.04439                   55 72 1455   14.70   14.10 5 -9 -6HUDN55.74962012-3.2 7.4 4.2595913-4유망전력마방연대56기 0 3                            14.7    14.1                                10 6 8 3  1                                              .04790 4 6 8 4★  .939.40 -.06     103.111.9725.0235.58142842 6.3013.9522.83 8
20251019일 8200013국142 2 41 6혼전 4411맑음포화1611 3빅스고          빅스    콜미레이 87     한수 62242 2 1   92     550000국O우창구이선호  -1 11523 736 3 8 735 42장추열49457.093우자상67 67 676367.060.026.93350112446 9193028 019 8202522333327↘↗입13.739.340.713.0484740.540.0130.0131.2 57 75 1457   14.10   12.90 5  9 -1BNUP55.74962012-3.0 7.2 4.2656513 6승부최상마방기습 5   0121313131110 7⑦2:10.01½  2.614.739.714.1 -2 -1 1.30 7 9  6 2.751934671141012 7 53 5 3.04 7.01 1.9 3.3  4.8   16.7   35.9   15.4  .03355 0 7 7 0    .740.40 -.1151.19131.5 8.2617.6526.86 92032 9.6415.6727.39 5
20250914일11140011국144 1 91 9혼전 4441맑음다습1211 3빅스고          빅스    콜미레이 8726.00한수 62341 2 1   65      605001등우창구이선호  -1 21422 636 2 8 634 41장추열49558.093강자상93 88 888484.071.049.43350112446 9193028 019 8202522363621↘↗입13.736.838.813.0615536.637.7 84.7 86.4 56 78 1163   14.90   13.20 6  2 -1HNDN55.54962012-2.8 7.6 4.8575713-2유망전력승부최상28관 0 310    10 8 6②1:24.74     .014.136.812.9 -1 -2 1.30 2 3 -1  .7 128 5 181 9 5 3 13 4 2.0311.03 3.0 4.8  3.2    4.8    8.5   26.110.54491 3 9 9 3☆ 1.438.60 -.1310.8188.3221.6338.6949.3632526415.8732.3541.58 2
20250803일14160010국113 3 61 8 1강 1131비  건조 311 3빅스고          빅스    콜미레이 8726.00한수 62439 1 1   84      605001등우창구이선호  -1 31321 436 1 8 533 39장추열49758.593강입상98 67 671771.060.036.03350112446 9193028 019 8202522383815↘↗입13.736.439.313.0583936.837.4101.0102.1 54 77 1550   14.60   13.80 2  0 -1UNDN55.34962012-3.2 8.0 4.8575713-2마방연대단기승부45기 0 1 9   9 9 9 6②1:41.01¾   .014.938.513.2 -2 -3 -.20 2 4 -4  .31966 4 285 7 7 5 43 3 3.04 7.01 1.5 3.6  6.7   31.9   62.1  277.912.02980 2 6 7 2△  .839.30  .1226.36102.911.1522.9636.04 8203311.5124.0634.26 4
20250720일11180011국143 4 91 8혼전 4411맑음포화1611 3빅스고          빅스    콜미레이 99     한수 62540 2 1   24      605001등우창구이선호  -1 41220 336 1 8 532 40문세영50059.073강입상79 57 576962.067.039.93644 92446 9193049 019 8283616383815↘↗입13.739.740.113.0694740.440.6114.5117.0 56 68 1236   14.10   13.30 9 -6  2UBUP55.34962012-2.2 7.4 5.2606013 6마방연대마방연대78기 1 11010101010 5④1:54.54     .814.639.813.8 -4  2 1.80 4 8 -5 1.5 657596159 6 2 6 33 4 4.03 7.06 4.0 7.3  5.3   11.6   27.8   12.912.72890 2 8 9 2▲ 1.241.00 -.1337.20118.515.4827.8839.94153247 6.8017.7626.76 5
20250518일 8120014국114 1 61 4혼전 4431맑음다습1111 3빅스고          빅스    콜미레이 99 2.00한수 62541 2 1  164     3850001등우창구이선호  -1 51119 736 1 8 531 41김효정49857.070강입상93 59 595229.050.015.11939132446 91930 6 019 8162118383815→↘입13.736.937.813.0768737.138.2 73.2 75.4 58 67 2142   13.30   13.80 5  0  0NN동55.34962012 -.4 5.2 4.8626213 0걸음불변마방연대 5   0 713    1110 7⑥1:13.22     .914.137.113.3 -7 -7 2.10 613  5 1.0294829274710 610113 2 1.02 3.04 1.5 5.3  1.5    5.3    6.5   20.4  .01955 0 5 7 0   -.138.50 1.13  .7075.33 3.43 7.5315.12 0 2 5 2.65 8.8414.2912
20250413일 8120014국124 1 71 7혼전 4431흐림포화1711 3빅스고          빅스    콜미레이 99 2.00한수 62643 2 1  189     2750001등우창구이선호  -1 61018 636 2 8 530 43문세영50557.073강입보97 72 728046.058.025.53644 92446 9193049 019 8283616383815↘↗입13.737.037.713.0669235.739.4 73.1 75.3 61 74 2643   14.00   12.80 5  1 -2NN동55.34962014-1.0 4.8 3.8717113 0걸음불변가격혈통 1   0 7 2     4 4 5⑦1:13.1¾   1.313.338.413.8 -1  0 2.00 7 8  3 1.521 168173413 2 9 62 3 2.10 4.11 3.1 4.3  3.4   72.8  157.4   77.512.72872 2 6 6 2    .638.30  .81  .6075.33 9.2917.5925.52 2 5 9 4.0511.6317.87 9
20250309일11120011국154 1101 8혼전 4441맑음양호 811 3빅스고          빅스    콜미레이 99 2.00한수 62744 2 2  291      605001등우창구이선호  -1 7 917 536 1 8 529 44문세영50558.593우입상90 81 818983.068.039.74153 01529 6193049 019 8283616383815→↘입13.737.037.813.0718537.037.7 72.7 74.9 64 73 2741   13.50   13.40 4 -5  2NBDN55.34962014-1.0 5.4 4.4626213-2마방연대가격혈통 1기 1 6 8     6 6 6⑤1:12.71½  1.114.036.612.8  0 -2 2.00 5 5 -1 1.1114012 840 5 3 4 22 2 2.01 2.05 3.5 6.9  4.0    8.0   15.8  103.2  .02889 0 9 7 0▲ 1.138.20  .35  .1075.3915.7728.9239.6918365116.2428.5740.84 3
20250209일11140011국150 1101 6혼전 4441맑음건조 411 3빅스고          빅스    콜미레이 8726.00한수 62842 1 2  377      605001등우창구이선호  -1 8 816 536 1 8 428 42마이아50757.093우입보94 81 816769.063.027.33563211529 61930 0 019 83631 9334217↗↘선13.736.938.813.0565536.439.0 86.8 88.3 62 71 2443   14.10   12.60 4  4  1VLUP55.24952020 -.2 5.6 5.4515113 2직전복병마방연대 1기 011 2     2 2 2②1:26.83     .013.537.913.4 -4  3 1.10 2 6  1  .52620371584 8 5 6 71 1 2.06 2.11 3.7 8.1  3.7   26.4   39.8   75.4  .02687 1 7 8 1△ 1.038.90  .3912.5788.38 7.6817.3227.29 3 81511.7220.2028.25 7
20250112일11120011국144 1 91 6혼전 4441맑음건조 311 3빅스고          빅스    콜미레이 99 2.00한수 62944 2 3  443      605001등우창구이선호  -1 9 715 436 1 8 427 44김효정50456.569평입보93 70 704846.053.015.51550121536 71930 6 019 8162118334217↘↗입13.737.137.813.0608537.436.8 73.0 74.9 65 70 2540   13.70   13.70 2  2  0NNDN55.24952020 -.4 5.8 5.4464613-8직전복병단기승부 1관 0 7 7     8 6 6⑥1:13.0¾    .314.136.212.6  1  1 1.10 6 5  3  .41158 1 269 8 6 8110 1 1.09 6.01 2.5 5.1  2.5   90.8  106.5  160.1  .02560 0 6 5 0    .338.10  .99 -.0275.45 3.13 8.8015.53 1 3 5 4.4612.7421.06 8
20241229일11200011국150 4101 7혼전 4459맑음건조 411 3빅스고          빅스    콜미레이 87     한수 53046 9 3  487      605001등우창구이선호  -110 614 636 1 8 426 46문세영50356.593평입보22 17 1771  .061.024.93847181536 7193049 019 8283616334217↗→입13.739.540.513.0355138.639.6130.0128.9 68 68 2142   13.40   12.30 6 -4  0NNUP55.24952014-1.2 6.0 4.8525213 6출주취소급하락세 1기 1 5 1 3 4 5 4 3④2:10.01½   .613.739.113.7  2  5  .10 4 2    1.1 720341761 5 8 9 72 1 5.03 7.04 4.3 7.9  9.1   34.7   85.6  167.8  .02272 0 7 7 0    .640.10 -.0648.87131.5 7.4015.6724.86 41118 6.3412.8133.71 9
20241117일111400 9국152 2101 8 1강 1141맑음양호 611 3빅스고          빅스    콜미레이 8726.00한수 53046 2 4  619      605001등우창구이선호  -111 513 436 2 8 426 46조상범  056.562평입보63 69 695678.060.031.712 012326710193013 019 8132018334217↗→입13.737.038.813.05255                   68 68 2142   14.00   13.50 4  0 -2VNDN55.24952014 -.4 5.0 4.6545413-2뒷심문제가격혈통 1기 2 9                    취소    14.0    13.5     0  .27                      9 7 4 50 2 1.04 4.06 3.2 6.1  3.2    8.0   14.3   13.1  .03575 3 8 8 3▲  .838.80  .19     88.45 9.4820.0831.6512253911.5622.9233.10 4
20241020일11160010국151 1101 6혼전 4431맑음다습1411 3빅스고          빅스    콜미레이 8726.00한수 53244 2 4  705      605001등우창구이선호  -112 412 336 1 8 325 44조상범49858.062우입보61 35 351733.043.017.012 012326710193013 019 81320183645 9↗→입13.736.739.413.0463536.438.6100.1102.5 67 72 2244   13.70   14.80 6  6  1LBDN54.94942014-1.2 5.4 4.2646413-2걸음불변가격혈통 1기 1 9 6   6 7 5 3②1:40.1¾    .014.037.913.5 -4  4 1.70 2 6 -2  .23642231787 7 6 7103 1 1.06 2.09 3.1 5.6  3.1   11.1   16.2   18.4  .01833 0 5 8 0   -.439.40  .3926.41103.1 4.56 9.4816.99 0 2 6 6.2517.0925.71 8
20240908일 7180011국122 1 21 8 1강 1131맑음다습1011 3빅스고          빅스    콜미레이 99     한수 53345 2 5  815     8000001등우창구이선호  -113 311 236 1 8 324 45이동하49457.087우입하89 59 593143.052.026.92753132699 61930293719 82426193645 9↗↘선13.740.140.213.0484739.542.9117.0119.5 71 76 1847   13.40   13.70 5 -1  2HLUP54.94942014-1.2 5.2 4.0606018 6마방연대최적거리 1   0 3 3 3 2 2 5 8⑧1:57.08    4.313.741.914.8  0 -3 2.00 8 8  5 5.265209386 0 8 9 6 52 6 2.0111.08 1.5 1.5  3.1    1.5    4.9    3.8  .02865 0 5 5 0    .340.90  .0139.16118.7 6.8917.1326.89 61628 5.9313.9519.70 5
20240804일14120011국154 1101 7혼전 4441맑음건조 311 3빅스고          빅스    콜미레이 99 2.00한수 53447 1 5  897      605001등우창구이선호  -114 210 336 1 8 323 47서승운49755.072우입보83 57 577535.060.024.4 0 0 02699 61930 0 019 83730 93645 9→↗선13.737.237.813.0549236.737.9 72.9 75.1 71 76 1847   13.90   12.3011  1 -2HH동54.94942014-1.0 4.4 3.4676718 0걸음불변마방연대 1기 0 4 4     4 2 4⑧1:12.91¼  1.813.437.213.7  5  2 1.63 8 3 -4 2.1162216 620 9 5 8 80 1 4.07 7.01 3.8 8.9  6.9   43.5   69.8   62.8  .03580 0 6 6 0    .638.10  .70  .1075.50 7.3815.4424.36 2 5 9 3.6810.1016.8910
20240519일 8120014국134 1 81 4 3강 3331맑음양호 711 3빅스고          빅스    콜미레이 99 2.00한수 53852 2 6 1126     3850001등우창구이선호  -115 1 9 236 5 8 321 52이동하49957.091우입보75 78 786360.049.012.32243 02056 01930293719 82426193645 9↘↗선13.737.238.013.0548938.437.1 73.6 75.8 75 81 1944   13.60   13.80 9 -2  0HLDN54.94942014 -.4 4.0 3.6666618-8걸음불변가격혈통 1   0 3 5     5 5 6⑦1:13.67    1.913.936.112.3  0 -1 1.90 7 7  1 2.03993 328181011 8102 5 9.0212.08 2.5 3.5 53.7   49.3  277.8  328.8  .01848-1 6 6-1   -.238.30  .94  .6075.61 2.76 7.2212.30 1 4 8 6.4512.3617.35 9
20251123일11160010국1 2 1  3 7혼전 4411          11 4만대로          아임유어고운짓   2431.00한수 43150   1    018:00 605001등서범석최성룡   1 016 1 922 6 7 422 50해리카   52.071강추상50 66 661768.061.035.61950101850 9204331502115182612 91873↘↘입13.436.539.112.15351                   68 63 1637   14.50   13.40 3  3 -6HUDN55.44722018-1.6 4.2 2.6818113-2뒷심문제마방기습44기 0 4                            14.5    13.4                                 7 4 3 4 11                                              .03478 3 8 8 3    .939.10  .16     102.811.9625.0135.5610233611.0220.9329.13 4
20251101토11180011국213 2 63 6혼전 4421흐림건조 511 4만대로          아임유어고운짓   9531.00한수 42847 1 1   56      495002등서범석최성룡   1 11510 522 5 6 421 47해리카47258.070강추하96 96 966861.058.032.41950101850 9204331502115182612102070↘↘입13.439.840.112.1594739.939.8117.0119.3 67 67 1739   13.90   13.90 5 -2  1UB동55.14722013-1.8 4.8 3.0777713 0걸음불변최근최상58기 0 1 8 7 7 7 6 3①1:57.0½    .014.538.613.4 -4 -2 1.30 1 5  1  .05741332478 5 2 3 5310 5.02 1.09 1.2 3.7 16.2   47.3  131.0   12.210.52864 2 8 8 2    .541.20  .0139.35118.5 9.6421.0132.44 8152611.5423.8934.41 4
20250928일 8180012국212 2 63 5혼전 4451흐림불량2011 4만대로          아임유어고운짓   9531.00한수 43050 9 1   70     1100002등서범석최성룡   1 214 9 422 4 6 420 50해리카47457.070우추하97 96 965475.052.023.21950101850 9204331502115182612102070↘↘입13.440.140.012.1435539.440.8115.6118.1 61 61 1739   14.20   13.90 4  2 -1HN동55.14722013-1.4 5.0 3.6666613 0걸음불변최근최상 5   0 3 2 4 4 4 3 6⑪1:55.61    1.713.939.613.9  7  6 2.2211 4  2 1.72623603931 7 3 3 60 9 3.09 4.11 2.3 7.8  6.7   58.5  109.8   53.410.51844 0 8 7 0    .240.70  .1638.00118.6 6.8714.7123.21 3101811.3522.5334.35 3
20250830토10180011국224 3 73 6혼전 4431맑음포화1811 4만대로          아임유어고운짓   9531.00한수 42647 9 1   54      495002등서범석최성룡   1 313 8 322 3 5 419 47해리카46857.570강추보97 96 967975.063.042.71950101850 9204331502115182612112267↘↘입13.440.040.112.1485138.840.6115.6117.6 65 65 1829   14.60   12.40 6 -7  2UBUP54.84732013-1.4 5.0 3.6666620 2뒷심문제최근최상47기 1 1 7 5 4 5 6 1①1:55.61¾  -.314.240.113.9 -1  3  .90 1 2  0  .013 6561697 5 5 1 13 8 2.05 1.11 2.8 3.3  2.9   12.6   21.9   75.810.52973 2 8 9 2    .840.80 -.2937.47118.616.9230.5942.7335536815.6930.8442.61 2
20250719토 91600 9국253 2 53 9 1강 1131흐림포화1711 4만대로          아임유어고운짓   2431.00한수 42750 2 1   99      495002등서범석최성룡   1 412 7 822 2 5 418 50해리카46555.571우추상95 92 921788.067.048.61950101850 9204331502115182612112267↘↘입13.436.639.212.1484736.836.4 98.7101.2 56 56 1331   13.90   14.00 4 -1  1NNDN54.84732013-2.8 6.2 3.4666613-4연대우수탄력호조49기 1 8 7   7 7 7 6③1:38.7코    .014.636.312.4  1 -9 1.10 3 2 -2  .4 566 1 083 6 2 3 33 7 1.07 3.06 2.7 4.8  2.7   26.9   35.5   23.712.04472 2 8 8 2▲ 1.039.20 -.2325.40102.915.6032.9948.5514284215.7933.7149.06 2
20250622일 8200011국252 3103 9혼전 4428맑음다습1211 4만대로          아임유어고운짓   9531.00한수 42947 2 1   64      495002등서범석최성룡   1 511 6 222 1 5 317 47해리카47454.570우추보47 39 394551.056.036.31950101850 9204331502115182612131375↘↘입13.439.640.412.1273938.739.1130.3128.6 53 60 2733   14.10   14.70 5  8 -1BN동54.94732013-2.4 6.4 4.0575713 0걸음불변연대우수64기 0 9 5 5 7 6 3 2②2:10.34     .013.939.714.0 -2 -7 -.60 2 4 -4  .6 524241192 6 6 5 22 6 1.04 4.09 3.3 7.8  3.3   11.1   18.0   20.412.73858 2 6 6 2    .340.00 -.3248.63131.512.6627.1636.33325264 9.6518.7228.41 5
20250518일 7200011국212 8 63 4 3강 3341맑음다습1111 4만대로          아임유어고운짓   9531.00한수 43150 2 1   85     1100002등서범석최성룡   1 610 5 122 2 5 316 50김정준48155.076우추상35 32 326754.051.027.62648171850 9204319152115152124131375→↘자13.439.540.212.1354739.341.0131.0130.4 57 57 2943   14.00   13.90 5 -1 -2UNUP54.94732013-2.4 5.4 3.0656513 4적임기수기수영향 5   0 1 7 9 8 8 7 4⑥2:11.0코    .914.141.014.7 -2  4  .20 6 8  0 1.63247696764 5 4 7 60 2 1.0411.03 1.6 7.5  1.6    8.2   12.2   29.2  .02748 0 6 5 0    .040.20  .0450.66131.3 8.9516.9727.55 41118 6.8316.0825.33 6
20250413일 7160010국243 6 43 8혼전 4431맑음포화1711 4만대로          아임유어고운짓   2431.00한수 43353 2 1  190      82500국O서범석최성룡   1 7 9 4 722 1 5 315 53김정준47757.076우추보78 61 611762.061.033.72648171850 9204319152115152124141471→↘자13.436.839.012.1405535.739.7100.1102.6 62 62 2346   13.90   13.80 4 -3  5HB동54.64721813-2.6 5.2 2.6707013 0연대우수적임기수 1   0 2 7   7 7 7 5③1:40.13     .514.039.313.9 -5 -4 1.40 3 8  5  .6401157296710 310 43 1 2.01 6.07 1.8 3.6  4.2    3.6    9.3   34.812.73373 2 7 9 2    .939.00  .1226.80102.910.4122.9533.69 82033 5.4714.6723.52 7
20250315토10160010국210 3 63 8혼전 4431맑음양호 611 4만대로          아임유어고운짓   2431.00한수 43557 2 2  281      495002등서범석최성룡   1 8 8 3 622 5 5 314 57해리카48152.066우추상65 73 731774.063.038.91438 8298620204331502115182612141471↗↘입13.436.539.112.1535536.938.9100.9102.2 67 58 2550   14.10   14.00 4 -2  0NU동54.64721813-2.8 5.8 3.0666613 0선전만회연대우수 1기 0 5 5   5 6 6 3④1:40.9머리 1.313.938.613.8  1 -2  .80 4 3 -5 1.72876334541 7 3 4 32 5 1.02 3.06 1.5 4.1  1.5    5.7    7.7   17.212.73875 2 8 8 2△  .939.10  .1026.63102.812.5927.0338.8710233613.0827.3141.80 2
20250215토111600 9국223 3 73 6혼전 4431흐림건조 411 4만대로          아임유어고운짓   2431.00한수 43853 2 2  366      495002등서범석최성룡   1 9 7 2 522 4 5 213 53해리카48352.066우추보54 52 521739.047.020.41438 8298620204331502115182612141471↗↘입13.436.539.112.1555136.638.3101.2102.5 64 64 2745   14.00   14.10 6 -2  0NU동54.64721813-1.6 4.4 2.8686813 0걸음관심선추겸비 1기 0 7 8   8 7 6 5②1:41.28     .014.139.314.0 -6  5  .00 2 8  3 1.43555181682 6 4 7 73 4 2.08 2.07 2.4 3.3  2.6   35.8   45.9  119.7  .02752 1 6 7 1   -.239.10  .5526.85102.8 5.0612.5720.42 41118 5.8015.9125.07 6
20250105일11160010국223 2 73 8 1강 1131맑음양호 711 4만대로          아임유어고운짓   2431.00한수 44158 1 3  465      495002등서범석최성룡   110 6 1 422 3 5 212 58해리카47852.072우추상75 84 841788.055.033.51021 7 920 3204331502115182612141471→↗입13.436.439.112.1595136.340.0101.1103.1 70 70 3050   14.60   12.70 4 -1 -4LUDN54.64721813-1.6 4.0 2.4757513-2적정체중작전마주 1기 1 9 5   5 6 7 6⑤1:41.1½   1.414.039.314.1  0  3 1.40 5 5  2 1.95533635939 8 3 2 60 3 1.10 6.05 2.0 3.4  2.0   74.1   97.4   60.012.03464 2 8 8 2    .539.10  .2627.56102.8 8.9920.7133.51 5122315.1931.5841.59 3
20241208일 9180010국350 5103 7혼전 4431맑음다습1311 4만대로          아임유어고운짓   9531.00한수 33654 2 3  555      41250국3서범석최성룡   111 5 2 222 2 4 211 54해리카47555.571우추상77 58 587164.057.031.01021 7 920 3204331502115182612171767→↗입13.439.640.512.1773240.838.5116.7118.0 67 67 3344   14.40   12.90 4  1  4VNUP54.44721813-1.2 3.6 2.4757513 2적임교체거리속성 1기 010 8 8 8 910 6①1:56.7¾   -.214.638.812.7 -2 -6  .40 1 3 -4  .02371 71694 2 7 5 63 2 3.0810.07 3.8 8.0  5.2   32.6   59.3  132.2  .03072 1 7 7 1    .441.20 -.0137.88118.6 9.6321.1431.00 7162712.5025.4538.18 1
20241109토11160010국352 2103 9혼전 4431맑음양호 611 4만대로          아임유어고운짓   2431.00한수 33050 2 4  650      41250국3서범석최성룡   112 4 1 322 1 3 210 50해리카48152.076우자보58 47 471760.064.050.11833 8215014204331502115182612202060→→입13.436.239.812.1752336.237.8100.3101.7 63 63 3838   14.10   14.40 6  6  0BUDN54.94701813  .2 2.4 2.6747413-2걸음불변적임교체 1기 1 910  101010 2①1:40.3½   -.114.437.212.9 -6  4 1.20 1 7  1  .01233 9 288 3 7 6 13 1 7.01 9.04 3.3 5.8 11.0   14.8   51.2   34.6  .04378 3 7 9 3☆ 1.139.80 -.3525.69103.021.8637.8950.1139587214.1624.3235.14 3
20240928토11180011국413 1 63 9혼전 4451맑음건조 511 4만대로          아임유어고운짓   9531.00한수 33355 9 4  781      41250국4서범석최성룡   113 3 3 122 1 3 2 9 55빅투아47752.080우자보68 75 758082.065.046.0203115215014204310 02115202818202060↗→입13.439.840.012.1655939.441.5117.9119.1 71 71 2943   14.20   13.50 5 -3 -3HUUP54.94701813 1.6 1.4 3.0777713 2승부최상최근최상 1기 0 3 6 5 5 5 4 4⑥1:57.9머리 2.314.141.014.4  0 -2  .70 6 6  5 2.55416815924 1 3 2 12 1 1.04 7.02 2.2 5.8  2.2    7.9   11.8   10.8  .03889 3 9 8 3☆ 1.141.20 -.2739.27118.519.9934.7745.9632526418.4533.4944.74 1
20240824토 91600 8국411 3 63 9 3강 3337맑음다습1211 4만대로          아임유어고운짓   2431.00한수 32550 2 5  868      33000국4서범석최성룡   114 2 2 222 1 2 2 8 50문세영47955.093우자보62 73 731790.068.066.04858 02386 02043 0 02115283616252550↗↘입13.436.139.412.1785136.438.3102.5102.2 67 67 3333   14.10   13.70 7  3  1NN동54.94671613 1.4 1.8 3.2767613 0강단마필승부최상 1기 0 6 7   7 7 5 1①1:42.51    -.214.238.513.5  0  8  .00 1 1 -2  .02744161089 1 4 1 13 1 1.02 6.02 1.6 3.8  1.6    4.7    7.7   16.812.24497 2 9 8 2☆ 1.139.40 -.5126.71102.827.7848.9266.0332526435.2959.8974.43 1
20240706토 71600 9국453 2103 6혼전 4431흐림포화1511 4만대로          아임유어고운짓   2431.00한수 32857 1 5  993      33000국4서범석최성룡   115 1 1 122 2 2 2 7 57씨씨웡47154.582우선보97 94 941782.056.036.11025 82386 0204332 02115202422333333↘↗선13.436.538.712.1538535.939.5101.6103.0 80 80 2040   13.80   13.30 4 -7 -2HHUP55.04661613  .6 2.2 2.8797913 3마방연대강단마필 1기 0 3 7   7 7 7 5③1:41.6¾    .214.138.713.7  0  4 1.30 3 3  2  .75318492871 3 1 1 33 4 5.0210.05 3.5 8.3  8.4   20.1   50.8   34.710.52965 0 8 8 0    .338.70  .3527.79102.611.2025.2936.1414284223.4640.7046.65 1
20251123일11160010국1 2 1  1 8혼전 4411          11 5크라운함성      프리덤차최고야최 9231.00한암 45075   1    018:00 605001등이관호황의영   0 016 8 316 2 8 416 75문세영   57.573강선하50 71 711778.065.035.83644 922471321204562241628361699 0 0↘↗입13.135.839.312.69482                   92100 5438   13.00   16.20 9-10  3NBUP54.04981814 -.6 2.2 1.6909013 2마방연대강단마필58기 0 5                            13.0    16.2                                 2 5 1 2 10                                              .02978 1 9 9 1    .939.30  .39     102.512.0425.1735.7918365113.3925.5837.80 3
20250921일 8140014국144 1 91 7혼전 4431맑음다습1311 5크라운함성      프리덤차최고야최 9231.00한암 4 1   2 1  157     275000국O이관호황의영   0 115 7 716 1 8 4 0  0문세영50855.073강도보81 79 7985  .061.029.93644 922471321204562241628361699 0 0↘↗입13.136.339.012.6928235.843.0 88.2 90.4 92100 5438   14.40   12.50 8  6  0BNUP54.04981814-1.0 2.4 1.4909013 2걸음불변마방연대 5   015 1     1 1 4⑫1:28.21½  3.613.041.916.2 10  0 2.1612 2  1 4.084 29894 4 4 8 5 61 9 5.01 7.04 2.5 7.0 14.1   12.9   35.6   27.912.72982 2 7 8 2△  .839.90  .5515.1088.11 9.2819.3929.89 51222 5.2911.1119.8811
20250727일14120011국144 1 91 9혼전 4431맑음건조 311 5크라운함성      프리덤차최고야최 9323.00한암 45785 9 1  128      605001등이관호황의영   0 214 6 516 2 8 414 85씨씨웡50855.090강도보99 96 969390.068.035.3305310224713212032 0241620242299 0 0→↘선13.136.538.212.6899135.938.3 73.0 74.7 92100 5431   13.30   13.7010  5  0BN동54.04981814-1.0 2.4 1.4909013 0전개최상전개최상68기 0 9 1     2 1 1④1:13.02½   .413.237.814.0  3  7 1.26 4 1 -1 1.2 9 232 370 3 8 2 31 4 2.0410.07 2.3 4.4  4.0   11.1   21.6   40.110.54488 2 9 9 2☆ 1.238.70  .55  .0075.3312.6323.6935.2814284219.3533.3342.48 2
20250518일 8120014국114 1 61 9혼전 4431맑음다습1111 5크라운함성      프리덤차최고야최 9323.00한암 46184 2 1  184     3850001등이관호황의영   0 313 5 416 1 8 313 84씨씨웡50155.090강도보97 96 969287.067.028.7305310224713212032 0241620242299 0 0→↘선13.136.538.212.6899136.038.4 72.3 74.5 92100 5042   13.10   13.90 3 -9 -1HNDN53.84981814-1.0 2.4 1.4909013-2마방연대전개최상 5   0 4 1     2 1 1②1:12.31     .013.337.313.7  0  2 2.10 2 2  0  .1 7 436 678 513 2 31 3 1.02 3.04 1.5 5.3  1.5    5.3    6.5   20.410.54495 3 8 9 3☆ 1.038.60  .73 -.2075.33 9.9319.6828.7414284212.7022.6528.57 2
20250427일 8140014국133 1 81 8혼전 4431맑음양호 611 5크라운함성      프리덤차최고야최 9231.00한암 46683 9 1  147     3850001등이관호황의영   0 412 4 616 1 8 212 83문세영49956.073강도하95 95 959080.064.027.73644 922471321204562241628361699 0 0↘↗입13.136.339.012.6938236.339.3 85.8 88.0 91100 4536   13.70   13.70 5  4  0BLDN53.64981814 -.8 2.4 1.6878713-4주력우수마방연대 1   013 1     1 1 2②1:25.81     .013.138.513.9  0 -1 1.60 2 2  1  .11814471980 310 5 61 8 3.0214.13 2.2 3.8  4.8   11.1   21.7   35.210.52390 1 8 9 1▲ 1.139.40  .6012.7088.11 8.9518.5027.73 3 81511.4623.6027.32 4
20250323일 8180014국154 2101 5혼전 4431맑음건조 411 5크라운함성      프리덤차최고야최 93     한암 47281 2 2  252     1650001등이관호황의영   0 511 3 116 2 8 111 81씨씨웡50056.085강선상84 94 944984.054.019.72148111850 8212032 0241620242299 0 0↘→선13.139.440.812.6834339.039.6116.3117.8 90100 4040   13.30   13.80 5  7  1BBUP53.64981814-1.0 2.4 1.4909013 6전개최상주력우수 1   0 9 1 1 1 1 1 2②1:56.33     .013.739.613.7  1  0  .60 2 1 -4  .617 729 381 212 2 71 2 3.01 1.09 3.0 7.5  6.0    7.5   16.1   53.710.53454-1 8 7-1    .041.40  .2037.56118.6 5.4911.3219.73 4111812.2725.5131.17 1
20250216일 8120012국154 1 51 9혼전 4431흐림건조 411 5크라운함성      프리덤차최고야최 9323.00한암 47080 2 2  358     1650001등이관호황의영   0 610 2 316 1 7 110 80씨씨웡50055.085강선보97 98 989291.068.031.72148111850 8212032 0241620242299 0 0↘→선13.136.738.112.6739635.738.5 72.7 74.8 89100 3344   13.20   14.30 8 -2  2HNDN53.44971614 -.2 1.6 1.4919113-4승부최상전개최상 1   0 2 1     1 1 1①1:12.72    -.313.337.813.8 -4 -6 1.50 1 5  4  .010 137 390 6 8 1 41 1 5.11 2.03 2.7 3.8  9.9  208.1  298.4  550.410.54496 3 9 9 3☆ 1.438.50  .58  .0275.3910.6621.8131.73 8203312.8126.7735.06 2
20241222일11160010국143 6 41 9 1강 1131맑음양호 611 5크라운함성      프리덤차최고야최 9231.00한암 36677 2 3  510      605001등이관호황의영   0 7 9 1 216 2 6 1 9 77문세영50653.593강선상97 96 961797.067.060.738471834612221204562241628361699 0 0↗→입13.136.139.612.6776836.239.6101.3101.8 88100 3850   13.10   14.30 5  2 -3VH동53.34961614 -.2 1.6 1.4919113 0승부최상승부최상 1트 1 4 1   1 1 1 1①1:41.33    -.513.239.614.3  0  8  .20 1 1 -2  .01531514198 3 5 1 21 7 1.02 4.01 2.0 3.9  2.0    4.9    8.1    6.0  .04494 3 9 9 3☆ 1.339.60 -.4726.10102.925.0145.4960.6921425837.8659.7664.45 1
20241116토11160010국244 3 91 9혼전 4431비  양호 611 5크라운함성      프리덤차최고야최 9231.00한암 36275 2 4  630      495002등이관호황의영   0 8 8 4 116 1 5 1 8 75문세영49856.093강도보99 96 961789.069.048.23851 02041 621204562241628361699 0 0↘↗입13.336.139.012.6778936.140.0 99.7102.2 86100 4357   13.30   14.40 5  0  0HLUP52.84951614  .2 1.2 1.4949413 2강단마필승부최상 1트 0 2 1   1 2 1 1①1:39.7코    .013.139.414.3 -2  7 1.60 1 3  1  .02524655480 5 3 1 11 6 3.04 2.10 3.7 7.3  4.6   15.1   25.9   18.010.54493 1 9 9 1☆ 1.539.00  .1027.05102.521.2836.4048.1939587220.4132.2845.69 1
20241012토11140011국244 1 41 8혼전 4441맑음건조 311 5크라운함성      프리덤차최고야최 9231.00한암 37185 2 4  738      495002등이관호황의영   0 9 7 3 516 1 5 1 7 85김용근49156.088강선하77 74 748880.064.025.52839202041 6212021 0241629251799 0 0↗↘선13.336.638.712.6769536.139.4 86.0 88.2100100 3367   13.00   15.20 5-12  3HB동52.84951414  .0 1.0 1.0999914 0과중분패강단마필 1기 1 2 1     1 1 2③1:26.01¾   .313.339.014.4  1 -7 1.40 3 2 -1 1.824 9511870 6 4 7 61 1 1.06 4.06 2.2 2.5  2.2   21.7   28.9   11.5  .02990 1 8 8 1△  .839.20  .6812.9088.11 6.7715.2725.48 7162712.7225.6935.26 3
20240907토 5140014국234 1 81 9혼전 4431맑음다습1111 5크라운함성      프리덤차최고야최 9231.00한암 3     2 5  828     2750002등이관호황의영   010 6 2 416 1 5 1 6  0임기원49853.592강선보99 99 9998  .072.035.23040 8267015212029 0241625321699 0 0↘↘선13.336.538.712.6789535.541.3 87.4 89.6100100 3367   13.30   12.90 5  8  2VN동52.84951414  .2 1.0 1.2969614 0전개최상전개최상 1   014 2     2 2 3⑦1:27.45    2.013.040.715.2  4 -1 1.62 7 3  2 2.871 1906317 5 9 1 21 1 2.0112.08 2.2 4.2  4.5    4.2    9.8   12.810.54496 3 9 8 3☆ 1.239.60  .4914.4088.0413.9024.8535.24325264 5.5911.1527.7310
20240803토 9140011국234 1 81 9혼전 4451맑음건조 311 5크라운함성      프리덤차최고야최 9231.00한암 3     1 5  911      495002등이관호황의영   011 5 1 316 2 4 1 5  0문세영49952.093강선보99 99 9997  .071.038.14858 026701521204562241628361699 0 0↗↘입13.336.538.812.7849436.936.1 84.3 85.8100100 4060   13.60   13.10 5  5  0NU동53.04951412  .3 1.0 1.3959514 0전개최상전개최상 1기 1 6 1     1 1 1①1:24.36   -1.113.336.012.9  0  3  .60 1 1  0  .0 143 1 094 3 7 2 31 5 1.09 6.10 2.1 3.4  2.1  100.1  111.3   98.410.55098 4 9 9 4★ 1.338.70  .3410.4888.1115.4227.7938.05183651 7.6315.3841.46 7
20240629토 9140010국314 1 61 9 1강 1141맑음건조 511 5크라운함성      프리덤차최고야최 9231.00한암 3     9 6 1010      41250국3이관호황의영   012 4 1 216 1 3 1 4  0문세영49652.093강도보99 99 9999  .075.067.44552202189 921204562241628361699 0 0↗↗입13.336.438.812.7899436.837.2 85.4 86.5100100 5050   13.60   13.4011 -1 -1UU동53.34941412  .3 1.0 1.3949414 0전개최상전개최상 1기 1 1 1     1 1 1①1:25.47   -1.213.637.113.1  0  3  .40 1 1  0  .0 139 1 193 2 2 1 11 4 1.04 1.02 1.5 4.5  1.5    4.8    7.2    7.5  .07599 4 9 9 4★ 1.939.00 -.3611.2888.0435.2558.1167.3939607310.1119.5754.81 4
20240414일101400 9국413 6 61 9 1강 1141맑음건조 411 5크라운함성      프리덤차최고야최 9231.00한암 3     2 7 1232      33000국4이관호황의영   013 3 1 116 1 2 1 3  0장추열49353.092강도보91 96 9699  .079.083.72655 41458 221202410241620252299 0 0↗→입13.336.438.912.7919236.637.7 87.1 86.6100100 6733   13.40   13.2011 -1 -1UUUP53.54951412  .5 1.0 1.5919113 1전개최상전개최상 1트 0 2 1     1 1 1①1:27.16   -1.213.638.313.4  0 -1 -.40 1 1  0  .0 125 5 196 1 3 2 11 1 1.09 2.09 1.4 3.5  1.4   18.2   22.2   76.2  .04499 4 9 9 4★ 2.239.00 -.8611.3288.1144.2372.7383.72395872 9.3819.3554.29 2
20240128일 5130011국522 5 71 9 1강 1111맑음양호 911 5크라운함성      프리덤차최고야최 9231.00한암 3     9 8 1457      24750국5이관호황의영   014 2 1 116 3 1 1 2  0문세영49454.093강입보88 99 9999  .074.059.25362 01650 821204562241628361699 0 0↘→입13.336.838.812.7879736.338.3 81.0 81.3100100 5050   13.30   13.00 4 -3  1UVUP53.04951312 1.0 1.0 2.0868612 1전개최상전개최상 1기 0 3 1     1 1 1①1:21.09   -1.613.438.213.2  0 -1  .20 1 1  0  .0 2 320 195 3 2 1 11 3 1.02 3.01 1.7 2.7  1.7    2.7    3.6   34.1  .07598 4 9 9 4★ 1.739.90 -.07 5.6682.3927.7647.6459.15325264 6.2513.7942.96 6
20231231일 1120012국621 6 71 9혼전 4435흐림불량2011 5크라운함성      프리덤차최고야최 9323.00한암 2 0   9 8 1547      22000국6이관호황의영   015 1 2 216 2 0 1 1  0문세영49553.093강입보99 98 9898  .076.047.85362 01650 8212045622416283616      ↘→입13.937.038.413.2699936.338.3 73.8 74.6100100  0**   13.90   13.50 5 -3 -1NH동       1212         2.0    12 0유망전력전개최상 1기 0 6 1     1 1 1①1:13.83    -.513.337.813.0  0  4  .80 1 1  0  .0 6 928 6961211 1 11 2 1.07 6.01 1.6 2.4  1.6   20.6   31.5   79.910.57598 4 9 9 4★ 2.038.10 -.21 -.8275.7225.1437.5247.77395872 8.3316.5925.97 7
20251123일11160010외1 2 1  1 9혼전 4411          11 6페퍼엑스        SPEIGHTSMY HAPPY 62     미수 34166   1    018:00 605001등강성오박남성   0 013 1 512 1 5 312 66이혁     52.088강선보50 68 681789.065.041.71428 61944 9226725382519272119711414↘↗선13.435.839.712.39339                   80 80 7010   13.90   13.60 4 -4 -4NU동54.34901612  .0 1.4 1.4858514 0주력우수승부최상66관 1 6                            13.9    13.6                                 3 9 2 1  7                                              .07097 4 9 9 4★ 1.239.70  .06     102.817.4129.7041.7032526423.6235.6647.24 1
20251026일10160010외223 5 71 9 2강 2238흐림양호 711 6페퍼엑스        SPEIGHTSMY HAPPY 62     미수 33663 9 1   68      495002등강성오박남성   0 112 3 412 4 4 311 63문세영48855.573강도하93 82 821790.062.061.03644 91944 922674452251928361683 017↘↗입13.435.839.912.3943535.839.3100.8101.8 78 78 6711   14.30   13.70 4  6 -2VN동54.14911612 -.2 1.8 1.6838314 0승부호기주력우수38관 110 6   6 5 4 1①1:40.83    -.513.939.113.6  0 -8  .70 1 1 -1  .01514442097 1 7 1 12 5 1.0810.01 1.5 2.5  1.5   17.3   21.9   57.1  .03986 3 9 8 3☆  .839.90 -.4726.12102.925.4645.9661.0232526434.4858.5668.42 1
20250927토10160010외232 2 81 8혼전 4431맑음다습1111 6페퍼엑스        SPEIGHTSMY HAPPY 62     미수 34070 9 1   56      495002등강성오박남성   0 211 2 312 3 4 310 70문세영49657.073강도보99 98 981786.064.041.33644 91944 922674452251928361683 017↘↗입13.435.839.712.3934735.640.3 99.9102.4 88 88 6313   13.40   13.30 8 -6  5HB동54.14911612 -.4 1.6 1.2909014 0승부최상승부호기69기 1 4 7   7 6 4 3③1:39.96    1.014.339.113.7  1 11 2.20 3 2  1 2.028 8654250 2 8 2 42 4 1.04 1.10 2.0 3.8  2.0   16.9   24.5   22.110.53379 2 9 9 2▲ 1.039.70  .0926.90102.814.2228.6341.3310233625.0040.1849.56 2
20250802토 91600 9외252 4 51 9 2강 2231맑음건조 311 6페퍼엑스        SPEIGHTSMY HAPPY 62     미수 33366 1 1  119      495002등강성오박남성   0 310 1 212 2 3 3 9 66문세영48552.573우도상94 94 941796.075.075.63644 91944 922674452251928361680 020↘↗입13.536.039.512.3855536.537.8100.3100.7 86 71 5714   13.60   13.50 5  4 -4BH동54.44921612 -.4 2.8 2.4797914 0주력우수승부최상55기 010 2   2 1 1 1①1:40.31¾  -.313.439.013.3  0 -5 -.20 1 1 -1  .0 148 9 394 2 5 1 11 3 1.0210.08 2.0 4.3  2.0    4.3    6.1    8.4  .07598 4 9 9 4★ 1.939.50 -.7425.15102.836.1961.7675.6235536826.3544.9760.30 2
20250628토 7160010외322 2 71 9혼전 4431맑음다습1111 6페퍼엑스        SPEIGHTSMY HAPPY 62     미수 32562 9 1   97      41250혼3강성오박남성   0 4 9 5 112 1 2 3 8 62문세영49056.073우추하85 81 811779.076.063.13644 91944 922674452251928361675 025↘↗입13.536.239.612.3735536.038.1 99.8100.8 83 83 5017   13.60   13.40 5  0 -1NNUP54.04921612  .0 2.6 2.6777714 2주력우수주력우수93기 1 6 2   2 1 1 1①1:39.83    -.613.639.113.5 -1 -6  .00 1 2  1  .0 22014 392 4 3 4 11 2 2.01 6.04 2.1 3.8  3.7    3.8    8.4   10.110.64189 3 9 9 3☆ 1.839.60 -.5725.04102.927.7049.6963.1332526417.3630.6543.59 2
20250525일101400 9외343 2 91 7 1강 1131맑음양호 811 6페퍼엑스        SPEIGHTSMY HAPPY 62     미수 32871 2 1   81      41250혼3강성오박남성   0 5 8 4 512 2 2 3 7 71이혁  49656.588우추보79 76 767493.064.035.71428 61944 922672538251927211975 025↘↗선13.536.639.012.3746436.939.1 87.2 88.2 83 83 5017   13.50   13.90 5  1  1NB동54.04921412  .0 2.8 2.8777714 0강단마필주력우수44관 0 6 5     7 9 9⑤1:27.2½    .613.638.513.4  4 -6  .99 5 1  0 1.02443403459 5 2 2 43 6 3.02 1.02 3.2 5.8  5.5    7.2   18.6   16.0  .03372 1 8 8 1   1.139.20  .2112.6088.3210.9022.9435.67 8203322.8139.7354.62 3
20250420일10140011외353 2 51 8혼전 4441맑음양호 811 6페퍼엑스        SPEIGHTSMY HAPPY 62     미수 33383 2 1  166      41250혼3강성오박남성   0 6 7 3 412 1 2 3 6 83이혁  50255.588우추보84 86 867891.066.035.71428 61944 922672538251927211975 025↘↗선13.536.738.912.3667236.040.3 87.8 88.5 83 83 5017   13.60   13.90 5  0  2NN동54.04921412  .3 2.8 3.0757514 0승부최상강단마필 1관 0 5 2     2 2 6⑦1:27.8¾    .813.539.713.9  6  7  .79 7 1  0 1.033 6754354 5 4 1 21 5 6.02 8.01 2.1 4.7 14.4   24.2   77.7   95.9  .04886 1 9 7 1▲ 1.339.10  .2112.8588.3214.3726.0935.7219405620.4738.4943.65 1
20250316일11140011외341 4 91 9혼전 4451맑음양호 611 6페퍼엑스        SPEIGHTSMY HAPPY 62     미수 32080 2 2  270      41250혼3강성오박남성   0 7 6 2 312 1 1 3 5 80문세영49553.593우추상90 88 888692.068.037.64153 02164 822674452251928361667 033→↘입13.536.838.812.3557536.339.4 87.2 88.0 80 80 4020   13.80   13.60 9  4  2NN동54.24911412  .3 3.3 3.7717114 0전개최상승부최상 1기 1 5 1     1 1 1①1:27.2½    .013.639.213.9  0  2  .50 1 1 -2  .01915492282 5 5 2 31 1 1.06 5.04 1.9 5.2  1.9    8.8   14.2   60.210.54496 2 9 8 2☆ 1.038.90  .1612.4488.3213.6426.4637.5632526425.0043.3751.45 1
20250111토10140011외343 1 41 9혼전 4441맑음건조 511 6페퍼엑스        SPEIGHTSMY HAPPY 62     미수 32575 2 3  455      41250혼3강성오박남성   0 8 5 1 212 2 1 2 4 75이혁  49352.091강추보94 96 969691.074.052.41942 41650 422672538251927211950 050↘↗선13.536.738.812.3647535.939.8 87.0 87.7 75 75 2525   13.70   13.70 4 -6 -4UU동55.34901412  .5 1.5 2.0868614 0승부최상전개최상 1관 0 1 3     1 1 1②1:27.0½    .013.838.813.6 -1  1  .90 2 3  2  .110 4632378 3 5 1 21 4 1.0311.01 1.9 3.6  1.9    5.1    8.0    5.010.56097 4 9 9 4★ 1.638.90 -.1512.1788.2523.0639.5252.3618365129.2151.0056.42 1
20241215일 9140010외450 7 51 9혼전 4457맑음양호 811 6페퍼엑스        SPEIGHTSMY HAPPY 62     미수 2 066 2 3  534      33000혼4강성오박남성   0 9 4 4 112 1 0 2 3 66이혁  49255.591강추보25 54 548582.074.072.61942 41650 4226725382519272119 0 099↘↗선13.537.038.612.3538536.139.8 89.1 87.8 67 67  033   13.90   12.90 4 -3  1NVUP55.04881412  .0 2.0 2.0868612 2승부최상승부최상 1관 0 7 1     1 1 1①1:29.1코    .013.739.913.7  0  0 -.70 1 1 -6  .013 7622886 5 1 3 11 3 1.04 7.09 2.4 3.8  2.4    7.8   11.9   24.810.64491 3 9 9 3☆ 1.738.70 -.7712.2288.3234.6958.1172.6335536824.3646.9861.94 1
20241117일 7120011외424 1 71 9혼전 4431맑음양호 611 6페퍼엑스        SPEIGHTSMY HAPPY 6222.00미수 2 0   2 4  623     110000혼4강성오박남성   010 3 3 312 1 0 2 2  0장추열49255.091우추보92 93 9389  .078.042.62548 8172012226727222519202522 0 099↗→입13.537.637.912.3179837.938.3 74.5 76.7100100  050   13.70   12.60 5  1  0BU동55.04881212         2.0    12 0전개최상승부최상 1   010 8    1011 9⑦1:14.51¼  1.313.937.412.9  0  4 1.70 7 7  6 2.0698130533510 3 6 13 1 3.0211.06 2.4 3.2  8.5   12.5   33.9    7.010.54496 3 9 9 3☆ 1.838.20 -.12 1.2075.7819.4332.8842.60325264 6.5713.3330.06 9
20241012토 2120011외421 3 71 9 1강 1139맑음건조 311 6페퍼엑스        SPEIGHTSMY HAPPY 6222.00미수 2 0   2 4  747      41250혼4강성오박남성   011 2 2 212 2 0 1 1  0이혁  48855.092강추보97 96 9695  .075.068.82959 3172012226725382519272119 0 099↗↘선13.537.038.112.7629537.637.7 74.6 75.4100100  0 0   13.50   13.00 4  6  0BU동55.04881212         2.0    12 0기수신마전개최상 1기 0 9 5     5 6 5②1:14.63     .013.737.612.6  1  0  .60 2 1 -1  .6236812208010 8 1 13 2 2.01 4.09 1.8 2.6  3.0    2.6    5.6    4.2  .04496 3 9 9 3☆ 1.938.30 -.65  .2675.5639.0359.9568.82396073 9.0017.1428.91 7
20240914토 3120012외451 4 51 9혼전 4435맑음포화1611 6페퍼엑스        SPEIGHTSMY HAPPY 6222.00미수 2 0 0 2 5  810      41250혼4강성오박남성   012 1 1 112 1 0 0 0  0이혁  48855.091평무보   35 3540  .062.039.02646101857 3226725382519272119      ↗↗선    36.738.5        36.938.1 74.1 75.0              13.80   13.60 4  0  0NL동       12 0                 0 0걸음불변기수신마 1기 1 3 5     6 6 4②1:14.12½   .013.538.013.0  0-19  .90 2 2  0  .41335221584 8 8 9 23 1 1.02 7.03 2.5 4.6  2.5    4.6    7.9    8.7  .04378 4 6 8 4★ 1.038.50  .16 -.2175.6115.2528.2538.97183651 8.1815.6526.51 5
20251123일11160010외1 2 1  1 6혼전 4411          11 7어서말을해      MOR SPIRANNIE TR 9712.00미수 42335   1    018:00 605001등최용건우태율   1 016 9 216 3 4 217 35김철호   52.069우입보50 53 531754.059.031.41240 82869 91832183021111522235033 0→↗자13.336.338.812.26772                   70 80 5050   13.50   12.80 7  0 -1NUUP53.64651612  .8 5.2 6.0606014 4상대막강작전마주59기 0 7                            13.5    12.8                                 6 3 9 5  6                                            12.73558 2 7 7 2    .738.80  .51     102.510.1720.8531.40 51222 8.6619.3829.92 6
20251004토11120011외123 1 71 9혼전 4441맑음다습1011 7어서말을해      MOR SPIRANNIE TR  633.00미수 42537 1 1  111      605001등최용건우태율   1 115 81216 2 4 216 37김철호45952.569우입상92 83 838563.063.030.21240 82869 91832183021111522235033 0→↗자13.336.837.912.2769137.338.0 73.2 75.4 78 78 5656   13.40   13.30 3 -2  1NNDN53.64651612  .6 4.8 5.4656514-2마방연대단기승부42기 0 7 5     7 9 7④1:13.2¾    .313.536.912.8  1 -2 2.10 4 3 -2  .52554222372 6 6 5 33 5 1.05 6.01 3.2 7.0  3.2    8.5   12.1  292.812.73974 2 7 6 2△ 1.038.60  .70  .7075.33 9.7820.1730.1812253910.8518.8728.39 6
20250914일11140011외144 1 91 6혼전 4441맑음다습1211 7어서말을해      MOR SPIRANNIE TR 9712.00미수 42640 2 1   43      605001등최용건우태율   1 214 7 216 1 4 215 40김철호46152.069우선하28 43 437233.057.030.41240 82869 91832183021111522236020 0→↗자13.336.539.312.2803935.938.5 84.8 86.5 75 75 5050   13.70   14.7016  5 -2LUDN53.94661612 1.2 4.0 5.2656510-2걸음불변마방연대71기 1 9 4     4 6 2③1:24.8½    .013.437.613.3 -2  0 1.30 3 5 -2  .8 1 522 281 3 9 7 72 4 2.0311.03 3.0 4.8  3.2    4.8    8.5   26.1  .02675 1 5 6 1    .538.90  .2410.7188.45 8.7819.4930.41 41118 5.5614.7122.28 6
20250525일 8160010외113 1 61 8 3강 3331맑음양호 811 7어서말을해      MOR SPIRANNIE TR 9712.00미수 42842 2 2  292      605001등최용건우태율   1 313 6 116 1 4 214 42코지  46154.085강도하87 76 761767.060.030.92156 62860101832 0 021112526196020 0↗→선13.336.339.112.2695936.041.4101.1103.6 86 86 5743   13.50   13.20 2 -1 -4HHUP53.94661612  .8 2.8 3.6787812 4마방연대단기승부46기 0 4 5   5 7 8 9⑨1:41.11¼  1.613.740.214.7  2 -6 2.20 9 7  5 3.06519868235 5 6 5 40 1 1.06 1.09 1.7 5.0  1.7   11.0   14.7  205.012.12868 0 7 7 0    .739.10  .3828.20102.7 8.6519.5230.90 8152610.4618.2531.46 6
20250510토101200 8외114 3 11 9 3강 3354흐림불량2011 7어서말을해      MOR SPIRANNIE TR  633.00미수 43046 2 1  113      605001등최용건우태율   1 412 51116 1 4 213 46김철호46757.569강도하72 53 538450.067.059.71240 82869 91832183021111522236020 0→↗자13.336.837.812.2759537.438.2 73.5 75.7 86 71 4343   13.60   14.10 4 -4  1NB동53.94661412  .2 1.2 1.4939310 0과중분패마방연대 1   0 5 5     6 7 6⑤1:13.53     .713.537.113.2  3  6 2.15 5 2 -7 1.33560273260 6 2 3 20 3 1.04 1.03 1.4 2.2  1.4    7.5    9.8   30.311.83490 2 7 8 2▲ 1.238.70 -.11 1.1075.2823.7043.6859.7221425813.1021.7138.52 5
20250413일 8120014외124 1 71 9혼전 4431흐림포화1711 7어서말을해      MOR SPIRANNIE TR  633.00미수 43350 2 1  189     2750001등최용건우태율   1 511 41016 1 4 212 50마이아46157.093강도하98 96 968779.069.032.63752202869 91832323321113631 96020 0↘→선13.336.637.812.2869436.739.3 74.0 76.2100 83 5050   13.90   12.5013  5  5LB동53.94661412  .2 1.0 1.2959512 0전개최상승부최상 1   0 9 6     6 911⑫1:14.01½  2.213.638.314.1  3-14 2.0012 9  7 2.45323654711 5 5 2 10 1 2.10 4.11 3.1 4.3  3.4   72.8  157.4   77.510.54494 1 8 9 1☆ 1.139.00  .78 1.8075.1713.9524.3532.5532526412.1422.0927.62 2
20250112일11120011외144 1 91 9혼전 4441맑음건조 311 7어서말을해      MOR SPIRANNIE TR  633.00미수 44060 2 3  443      605001등최용건우태율   1 610 3 916 1 4 210 60송재철46452.079강도보98 97 979679.066.029.01738 91425 81832 8 021111826216020 0↗→입13.336.637.812.2879237.436.7 72.9 74.8100 83 5050   13.50   12.60 5 -6 -1HU동53.94661412  .3 1.0 1.3959512 0전개최상전개최상 1기 1 4 5     7 5 4⑤1:12.9코    .213.936.112.5  3 -1 1.19 5 2  0  .3 958 1 271 3 5 2 40 1 1.09 6.01 2.5 5.1  2.5   90.8  106.5  160.110.54496 3 8 8 3▲ 1.338.60  .89  .3875.1710.1819.7529.01 5122313.3824.2032.55 3
20241208일10120010외114 1 61 9혼전 4441맑음다습1311 7어서말을해      MOR SPIRANNIE TR  633.00미수 34455 2 3  554      605001등최용건우태율   1 7 9 2 816 2 4 1 9 55김철호46553.069강선보99 98 989879.070.052.11925101425 81832183021111522237525 0↗↘자13.336.637.812.2889437.636.9 72.7 74.9100 80 6040   13.50   12.40 5  5  1VN동54.14661412  .0 1.0 1.0989812 0전개최상전개최상 1기 010 4     4 6 4②1:12.72½   .013.535.812.6  0  4 1.80 2 2  1  .41167 2 580 3 1 1 10 2 1.02 2.10 1.6 4.5  1.6    4.5    6.8   13.610.54493 2 9 9 2☆ 1.638.60  .23  .5075.1724.4040.4752.0739587219.4432.4840.26 2
20241103일111200 9외154 1101 9 2강 2234맑음양호 711 7어서말을해      MOR SPIRANNIE TR  633.00미수 33750 1 4  661      605001등최용건우태율   1 8 8 1 716 1 3 1 8 50김철호46152.066강입보95 95 959988.072.068.8 533 01363 21832183021111522236733 0↗↗자13.336.537.912.3939136.737.2 72.0 74.2100 75 7525   13.10   13.40 9  2 -4NUDN54.84671412  .0 1.0 1.0979712-2전개최상전개최상 1기 0 5 2     1 1 1①1:12.05    -.913.536.212.4  0  2 1.90 1 1  0  .0 224 4 194 2 1 1 21 1 1.03 5.02 3.3 6.4  3.3    8.6   14.5   11.4  .04496 3 9 8 3☆ 1.438.50 -.26 -.2075.1726.9950.6868.7518365119.6741.2850.41 2
20240901일 9140011외253 1101 9혼전 4431맑음건조 411 7어서말을해      MOR SPIRANNIE TR 9712.00미수 34257 1 5  834      495002등최용건우태율   1 9 7 5 116 4 3 1 7 57문세영45955.593강입하79 82 829782.072.038.54858 01829101832424621112836166733 0↗↘입13.336.338.712.3947236.439.1 86.2 88.1100 75 7525   13.60   13.0010  0  0HNUP54.84671412  .0 1.0 1.0999912 2전개최상전개최상 1관 0 3 4     4 4 2④1:26.2코    .113.138.713.4  3 -3 1.31 4 1 -1 1.12216391474 1 6 3 22 5 3.09 1.05 2.8 8.6  6.7   71.7  136.2  597.212.74490 2 9 9 2☆ 1.239.40  .5013.1387.9015.9027.6838.5132526416.3830.0441.58 1
20240622토11120010외243 1 41 9 3강 3331흐림불량2011 7어서말을해      MOR SPIRANNIE TR  633.00미수 35066 2 6 1029      495002등최용건우태율   110 6 4 616 3 3 1 6 66문세영46255.593평입하89 85 859795.074.047.84552201220 01832424621112836166733 0↗↗입13.336.537.812.3959537.037.7 72.9 75.1100 75 7525   13.30   13.10 9 -1  1HN동54.84671212         4.0    12 0전개최상전개최상 1기 1 3 5     4 4 4⑤1:12.91     .913.636.913.0  3 -9 1.89 5 2  1 1.1163913 947 2 1 3 22 4 3.01 6.02 2.1 3.9  6.6    5.2   13.5   10.612.24493 3 9 9 3☆ 1.538.80  .40  .8075.1120.0634.9747.8332526417.9337.3651.94 1
20240420토11120011외224 1 71 9혼전 4431비  다습1311 7어서말을해      MOR SPIRANNIE TR  633.00미수 36080 2 7 1220      495002등박재우우태율   111 5 3 516 2 3 1 5 80문세영47154.593평입하73 79 799488.063.029.84857 02233 42424464626202836166733 0→↗입13.336.538.012.3938736.237.7 72.1 74.3100 75 7525   13.30   13.50 7  3  3HN동54.84671212         2.0    12 0전개최상전개최상 1기 0 4 3     3 4 4④1:12.1½    .013.336.913.1  3  6 1.89 4 1  0 1.3 3 612 178 1 5 5 32 3 2.0711.07 2.0 3.0  3.2   29.1   46.0  144.5  .04484 1 8 7 1▲ 1.038.50  .81 -.2075.22 9.6119.7629.82 8203322.6439.3047.16 1
20240303일11120010외244 2 91 9혼전 4431맑음양호 811 7어서말을해      MOR SPIRANNIE TR  633.00미수 37575 1 7 1363      495002등박재우우태율   112 4 2 416 1 3 0 4 75문세영46552.093평도하56 62 629690.069.036.54857 02233 42424464626202836166733 0→↗입13.336.738.312.3836836.438.5 73.4 75.6100100 6733   13.20   14.1010 -2  0UU동54.84671212         9.0    12 0전개최상전개최상 1기 1 1 2     3 2 2②1:13.4¾    .013.338.013.5  1-14 1.50 2 1 -1  .13011371279 4 9 5 32 2 5.01 7.01 2.3 4.4 11.7   14.1   50.9   15.6  .04498 3 8 8 3▲ 1.138.70  .33  .5875.5014.1125.7736.5218365124.1940.1546.43 1
20231225월12120011외244 4 91 9혼전 4441맑음다습1211 7어서말을해      MOR SPIRANNIE TR  633.00미수 2     2 8 1559      495002등박재우우태율   113 3 1 316 1 3 0 3  0박태종47952.076강도보99 99 9998  .066.025.11931141753 5242414 026202023206733 0→↘선13.336.737.812.3779736.739.5 75.1 76.5100100 6733   13.30   12.60 6 -1 -3UU동54.84671212         1.0    12 0전개최상전개최상 1기 1 3 1     1 1 4⑨1:15.11½  1.013.239.214.1  7  4 1.12 9 2  1 1.46423705349 5 1 1 81 1 9.06 6.09 3.8 6.5 22.5  166.3  342.9  175.610.54494 3 9 9 3☆  .939.00  .95 2.0275.22 6.7515.8725.10 41118 5.2911.2131.52 8
20231111토10120010외342 2 41 9 2강 2241맑음다습1111 7어서말을해      MOR SPIRANNIE TR  633.00미수 2 1   2 9 1704      41250혼3박재우우태율   114 2 1 216 1 2 0 0  0문세영47554.593강입보99 99 9999  .072.057.85566252438182424464626202836165050 0↗↘입13.436.637.912.3929136.837.1 73.1 74.2100100100 0   13.40   13.40 5 -3 -1UU동55.04641210         1.0    12 0전개최상전개최상 1기 2 4 1     1 1 1①1:13.15   -1.013.336.612.6  0  8  .90 1 1  0  .0 230 3 293 2 1 1 11 1 1.07 4.05 1.6 3.3  1.6   15.9   20.6   56.3  .06199 4 9 9 4★ 1.938.40  .00 -.3175.2226.3446.0257.76183956 8.1816.2949.43 6
20231009월 4120012외413 5 11 9 3강 3339맑음다습1011 7어서말을해      MOR SPIRANNIE TR  633.00미수 2 1   110 1808      41250혼4박재우우태율   115 1 2 116 2 1 0 0  0안토니46755.093강도보79 35 3596  .073.048.34260292150 924243736262029271799 0 0↗↘선13.436.538.112.3979536.538.3 74.2 74.5100100100 0   13.40   12.50 5 -2  0NUUP55.04601210         1.0    10 2적임교체전개최상 1기 2 7 3     3 2 1①1:14.21¼  -.313.438.213.4  0  7  .60 1 1  0  .0 51429 993 7 510 22 2 1.03 7.06 1.3 2.3  1.3    4.9    5.9   22.212.24489 2 8 8 2☆ 1.638.60  .24 -.0875.2822.1437.4648.30214258 7.7615.5834.39 8
20251123일11160010국1 2 1  3 4혼전 4411          11 8늘가을          퍼지    허리케인 5237.00한수 52045   1    018:00 605001등서인석김다혜   2 016 6 623 1 5 624 45김효정   52.068우추보50 56 561738.051.020.91939131938 919 0 0 018 9162118 02070→↘입13.936.638.612.14872                   67 72  656   14.40   13.10 8  5 -3NUDN55.94832014 -.2 4.8 4.6636318-2상대막강보통걸음69기 1 8                            14.4    13.1                                 8 2 7 8  1                                              .03548 0 5 6 0    .138.60  .71     102.6 5.5712.6620.85 3 814 3.9410.8521.2610
20250928일111800 8국112 2 63 6 2강 2221흐림포화1811 8늘가을          퍼지    허리케인 4837.00한수 52250 9 1  133      605001등서인석김다혜   2 115 5 323 1 5 622 50조재로48554.577우추보65 70 707578.061.043.22748131938 919 025 018 9192422 02070↗↘추13.940.340.312.1404340.040.0114.4116.9 71 71  659   14.70   13.5012 -7 -2HHUP55.94832014 -.2 4.2 4.0696918 2걸음관심최적거리50기 0 3 6 5 5 6 6 5⑤1:54.41½   .914.438.813.1  1  1 2.10 5 4  2 2.7 445393254 7 2 2 3213 1.05 2.06 1.8 4.4  1.8    8.1   10.3   12.4  .02883 2 7 7 2    .740.40 -.4336.30118.812.6627.9943.2115324713.8227.9743.50 4
20250706일11160010국122 2 73 6 1강 1133맑음건조 311 8늘가을          퍼지    허리케인 5237.00한수 52352 1 1  191      605001등서인석김다혜   2 214 4 523 6 5 621 52이혁  48456.088우추보74 73 731782.052.048.01428 61938 919 015 018 9272119 02070↘↗선13.936.838.512.1378236.637.4101.4102.2 69 69  675   14.60   13.40 6  0  0VN동55.94832014 -.6 4.4 3.8717118 0발주불량작전마주52기 01010  10 8 7 5③1:41.4¾    .214.738.613.5  1  4 -.20 3 2 -3  .42255 5 276 9 1 2 33 7 6.04 5.08 2.5 4.5 17.7   44.4  120.2   46.312.02955 2 7 6 2    .238.50  .0226.88102.618.1234.9848.0110233618.4535.0045.54 2
20250525일 8160010국113 1 63 5 3강 3331맑음양호 811 8늘가을          퍼지    허리케인 5237.00한수 52555 2 1  103      605001등서인석김다혜   2 313 3 423 5 5 620 55이혁  48056.088우추상57 52 521729.041.012.01428 61938 919 015 018 9272119 02070↘↗선13.936.838.612.1387936.038.3 99.8102.3 73 73  067   14.10   14.50 5 -3 -1VNDN55.94832014 -.6 3.6 3.0767618-4걸음불변보통걸음59기 01010  101010 8⑤1:39.8목    .314.638.213.4  0 -4 1.10 5 5 -6 1.7282219 57110 310 93 6 1.06 1.09 1.7 5.0  1.7   11.0   14.7  205.011.22646 1 4 3 1   -.638.60  .8326.90102.7 2.02 6.4911.96 1 4 7 3.2711.6819.76 8
20250420일 7200014국123 1 23 7 3강 3331맑음양호 811 8늘가을          퍼지    허리케인 4837.00한수 5 1   2 1  169     2750001등서인석김다혜   2 412 2 423 4 5 6 0  0이혁  48457.087강추하83 86 8659  .049.018.61428 61938 919 015 018 9272119 02070↘↗선13.940.039.812.1157539.341.6130.0132.4 79 79  071   14.20   12.6013  4  1BNUP55.94832014 -.6 2.2 1.6909018 4여유우승작전마주 1   013121010 9 8 7⑨2:10.02½  2.514.140.814.5 -2 -6 1.70 911  9 3.3735178772414 5 2 80 5 1.0612.15 1.9 2.2  1.9   21.0   24.4   14.311.24536 0 7 5 0    .039.80  .2052.62131.4 4.5210.1118.57 2 713 4.37 9.3024.4511
20250119일11160010국142 4 93 8혼전 4431맑음건조 311 8늘가을          퍼지    허리케인 5237.00한수 52761 2 3  421      605001등서홍수김다혜   2 511 1 323 3 5 618 61이혁  49056.091강추하99 98 981784.058.033.71942 4305210244628 02619272119 02070↘↗선13.936.938.612.1328236.245.3107.5109.4 79 79  071   14.60   12.7016  5 -1BNDN55.94832014 -.4 2.0 1.6888818-2전개최상강단마필 1관 0 9 8   8 91010⑩1:47.514   8.014.345.617.5  8 12  .7310 2  0 8.399319999 9 9 2 1 40 4 3.05 3.05 2.9 4.2  4.0   34.1   53.3   27.910.53473 2 8 7 2    .538.60  .2633.88102.810.9122.6433.7110233615.8732.1242.32 1
20240929일 7180014국253 2103 9혼전 4431맑음건조 411 8늘가을          퍼지    허리케인 4837.00한수 42562 9 4  775     1100002등서홍수김다혜   2 610 3 223 2 4 616 62이혁  48057.092강추하95 96 969886.069.031.42959 32247 9244628 02619272119 02267↗↘선13.940.539.512.1299139.639.8115.4116.9 77 77  077   13.90   13.80 6  0 -1HNDN55.74842014 -.6 2.2 1.6888818-2승부최상전개최상 1   0 41111111412 6①1:55.42½  -.414.638.612.7 -1 -3 1.70 1 2  1  .0 52437189312 1 3 33 3 2.13 4.08 3.7 9.7  4.7  266.0  438.2  776.710.54489 2 9 8 2☆ 1.340.20  .0136.89118.512.3122.8131.4415324714.9224.9331.46 1
20240817토10200010국252 8103 9 2강 2244맑음건조 311 8늘가을          퍼지    허리케인 4837.00한수 42666 2 5  887      495002등서홍수김다혜   2 7 9 2 323 1 4 615 66이혁  48358.092강추보61 60 608891.067.064.1264610202019244628 02619272119 02267↗↗선13.940.039.712.1168239.839.4130.0130.4 77 77  077   14.40   13.90 7  2  1HB동55.74842014 -.4 1.8 1.4919118 0전개최상승부최상 1기 0 4 5 5 5 5 4 5⑤2:10.01¼   .413.940.513.8  4 -7 -.99 5 1  0  .73472304175 9 2 3 12 2 3.05 9.03 3.9 6.2  5.7   20.9   37.3   23.8  .04493 3 8 8 3▲ 1.339.70 -.8150.74131.330.7351.7264.1118395618.5738.0646.78 2
20240629토112000 8국251 2 53 9 3강 3341맑음건조 511 8늘가을          퍼지    허리케인 4837.00한수 42871 9 6 1008      495002등서홍수김다혜   2 8 8 1 223 2 4 614 71문세영49057.593강추보81 82 829795.067.063.04552201632 0244646 02619283616 02267↗↗입13.940.039.712.1148239.839.0131.4132.3 77 77  077   14.50   13.20 6-12  1HL동55.74842014 -.4 2.0 1.6888818 0전개최상전개최상 1기 0 2 8 7 5 4 3 4⑤2:11.42½   .714.439.513.9  4  0  .02 5 1  0 1.47173213256 8 1 2 22 2 3.05 1.04 1.6 2.7  8.1   22.8   54.0   34.512.24488 3 9 8 3☆ 1.239.80 -.7952.61131.323.9243.8063.0335536823.2146.5862.62 2
20240519일 7200014국331 3 83 9혼전 4442맑음양호 711 8늘가을          퍼지    허리케인 4837.00한수 43069 2 6 1127     110000국3서홍수김다혜   2 9 7 3 123 1 4 513 69문세영49057.093강추보81 82 829590.067.046.44552201632 0244646 02619283616 02267↗↗입13.940.039.612.1138540.038.5129.9129.6 75 75  075   14.50   12.60 5  4 -1VNUP55.74842014 -.8 2.4 1.6888818 4승부최상전개최상 1   01411121110 2 1②2:09.93     .014.538.513.2  1 -4  .10 2 1 -2  .6167911258812 2 1 10 1 2.01 7.14 1.9 3.7  4.0    3.7    8.0   11.7  .04496 3 9 9 3☆ 1.439.60 -.3350.00131.221.1637.2746.4118395620.8335.5742.86 1
20240414일 6160010국352 3103 9 3강 3331맑음건조 411 8늘가을          퍼지    허리케인 5237.00한수 43366 2 7 1236      82500국3서홍수김다혜   210 6 2 223 1 4 412 66이혁  49458.093우추보97 96 961794.072.053.7365511355810244628 02619272119 02563↗↘선13.937.238.512.1178936.537.7100.0101.9 73 73  073   14.80   12.30 5  6  3VBDN55.44821814 -.2 3.4 3.2777718-2전개최상승부최상 1   01010  10 8 9 5②1:40.01¾   .014.537.412.6 -1  0 1.20 2 3  2  .31746 8 38310 3 3 33 1 5.03 3.10 4.2 6.8  7.6   20.0   45.5   21.612.24494 3 9 8 3☆ 1.438.50 -.3126.19102.920.7340.2453.6518365118.2933.7346.31 1
20240310일 7180011국351 4 53 9혼전 4451맑음건조 411 8늘가을          퍼지    허리케인 4837.00한수 42763 2 7 1345      41250국3서홍수김다혜   211 5 1 12311 3 411 63조재로49455.582우추보84 88 889288.068.043.81829 7355810244642 02619192422 01471↘↗추13.940.539.712.2298240.937.6117.3116.2 70 70  070   14.20   13.10 5 -3  1HNUP55.44811814 -.4 3.4 3.0797917 2연대우수전개최상 1기 1 4 5 5 4 4 3 1①1:57.38   -1.414.837.812.3  0  6 -.50 1 1 -3  .0 172 1 397 8 2 1 2212 1.09 4.11 2.5 4.5  2.5   44.5   66.8  194.810.54492 3 9 8 3☆ 1.240.10 -.3435.97118.617.7431.6543.7518365119.6737.3447.29 1
20240204일 71600 9국453 1103 9혼전 4431맑음양호 611 8늘가을          퍼지    허리케인 5237.00한수 43060 1 8 1433      41250국4서홍수김다혜   212 4 1 12310 3 310 60조재로48854.579우추보89 87 871785.066.033.42360 7326920244642 02619192422 01767↘↘추13.937.138.612.2198736.538.2101.4101.6 67 67  067   14.60   12.9016  6 -3LHDN55.64791714-1.0 4.4 3.4737317-1추입무난연대우수 1관 1 7 8   8 7 7 5②1:41.41½   .014.238.113.1 -2  7 -.10 2 4  3  .3104815 983 8 2 3 5311 7.04 8.07 3.0 7.6 12.6   50.4  115.0   71.8  .03979 3 9 8 3☆ 1.138.60  .1925.88102.911.9222.8933.36 7162714.9128.0040.14 2
20231015일 7170011국550 8103 4혼전 4441맑음다습1011 8늘가을          퍼지    허리케인 5237.00한수 32255 2 9 1784      33000국5배휴준이종길  9913 3 2 123 9 2 3 9 55조재로48157.068우추보88 93 938778.059.041.91756 9304023 8501760 9 4192422 02080→↘추13.940.140.312.2278939.839.2111.9111.7 63 63  063   14.10   12.40 5 -3  2ULUP55.34791714-1.4 6.2 4.8656513 4뒷심문제탐색우려 1기 1 1 5 5 5 4 5 2①1:51.9¾    .014.639.412.9  0  1 -.40 1 1 -1  .0 747 7 588 9 1 1 3010 1.02 1.05 3.4 6.2  3.4    6.2   12.1   48.310.52965 0 8 7 0    .740.70 -.0931.29113.415.8230.2641.8610233619.1036.4640.22 1
20230910일 9130010국441 4 93 5 2강 2231맑음양호 711 8늘가을          퍼지    허리케인 5237.00한수 32550 210 1877      33000국4배휴준이종길  9914 2 1 323 8 2 2 8 50조재로48055.069평추보88 96 966385.047.023.41233 5163313 8501760 9 4192422 02575→→추13.937.738.612.3289238.037.0 79.9 81.6 57 57  057   14.00   13.30 5 -1 -2HHDN55.44791414 -.8 6.3 5.5606014-1추입무난탐색우려 1기 1 4 6     7 6 4②1:19.9코    .014.136.812.4  0 -6 1.00 2 2  1  .0 668 1 482 9 3 2 63 9 3.02 7.04 3.1 4.8  4.8    5.6   14.3   10.6  .03948 0 7 5 0   -.239.00  .50 5.3282.84 5.9614.8123.38 3 81719.0535.2946.83 3
20230805토 7140011국552 4103 8 2강 2241맑음건조 311 8늘가을          퍼지    허리케인 5237.00한수 31442 110 2000      22000국5배휴준이종길  9915 1 5 523 7 1 2 7 42조재로48656.569우추보78 82 826284.064.059.41233 5163313 8501760 9 4192422 0 099→→추13.937.538.612.3118536.738.0 87.2 87.2 50 50  050   14.60   12.70 5  3  1NL동55.04761414-2.0 6.3 4.3707013 0승부최상신뢰마주 1기 2 5 4     4 3 2①1:27.22½  -.514.038.213.3  0  0 -.10 1 1 -1  .0 431 9 393 9 2 1 22 8 1.02 5.10 2.1 5.7  2.1    6.4    8.2   13.7  .03378 2 7 7 2   1.038.00 -.7011.1288.6625.7246.2359.3818395625.3250.2963.88 2
20251123일11160010국1 2 1  1 5혼전 4411          11 9포에버드림      에치드  투어캠프 5931.00한거 61725   1    018:00 605001등이관호베스트샤 1 01627 738 1 7 339 25김정준   52.076평자보50 51 511733.050.020.5264817224713211313 02416152124204530→↘자13.836.039.613.38539                   33 50 3631   13.70   13.7010  5 -4BUUP54.74792012 -.6 6.0 5.4535317 2직전복병급하락세60기 0 9                            13.7    13.7                                 4 810 9  1                                              .02539 0 5 6 0    .039.60  .55     102.8 5.4111.2820.46 2 5 9 5.5115.5023.62 7
20250914일11140011국144 1 91 4혼전 4441맑음다습1211 9포에버드림      에치드  투어캠프 5931.00한거 61826 2 1  175      605001등이관호베스트샤 1 11526 838 2 7 338 26조재로47756.078평자보41 42 424021.043.014.2274813224713211316132416192422204530↗↘추13.836.539.413.3803536.639.5 85.6 87.8 34 49 3731   13.90   15.00 6  2 -1HNDN54.74792012  .2 5.0 5.2575717-2주력우수보통걸음 5   0 4 8     5 4 7⑥1:25.63     .913.738.613.7 -2 -3 1.80 6 8  3 1.61124523356 510 8 9214 2.0311.03 3.0 4.8  3.2    4.8    8.5   26.1  .02340 0 4 4 0   -.539.20  .6011.9088.52 2.68 7.2714.23 2 5 9 5.5612.5019.31 8
20250803일14160010국113 3 61 7 1강 1131비  건조 311 9포에버드림      에치드  투어캠프 5931.00한거 61827 1 1   84      605001등이관호베스트샤 1 21425 638 1 7 337 27조재로48057.078우자상77 69 691768.058.034.9274813224713211316132416192422204530↗↘추13.836.139.613.3764335.740.1102.1103.2 29 50 3226   13.80   14.50 4 -1 -1HN동54.74792012 -.2 5.0 4.8646417 0직전복병주력우수53기 0 2 5   5 5 2 2④1:42.16    1.113.941.215.0 -1  6 -.20 4 5  0 1.452 9623550 5 8 4 5213 3.04 7.01 1.5 3.6  6.7   31.9   62.1  277.912.03364 2 7 8 2    .739.60  .1427.46102.910.4222.5034.93 6162810.0720.3028.17 5
20250706일11160010국122 3 71 5 1강 1133맑음건조 311 9포에버드림      에치드  투어캠프 5931.00한거 61927 1 1   64      605001등이관호베스트샤 1 31324 538 1 7 336 27임다빈47457.580우자보64 55 551745.053.049.51949 5224713211314132416152324214232↘→추13.836.339.413.3695136.339.0101.6102.3 30 55 3327   13.70   14.70 6  1  2HB동54.64792012 -.6 5.2 4.6656517 0걸음불변보통걸음72기 0 3 2   2 3 2 1④1:41.61     .413.840.114.5 -1 -5 -.10 4 5 -3  .62833342370 3 8 3 22 5 6.04 5.08 2.5 4.5 17.7   44.4  120.2   46.312.02863 2 6 5 2    .339.40 -.1926.63102.916.4036.3449.4814284211.6522.0026.79 3
20250525일 8160010국113 1 61 3 3강 3331맑음양호 811 9포에버드림      에치드  투어캠프 5931.00한거 62028 2 1  103      605001등이관호베스트샤 1 41223 438 1 7 335 28김성현47956.067우자하82 65 6517 9.035.0 9.5 922 62247132113 9 02416162519214232→↗입13.836.439.513.3615135.740.1100.5103.0 31 50 3125   13.70   14.40 7  0 -3HNUP54.64792012 -.4 4.2 3.8727217 2주력우수감량기수49기 0 2 4   4 3 4 4⑥1:40.54    1.013.740.014.7 -2-10 1.10 6 8  4 2.45211684651 8 9 7102 1 1.06 1.09 1.7 5.0  1.7   11.0   14.7  205.0  .02322-1 3 4-1  -1.039.50  .6427.10103.0 1.34 4.40 9.53 0 2 6 1.31 4.3811.7110
20250406일11140010국124 2 71 6혼전 4441맑음포화1511 9포에버드림      에치드  투어캠프 5931.00한거 62029 1 2  207      605001등이관호베스트샤 1 51122 738 1 7 334 29마이아48958.593평자하71 73 736870.062.035.23563211850 82113 0 024163631 9214232↗↘선13.836.838.913.3626836.140.5 86.3 88.5 32 45 3229   14.00   12.90 8 -1  2HB동54.64792012-1.8 4.8 3.0777717 0주력우수주력우수 1기 1 2 4     5 4 3⑦1:26.31½  1.313.739.614.4  3 -3 1.90 7 4  1 1.635 8805639 7 3 2 42 1 2.07 3.10 2.9 4.8  3.4   24.2   31.6   20.5  .02781 0 8 9 0    .839.00  .1712.8088.3812.3724.2435.2110233612.0026.5538.66 1
20250209일11140011국150 1101 7혼전 4441맑음건조 411 9포에버드림      에치드  투어캠프 5931.00한거 62130 1 2  377      605001등이관호베스트샤 1 61021 638 2 7 333 30조재로49256.581우자상91 83 837570.066.032.51338 51850 8211316132416192422214232→↗추13.836.739.013.3705936.938.8 87.1 88.6 33 47 3330   13.90   14.00 3 -2  0HLDN54.64792012-2.0 5.8 3.8696917-2마방선전주력우수 1기 1 3 7     7 7 5⑤1:27.1코    .314.037.712.9  2 -2 1.10 5 3 -2  .83746292473 5 7 4 4012 2.06 2.11 3.7 8.1  3.7   26.4   39.8   75.4  .03483 3 8 8 3△ 1.339.10  .2512.8788.3811.5122.8332.49 61628 8.2820.2030.94 5
20250119일11160010국142 4 91 8혼전 4431맑음건조 311 9포에버드림      에치드  투어캠프 5931.00한거 62128 2 3  421      605001등이관호베스트샤 1 7 920 338 1 7 232 28조재로49456.586평자상83 76 761771.060.037.1293920346122211316132416192422223933↘→추13.836.239.413.3705535.738.8 99.5101.4 31 45 3131   14.00   12.60 6  1  1NBUP54.54782012-1.4 6.0 4.6636317 4전력변화마방선전 1기 0 5 6   6 5 4 3②1:39.51¾   .013.939.114.0 -3 10  .70 2 5 -1  .3 71129 780 4 7 4 2211 3.05 3.05 2.9 4.2  4.0   34.1   53.3   27.9  .03774 3 8 9 3☆  .839.40  .1425.78102.813.7425.7937.0818365112.7023.3634.01 2
20241208일10120010국114 1 61 5혼전 4441맑음다습1311 9포에버드림      에치드  투어캠프 6022.00한거 52229 2 3  554      605001등이관호베스트샤 1 8 8191138 1 7 231 29김용근48455.589평자상91 86 867962.058.029.6265020346122211321372416292517244129↘→선13.836.838.113.3808237.936.8 72.9 75.1 32 43 3229   13.80   12.90 5  2 -1HN동54.44782012-1.4 5.6 4.2656517 0뒷심문제급하락세 1트 0 4 9     9 8 5③1:12.91     .214.035.712.6 -3  6 1.80 3 6  3  .61680 1 772 6 4 5 63 3 1.02 2.10 1.6 4.5  1.6    4.5    6.8   13.6  .02976 0 7 8 0    .638.50  .59  .2075.45 8.8318.8029.56 51323 6.4816.2426.05 5
20241103일111200 9국154 1101 6 2강 2234맑음양호 711 9포에버드림      에치드  투어캠프 6022.00한거 52326 1 4  661      605001등이관호베스트샤 1 9 7181038 1 7 130 26조재로47856.584평입상70 70 707274.058.045.73058172041 6211316132416192422254425↘↘추13.836.838.213.3777937.237.6 72.9 75.1 30 41 3326   13.40   14.60 7  0  2HBDN54.34782012-1.6 6.2 4.6595917-4최고선전급하락세 1기 1 2 5     5 5 3②1:12.95     .013.836.612.9 -1  3 1.90 2 3 -4  .91651 91080 4 5 2 4310 1.03 5.02 3.3 6.4  3.3    8.6   14.5   11.4  .02980 2 7 7 2    .738.50  .07  .1075.5013.1128.8645.7110233613.9331.1942.15 3
20240915일10160010국124 1 71 3혼전 4431맑음다습1111 9포에버드림      에치드  투어캠프 5931.00한거 52427 2 4  792      605001등이관호베스트샤 110 617 238 1 7 129 27임기원47555.073평입하33 28 281715.044.022.8 0 0 02041 6211329 02416253216254425↘↗선13.836.339.513.3695535.440.7100.4102.9 31 42 3127   13.30   14.80 8 -8  0HNUP54.34782012 -.4 5.8 5.4515117 2주력우수보통걸음 1트 1 2 3   3 3 3 2③1:40.43     .613.440.014.6 -4 -2 1.70 3 7 -1 1.850 4795364 3 7 7 72 1 8.09 4.08 2.5 3.7 16.0   82.1  220.0  518.0  .02339 0 3 3 0   -.339.50  .3927.09102.9 7.0113.7322.75 1 512 3.16 9.9514.56 9
20240721일10140011국153 1101 6혼전 4441맑음포화1611 9포에버드림      에치드  투어캠프 5931.00한거 52528 2 5  943      605001등이관호베스트샤 111 516 538 3 7 128 28임다빈47755.075평자보89 72 726149.054.021.5121410267015211314132416152324254425↗↗추13.836.838.913.3626835.741.3 87.1 89.3 32 44 2828   13.50   13.20 3  6 -1BNUP54.34782012-2.2 6.6 4.4595917 2직전복병주력우수 1   010 4     4 4 7⑨1:27.11½  1.613.340.614.8  1 -4 1.70 9 8  2 2.163 2906634 4 8 3 70 4 1.10 7.11 4.3 7.9  4.3   38.1   61.7   97.0  .02756 1 7 8 1    .339.20  .5113.6088.38 4.8913.0521.52 31018 8.5517.1725.20 7
20240630일 8120011국154 1101 5혼전 4441흐림포화1611 9포에버드림      에치드  투어캠프 6022.00한거 52529 9 5 1000      605001등이관호베스트샤 112 415 938 2 7 127 29임다빈48155.575평자상63 74 746950.053.019.6121410267015211314132416152324254425↗↗추13.837.238.013.3509136.337.9 72.4 74.6 33 42 2525   13.60   13.40 5  2  2HN동54.34782012-3.4 7.2 3.8626217 0교체성공급하락세 1기 1 4 6     6 6 5⑥1:12.4½    .813.537.113.2  0  1 1.80 6 6  2 1.0 6 817 349 8 6 6 92 3 7.01 8.01 3.6 7.9 16.3   30.4   78.3   55.8  .02958 1 6 6 1    .337.90  .71 -.6075.61 4.3411.7619.56 2 5 9 7.2412.9323.19 7
20240526일 7120010국154 1 51 5혼전 4431비  건조 511 9포에버드림      에치드  투어캠프 6022.00한거 52326 9 6 1106      605001등이관호베스트샤 113 314 838 1 6 126 26임다빈48053.581평입상60 57 575332.052.024.01938142189 9211314132416152324274720↘↗추13.837.238.013.3488936.738.1 73.4 75.6 30 43 2626   13.50   13.40 4 -6  1HNDN54.34782012-3.6 7.8 4.2606017-2직전복병보통걸음 1기 0 2 6     5 5 3①1:13.4½    .013.637.713.4 -3 -7 1.40 1 4 -2  .03023241086 8 4 5 73 2 4.06 2.07 2.2 4.9 10.6   39.4   98.7   75.9  .02666 1 5 6 1    .238.20  .59  .3875.61 6.8914.9823.95 41118 5.0011.3216.59 9
20240428일11140011국152 1101 4혼전 4451맑음양호 911 9포에버드림      에치드  투어캠프 5931.00한거 52428 9 6 1187      605001등이관호베스트샤 114 213 438 1 6 125 28조재로48753.077평입하31 32 324016.044.015.71433 42189 9211316132416192422294321↗↗추13.836.939.013.3576437.338.5 86.6 88.5 32 45 2723   13.60   14.20 4 -2 -3LHUP54.44772012-3.2 7.6 4.4636317 2주력우수보통걸음 1기 1 8 3     4 4 4④1:26.64     .813.537.813.4 -2 -1 1.20 4 6  1  .83466192655 6 710 92 9 8.01 3.02 3.0 6.2 13.9   26.3   90.5   58.0  .02346 0 4 4 0   -.438.90  .5512.5888.52 4.15 8.6715.66 2 5 9 3.65 7.3011.97 9
20240331일11120011국154 2101 7 1강 1131맑음다습1211 9포에버드림      에치드  투어캠프 6022.00한거 52529 9 7 1275      605001등이관호베스트샤 115 112 738 1 6 124 29임다빈48855.584우입상84 81 818080.062.037.12858101458 2211314132416152324294321→↘추13.837.238.013.3519437.239.7 75.3 77.4 33 48 2924   13.80   13.10 6  0 -2LN동54.44772012-4.2 8.0 3.8747417 0주력우수주력우수 1기 010 6     7 7 6⑦1:15.33    2.013.639.114.2  2 -2 1.60 7 5 -7 2.4845075732810 3 3 40 1 4.02 3.04 4.0 7.9  5.2    8.7   19.8   55.912.02985 2 8 8 2△ 1.038.80  .22 2.2475.6111.8425.2637.07 8203314.0127.9139.95 4
20251123일11160010국1 2 1  3 8혼전 4411          1110스피드원        테스타마라이프앳 5734.00한수 43558   1    018:00 605001등전승규박남성   0 016 5 317 1 6 417 58김용근   52.082우입보50 60 601761.060.031.42149112644 92131141720162925175743 0↗↘선13.435.839.512.39443                   86 93 6429   13.60   14.90 5  5 -5VUDN53.94812018  .0 3.6 3.6727218-4연대우수강단마필64기 010                            13.6    14.9                                 1 7 6 6  3                                              .03579 3 7 8 3▲  .739.50  .42     102.610.1420.8331.35 71627 9.4520.9330.71 5
20251019일 8200013국142 2 43 9혼전 4411맑음포화161110스피드원        테스타마라이프앳 4846.00한수 43762 2 1   92     550000국O전승규박남성   0 115 4 417 4 6 416 62씨씨웡48857.089강입보85 82 828085.069.040.73053102644 92131344420162024225743 0→↘선13.438.840.712.3913238.742.0131.2132.4 92100 6931   14.20   12.50 6  0  2NBUP53.94812018  .2 1.8 2.0888818 2승부최상연대우수 5   0 5 1 3 3 5 5 9⑩2:11.21¼  3.813.641.714.9 -3  0 1.301013 12 3.973238374 5 211 4 20 6 3.04 7.01 1.9 3.3  4.8   16.7   35.9   15.412.73871 2 9 8 2☆ 1.441.00 -.1552.89131.117.2131.2140.6818395614.4626.3337.58 2
20250906토 71800 6국132 2 33 9 1강 1111흐림포화161110스피드원        테스타마라이프앳 4846.00한수 44060 1 1  100      825001등전승규박남성   0 214 3 417 3 6 315 60씨씨웡48855.089강입보99 91 918994.073.059.53053102644 92131344420162024225743 0→↘선13.439.340.912.6962539.838.3113.1115.6 83100 6733   13.90   13.70 7 -3  3NN동53.94812018  .0 2.4 2.4818118 0전개최상승부최상 5   0 5 2 1 1 1 1 1②1:53.1¾    .014.237.112.5  1  1 1.90 2 1  0  .2 134 4 279 1 6 5 11 5 2.01 4.05 2.3 2.4  2.3    2.4    4.8    2.0  .04493 3 9 7 3☆ 1.641.20 -.7035.40118.627.2245.8259.5235536820.7836.7249.64 1
20250720일11180011국143 4 93 9혼전 4411맑음포화161110스피드원        테스타마라이프앳 4846.00한수 44264 2 1  109      605001등전승규박남성   0 313 2 317 2 6 314 64씨씨웡48752.089강입하95 89 899577.069.045.83053102644 92131344420162024225743 0→↘선13.439.340.712.6953938.940.7113.7116.2 82100 6436   13.70   15.10 7  3  0LUDN53.94812010 -.8 2.8 2.0838318-2승부최상전개최상44관 2 8 4 4 5 4 3 2③1:53.7목    .013.940.013.7  2 -8 1.70 3 1  0  .7 1 8612384 2 4 2 12 4 4.03 7.06 4.0 7.3  5.3   11.6   27.8   12.910.54696 4 9 8 4★ 1.441.30 -.3336.20118.518.8834.8445.8435536819.4235.5137.30 1
20250601일11200011국140 6 93 9 1강 1129맑음건조 31110스피드원        테스타마라이프앳 4846.00한수 44669 1 1  119      605001등전승규박남성   0 412 1 317 1 6 313 69씨씨웡49552.089강입보72 74 748696.065.046.93053102644 92131344420162024225743 0→↘선13.438.840.912.6884337.942.1130.3129.9 82100 6427   13.40   14.60 7 -2 -5NUUP53.94812010 -.6 2.8 2.2818120 4강단마필승부최상54기 1 5 1 1 1 1 2 5⑩2:10.3½   2.113.741.315.1  9  6  .9910 1  0 2.926 3846418 1 6 1 21 3 2.03 7.03 2.7 5.0  4.2    7.0   13.4   60.3  .04497 4 9 8 4★ 1.240.90 -.4150.24131.317.9733.0146.9419405630.5649.0859.85 1
20250413일 7160010국243 6 43 8혼전 4431맑음포화171110스피드원        테스타마라이프앳 5734.00한수 45066 2 1  190      82500국O전승규박남성   0 511 9 217 1 6 212 66문세영48957.073강도상99 98 981786.070.050.33644 92644 92131395220162836165743 0↘↗입13.435.939.512.6906835.240.5 99.6102.1 80100 6030   13.70   13.3011 -2  4NBDN53.94812010 -.6 2.8 2.2818113-4강단마필강단마필 1   0 7 4   4 3 3 2②1:39.6¾    .013.440.114.6  1 -2 1.40 2 1 -1  .123 2774085 3 7 1 12 6 2.01 6.07 1.8 3.6  4.2    3.6    9.3   34.810.53385 1 9 8 1▲ 1.639.50 -.0826.70102.724.9339.4350.2839607321.0934.7539.90 1
20250125토11200011국252 9 53 7혼전 4437맑음건조 31110스피드원        테스타마라이프앳 4846.00한수 44563 9 3  410      495002등전승규박남성   0 610 8 217 2 5 211 63씨씨웡49153.573강입보86 84 848783.067.055.82350112250122131344420162024225050 0↗↘선13.438.940.812.6825538.239.2131.4129.0 78100 5633   14.10   14.00 4  5  2BNUP53.94802010 -.2 2.2 2.0838313 2직전선행강단마필 1기 0 9 1 1 1 1 1 1①2:11.45    -.913.738.913.3 -1  2 -.20 1 2 -2  .0 8 825 5** 2 7 1 11 2 2.07 9.02 3.0 4.9  3.8   62.6  103.8  102.212.72981 2 9 8 2△ 1.340.70 -.6249.31131.327.3545.6755.7639607319.1933.3340.73 2
20241228토12180011국251 4103 9혼전 4431맑음건조 41110스피드원        테스타마라이프앳 4846.00한수 35060 9 3  498      495002등전승규박남성   0 7 9 7 217 1 5 110 60씨씨웡48952.073강입보99 95 958479.068.035.22350112250122131344420162024224060 0↗↘선13.439.540.612.6834739.040.1116.4117.6 75100 5038   13.50   14.20 4  0  0HUDN54.34782010 -.2 1.6 1.4929213-2강단마필선행유리 1기 0 4 1 1 1 1 1 2②1:56.4¾    .014.140.414.0 -2  5  .20 2 4  0  .115 8451185 2 9 2 31 1 6.0410.04 3.3 7.5 10.5   27.1   60.5   43.310.54089 3 9 8 3☆ 1.341.30 -.1037.54118.613.9525.4235.1610233612.1422.4930.85 5
20241130토112000 9국251 5103 8 3강 3347맑음포화181110스피드원        테스타마라이프앳 4846.00한수 35566 9 3  586      495002등전승규박남성   0 8 8 6 117 2 5 1 9 66김용근48452.089강입상89 91 919094.067.055.72650202250122131141720162925174060 0↘→선13.439.040.412.6746837.741.4129.1129.3 86100 4343   13.90   13.40 7  1 -2HUUP54.34782010  .0 1.4 1.4929213 2강단마필강단마필 1기 0 4 2 2 2 1 1 3④2:09.12½  1.013.540.914.2  0  1  .80 4 4  1 1.112 1754066 2 4 1 21 2 3.05 9.05 3.0 5.7  5.4   14.7   28.5   66.011.83483 2 9 8 2▲ 1.240.60 -.4649.86131.021.6239.6355.7021425832.0056.8568.32 1
20241012토 9180011국432 5 83 9 2강 2251맑음건조 31110스피드원        테스타마라이프앳 4846.00한수 35062 2 4  740      41250국4전승규박남성   0 9 7 5 117 1 4 1 8 62김용근48353.589강자하31 61 617992.070.062.92839202067 42131141720162925172575 0↗↘선13.439.640.112.6777539.239.1116.3117.1 83100 3333   13.60   14.00 5 -4  1UNUP54.54761810 -.2 1.4 1.2949413 4강단마필강단마필 1기 0 3 1 1 1 1 1 1①1:56.33    -.513.938.813.4 -2 -4  .50 1 3  2  .0 61217 397 1 4 4 21 1 3.06 3.06 2.8 4.6  3.7   16.9   28.6   19.4  .03989 3 9 8 3☆ 1.541.10 -.6237.39118.428.9849.2562.8739587225.0046.1560.00 2
20240907토 3140011국351 1103 8 3강 3351맑음다습111110스피드원        테스타마라이프앳 5734.00한수 35771 2 5  830      82500국3전승규박남성   010 6 4 117 5 4 1 7 71문세영48753.093강자보82 91 918793.071.046.64858 02150142131395220162836162575 0↗↘입13.436.538.912.6838237.339.2 87.1 89.3 83100 3333   13.90   12.90 6 -2  0NHDN54.54761610  .0 1.3 1.3939313-2강단마필강단마필 1   0 7 5     5 5 5⑥1:27.11¾  1.213.638.714.0  5  8 1.51 6 1  0 1.76266425140 2 6 4 22 5 3.02 2.05 3.4 6.9  4.6    7.7   16.6   19.0  .04684 1 9 8 1▲ 1.339.50  .0513.8788.1820.3735.9746.6318365121.9134.6340.80 1
20240727토 7160010국344 3 93 8혼전 4431맑음불량201110스피드원        테스타마라이프앳 5734.00한수 36683 9 5  936      41250국3전승규박남성   011 5 3 117 4 4 1 6 83문세영47953.093강자상99 99 991790.064.037.54858 02150142131395220162836162575 0↗↘입13.436.139.212.6788236.038.6 99.2101.7100100 4040   13.50   12.9014  1 -4BHUP54.54761610  .0 1.3 1.3929213 3전개최상강단마필 1기 1 9 7   7 5 5 3③1:39.21¼   .213.937.412.9  2  0 2.10 3 1 -1 1.0132324 973 3 3 1 32 4 7.02 1.05 2.8 5.2 14.5   30.2   86.6   28.610.53477 2 9 8 2▲ 1.039.20  .2626.40102.612.7325.9137.5215324722.7339.4150.39 1
20240421일 91300 9국542 1 43 9 3강 3321흐림다습121110스피드원        테스타마라이프앳 5734.00한수 36080 2 7 1211      33000국5전승규박남성   012 4 2 217 3 3 1 5 80문세영47957.093강자보95 99 999897.072.053.54857 02545 52131395220162836163367 0→↗입13.436.838.812.6899137.637.6 79.4 81.6100100 5025   13.50   13.30 7  3  5BB동53.74751310  .0 1.5 1.5919113 0승부최상전개최상 1기 0 8 4     5 4 1①1:19.42½  -.513.536.912.9 -1  3 1.60 1 2  1  .0 648 6 590 1 2 1 32 3 2.04 8.05 2.7 2.6  2.7    6.9   11.4   41.2  .07596 3 9 8 3☆ 1.639.90  .08 6.0082.3921.7239.1653.5215324735.1057.2573.90 1
20240303일 9130011국454 5103 9 1강 1121맑음양호 81110스피드원        테스타마라이프앳 5734.00한수 35075 1 7 1365      33000국4전승규박남성   013 3 1 117 2 2 1 4 75문세영47652.093강자보82 96 968998.067.033.54857 02545 52131395220162836165050 0→↗입13.436.839.012.6888237.138.3 80.4 81.5100100 6733   13.40   13.0011  2 -2NUUP54.54751310 1.0 1.0 2.0868610 1전개최상승부최상 1기 1 5 5     5 4 1①1:20.43    -.513.538.213.3  0 -4 1.00 1 1  0  .0 52520 892 6 7 2 42 2 1.02 5.03 2.9 7.1  2.9    7.6   12.0   17.4  .04691 3 9 8 3☆ 1.339.90  .53 5.7282.5212.4322.9633.46 8203323.8838.6644.58 1
20231216토 7120010국542 4 43 9혼전 4431맑음불량201110스피드원        테스타마라이프앳 2132.00한수 23366 2 8 1600      22000국5전승규박남성   014 2 1 217 1 1 1 3 66문세영48054.093평입하23 68 689689.072.060.75362 0 938 0213139522016283616 099 0↘→입13.636.639.012.6944736.538.4 73.5 74.9100100 5050   13.60   14.70 6  0 -1UU동55.04701210         8.0    10 0걸음불변전개최상 1기 0 3 3     2 2 2①1:13.51    -.213.437.613.0  0  5 1.40 1 1 -2  .01215321189 110 3 21 1 1.03 3.01 1.5 2.9  1.5    5.5    7.9   20.610.64497 3 8 8 3☆ 1.638.60 -.69 -.6775.8428.8648.1460.7221425837.9757.1462.72 1
20231105일 8120013국614 5 63 6혼전 4421흐림다습121110스피드원        테스타마라이프앳 2132.00한수 2     1 9 1717     110000국6전승규박남성   015 1 3 117 2 1 1 2  0김철호47555.069강입보88 94 9486  .066.021.11463 51867 4213121 02016152223 099 0→→자13.636.738.212.6909536.340.5 75.7 76.8100100 5050   13.60   12.90 7 -2  0UUUP55.04701210         1.0    10 2승부최상보통걸음 1   0 3 4     4 4 5⑧1:15.71½  1.213.640.314.7  5  5 1.01 8 3  1 2.071 7886942 5 511 90 2 1.07 5.04 1.5 6.9  1.5   10.2   11.8   71.410.53369 1 8 7 1   1.139.10  .84 1.9175.45 6.1313.3421.07 1 4 8 4.35 9.2125.2910
